Id,Sales
1,4483.1129755413995
2,7874.360169003385
3,9402.849878581326
4,7525.124039902754
5,7595.846951606658
6,5941.635477730675
7,7846.485884239352
8,8324.56154154587
9,6427.24946053538
10,5817.5215605529775
11,7301.320946529143
12,8167.5022584998305
13,7345.488258069278
14,8133.409240911936
15,6067.8410167569355
16,5050.915728088307
17,5992.760736650473
18,9976.076310131044
19,11101.64149374237
20,10376.00511864777
21,8173.967843244175
22,4742.598451164031
23,5971.618526045775
24,4880.758603984744
25,8135.297243414632
26,11825.021856138963
27,10096.097649780777
28,5995.043702984101
29,6802.624519153227
30,4765.87080945362
31,5962.031724658081
32,10848.628688499413
33,7171.654368587759
34,5837.060728460529
35,5341.5364187625455
36,8362.42958491741
37,3743.1924177869632
38,7613.198616162691
39,4862.022944245298
40,7248.37234940648
41,7390.314750773375
42,5925.676423447322
43,8116.407276820608
44,7604.873567948859
45,5912.693609619867
46,6983.399498698315
47,8341.275051881406
48,12142.474182354928
49,6257.656389238726
50,8707.136290537892
51,8082.689650870373
52,10046.226809995775
53,6884.809850387853
54,10071.51861515772
55,5080.241535280968
56,5154.0681969680645
57,6198.8626520145845
58,6365.320554180503
59,9715.852005307897
60,8267.07058343937
61,5811.613441965517
62,7995.179177468185
63,7033.842996219014
64,10174.309569968475
65,4029.3297313901153
66,13327.554061719951
67,4908.48016667031
68,6177.919303239518
69,8652.251760410452
70,5118.384166129547
71,6709.126322365157
72,6614.982673678963
73,7728.533387733568
74,6463.664604860828
75,5761.148804340054
76,8065.876230593779
77,8660.665014375916
78,7531.989361878134
79,5528.37376366444
80,7517.3660627943345
81,12545.857635607037
82,7543.326125604372
83,4651.968374495289
84,7176.67942748761
85,6324.126358557983
86,5965.638838862648
87,8250.518822615937
88,4650.9148341357095
89,8426.234491963705
90,6116.851677694038
91,7360.937848535731
92,7200.409085456906
93,4517.151974833316
94,6119.928079202338
95,5395.456006816497
96,8988.943055331709
97,8900.710393952528
98,5326.820216586111
99,4902.254995776755
100,7927.897212368915
101,6267.336800295723
102,6248.509421208006
103,8304.37942519635
104,6986.323588075103
105,7699.078870253625
106,5930.626994132679
107,4680.766585235946
108,7139.73961076428
109,8413.921728178895
110,8459.72917512574
111,7181.038135708246
112,8152.499071798787
113,6060.073270581871
114,9261.640567734017
115,5909.009299023482
116,7461.840636183261
117,9071.279044919731
118,6580.278694994394
119,10307.87619970229
120,8418.28705188288
121,8104.11549717793
122,6291.386989661993
123,7868.019337899412
124,8234.348587591061
125,6545.302397921523
126,3961.1908082130503
127,6349.996106491742
128,8101.6282548646295
129,6014.14716169048
130,4819.140340110867
131,8894.376054909182
132,6988.836508269508
133,6043.312264295891
134,6695.423837078088
135,5652.400211547426
136,7718.488319749691
137,7577.389000046634
138,7236.608651436899
139,5698.5701962488
140,4961.066876753
141,7188.920507674313
142,4048.0270467960404
143,6032.636899593112
144,6070.484210856263
145,8957.833081291408
146,7883.761211592327
147,6400.525212025968
148,13000.618353262145
149,5120.619712841361
150,5372.515974614437
151,10754.723471678995
152,7035.209703553592
153,8524.038967797036
154,7914.579683986027
155,5990.686031595853
156,6720.218641081656
157,5724.617279253417
158,8240.363223364066
159,11497.975332475891
160,6905.90375622073
161,3431.962325800834
162,4929.31058403398
163,8840.879869927427
164,8908.380012853839
165,6851.107959151958
166,7132.973559103105
167,5267.396706282077
168,5510.685569476982
169,3384.163285028998
170,5198.224856922585
171,6854.693369644764
172,8003.709980625712
173,7407.250278697236
174,6650.871435399334
175,8397.355067896044
176,9553.013287746873
177,7770.163228998573
178,5803.908033632776
179,9584.237083572996
180,10843.541795919538
181,6273.35189245643
182,7873.529369920902
183,5466.542514193324
184,6864.385461099361
185,4577.780827320689
186,7614.610028719757
187,5690.284355568728
188,9445.629992770813
189,7613.891220462495
190,9019.358322799748
191,7987.153700010817
192,5868.299334197225
193,9085.68862961216
194,18550.025895461516
195,11136.442734491004
196,6151.909989476919
197,3204.1204743821995
198,6667.3645432067915
199,8849.717880938506
200,6097.927776920618
201,13250.071806400514
202,19987.103894455264
203,4287.077535670087
204,5737.500164198739
205,9016.967097578554
206,5196.864665974217
207,8418.969507270509
208,7334.579758742076
209,7740.1963093460035
210,5859.69884242721
211,6485.675806974652
212,6317.462534824193
213,7366.873160813477
214,11082.10569937931
215,6764.705774575311
216,6677.774948765862
217,8008.136895402418
218,5643.9257189722175
219,5148.371311485345
220,7954.650376497058
221,5938.165572374831
222,6271.017637386281
223,7561.053945916234
224,6298.370694981766
225,7701.742756828327
226,7772.547362377952
227,7471.2605158773185
228,8710.494913437218
229,7313.010467929608
230,8432.188297397779
231,6315.575983701684
232,5197.202071415684
233,6810.09823441836
234,7254.000426145009
235,6463.0912745886735
236,5034.212869957221
237,8743.199607273193
238,7640.71086011899
239,9800.917341068249
240,7143.45408400904
241,6164.373016920061
242,5616.583866037386
243,4636.7741063415315
244,10554.827871195874
245,5774.314012846846
246,8142.388537663693
247,15335.375916255616
248,8039.754035601518
249,8158.602786743489
250,5859.301061975311
251,4898.771440396399
252,7542.126811785436
253,4481.783389852414
254,5925.417839078492
255,9538.083421068957
256,5977.22148157867
257,16521.63522880959
258,9690.87032016841
259,5543.703497207129
260,7239.932857817593
261,7736.3028740414065
262,7438.284671205877
263,5833.987334163042
264,12309.133980920224
265,8247.712058759866
266,10664.069288868812
267,5847.083168817986
268,7665.693155503093
269,6324.393396156478
270,8571.885883823905
271,7557.385488974592
272,6620.387287534517
273,7507.419157856306
274,6795.624702423972
275,8429.615311271587
276,9523.314995456776
277,6752.462750133076
278,10672.73246495921
279,6952.0357079894875
280,9987.059409933594
281,5756.509478201279
282,5977.948858064802
283,6331.771435539206
284,11085.31559108947
285,6900.237481729744
286,8665.518575122698
287,7243.791406381057
288,9428.601566019765
289,5462.127875507918
290,8647.925933574594
291,6660.2603387826475
292,4387.244891850013
293,14500.193319822163
294,18112.573604798803
295,7702.591230271405
296,7205.748973073115
297,9794.688079357182
298,11294.147867256865
299,11052.253191958387
300,5979.392311937655
301,8000.321715979975
302,6433.2477913834855
303,8470.494197051867
304,4109.121154290646
305,6676.5563059584065
306,6098.979299797759
307,6186.548751381112
308,7585.0758861993145
309,6610.365434378108
310,5098.030292466114
311,11342.810770419126
312,4516.357984207505
313,5188.388400915664
314,7138.196189565451
315,7392.89711869726
316,9448.788247391716
317,9082.051105340306
318,7429.789450800832
319,7141.187188316145
320,7064.044022857138
321,11578.748694311429
322,7664.9060812184025
323,5729.072314150727
324,5780.057240792962
325,9640.147979007104
326,5144.473245701926
327,7238.34855307245
328,3432.9681089906812
329,5180.056278190986
330,7782.110255137835
331,6595.693970354234
332,5947.53887001887
333,8967.06602260259
334,9741.811706540248
335,12700.414401977921
336,6950.01651471193
337,9985.622733572302
338,3251.4292790561694
339,5794.693427236721
340,6736.145389674434
341,5175.552102487762
342,8270.204917761695
343,5447.398298369276
344,5279.546753509563
345,8844.211736145955
346,11344.169109781556
347,10606.166242333902
348,5801.327796266869
349,5822.077629130541
350,8525.631458220756
351,7711.626109520771
352,6504.249861469413
353,5649.5344144678875
354,7309.804260821928
355,9740.222431452317
356,5082.915506296255
357,6466.331376057298
358,8227.981081242186
359,8832.00777797228
360,13700.489899074844
361,5969.984905578587
362,13340.263286192561
363,7277.667258083712
364,5862.530927568434
365,4075.1335940211006
366,6291.319563158747
367,6715.9107913196785
368,6003.730182421336
369,7577.451858463569
370,5506.172991065781
371,5083.013557494345
372,7881.3776478582
373,4311.759471265652
374,7675.135184942047
375,7562.77796964672
376,8230.2640079278
377,9070.468660268425
378,6427.3326482902185
379,9188.150552233586
380,6458.782870178958
381,6751.59765465417
382,7240.630975566199
383,5445.4170740778845
384,11023.78584297157
385,6799.012148660295
386,5222.021386873804
387,7730.876376351585
388,9484.566850490246
389,7919.684913710125
390,6732.811221087413
391,8773.23622488306
392,5738.097376168339
393,6570.816541413042
394,6566.009143652635
395,9135.517383232818
396,6694.338801695852
397,6422.272725014421
398,6304.0963258371585
399,6184.604242258435
400,5340.7491906385785
401,6097.15562523914
402,9292.851613051169
403,8823.746767898518
404,10162.311982489873
405,11675.712871736754
406,8373.78672307805
407,6252.579289841876
408,5665.736292558814
409,10760.580974630464
410,10955.79565058641
411,8665.58206469419
412,8907.846885836581
413,8086.067278768291
414,6241.524988269343
415,4442.868254517973
416,9907.794297916555
417,7843.228124662548
418,6706.5950946502735
419,6488.225529949896
420,3479.081400138544
421,12238.073353367277
422,6619.3212765904145
423,5987.306990250771
424,5165.309351911978
425,5897.367970251972
426,6665.814311397279
427,8461.734171866832
428,7331.570790526676
429,5523.938413232279
430,5360.882227254981
431,4149.675637207632
432,3609.572539793989
433,7547.734850536954
434,18222.068640020065
435,4839.8242755281935
436,5241.477623914578
437,6881.556941822798
438,5983.0933584116165
439,5630.562877844415
440,5589.201228178776
441,4197.98685642493
442,7713.290455226058
443,7417.397986624486
444,4200.589694158581
445,9166.881356244898
446,6037.461992698579
447,5501.864167399413
448,8444.527860945118
449,8398.333533578783
450,9976.78849686992
451,5947.727958748109
452,7311.457080312069
453,5051.196235322338
454,5453.7092397126
455,15001.397540380438
456,10988.631112517098
457,6713.173321563449
458,5815.905284761805
459,5352.398724065432
460,6215.086379742321
461,4690.004830679802
462,10895.270087055724
463,5267.6740903305135
464,5751.094934487588
465,8281.087951944299
466,5007.756201897248
467,7450.93232880554
468,8125.859708250084
469,8127.577075046827
470,7919.181654988417
471,4602.412713369678
472,5867.464509377417
473,7277.123450900735
474,9476.929939375164
475,8446.57541435475
476,7294.11370320876
477,4973.441836326843
478,8633.471327902527
479,6355.7160450406245
480,4953.250410839161
481,7510.157914902954
482,7751.792782485166
483,6574.650044046387
484,6792.370957243105
485,6400.96117607036
486,6468.006665438073
487,6667.6065936165605
488,6258.718295019997
489,7100.056127370821
490,7403.582947023335
491,10426.732023359045
492,6504.079288275159
493,4725.094927017975
494,12137.056672586012
495,6314.710307725887
496,3930.086224751642
497,7941.61864487132
498,8725.94408289426
499,11331.680341715892
500,5239.065088640117
501,6292.436209910933
502,6319.991833377404
503,7599.334035194919
504,6321.195930951516
505,8227.078946236692
506,3446.029717152988
507,6747.751104062605
508,6623.626115656395
509,5803.028776932836
510,5914.732538235794
511,7065.179166716453
512,8760.974180727251
513,7214.492597654353
514,8746.343824345957
515,7427.118778376393
516,8945.655680936996
517,5702.388646109224
518,6804.256033840142
519,7865.11375094436
520,8511.173971188126
521,8278.430164806805
522,5499.895856794422
523,9235.878654211672
524,7553.433201736908
525,7789.043780108082
526,6919.981908382188
527,5473.038866639028
528,8708.462704135549
529,6404.587115423495
530,8988.51818913387
531,7201.863333125212
532,5999.313260264529
533,8984.341620856601
534,7151.033600175361
535,7346.492029303372
536,8607.69621065613
537,6646.396615922202
538,9806.882607748463
539,11675.770223810105
540,8272.068029901775
541,5466.734669574084
542,6185.476361911855
543,4400.404410455839
544,0.0
545,8549.172388716084
546,5967.801029567877
547,8862.163473203618
548,5177.206023752513
549,6419.000422421531
550,6230.124662510006
551,9718.130911629218
552,7916.243209496387
553,5752.018662233755
554,6117.647029087405
555,7483.078493424384
556,5659.030058037549
557,7713.522218876
558,7749.220489640451
559,8940.163391196851
560,8216.743802499186
561,7368.609623961487
562,6122.004221503142
563,5130.584476468982
564,5663.418233900707
565,11090.616028257344
566,9498.855617089783
567,6752.343884258013
568,14822.346710575373
569,6209.419964332191
570,5492.121359654422
571,6919.183419075945
572,8720.65419417634
573,11415.241410228658
574,7377.443786285568
575,8254.56701467117
576,8130.716564365316
577,6750.881492391066
578,7301.709666356657
579,6258.505667744499
580,5475.688224641361
581,5584.544306139534
582,4412.610021117773
583,5264.877874055294
584,7997.074384476224
585,17066.210602050727
586,7258.101573408391
587,5233.503802579667
588,8082.048669843397
589,6199.976202211376
590,6478.064803477946
591,4782.158492333818
592,9370.024114957754
593,6779.527176314477
594,6306.67763097773
595,13818.27150999327
596,12594.966050695222
597,5760.222615334787
598,7451.175307702713
599,4109.8571095840425
600,5724.873374750726
601,5176.043975965865
602,9145.012944095124
603,5078.544690327597
604,8507.757615844126
605,6305.341723377932
606,5869.087428275155
607,7166.137573665915
608,7692.755114801283
609,3794.229140851576
610,7477.556153142654
611,8564.112133558463
612,8027.873193354212
613,5292.983824988429
614,4806.017725696168
615,8317.818408332554
616,5177.697871460168
617,9381.295073281419
618,5037.11485952962
619,5094.247410370332
620,7745.662011118598
621,6304.713523282866
622,5269.603193729139
623,6567.490694088806
624,7417.520120732848
625,9452.522434331479
626,10784.449333937268
627,6051.350452003788
628,3999.731620566568
629,6124.53334166767
630,6381.552422762224
631,5089.372090409462
632,6585.017853277017
633,6482.9091555970235
634,11889.256750471708
635,8029.527024915409
636,6705.388518836369
637,7888.233521172235
638,5069.125600954549
639,9207.282263071942
640,6119.4006727019805
641,13550.21784092516
642,6661.824834946839
643,5644.215719768653
644,5597.730508505137
645,4560.398621627723
646,7119.978374409632
647,16069.11563723368
648,4524.830915372007
649,5297.379721185229
650,10292.756896700525
651,6511.858783317993
652,8095.86527975754
653,8175.28332677635
654,6027.469168891594
655,5723.172801917757
656,5004.148644184821
657,9688.039976619179
658,6545.632255952927
659,8113.096744272458
660,8038.774103925488
661,5134.801647254729
662,7827.62054301786
663,6903.034554840862
664,5650.120023508668
665,10235.41319633668
666,9464.969320062919
667,4780.6870544109825
668,8093.162014290814
669,7586.901878093469
670,5153.387562125818
671,9234.26064430022
672,6599.459084460869
673,8154.821482576043
674,5134.953311948585
675,5306.890011809206
676,6250.539296298463
677,0.0
678,8252.170486300785
679,4394.788356423248
680,6408.627751360929
681,4826.95611813033
682,6583.997727674387
683,6074.485545168667
684,6986.503076901186
685,7294.779561007621
686,8225.902783627902
687,6261.161874349757
688,7536.55218412225
689,6522.661235672359
690,10586.431555372723
691,9413.705750490466
692,7321.273979508238
693,5378.703148551011
694,6264.9548785136685
695,7777.545240689561
696,4730.851658705672
697,11342.184289419913
698,6315.111959679745
699,6979.230279593245
700,8973.86119055221
701,7146.596396635229
702,4688.269463652966
703,10180.260278891861
704,9791.211114047357
705,6447.81336001597
706,9322.761207972922
707,10558.786980071956
708,6625.498958885758
709,9539.736298916418
710,7183.9479848380015
711,6212.652217449064
712,6135.69386659198
713,7570.356497600942
714,4910.681640369684
715,6729.201936597398
716,7815.651209006758
717,7095.15170665259
718,8230.934834481697
719,6492.917763719452
720,6661.024050383437
721,5074.349677979785
722,8272.38539533016
723,7112.341152953341
724,6608.646463561134
725,6924.727154585938
726,8296.885818457113
727,9606.443908575031
728,5882.941592517376
729,5060.12881095804
730,6999.29852383281
731,7282.42998976722
732,7159.886532642143
733,5193.5081998400765
734,4867.859010757847
735,7153.862154382421
736,8093.635489043637
737,5852.984348316515
738,7665.087131473556
739,6921.3047911064305
740,6751.801536809933
741,5312.1655846919175
742,3597.066460223634
743,7505.316798498653
744,6697.54682753443
745,6891.387258420947
746,9509.43910890469
747,8566.493921759911
748,4967.515575876507
749,9160.75907002199
750,7001.6913851905065
751,3712.8730291112006
752,7565.05641747979
753,12651.148431223748
754,8612.178035843299
755,7094.00413998037
756,4792.302048045929
757,6902.47029859147
758,9175.285115260913
759,7067.364361256393
760,9163.190567821071
761,5413.98573206814
762,4679.0682024875705
763,5474.17879407785
764,5818.319412142081
765,5920.262251134639
766,5636.770589613788
767,5459.566404040799
768,4750.120352136003
769,7401.48852991331
770,7732.64399109725
771,6219.718799402123
772,6063.647733790746
773,7581.166697984205
774,6435.217133053575
775,5548.016276978739
776,9866.09348136057
777,7503.567760505789
778,5617.503937003216
779,4130.098275632564
780,11911.37161561679
781,7171.863419151924
782,6215.648767501329
783,8764.773165735738
784,6513.9389184508145
785,7462.77062785241
786,6156.694921485378
787,5636.062940107563
788,8620.2920219315
789,13839.855980514581
790,5670.949365870579
791,4988.885260307794
792,5405.390829170313
793,6987.817980339107
794,6022.49216763302
795,8579.309730386442
796,9086.290184072492
797,6733.845345518502
798,4239.0691161371105
799,6070.829145951272
800,8665.352200191825
801,5522.963535296628
802,8334.27731418302
803,4234.834258227883
804,7381.333310399734
805,8399.501924061015
806,7613.4680109723995
807,9093.668346305663
808,7065.4436630444725
809,5001.289195110445
810,6786.687907964818
811,7649.238833747951
812,8817.879943216862
813,7838.688282948845
814,8399.877076275134
815,6541.182487438604
816,4875.2696157740575
817,10041.573872512288
818,4693.676092856405
819,10762.02717266162
820,6866.87276823739
821,4870.623101703852
822,7309.4850794573085
823,6788.713544302491
824,7817.345690453325
825,9328.25346571892
826,3797.8867454073693
827,4857.478369077487
828,7555.543772503429
829,9315.250208494894
830,9928.92897426185
831,6377.120800849702
832,6494.634672976735
833,6621.0361054899195
834,6776.413639563049
835,5573.933344885594
836,10361.078172180032
837,8908.651842909308
838,12392.844754296877
839,4573.944035945264
840,6016.851014096075
841,0.0
842,8243.118210813698
843,5454.403131257844
844,11248.567962229225
845,6438.819080652242
846,6423.951707945653
847,5992.019696692197
848,5519.154808367802
849,5653.339668263108
850,6255.325037021964
851,5268.130686453008
852,5282.3807184450725
853,9130.90173734517
854,7000.555469130049
855,24121.951697191704
856,7039.9361625975025
857,4648.49568551797
858,8181.980104932649
859,9217.738513810837
860,7342.233996832539
861,7861.937120204142
862,5998.223781882963
863,8615.673810511375
864,9066.078791181248
865,7349.412195115345
866,5979.334526586699
867,7236.859809548819
868,8298.187958747403
869,7362.195188725911
870,7890.104282860552
871,6040.910630004798
872,5092.510897037096
873,5990.879045315664
874,10827.549844320714
875,11116.209650250892
876,10658.826046419339
877,8146.129125824339
878,4317.414765376779
879,6224.924771282593
880,5202.912745784765
881,8328.24530828454
882,11939.204749093231
883,10392.619366036743
884,6323.665562903595
885,6958.365280705403
886,4613.404624976333
887,5897.130700341711
888,11219.538954536478
889,7181.413524075517
890,5319.834808640153
891,5717.10023743757
892,8775.840071557403
893,3909.998740998679
894,8181.948348119298
895,4838.496039518381
896,7214.155028516583
897,7388.835536694752
898,6040.494694366183
899,8183.732769597222
900,7736.657954451244
901,6240.437129259626
902,6999.608717393626
903,8341.269155935564
904,11621.319369627925
905,6234.710464932616
906,9172.914534778516
907,8099.770870973801
908,10134.643213980467
909,6948.296175156059
910,9946.767118422084
911,5103.735286312975
912,5137.235821728108
913,6459.919041163084
914,6358.750439165457
915,9847.803172610365
916,8256.518213318024
917,5845.139675010452
918,7659.7763846556345
919,7178.0951754813395
920,10265.537928141002
921,4024.342070913156
922,14399.099168580962
923,5083.638943469445
924,6383.5873130874315
925,8893.381328452706
926,5235.648505462098
927,6650.335916816456
928,6657.955237522282
929,7644.32445758524
930,6438.903299868434
931,5853.22447187539
932,8000.774275417008
933,8784.88770578349
934,7911.840475424846
935,5809.344301279602
936,7563.841324088286
937,12603.652405587058
938,7578.01629787328
939,4680.238673945838
940,7033.273922829527
941,6463.167922489126
942,6230.601367179646
943,8262.907680841998
944,4632.875634371098
945,8456.94543905185
946,6699.026690334721
947,7390.749921083553
948,7332.300533393091
949,4787.361213562417
950,6149.280378335641
951,5896.268374422536
952,9106.960947760253
953,8995.911783368667
954,5386.0379496607875
955,4892.655958321521
956,7811.750001754195
957,6238.601971898607
958,6205.490091842644
959,7935.783929391748
960,7221.364824720329
961,7740.129372051109
962,6179.62712570814
963,4620.844742344711
964,7145.183508515628
965,8118.9339140765705
966,8480.264798271171
967,7852.350196931035
968,8272.821226587846
969,6146.744413218003
970,9309.665854331624
971,6601.525589710231
972,7459.317363622489
973,9077.457385388685
974,6567.081298890498
975,10683.110416974243
976,8469.024879822391
977,8155.529404918132
978,5907.57501883034
979,7914.306186660065
980,8182.091192311673
981,6682.12242340627
982,4312.3118496214465
983,6303.105306285584
984,8654.077501202693
985,6108.1716477110285
986,4843.20494697515
987,8876.502579163935
988,7157.040153370824
989,6127.2350490014405
990,6808.875403345971
991,5699.224443230919
992,7839.489362908329
993,7870.098563888811
994,7239.192270021579
995,5658.19106189356
996,5071.184700597258
997,7256.124902374186
998,4057.862777417543
999,6118.536967300714
1000,6223.87296252913
1001,9177.432083702033
1002,8178.882011354659
1003,6531.342381834291
1004,13111.263642248015
1005,6751.017840354091
1006,5364.744890536451
1007,10885.624551863517
1008,7743.429605903207
1009,8561.617836626438
1010,7965.18583925862
1011,5581.530428421251
1012,6741.926325198201
1013,5848.187972010018
1014,8241.782174670469
1015,12719.82634512699
1016,6826.160173191187
1017,3550.799866680319
1018,5871.587972323386
1019,9051.673210686607
1020,9325.052065513106
1021,6832.837776945277
1022,7108.654233062317
1023,5266.539328685435
1024,5524.575735380075
1025,3404.012385949457
1026,5238.070810688788
1027,6925.565473309377
1028,8040.888415457302
1029,7495.899063013054
1030,6787.1463067307905
1031,8295.926602866395
1032,9496.76910078411
1033,7932.932924906514
1034,5931.267243284235
1035,9639.973758650485
1036,11615.074506603387
1037,6209.190394343433
1038,7947.002611198037
1039,5144.525040178774
1040,6959.25340955437
1041,4423.4188140704455
1042,7977.269827304374
1043,5992.753319945967
1044,9712.01057614844
1045,7810.688387691364
1046,9140.441378780532
1047,8161.349580327517
1048,5901.540496538635
1049,9337.735528037998
1050,18764.783428231036
1051,11234.686591958438
1052,6337.3274678718935
1053,3154.9695255704055
1054,6773.334593844063
1055,8944.635499675978
1056,5815.0597963526825
1057,13110.790712877808
1058,20205.30721854861
1059,4312.890802972228
1060,5836.0462951855725
1061,8535.75058229344
1062,5743.651981736481
1063,9003.758807300543
1064,7386.82098348955
1065,7810.824741856511
1066,5840.0080453257615
1067,7093.956389760589
1068,6563.666501937649
1069,7619.090595078501
1070,11335.208522865343
1071,6856.541431263309
1072,6653.649632327592
1073,7748.856719561703
1074,5937.738049260549
1075,5545.911012922641
1076,7978.911280288811
1077,5928.8037740838245
1078,6291.7345027259225
1079,7756.02908724666
1080,6363.657934301129
1081,8285.457688455335
1082,7769.391892994801
1083,7552.434952932692
1084,8866.407472414297
1085,7367.366628184582
1086,8318.317644095374
1087,6315.365583918927
1088,5076.708812102415
1089,6938.868215534466
1090,7442.561178952282
1091,6545.384073366276
1092,5022.326137452026
1093,9313.61150107195
1094,7594.074627233302
1095,10250.072472810258
1096,7289.666132287322
1097,6041.310439182802
1098,5626.7570621182595
1099,4686.176261350573
1100,10362.381362910855
1101,5949.803946748289
1102,8107.02809233415
1103,15785.276622519077
1104,8054.216902903431
1105,6250.850548095697
1106,5740.725664560737
1107,4987.935371344669
1108,7441.620245830148
1109,4479.214518726636
1110,5977.710572492395
1111,9527.667056640748
1112,5757.763232699497
1113,17484.234456101087
1114,10124.222398671069
1115,5387.213774321786
1116,7565.167346369009
1117,7955.696906647903
1118,7482.684441510104
1119,5956.653734457664
1120,12280.44999032748
1121,8120.7166197136185
1122,10670.351163660685
1123,5803.561598615338
1124,7710.4229833023965
1125,6272.147779966023
1126,8737.503581589373
1127,7406.269146122541
1128,6545.003266447797
1129,7478.856688520938
1130,6716.743260876364
1131,8385.144771855912
1132,9387.768078050734
1133,6768.81273455547
1134,10794.464811668633
1135,6915.04735720566
1136,9999.666448561373
1137,5795.881870150404
1138,6333.758258012107
1139,6376.662522759169
1140,11442.61077013265
1141,6877.2094358500435
1142,7826.360006252516
1143,7342.982706515951
1144,9532.993273862574
1145,5427.655369207461
1146,8648.570685808472
1147,7239.726642965693
1148,4431.149108543347
1149,16227.288916897907
1150,17385.37116546199
1151,7976.205392670366
1152,7480.830923074726
1153,9848.720234600174
1154,11269.440451579332
1155,11253.332304582225
1156,6092.756821871797
1157,8118.804298125129
1158,6412.065790581222
1159,8426.186441634252
1160,4112.0235489376655
1161,6719.59247032182
1162,6333.144035202047
1163,6221.889794834003
1164,7692.137394407246
1165,6859.70340928329
1166,5084.411213739848
1167,11350.015685753795
1168,4511.972660506533
1169,5688.045433797685
1170,7315.787815680626
1171,7946.252645387291
1172,9374.605764774846
1173,9230.0989349508
1174,7469.774904544803
1175,7205.894967489293
1176,7055.933232640766
1177,11710.542426672631
1178,7698.136106692928
1179,5806.9957059353
1180,5734.5274621154995
1181,9666.886620948497
1182,5209.964253475403
1183,7352.395310054056
1184,3458.648816020537
1185,6120.644978200426
1186,7936.609569355479
1187,6626.885402666286
1188,5940.183763042513
1189,8978.151129296235
1190,9597.538009227801
1191,13030.576525107073
1192,7133.1896832499215
1193,9905.106415659246
1194,3386.316775361508
1195,6031.442233439854
1196,6699.234267561217
1197,5203.823426012278
1198,8656.630448607943
1199,5509.115283303932
1200,5603.92685741628
1201,8959.156501361716
1202,12039.680483261023
1203,8939.069198846479
1204,5872.53482084611
1205,5495.799531648591
1206,8812.7989053691
1207,7899.999942226926
1208,6576.615165433423
1209,5663.136672974902
1210,7422.158316705587
1211,10089.335295019311
1212,5464.1313778345075
1213,6813.576606872092
1214,8410.614100308894
1215,9088.932902244787
1216,13582.18239556422
1217,6111.793509407074
1218,13891.950138047407
1219,7255.1250932661715
1220,6011.487414418482
1221,3715.5038755426776
1222,6447.453784995891
1223,6601.935363350399
1224,6056.992285860245
1225,7548.55468040054
1226,5669.363824393402
1227,4912.108398762995
1228,7878.467989925535
1229,4540.025882013114
1230,7771.495608558479
1231,7564.9936870652255
1232,8523.446197537649
1233,9162.232433071944
1234,6264.91280236598
1235,9308.939243129293
1236,6667.68400213484
1237,6986.103180356811
1238,6777.6552259552545
1239,6483.466237299465
1240,11696.012495941972
1241,6964.190466223319
1242,5288.701743971041
1243,7962.227602520342
1244,9370.80940891501
1245,7871.8561332080335
1246,6886.757839073079
1247,8920.199283938184
1248,5759.835164995993
1249,6555.938437462041
1250,6671.831426737816
1251,8841.899086707986
1252,6698.966726493278
1253,6408.902456948948
1254,6353.916821078637
1255,6159.341219508842
1256,5439.527424705257
1257,5816.956993863164
1258,9086.755687512097
1259,8662.959926713786
1260,10459.110939240489
1261,12019.813899228999
1262,8353.207670310518
1263,6256.184623279637
1264,5684.763221532393
1265,10776.374387328873
1266,11025.31049468499
1267,8824.790901839306
1268,8871.986954212649
1269,8089.96884446833
1270,6335.0778337775255
1271,4471.816939876731
1272,10486.734863521393
1273,8055.420286271855
1274,6857.7049217322665
1275,6484.702721151324
1276,3342.9394221505027
1277,12277.772383670308
1278,6692.545293715446
1279,6040.583026443481
1280,5285.64548372461
1281,5896.47261644075
1282,7126.3163978766315
1283,9364.551464091328
1284,7317.920154094917
1285,5755.059689761303
1286,5374.394178528233
1287,5028.25461856322
1288,3677.704578202499
1289,7550.43388037014
1290,18582.606471711035
1291,4842.7007635482705
1292,5282.576894657904
1293,7429.587665200815
1294,6005.803455039498
1295,5727.533494608164
1296,5732.00980203824
1297,4319.986357571351
1298,7544.785627274597
1299,7185.838244990306
1300,4650.510571200782
1301,9872.904504108077
1302,6190.111979033179
1303,5564.651159657157
1304,8587.302108812819
1305,8548.39351911038
1306,10029.686026932264
1307,6310.986500823014
1308,7316.62846501432
1309,5147.63597481859
1310,5621.557863655651
1311,16687.297443101485
1312,11197.81634724071
1313,6689.434779961302
1314,5960.675390295163
1315,5260.916185912269
1316,6443.771330587986
1317,4492.8365278316915
1318,9250.201754873422
1319,5357.2933706931235
1320,5779.727907075551
1321,8233.667714265313
1322,5134.3549811443045
1323,7179.418905703206
1324,8272.884478146852
1325,8153.804653399675
1326,7757.487461116349
1327,4670.479096056437
1328,6302.883838397105
1329,7259.049667865114
1330,10155.39803247896
1331,8325.71349428243
1332,7292.043545804867
1333,5140.94002031575
1334,8725.012883791083
1335,6464.769551392179
1336,4940.495576895328
1337,7725.438718613748
1338,7674.187742411687
1339,6647.180175035596
1340,6939.642647672178
1341,7094.015688551643
1342,6612.329822949949
1343,6733.3406228817
1344,6580.502768026407
1345,6977.0451122166705
1346,7647.77740816922
1347,10306.677490281014
1348,6484.4782869192595
1349,4741.748084879026
1350,12162.7985712052
1351,5929.617531850839
1352,4277.096525920976
1353,8337.316458440811
1354,9336.002917220067
1355,11710.889678418804
1356,5385.40948494479
1357,6303.618723794945
1358,6553.8884687930295
1359,7855.975093791449
1360,6304.912278997446
1361,8340.015752263998
1362,3461.418990025497
1363,6898.701569028195
1364,6591.910462513611
1365,6258.344233779349
1366,5996.204923246969
1367,7592.709771424398
1368,9531.904224657355
1369,7340.502733358901
1370,9027.80679591582
1371,7513.0471457093545
1372,8972.387047188688
1373,5715.12479423071
1374,7188.045252042979
1375,7869.708397298006
1376,8668.47502491218
1377,8934.722498996844
1378,3858.262244905472
1379,9307.349523980793
1380,7492.672006001491
1381,8122.197919110809
1382,7259.1029391181
1383,5536.166144411092
1384,8726.37738117708
1385,6533.489613991414
1386,9026.703640283306
1387,7185.813431993664
1388,5990.837158608783
1389,8403.741974265346
1390,7162.1037443269615
1391,7344.128266321346
1392,8760.48754465431
1393,6670.772726926012
1394,10120.59476842112
1395,11818.105889211782
1396,8356.191585327768
1397,5543.785135446017
1398,6230.791151467782
1399,4465.520453967882
1400,0.0
1401,8841.539872089525
1402,5991.644580676982
1403,8979.27676006741
1404,5096.2300364564835
1405,6310.032322567954
1406,6286.9471091131445
1407,11264.297971460726
1408,7746.951576714956
1409,5869.739937843671
1410,6237.550342378125
1411,7871.519633543772
1412,5569.501902026895
1413,7907.210036762278
1414,7796.002118220614
1415,9288.87575778449
1416,8452.854803397842
1417,7324.566414723742
1418,6111.850891965809
1419,5191.484108759335
1420,5586.910820563947
1421,11292.633794705525
1422,9696.930635153247
1423,6792.821351970855
1424,14807.662974402234
1425,6195.11180116799
1426,5510.731388316119
1427,7103.48274210842
1428,8509.295385428062
1429,11477.796393814519
1430,7402.937966440437
1431,8296.860449007647
1432,8175.592938315575
1433,7261.838301505782
1434,7417.844148850745
1435,5962.6008588023005
1436,5714.146699868119
1437,5579.376522825624
1438,4491.639360586311
1439,5447.330451223607
1440,7970.478174712971
1441,17519.807679445556
1442,7354.323903314597
1443,5326.571454249347
1444,8501.558449209451
1445,6286.964300784373
1446,6407.262494239873
1447,4679.410649870725
1448,9229.918225357973
1449,6924.818442035
1450,6424.4677314730625
1451,14335.444794414732
1452,12885.203455173916
1453,6100.554847822889
1454,7503.283057963912
1455,4252.789776262134
1456,5925.1030757691215
1457,5263.998529844339
1458,9041.91975073293
1459,5106.848577963274
1460,8396.755279166911
1461,6399.562490871059
1462,5963.287482370569
1463,7315.57940226787
1464,7793.26038255103
1465,3776.0587667014356
1466,7313.372190018316
1467,8787.484595696347
1468,8036.994996533063
1469,5397.0418176077355
1470,5024.578821395739
1471,8295.719763733345
1472,5271.706448535298
1473,9399.172323972041
1474,5022.027209062859
1475,5034.448018303248
1476,7788.559494656456
1477,6343.200515152924
1478,5266.693416243695
1479,6637.817973309584
1480,7778.8626734565305
1481,10152.68509980268
1482,11110.241916308096
1483,6019.300458112863
1484,4098.42183327053
1485,6193.090406547235
1486,6443.950781619051
1487,4836.2404126257725
1488,6619.583919641766
1489,6565.556060264553
1490,12213.706970347415
1491,8342.03704008445
1492,6699.1731566374565
1493,8185.298641755832
1494,5198.791044371511
1495,9255.806503740749
1496,6158.271002680058
1497,13813.927560246946
1498,6774.122585807673
1499,5718.892066782749
1500,5759.823962877928
1501,4500.982596682532
1502,7374.952653172538
1503,16864.590038656606
1504,4925.35569162553
1505,5238.0451131837735
1506,9906.626002809284
1507,6654.564468480051
1508,8078.709492887546
1509,8264.305942727708
1510,6052.994785659398
1511,5683.7927611093155
1512,5025.886866616267
1513,9979.65286360936
1514,6674.087124526205
1515,8216.09273056093
1516,8506.360656986524
1517,5773.093921151079
1518,7996.834323520812
1519,6784.0880660075145
1520,5669.730837986475
1521,10414.528282201718
1522,9420.40440590404
1523,5025.86827392818
1524,8066.094431214088
1525,7429.1761413661925
1526,5176.337820536334
1527,9050.646141400346
1528,6543.65588242136
1529,7784.160151419462
1530,4939.671081376783
1531,5366.997338081233
1532,7196.823536174784
1533,0.0
1534,8240.026061118966
1535,5176.3173884468215
1536,6418.834768669965
1537,4811.397870346504
1538,6595.418274682936
1539,6223.114957856427
1540,7058.322781210034
1541,7234.039515633405
1542,8270.40433735159
1543,6273.629618431305
1544,7624.992254863478
1545,7094.85470514982
1546,10936.982180485533
1547,9566.154837966156
1548,7343.888149388195
1549,5485.063635219314
1550,6456.793629688148
1551,7747.914721156249
1552,4911.369693288736
1553,11661.331838108186
1554,6292.990509704366
1555,7199.656468205229
1556,9159.663671889411
1557,7052.154954298154
1558,4649.4231858180565
1559,10266.506458262325
1560,10380.099602198263
1561,6478.5180445326505
1562,9704.951348255301
1563,9987.905273421839
1564,6291.468335355233
1565,9727.561845101009
1566,7199.120725773704
1567,6406.210923541104
1568,6211.3628690440255
1569,7540.31378539648
1570,4924.599283971431
1571,6924.056131330427
1572,7993.927524037315
1573,7088.038359516781
1574,8511.424354544964
1575,6547.142833981186
1576,7020.033530561883
1577,5041.670440106547
1578,8236.18630758049
1579,7302.946942604576
1580,6502.003230079779
1581,6955.904100369717
1582,8225.259803032995
1583,9825.547768477865
1584,5965.0491682821175
1585,5259.035498529552
1586,6895.6051977046045
1587,7274.811825888575
1588,7327.033660732816
1589,5253.579945201292
1590,4994.801962440063
1591,9036.29860982189
1592,8090.709105099149
1593,5969.519720765724
1594,7832.715575041984
1595,7031.5755804371565
1596,7904.032020024044
1597,5196.976253190601
1598,3480.222237234205
1599,7530.7593324455665
1600,6726.651454517525
1601,6933.79879780874
1602,9928.17952764552
1603,9982.836729171975
1604,5148.054284775398
1605,7976.523920665936
1606,6696.697801498874
1607,3681.5624114372936
1608,7610.7997678473985
1609,12878.843180867156
1610,7997.149023433998
1611,7266.444358237657
1612,4838.334193314387
1613,7073.190956606488
1614,9659.47111114445
1615,7423.213913602737
1616,9196.59780465368
1617,5574.899356059392
1618,4639.486438684381
1619,5651.453673757573
1620,5730.42692206796
1621,6154.782632470264
1622,5590.311419971939
1623,5336.540633233174
1624,4768.42063116564
1625,7632.249077377692
1626,7923.774967692947
1627,6340.969917122852
1628,6123.228993441723
1629,7698.4474532952745
1630,6588.158851710176
1631,5526.081059036552
1632,9908.089562847712
1633,7912.130138502988
1634,5681.242381003661
1635,4229.902745004414
1636,12176.151573464505
1637,6976.188573898323
1638,6386.680642788473
1639,8966.440798635977
1640,6741.840394148646
1641,7842.417439775908
1642,6413.982456295068
1643,5866.659549119713
1644,8824.193197253728
1645,14552.55803972906
1646,5614.945476322324
1647,5196.9244982789405
1648,5498.512397309346
1649,6984.3073172636205
1650,5702.3250856569875
1651,9052.150782661267
1652,8972.805239081998
1653,6880.598949989074
1654,4196.797326528514
1655,6136.753582584086
1656,8525.610525534961
1657,5415.146923143848
1658,8270.161401534662
1659,4290.900797175046
1660,7268.780307281119
1661,8522.17646520696
1662,7794.365992569372
1663,9870.966052835207
1664,7109.491943083875
1665,5073.714158681189
1666,6590.56306727787
1667,7749.60668686787
1668,9264.491306940878
1669,7858.61304673136
1670,8333.887867095424
1671,6665.609103606061
1672,4840.4401238084365
1673,10161.36596422613
1674,4687.284216516684
1675,10699.524327804678
1676,6823.145523555589
1677,5100.102331511627
1678,7521.8105287833105
1679,6885.553220020094
1680,8032.353074747955
1681,9663.726764641235
1682,3817.6973064019303
1683,4837.632244304213
1684,7736.362526531675
1685,9475.124264300197
1686,11279.858999111999
1687,6202.89946166905
1688,6261.225036501453
1689,6681.64940531465
1690,6979.63329060628
1691,5533.533246895867
1692,10320.667267090024
1693,9042.744810251572
1694,12863.331754995694
1695,4627.20995455933
1696,6004.868106521306
1697,0.0
1698,8459.884091668138
1699,5620.045851001662
1700,11333.497743322652
1701,6681.301835278935
1702,6130.4698569063385
1703,5477.9520749608555
1704,5661.868300403545
1705,5633.005660506977
1706,6645.274491212814
1707,5343.866482968094
1708,5324.012863797929
1709,9341.992171831434
1710,6956.11539535513
1711,24182.49323992674
1712,7285.936039582319
1713,4879.602403984903
1714,8941.698467506178
1715,10878.73838899775
1716,8082.165820071091
1717,8393.504451747596
1718,6630.793373585708
1719,8812.36163283736
1720,9207.736949120192
1721,7175.604617049616
1722,6419.107454131394
1723,7485.953800577612
1724,8808.409286560049
1725,7799.452511317886
1726,9294.288484909512
1727,6893.362801824809
1728,5592.522010224253
1729,6494.094133455596
1730,11125.012669635918
1731,11713.696942808827
1732,12347.125731283424
1733,8690.052999790241
1734,5774.334214257148
1735,6256.67813501939
1736,5250.640063786338
1737,8987.52575227488
1738,12532.52507183748
1739,10657.933686410812
1740,7081.286413272185
1741,7758.454078552168
1742,5147.090669169023
1743,6032.313162538784
1744,11333.271966292696
1745,8109.934148341321
1746,5639.291262383306
1747,5946.362199257709
1748,8854.932657449795
1749,4101.571812757247
1750,8418.619753978963
1751,4918.611849916316
1752,7331.669069568089
1753,7866.058336784369
1754,6239.339682365757
1755,8304.25066220391
1756,8087.796417394865
1757,6284.098785284159
1758,8026.499134739528
1759,8363.978085578101
1760,12516.174466681714
1761,6593.319795762185
1762,10145.902113331114
1763,8164.899274549796
1764,10340.012592764733
1765,7139.570683820605
1766,11272.067161977036
1767,6197.927863791764
1768,6124.816444305692
1769,7163.771931867452
1770,6446.507487217147
1771,10266.887924546067
1772,8758.51352675431
1773,6663.423389068679
1774,8200.381971870882
1775,7887.032996586744
1776,11267.659821692325
1777,4300.0856076872415
1778,14433.820547293846
1779,5616.380269007678
1780,7391.51504732054
1781,9691.030012080237
1782,5838.108141545031
1783,7467.0087264059475
1784,7386.168161769602
1785,8230.461453792806
1786,6494.148152411317
1787,6185.222385174466
1788,8324.150264257882
1789,8873.353522949796
1790,8629.951582925287
1791,5938.429564102562
1792,7997.485435111154
1793,12943.18844743191
1794,7613.457328684988
1795,4978.720237483923
1796,7431.321378352131
1797,6413.8066947620255
1798,6383.695731382181
1799,8601.881180702096
1800,5097.4188386830465
1801,8776.486697949878
1802,6884.59524975596
1803,8166.681831862837
1804,7517.488910397988
1805,5388.530241786873
1806,6302.5601703165985
1807,6360.865807694715
1808,9232.009950726819
1809,10541.210238287204
1810,5691.370173611535
1811,5162.118886130603
1812,8195.701109072239
1813,6596.3775364722715
1814,6890.254070292746
1815,9398.374871916707
1816,8017.608848230037
1817,7968.87364405454
1818,6744.984215193861
1819,4913.305608124009
1820,8195.791327892115
1821,8276.460277243747
1822,9634.442071009871
1823,7893.167847724685
1824,8427.038156158871
1825,7108.061337904194
1826,9484.439202705287
1827,6818.060394332483
1828,8112.074792429794
1829,9497.02741541698
1830,6877.786626290742
1831,11623.913507303841
1832,8614.590288378295
1833,8898.256811112804
1834,6428.1705082763765
1835,8045.849562380915
1836,8665.248579070972
1837,7976.0205716279315
1838,4585.156348522394
1839,6712.946346306644
1840,9356.607132503117
1841,6575.102183222063
1842,5291.658980997488
1843,10019.846502002149
1844,7519.712663569616
1845,6445.186389749822
1846,6788.542260275107
1847,6080.864609300299
1848,8984.128185839529
1849,8086.299977838084
1850,8220.636533977158
1851,6434.594932688433
1852,5874.195045549468
1853,7421.006948684353
1854,5037.172278101671
1855,7605.902392001975
1856,6601.22214014222
1857,9449.304671081005
1858,8831.419958450233
1859,7290.236575549571
1860,13734.84058096848
1861,6787.444573772028
1862,5372.072857929652
1863,12040.139807408623
1864,7772.776917055007
1865,9339.472023781085
1866,8480.749653423116
1867,5781.920935957833
1868,6719.575378950722
1869,6397.630686563154
1870,8692.779131069832
1871,13594.051508688208
1872,6983.226612281337
1873,3620.4211015671644
1874,5306.607223003184
1875,9471.930172166702
1876,10068.924228188072
1877,7879.872533842793
1878,8485.16294932926
1879,5363.788257385471
1880,6532.386232380896
1881,3751.9129406814714
1882,5896.491070023931
1883,6921.731106010308
1884,8204.031661087824
1885,8108.175493936618
1886,7043.722980673721
1887,8499.64149349596
1888,10261.205324578546
1889,8011.045024412933
1890,5997.230878507929
1891,10784.760309118454
1892,12840.032034444746
1893,6909.011789882681
1894,8958.234964321624
1895,5607.262693001439
1896,7332.116790803149
1897,4849.470360254591
1898,9311.4790162854
1899,6297.841000799224
1900,9908.721971516914
1901,8014.839533457835
1902,9706.848699926704
1903,8485.015021565037
1904,6091.204183338421
1905,10361.018021094997
1906,20129.885319425666
1907,12473.620679449632
1908,7246.771973572997
1909,3728.3668161976902
1910,6892.226222138972
1911,10158.58049044583
1912,6736.312976176601
1913,13292.477153832278
1914,20258.320388323278
1915,4707.461558716482
1916,6479.797714173034
1917,9299.098416195233
1918,5810.127857124576
1919,9770.034757604437
1920,8037.04055927406
1921,8248.620505991334
1922,5784.080708477828
1923,8141.641814826513
1924,7397.634825248539
1925,7824.236515903454
1926,11431.324751251335
1927,6982.609295654036
1928,6629.600394553895
1929,8409.723574585807
1930,6672.139453591314
1931,5615.7602771973
1932,9050.681612078144
1933,6161.1222462537235
1934,6553.024172253233
1935,9150.432796620273
1936,8107.274629939095
1937,9312.976267604728
1938,8548.98822250922
1939,8440.50887614228
1940,9119.270927164473
1941,7557.610087213771
1942,9202.911644169553
1943,6392.785421404358
1944,5186.765589552606
1945,7472.521813131313
1946,8270.630113051062
1947,6874.745675782905
1948,5746.351931331801
1949,10110.419110294908
1950,8352.599521851553
1951,10419.498631114371
1952,8310.124917192286
1953,6740.605207903386
1954,6034.026169882937
1955,4837.809815987247
1956,11531.025062725283
1957,6212.195204622267
1958,8249.84633108907
1959,16594.55535023636
1960,8321.839595666055
1961,7346.094079947832
1962,5707.960948444681
1963,5538.050895593483
1964,8138.516494478869
1965,4688.103100491061
1966,6544.900043760849
1967,10129.006430641353
1968,5915.152068559297
1969,19714.956361446693
1970,14357.226425667475
1971,5501.2651579539415
1972,7770.6007420488295
1973,8211.526174943765
1974,7624.21772026076
1975,6766.738544118849
1976,12972.207220709848
1977,8434.12448013098
1978,12049.038723040845
1979,7059.962147872554
1980,7940.66790798929
1981,6035.201985766954
1982,9286.940889270212
1983,7978.84960250169
1984,7124.019669321539
1985,7715.212105589028
1986,6576.707041537831
1987,9172.463559896587
1988,9810.837481511564
1989,7009.083776293149
1990,11420.657569825598
1991,6885.956598611482
1992,10950.298301104936
1993,6471.067750422779
1994,6397.400242016049
1995,6404.375383559431
1996,12074.058301140856
1997,7092.50491637151
1998,8758.125460650675
1999,7599.857407486641
2000,9864.27216710282
2001,5548.011370456211
2002,10062.468841277228
2003,8047.560792383655
2004,4489.773524604575
2005,15726.088654657442
2006,18383.739462588404
2007,8514.950567527623
2008,7688.860608668384
2009,11455.676051105758
2010,11839.923022231796
2011,11962.341076437582
2012,6662.67810208269
2013,8587.99531373505
2014,6690.809086244479
2015,9311.71016348311
2016,4819.689841394798
2017,7633.073996332098
2018,6463.118994820838
2019,6989.335780086693
2020,8223.937563058556
2021,7119.538919667803
2022,6042.556332133191
2023,11627.90817858449
2024,4649.260259703182
2025,5787.906590906088
2026,7523.849459178446
2027,8580.049151590756
2028,9655.077348453384
2029,9774.841794165312
2030,8484.0060702696
2031,7317.845126274621
2032,7313.527223603453
2033,12039.17239953058
2034,8643.198444668891
2035,6734.803708508004
2036,6131.16164893122
2037,9688.565911366411
2038,5254.251851490724
2039,7420.764204941012
2040,3569.2927049012646
2041,6357.46685286265
2042,9960.832634814575
2043,6925.999088727533
2044,6095.686313859344
2045,9077.51995122631
2046,9731.434167820256
2047,13544.758520125853
2048,7276.790804843786
2049,10167.195548034475
2050,3557.9069116961473
2051,6174.36527026371
2052,6888.893615425028
2053,5389.930225887482
2054,8944.927974362648
2055,5811.335565196068
2056,5818.779747451894
2057,9261.985171110862
2058,13014.904256432292
2059,8992.067213956369
2060,6314.758458404392
2061,6672.45427909668
2062,8933.48827855273
2063,7957.409231580466
2064,7407.5095596624315
2065,5977.957433015558
2066,7840.850525765689
2067,11636.407641000456
2068,5492.810450652056
2069,7239.820601059589
2070,8893.689420554936
2071,9463.942132216784
2072,14636.9493020728
2073,6264.710603874223
2074,14502.45949328814
2075,7512.6938277458175
2076,6088.70964386802
2077,4293.454886516262
2078,7576.806359020772
2079,7067.642338737836
2080,6570.357940144159
2081,7447.910923325375
2082,5916.009508093689
2083,5134.4530793023405
2084,7927.925605285627
2085,4668.793163127536
2086,8673.885799533942
2087,8267.420664167821
2088,9700.234178112833
2089,10036.478083902044
2090,6527.739977881418
2091,10538.774884742577
2092,7468.525651183637
2093,6936.2778171840355
2094,7050.871343610398
2095,5892.017988503155
2096,12065.791884848808
2097,7300.39310621486
2098,6082.630462281182
2099,8748.382905424507
2100,9756.5099447677
2101,8327.068783533487
2102,7437.5491136880255
2103,9228.784101449135
2104,6240.3299264805655
2105,6439.837730331271
2106,7565.185491867194
2107,9089.373647529064
2108,7585.05812183409
2109,7196.065931237184
2110,6806.7097035782845
2111,6212.56912662611
2112,5561.064977294315
2113,6037.367790793359
2114,9188.15306189411
2115,9215.152500407235
2116,10807.886436941733
2117,12654.197531336358
2118,8616.429270290639
2119,6174.820724168754
2120,5946.6073783667325
2121,11367.367053134389
2122,11242.414557855753
2123,9230.641433815706
2124,9744.499670850324
2125,9810.978315568122
2126,6664.51757302601
2127,5060.7969598228565
2128,11575.587790844258
2129,8467.633110579529
2130,7610.3627737654515
2131,7521.9495162215535
2132,3848.5711150099905
2133,12774.990630150034
2134,6726.472502861561
2135,6594.954678247025
2136,5382.629043539793
2137,6284.252845305021
2138,7881.313264605491
2139,10156.295667070675
2140,7247.379074247379
2141,5633.485934313321
2142,5601.373116590735
2143,4804.728560712203
2144,3760.6649079896715
2145,8117.737805118295
2146,19064.98007314091
2147,5716.344755152979
2148,5372.068360829943
2149,7854.214583758561
2150,6398.294851256388
2151,6089.855888997453
2152,5825.170053918335
2153,4920.710757758582
2154,8443.542509044793
2155,7391.687651022183
2156,5531.292744275397
2157,10178.424362362035
2158,7835.883261495989
2159,5659.804343043216
2160,8787.212719235697
2161,8732.272962638579
2162,10226.072192327236
2163,7274.601474560145
2164,8687.334714766255
2165,5689.385107558067
2166,5749.631307325543
2167,16626.4854784375
2168,11225.05194947181
2169,6758.297134347112
2170,6624.658403388275
2171,5272.01519826756
2172,6870.410600842351
2173,5103.920303619162
2174,10425.082734714251
2175,6324.101146081043
2176,6570.589743148631
2177,8427.017642434363
2178,5589.185647139904
2179,7782.526787991676
2180,9300.14494040952
2181,8655.64100969435
2182,8343.555688209206
2183,4882.316797823909
2184,6774.108208234431
2185,7454.36972822654
2186,11096.23885910649
2187,8918.920524740592
2188,7474.517029836044
2189,5740.329348382407
2190,8791.949053656308
2191,7151.1415413958675
2192,5014.119242083221
2193,8490.452565603837
2194,7929.771294944391
2195,7627.147263447434
2196,6934.503448332172
2197,7128.085964453847
2198,7229.647140868397
2199,7086.436409971337
2200,7054.187094420829
2201,7245.0030878958505
2202,8312.561533946486
2203,10514.385979704988
2204,6671.709429714288
2205,5209.941832971492
2206,12464.244698619534
2207,6984.849223347198
2208,4342.448729551494
2209,9220.023340103524
2210,9907.932603658055
2211,12767.110568853528
2212,5982.575545882994
2213,6523.350797661006
2214,7326.841399419159
2215,8615.837144084247
2216,6705.528840365034
2217,8615.27234272709
2218,3849.0297660983238
2219,7378.4654989863075
2220,6722.255360593074
2221,6691.293260574795
2222,7043.592262833413
2223,7981.245594196047
2224,10222.168607985968
2225,6904.498489676194
2226,10259.112331989903
2227,7648.209136034635
2228,9287.757664958719
2229,5692.657411807578
2230,7990.48601249035
2231,8686.773306921881
2232,9031.937048162365
2233,9271.050467496994
2234,4761.558271078248
2235,9307.136754139523
2236,7851.777894550069
2237,8588.028206594241
2238,6998.005486459506
2239,5711.22934128796
2240,10041.100524038306
2241,7797.386658604484
2242,9217.151717243374
2243,8215.466613826738
2244,7010.914588911288
2245,9086.255770645535
2246,8464.956135429456
2247,9134.60100250284
2248,9313.557875083885
2249,7439.663121070795
2250,9659.342132182359
2251,12011.624735566245
2252,9485.847109762602
2253,5793.582058700838
2254,7270.5387553121245
2255,4766.414245914218
2256,0.0
2257,9710.62492113676
2258,6470.276538284803
2259,9884.237214180614
2260,5445.246546048507
2261,6439.364721353809
2262,7135.5671458823
2263,10528.71061710082
2264,8027.793507881011
2265,6504.064079635719
2266,6465.867061621528
2267,8372.57372651156
2268,5694.433926502417
2269,8010.262380658006
2270,7943.989444963273
2271,9965.980672996937
2272,8541.52302083562
2273,7432.763837085188
2274,6328.474554672159
2275,5889.178345688975
2276,5657.4906676162445
2277,12380.189541850432
2278,10318.122904470529
2279,7004.407684638195
2280,15019.351651113597
2281,7438.606291850951
2282,6150.149759945936
2283,8536.9589549288
2284,9000.369255976366
2285,11633.267768814518
2286,8086.049359993653
2287,9093.76377729164
2288,8553.41012684107
2289,7960.549544807793
2290,7666.490113691997
2291,6406.546234342324
2292,6388.777725644357
2293,5538.230412856751
2294,4596.429833867931
2295,6145.513693910104
2296,8940.771509486967
2297,17712.483453823956
2298,7747.954797451119
2299,5534.641065979217
2300,9503.381881329808
2301,6398.767609828476
2302,6599.676614584002
2303,4824.624913135238
2304,10167.509374653939
2305,6966.057416724763
2306,6984.8984230419555
2307,15856.40764607614
2308,13007.490039189186
2309,6293.317148990676
2310,8378.004337888455
2311,4316.917775585524
2312,5732.932904421418
2313,5920.62755587305
2314,9123.183685423239
2315,5861.014394213338
2316,8786.31824854476
2317,7276.78693521511
2318,6189.55234874276
2319,8134.626990231578
2320,8310.33585762266
2321,4319.669085965
2322,7763.079242931716
2323,9931.30410697533
2324,8700.114900701681
2325,6546.4098543389455
2326,5793.674229118384
2327,9010.276160189816
2328,5817.412723334649
2329,9731.67737650179
2330,5182.838506925753
2331,5989.510843909445
2332,7912.803800765539
2333,6645.161806336985
2334,5649.836664857159
2335,6669.904042185154
2336,8586.851131356472
2337,10757.756993589448
2338,11821.161587815934
2339,6202.66739012385
2340,4288.452397468457
2341,6255.3312638476145
2342,7201.2930969863455
2343,5456.840353886353
2344,7813.729922725325
2345,6751.7786616586
2346,14361.202125937269
2347,8528.775210387093
2348,6902.234472861304
2349,8470.491049743165
2350,6287.439473346101
2351,9807.578244891834
2352,7057.141587277504
2353,16036.627759877683
2354,7390.079646064791
2355,5964.938304697613
2356,6274.291322115338
2357,4939.2724445446665
2358,8501.8341744569
2359,17546.918158136803
2360,5111.481843241495
2361,5387.487303894354
2362,11770.18960701471
2363,7439.7979273866395
2364,8406.570274874204
2365,8410.40842954023
2366,7494.59134597629
2367,5804.3010565252835
2368,5851.4471336032775
2369,10805.022418924258
2370,7071.83382409762
2371,8305.003665494443
2372,8484.417488918767
2373,6423.933663427623
2374,8481.182045280373
2375,7248.687359268876
2376,6438.727090941563
2377,10103.452059842897
2378,9808.88016947009
2379,5326.046731439194
2380,8189.521299783251
2381,7599.589267965501
2382,5319.795234845165
2383,9610.89349909871
2384,6546.470411708809
2385,8104.54481968665
2386,5193.303801581515
2387,5963.283106361311
2388,7025.267050651221
2389,0.0
2390,8477.745306600016
2391,5765.238620781178
2392,7174.345034773729
2393,5368.596195319917
2394,6806.1312452153725
2395,6533.963030295942
2396,7605.51742938881
2397,8068.808772898669
2398,8103.314472123375
2399,6843.338058278118
2400,7941.81635393773
2401,7329.481771544857
2402,11337.797218287562
2403,9793.359446079816
2404,7398.348640960346
2405,5515.159845997568
2406,7642.700599002216
2407,8155.37201659451
2408,5527.205458716119
2409,11563.53229875958
2410,6306.778810767944
2411,7944.354358433841
2412,9703.32553564736
2413,7382.932361434314
2414,5048.421268858944
2415,12021.536620954208
2416,10556.51949681152
2417,6333.697758781919
2418,11623.692061919286
2419,11191.905798575224
2420,6844.680139943667
2421,10684.721039374841
2422,7678.0225453275625
2423,6862.243796829545
2424,6968.557299141742
2425,8175.1145493367985
2426,5624.2975646343375
2427,7905.849407422303
2428,8186.340080652593
2429,7867.965482915639
2430,9165.457745706435
2431,6893.597053982236
2432,7960.830780070378
2433,5088.605382469741
2434,9031.93601703362
2435,7729.769906280973
2436,6684.879589464142
2437,7989.938627766244
2438,8698.994963058543
2439,10776.765977066756
2440,6320.888446934021
2441,6205.1545600049885
2442,7560.937894374632
2443,7319.399671870547
2444,8263.84186985696
2445,5239.822294172647
2446,5698.802116398222
2447,8392.496408925086
2448,8076.190948005555
2449,6701.281525141626
2450,8262.731351422637
2451,7317.935653237014
2452,7585.40188181263
2453,5433.18841896875
2454,3952.3050244051415
2455,8704.383285201837
2456,7098.182324549845
2457,8723.980504305717
2458,10700.398925737662
2459,10049.763434596449
2460,5589.746717584616
2461,8965.893084239016
2462,7343.839347606658
2463,4079.050519237688
2464,8300.188796373437
2465,13203.377334581006
2466,8579.977368402853
2467,8058.221716023167
2468,6031.843171780712
2469,8048.386431381484
2470,10168.158095521992
2471,8085.004425898445
2472,9214.741307900435
2473,5951.571057098829
2474,4937.411531131022
2475,6866.386567723942
2476,5737.988810930899
2477,6434.885945465512
2478,6141.3587956769
2479,5577.324309480947
2480,5391.31639625606
2481,8096.432879274961
2482,9304.296634227701
2483,6852.619341206697
2484,7000.576182654103
2485,7857.589320716249
2486,6847.823321389138
2487,5926.109997495151
2488,9906.46277130592
2489,8210.534267816785
2490,5741.15343455464
2491,4721.032063111641
2492,15765.996406077576
2493,7276.49471806053
2494,6911.202337148145
2495,9726.39002024561
2496,8122.548997944565
2497,8241.815719973738
2498,6900.168886418321
2499,7410.860002936607
2500,10568.995691519005
2501,16190.860912988968
2502,7031.4221562925595
2503,6074.32547136034
2504,5648.904641663464
2505,7173.869936528384
2506,6624.526877676814
2507,9116.052364097804
2508,9657.767446289608
2509,7339.113814263867
2510,4779.968644713409
2511,7260.557733795255
2512,9007.826364370643
2513,5855.956151064796
2514,8675.39368781219
2515,4845.858198320585
2516,7377.490044280234
2517,9790.472451503903
2518,8089.060086903899
2519,11039.916501051579
2520,7601.904475537323
2521,5185.2972538075965
2522,6738.54474499397
2523,9423.627498498234
2524,9835.569722287808
2525,8021.127905725809
2526,8461.560675930561
2527,7602.908346107968
2528,5249.042313033806
2529,10542.412815373349
2530,5186.971759386028
2531,11850.680739966561
2532,7266.705131698025
2533,5168.341092167638
2534,8202.328258200949
2535,7446.057439884283
2536,8490.123768170557
2537,9929.255030068056
2538,3865.136738385797
2539,5303.2273576317475
2540,8354.948317337938
2541,10633.882682804124
2542,11817.363016808356
2543,6458.576852401091
2544,7292.470593856306
2545,8147.666058883242
2546,7126.421438779359
2547,6200.457282943241
2548,11654.179239003257
2549,9299.125059916078
2550,13775.075121039785
2551,5184.7784723666855
2552,6543.130651127147
2553,0.0
2554,8358.322598036768
2555,7050.309707916713
2556,11783.799070820722
2557,7746.170488180937
2558,6813.673179477685
2559,6090.639273865024
2560,6276.915950330715
2561,6133.930647949663
2562,8350.030697122324
2563,6300.686010700888
2564,5986.287785222557
2565,10937.703183127329
2566,7015.032435273815
2567,24192.890521145524
2568,7595.650578324513
2569,5193.249339968274
2570,9984.047020847573
2571,11941.387854757982
2572,9418.65897656592
2573,11168.557783809325
2574,7443.97797786527
2575,9876.439177296274
2576,11102.391759426027
2577,7654.328761110839
2578,7564.8672484688495
2579,8941.228786895863
2580,10835.430068989312
2581,9562.711832259985
2582,10866.666327473993
2583,8508.23706910492
2584,6960.955437957167
2585,8679.440374799495
2586,13269.686244848843
2587,13028.723963647464
2588,13666.427502882223
2589,12375.94973040111
2590,6684.426174566446
2591,7256.1121808403495
2592,6201.858368597649
2593,10814.361493825212
2594,17543.382626311603
2595,12206.756391524363
2596,9547.02239563541
2597,8678.23819619703
2598,4942.670674380252
2599,8061.723009361041
2600,14465.824190447966
2601,9720.508432189434
2602,7509.795145341584
2603,7988.071818481011
2604,10016.725855674553
2605,4990.874340456113
2606,10401.325687007433
2607,7097.607341935843
2608,9258.858549481492
2609,10146.118528436433
2610,7303.822910995161
2611,9944.06727271329
2612,10674.020459068925
2613,8891.026581723832
2614,8915.570075362008
2615,9823.05995513963
2616,15440.279476187128
2617,8263.310151256683
2618,12092.888050626878
2619,8941.299115289683
2620,11640.813054456166
2621,9422.478942777014
2622,13124.525314756538
2623,8027.51658711305
2624,6729.674080590976
2625,8442.626574977308
2626,7825.516795619304
2627,11867.555033016004
2628,11383.561199519892
2629,8415.871874998636
2630,10711.324740520105
2631,9328.943761464487
2632,12386.927135691323
2633,5514.14745492739
2634,17377.734750631782
2635,6575.293721681585
2636,8607.86664518515
2637,11485.054095447036
2638,7143.61102016611
2639,10231.921462737424
2640,9187.273679877317
2641,11076.312864970165
2642,7877.359910531465
2643,7340.340473278092
2644,10443.24303736945
2645,9641.610642954265
2646,10630.985083215803
2647,8554.716914352593
2648,9246.990911575815
2649,16147.963288406041
2650,8553.026822510967
2651,5910.983176378446
2652,9367.197012536486
2653,6725.319762992696
2654,6898.236925071275
2655,8640.505059518895
2656,6293.202499862633
2657,12845.66595173106
2658,8386.412653269206
2659,10392.562306567363
2660,9283.911985050225
2661,5155.9078558633155
2662,8198.807185477093
2663,8096.0282743802445
2664,11748.546755050505
2665,12009.32736441074
2666,6732.295929131434
2667,6263.231452065907
2668,9698.53655725402
2669,8605.614659622928
2670,8528.543613126807
2671,9930.713757012592
2672,9540.627812273768
2673,9586.208676206963
2674,7688.841268026647
2675,5973.725339949568
2676,10145.997889776254
2677,10236.045547989
2678,10834.80321151398
2679,11429.230350536718
2680,11502.212778856294
2681,8084.172252403389
2682,12125.489805733372
2683,8516.893766532301
2684,9718.702855325231
2685,12975.706184778746
2686,9348.589400988398
2687,14346.740510378515
2688,9431.452280955158
2689,11633.897792994927
2690,7831.634801956376
2691,9721.417798910348
2692,12172.367194226521
2693,9749.62495917112
2694,5346.774802319412
2695,7415.217015814425
2696,11596.396841229844
2697,8533.783920780199
2698,6427.636334462108
2699,13254.11648506722
2700,8408.048113761239
2701,7639.353637584947
2702,7425.14822679363
2703,8410.628249357369
2704,10198.24639862262
2705,9863.820754188795
2706,10112.258279005722
2707,8045.62766079131
2708,8256.90225521812
2709,9055.714701533407
2710,7162.03846303331
2711,8618.874171796699
2712,7842.4256100848115
2713,11391.212847760897
2714,10008.749481748568
2715,8630.098653119032
2716,15035.236266978698
2717,8264.729696740456
2718,6620.856346033825
2719,14136.280056799931
2720,8644.609650546345
2721,11946.019040480756
2722,9279.453714536789
2723,6726.996849078896
2724,8375.760700130677
2725,7704.96888893842
2726,11699.218346498406
2727,17463.737944303157
2728,9052.000961827132
2729,4681.652849661777
2730,5906.698724485602
2731,11927.123933657029
2732,12409.437477768965
2733,9845.906133712691
2734,9344.122105697406
2735,5676.864804501397
2736,6931.781737778558
2737,4473.994106573122
2738,6794.176140723956
2739,7868.512754861096
2740,11103.682534966158
2741,9343.448394047473
2742,8825.483303863066
2743,10971.405148620985
2744,12576.639178598147
2745,9693.476684521112
2746,7312.630994541408
2747,11894.768175549338
2748,17547.132214563604
2749,9093.594989093364
2750,9820.792928893821
2751,7393.469734458994
2752,8689.384581809532
2753,7037.464836654087
2754,10869.799562419781
2755,9380.123604659748
2756,11162.63457065769
2757,8800.85051095675
2758,12076.42534228383
2759,10104.940619465502
2760,7093.574964051851
2761,13796.90274668387
2762,23931.068616792647
2763,15394.274586663803
2764,9296.238942065333
2765,4512.763223636659
2766,8545.133609563425
2767,11741.120476670563
2768,8176.948108342639
2769,13614.98507337842
2770,19392.097764457634
2771,5927.811699883448
2772,8305.296544029565
2773,10296.026847966357
2774,6928.6390840858485
2775,12907.968509889617
2776,9693.523417333958
2777,11395.032358135497
2778,9120.577567745979
2779,9591.773970547512
2780,9079.718416377958
2781,9807.293659379351
2782,15646.279116152635
2783,8413.385611027861
2784,7985.632556085309
2785,10690.322140836368
2786,8803.266298969183
2787,6676.98101751375
2788,10348.831031821297
2789,9200.340733168363
2790,8461.036427364865
2791,10753.158529837807
2792,8236.959322122326
2793,9103.98836921747
2794,9639.331820200612
2795,10632.978348003095
2796,11164.453222476752
2797,9918.484709004182
2798,9776.233246142056
2799,6973.202657763029
2800,7612.59008307014
2801,8786.866256933168
2802,8968.13737567854
2803,9191.38815119067
2804,7220.078953254074
2805,12595.719555915231
2806,10647.812351537197
2807,13757.00564852876
2808,9025.14145494375
2809,8721.72187947089
2810,7653.046390357672
2811,5737.6891505855265
2812,15432.086490648235
2813,7557.3003912810345
2814,9495.958721469064
2815,19299.781635322197
2816,9632.515120079612
2817,7778.033827811078
2818,7101.002600256298
2819,6047.24149621255
2820,10168.310433430406
2821,5447.616471203805
2822,7492.173070836447
2823,12777.146288215356
2824,7929.212137082343
2825,22264.25550882206
2826,12764.171303959924
2827,9460.54358135329
2828,9282.087567557137
2829,8458.6479331084
2830,9560.867432652074
2831,7739.188428201185
2832,15128.902463135719
2833,11378.308678966674
2834,14051.659694448055
2835,7576.887773983371
2836,9613.580205862085
2837,8100.969946377972
2838,11132.748547800236
2839,10292.627722920995
2840,9053.57840439983
2841,8859.077168197815
2842,7961.314237936474
2843,11948.007005958909
2844,11774.682612353634
2845,10985.865706037424
2846,15236.50098794424
2847,8436.032277802591
2848,12850.467791719286
2849,7172.664668497995
2850,7606.334062563255
2851,8564.810564993508
2852,16923.011146328008
2853,8618.658282960418
2854,11305.007004673276
2855,10261.889338802632
2856,13320.925800328756
2857,5930.753631000536
2858,10708.299342250195
2859,8738.569586602096
2860,5732.304724597957
2861,17483.605222174883
2862,20367.991233131208
2863,11167.963219665224
2864,10315.36418705804
2865,13471.459963750387
2866,14642.234804827689
2867,14660.209357072003
2868,8544.149864914578
2869,11847.42342667609
2870,8683.274705636763
2871,11966.379723736858
2872,5530.281710533188
2873,9754.798573642864
2874,7889.549106401507
2875,8132.64449763224
2876,10254.939842533222
2877,8526.037584320145
2878,8024.95565841935
2879,12170.938306923468
2880,5516.114348387724
2881,6707.490160759996
2882,8680.278058025993
2883,9812.265586166284
2884,12957.801250362412
2885,10460.586539061942
2886,10001.060078005328
2887,9037.38060724522
2888,9272.750818941404
2889,14649.776931567794
2890,9791.064545231384
2891,8243.811936939528
2892,7086.0357768036065
2893,10871.274398738688
2894,5571.057481576925
2895,9672.65934686604
2896,4518.857288632035
2897,7482.871200908568
2898,11572.99120445645
2899,9256.286371729151
2900,7978.824293987873
2901,11487.225642671649
2902,11943.14015778447
2903,15002.676518218166
2904,8589.79941768184
2905,13327.79034730547
2906,4278.701836433447
2907,7203.200620141939
2908,8240.1033681557
2909,6384.136383300072
2910,9509.103806810148
2911,6940.734659198643
2912,7553.495818934332
2913,12266.878913572325
2914,15348.373792466302
2915,11078.329009070178
2916,7765.528679851984
2917,7481.048844505167
2918,10715.14742145108
2919,9607.3254203934
2920,8313.260418962918
2921,8327.585322909159
2922,9461.008498976671
2923,12282.968987306811
2924,6541.207898517332
2925,9165.721953388313
2926,11713.524226453406
2927,11221.12893067459
2928,16290.522899163354
2929,7552.016924440923
2930,16478.49184769861
2931,9725.3290366211
2932,7330.5064388846195
2933,4994.793034161918
2934,8713.6826138883
2935,9257.801506799242
2936,8635.2873268845
2937,9179.606699323154
2938,7077.022366103669
2939,6522.629828299558
2940,8979.51040558014
2941,5382.0105700212225
2942,10001.617180741849
2943,10220.94418363784
2944,10854.967182619192
2945,12539.708740867796
2946,8309.553127084353
2947,11086.385395485018
2948,8106.608745368792
2949,8728.439593768977
2950,8519.756537762889
2951,7054.311696943579
2952,13879.6061730304
2953,8698.522520372151
2954,7664.513177014462
2955,11351.063709077956
2956,12654.307484197996
2957,10792.44087701699
2958,9539.45654769889
2959,11137.353803114489
2960,6599.042924411624
2961,7818.16563125926
2962,9073.71440803641
2963,11131.416261897413
2964,9030.687662773502
2965,8986.246345824351
2966,9697.02988753279
2967,7719.343115915129
2968,7268.396591014377
2969,6928.821858110027
2970,11348.225646367522
2971,10962.47299024376
2972,13241.098558423508
2973,15345.957728494199
2974,10582.710903496947
2975,7061.0400551895755
2976,6326.104430464071
2977,13688.346318195796
2978,15824.840724829743
2979,12940.748759296263
2980,11370.972438808463
2981,11087.59418837213
2982,8367.784530589599
2983,5686.472330621179
2984,13423.685782995033
2985,11093.663973803006
2986,9727.421172054257
2987,8650.120437113499
2988,4695.59457032742
2989,15944.369904358065
2990,8239.600064341705
2991,8021.92667184758
2992,5844.94127522488
2993,7741.904884098743
2994,8045.3264803425445
2995,13326.212209956699
2996,8665.826578254326
2997,6983.909348219482
2998,8541.708712985423
2999,6160.471495084981
3000,4333.464673578056
3001,9669.221226854737
3002,20060.235393268365
3003,6234.869792616158
3004,7564.738662747857
3005,9377.41916823699
3006,7593.303812336273
3007,7610.094964817937
3008,7281.011936113381
3009,5962.8933855752975
3010,10524.250112455238
3011,9588.976198121964
3012,6246.915364554085
3013,12453.762183892324
3014,10364.148111323317
3015,7031.955113917946
3016,11496.61342811795
3017,11354.575143183745
3018,11237.71017247935
3019,8632.802332031395
3020,9399.2357152964
3021,6741.488641034022
3022,6601.634593453932
3023,18833.125412321377
3024,14758.339470327875
3025,8199.5760090547
3026,8541.22639858451
3027,6925.692511732965
3028,7790.076154810831
3029,5832.978781007624
3030,11641.487951819352
3031,6993.679271490121
3032,7132.805575742069
3033,10458.735562270936
3034,6723.634321857925
3035,8823.011143962447
3036,10898.67361635097
3037,11078.303751463294
3038,10985.561218833453
3039,6516.4609682360115
3040,7848.057895787709
3041,10045.064098272644
3042,12901.800093124497
3043,10531.307275371304
3044,9787.522822885643
3045,6773.316273908239
3046,9705.789714333225
3047,7607.95483569209
3048,5894.957194110278
3049,9110.037258604701
3050,10198.266065215588
3051,8950.706828751812
3052,9328.805186965477
3053,8283.551964991811
3054,9411.140676950601
3055,8527.920198261752
3056,8985.144186548048
3057,9145.41614091464
3058,12393.656663725167
3059,12364.897150618988
3060,7714.092782357669
3061,6500.4870250605245
3062,16261.169723278026
3063,8108.379353586992
3064,5387.62494963615
3065,10194.196478619418
3066,11779.648567677727
3067,14124.173245000913
3068,6686.807043048969
3069,8805.626071659995
3070,8081.919045968281
3071,9529.157990653952
3072,8407.774934333622
3073,13277.394829280198
3074,4277.826987445432
3075,8566.84602053876
3076,8781.837909285821
3077,7714.231399820767
3078,8817.50055993096
3079,8826.747685170572
3080,12243.745623845649
3081,7648.132531200265
3082,11238.219436142715
3083,10256.227561136231
3084,12397.027548378052
3085,6993.54396913462
3086,9667.78140667905
3087,9217.159009355413
3088,10840.578285372376
3089,11307.963086502037
3090,5397.178001137666
3091,9732.735181066006
3092,9776.900949114131
3093,11598.892798568178
3094,6118.055347300405
3095,4939.84602386443
3096,13149.857899258426
3097,9484.98088418169
3098,11565.428351525734
3099,9903.42849881991
3100,7452.485173870248
3101,11698.750103520664
3102,10093.429746678969
3103,12822.507234766053
3104,10957.207083395984
3105,10141.612067680666
3106,11108.41800451836
3107,14775.190022334697
3108,9837.268423682524
3109,6879.925895972431
3110,9087.16885788211
3111,6683.6062936059
3112,0.0
3113,13091.369103679644
3114,7870.272319658714
3115,11540.878049225092
3116,6896.457311657901
3117,8155.127295163168
3118,7971.933132774089
3119,13125.59755594427
3120,8301.907240370741
3121,7408.73843447252
3122,8681.440595155676
3123,9891.306355028788
3124,7566.342903157383
3125,10060.6423276054
3126,9522.837275008662
3127,11212.51272509435
3128,10950.223638383672
3129,8749.524239398104
3130,7339.278142625143
3131,6302.335006581886
3132,6738.902941066761
3133,15388.0874646746
3134,12788.696112401276
3135,8253.5291689445
3136,16308.070364261559
3137,8620.85702771085
3138,7491.2531439206205
3139,9065.733120092327
3140,11365.94404032779
3141,15723.425338062265
3142,10443.78355373242
3143,10739.618766286347
3144,11580.986888661497
3145,8815.328155222443
3146,10140.131634611302
3147,8339.710879654613
3148,7052.09067674706
3149,6875.838856841001
3150,5548.844047676524
3151,8897.451302716305
3152,11809.389035934057
3153,21394.316868372633
3154,9509.066104752637
3155,6816.933670557229
3156,10448.48729570567
3157,8036.956704334876
3158,8216.757219062234
3159,5820.251284759357
3160,12283.287512231918
3161,8928.920182102693
3162,8989.043251183204
3163,19209.110093048566
3164,13308.325055979156
3165,8394.927408702413
3166,9982.247215981384
3167,4884.101301877084
3168,6774.15757205295
3169,7595.225166467522
3170,12480.62089423159
3171,7048.050942467451
3172,7982.196373154625
3173,8165.36098707594
3174,7673.910645703967
3175,10674.181879826978
3176,11610.219724308308
3177,5331.808692424911
3178,9894.325254471001
3179,12022.15519681612
3180,11116.742643389893
3181,8762.000508530693
3182,6710.651831329984
3183,11303.511977822189
3184,7024.912742108519
3185,12441.327878328346
3186,6840.731268075058
3187,7642.267376508082
3188,9735.695007865503
3189,8564.575403394918
3190,7128.143806223143
3191,8598.019546241598
3192,10635.635587295876
3193,12315.012249758882
3194,15089.435851052944
3195,7429.637232993036
3196,5340.305816572616
3197,7775.305216336337
3198,8735.759912198357
3199,6192.554212061157
3200,9313.826057007644
3201,7542.85830157729
3202,13542.65065306213
3203,11228.031882508658
3204,8421.812258262291
3205,9644.501168314566
3206,7154.880364037763
3207,11725.835408333556
3208,7677.223432322582
3209,17394.11542014832
3210,9257.839421199718
3211,7655.27494036356
3212,8097.915377654609
3213,5768.3450602429775
3214,9065.756413984256
3215,25194.88265794173
3216,6763.8824859038
3217,6587.8639239226095
3218,13951.785467920157
3219,8559.869034187219
3220,10339.109771925783
3221,10549.089429731608
3222,9912.235693576065
3223,6858.47299512904
3224,6449.0353822484685
3225,12436.565567050166
3226,8599.816022725428
3227,9276.354652964796
3228,10211.745180024684
3229,7474.520633455795
3230,10244.83773371557
3231,8191.944962315353
3232,7304.0759417350855
3233,11101.911282953155
3234,10970.562031240821
3235,6287.846624662917
3236,9892.204645936255
3237,9450.45167683297
3238,6838.9487905043925
3239,13009.23534268561
3240,8449.97396872333
3241,10672.382816283605
3242,6209.7724022820985
3243,7370.5442898274705
3244,7687.4739857745435
3245,0.0
3246,10661.121583944592
3247,6429.676481051802
3248,7736.771928475122
3249,6702.107613649722
3250,9115.35087854553
3251,7222.256246100304
3252,9434.72152399855
3253,10931.191254592628
3254,10003.668079728368
3255,8750.047310373497
3256,9550.013867711903
3257,8045.45022327346
3258,12499.137676374274
3259,12764.493375610267
3260,8806.043031510155
3261,6250.864435131045
3262,8590.975330168825
3263,10721.565836642198
3264,6670.582560432215
3265,14764.355143349901
3266,8413.795670190919
3267,9538.044353588404
3268,11050.521685937943
3269,7704.026115883388
3270,6740.107206493072
3271,14220.909402368061
3272,13399.292565197375
3273,6980.017545844681
3274,11882.537683459213
3275,12186.440052929986
3276,7988.744241260201
3277,9409.468943492393
3278,9333.082285427803
3279,8386.092000752515
3280,8480.676109795548
3281,9838.686833365256
3282,6805.045702273821
3283,7807.652316050776
3284,11036.6967522755
3285,9783.900488160154
3286,12978.664369144743
3287,7826.643993205503
3288,8880.885328446277
3289,5774.488802223104
3290,10087.768126018585
3291,9549.669129605054
3292,8000.803381183314
3293,8926.473629330354
3294,11195.749427274266
3295,12643.289678398367
3296,8352.081292763434
3297,7761.458639620819
3298,9135.242379873394
3299,8714.849323763265
3300,8884.936137264622
3301,5918.073807145593
3302,7324.451522919098
3303,9371.116603453824
3304,8233.310625191198
3305,8596.06098962521
3306,11258.585033989431
3307,7665.795023786881
3308,9839.070396545674
3309,7195.612869684323
3310,4674.733688788335
3311,10399.800590892766
3312,8429.235216185027
3313,10114.733924417085
3314,12436.761544748202
3315,11533.150322239855
3316,6312.308368962711
3317,11046.136484786455
3318,7650.135280636028
3319,4281.124959866931
3320,10437.470559507161
3321,14759.912163615794
3322,10476.433428898243
3323,10427.483543281405
3324,8035.771257210106
3325,10114.685341629302
3326,12339.386774011122
3327,10129.033127759496
3328,10149.371434266715
3329,7177.031529740597
3330,6198.595772267764
3331,7436.734706344057
3332,7252.286034878646
3333,7831.689172695495
3334,8520.9117730287
3335,7964.858227788595
3336,6376.5248861971395
3337,8806.657666050818
3338,10943.946835232447
3339,8651.350479464165
3340,8136.919546909642
3341,9960.860825169917
3342,8007.062939978964
3343,8096.916497925278
3344,12322.123558896175
3345,10451.16673466059
3346,7574.604915209792
3347,5997.324449083253
3348,17527.440827598057
3349,8196.958917605181
3350,9379.823979540537
3351,14263.64684065281
3352,10593.610341588235
3353,11044.32450454943
3354,7632.384217615885
3355,9005.840373597504
3356,12258.891450752206
3357,20421.05799113503
3358,7932.652516409762
3359,7811.37874474263
3360,6958.87004060374
3361,8570.740921453546
3362,8101.075923205764
3363,9825.729202791488
3364,12819.846461620076
3365,8116.197490775306
3366,5462.080733660132
3367,9011.932057110283
3368,10881.065610325557
3369,7142.247970510699
3370,11184.220215532834
3371,5313.4615134502565
3372,9759.579308539505
3373,10480.493232393426
3374,10139.918827118143
3375,12667.410801932541
3376,9209.205875624371
3377,8349.0572623095
3378,8119.402379238204
3379,10087.480648058856
3380,10844.087799786616
3381,9837.430032731761
3382,10448.859216996203
3383,9419.968885813963
3384,6897.9765998400135
3385,11989.357891019758
3386,5998.175248679426
3387,13422.066715040695
3388,8999.323439562317
3389,7096.1390202611265
3390,9962.534294819045
3391,8181.803635390753
3392,10464.385389014584
3393,12546.286381345777
3394,5762.946125787266
3395,6805.098207143345
3396,10941.958152861027
3397,13069.704443676419
3398,12521.62163187058
3399,7733.803999347462
3400,7568.625943736819
3401,10474.0973945099
3402,8450.37201816431
3403,7379.474272226232
3404,13285.558585969413
3405,12563.318594469854
3406,14407.810853189596
3407,6382.280044593735
3408,8500.107188247903
3409,0.0
3410,10994.679615315239
3411,8365.368294101363
3412,15174.704230838635
3413,8486.348202650246
3414,8362.776081582977
3415,7643.631673627588
3416,8926.715287505793
3417,7611.97857693287
3418,10534.513305378061
3419,7692.30775014197
3420,8333.61038702289
3421,14838.914875480723
3422,7965.037596089347
3423,23433.218345239722
3424,10103.528948953526
3425,0.0
3426,0.0
3427,0.0
3428,0.0
3429,0.0
3430,0.0
3431,0.0
3432,0.0
3433,0.0
3434,0.0
3435,0.0
3436,0.0
3437,0.0
3438,0.0
3439,0.0
3440,0.0
3441,0.0
3442,0.0
3443,0.0
3444,0.0
3445,0.0
3446,0.0
3447,0.0
3448,0.0
3449,0.0
3450,0.0
3451,0.0
3452,0.0
3453,0.0
3454,0.0
3455,0.0
3456,0.0
3457,0.0
3458,0.0
3459,0.0
3460,0.0
3461,0.0
3462,0.0
3463,0.0
3464,0.0
3465,0.0
3466,0.0
3467,0.0
3468,0.0
3469,0.0
3470,0.0
3471,0.0
3472,0.0
3473,0.0
3474,0.0
3475,0.0
3476,0.0
3477,0.0
3478,0.0
3479,0.0
3480,0.0
3481,0.0
3482,0.0
3483,0.0
3484,0.0
3485,0.0
3486,0.0
3487,0.0
3488,0.0
3489,0.0
3490,0.0
3491,0.0
3492,0.0
3493,0.0
3494,0.0
3495,0.0
3496,0.0
3497,0.0
3498,0.0
3499,0.0
3500,0.0
3501,0.0
3502,0.0
3503,0.0
3504,0.0
3505,0.0
3506,0.0
3507,0.0
3508,0.0
3509,0.0
3510,0.0
3511,0.0
3512,0.0
3513,0.0
3514,0.0
3515,0.0
3516,2885.591160923529
3517,0.0
3518,0.0
3519,0.0
3520,0.0
3521,0.0
3522,0.0
3523,0.0
3524,0.0
3525,0.0
3526,0.0
3527,0.0
3528,0.0
3529,0.0
3530,0.0
3531,0.0
3532,0.0
3533,0.0
3534,0.0
3535,0.0
3536,0.0
3537,0.0
3538,0.0
3539,0.0
3540,0.0
3541,0.0
3542,0.0
3543,0.0
3544,0.0
3545,0.0
3546,0.0
3547,0.0
3548,0.0
3549,0.0
3550,0.0
3551,0.0
3552,0.0
3553,0.0
3554,0.0
3555,0.0
3556,0.0
3557,0.0
3558,0.0
3559,0.0
3560,0.0
3561,0.0
3562,0.0
3563,0.0
3564,0.0
3565,0.0
3566,0.0
3567,0.0
3568,0.0
3569,0.0
3570,0.0
3571,0.0
3572,0.0
3573,0.0
3574,0.0
3575,0.0
3576,0.0
3577,0.0
3578,0.0
3579,0.0
3580,0.0
3581,0.0
3582,0.0
3583,0.0
3584,2832.323809676434
3585,0.0
3586,0.0
3587,0.0
3588,0.0
3589,0.0
3590,0.0
3591,0.0
3592,0.0
3593,0.0
3594,0.0
3595,0.0
3596,0.0
3597,0.0
3598,0.0
3599,0.0
3600,0.0
3601,0.0
3602,0.0
3603,0.0
3604,0.0
3605,0.0
3606,0.0
3607,0.0
3608,0.0
3609,0.0
3610,0.0
3611,0.0
3612,0.0
3613,0.0
3614,0.0
3615,0.0
3616,0.0
3617,0.0
3618,0.0
3619,0.0
3620,0.0
3621,0.0
3622,0.0
3623,0.0
3624,0.0
3625,17214.124531560064
3626,26059.092032516503
3627,0.0
3628,0.0
3629,0.0
3630,0.0
3631,0.0
3632,0.0
3633,0.0
3634,7595.383210135454
3635,0.0
3636,0.0
3637,0.0
3638,0.0
3639,0.0
3640,0.0
3641,0.0
3642,0.0
3643,0.0
3644,0.0
3645,0.0
3646,0.0
3647,0.0
3648,0.0
3649,0.0
3650,0.0
3651,0.0
3652,0.0
3653,3408.339097774773
3654,0.0
3655,0.0
3656,0.0
3657,0.0
3658,0.0
3659,0.0
3660,0.0
3661,0.0
3662,0.0
3663,2848.3035287939174
3664,0.0
3665,0.0
3666,0.0
3667,0.0
3668,0.0
3669,0.0
3670,0.0
3671,0.0
3672,0.0
3673,0.0
3674,0.0
3675,0.0
3676,0.0
3677,0.0
3678,0.0
3679,0.0
3680,0.0
3681,8209.537642178078
3682,0.0
3683,0.0
3684,0.0
3685,0.0
3686,0.0
3687,0.0
3688,0.0
3689,0.0
3690,0.0
3691,0.0
3692,0.0
3693,0.0
3694,0.0
3695,0.0
3696,0.0
3697,0.0
3698,9201.165761524764
3699,0.0
3700,0.0
3701,0.0
3702,0.0
3703,0.0
3704,0.0
3705,0.0
3706,0.0
3707,0.0
3708,0.0
3709,0.0
3710,0.0
3711,0.0
3712,0.0
3713,0.0
3714,0.0
3715,0.0
3716,0.0
3717,0.0
3718,0.0
3719,0.0
3720,0.0
3721,0.0
3722,0.0
3723,0.0
3724,0.0
3725,0.0
3726,0.0
3727,0.0
3728,0.0
3729,0.0
3730,0.0
3731,0.0
3732,0.0
3733,0.0
3734,0.0
3735,0.0
3736,0.0
3737,0.0
3738,0.0
3739,0.0
3740,0.0
3741,0.0
3742,0.0
3743,0.0
3744,0.0
3745,0.0
3746,0.0
3747,0.0
3748,0.0
3749,0.0
3750,0.0
3751,0.0
3752,0.0
3753,0.0
3754,0.0
3755,0.0
3756,0.0
3757,0.0
3758,0.0
3759,0.0
3760,1681.1750696590989
3761,0.0
3762,0.0
3763,0.0
3764,0.0
3765,0.0
3766,0.0
3767,0.0
3768,0.0
3769,0.0
3770,0.0
3771,0.0
3772,0.0
3773,0.0
3774,3724.5862159645912
3775,0.0
3776,0.0
3777,0.0
3778,0.0
3779,0.0
3780,0.0
3781,0.0
3782,0.0
3783,0.0
3784,0.0
3785,0.0
3786,0.0
3787,0.0
3788,0.0
3789,0.0
3790,0.0
3791,0.0
3792,0.0
3793,0.0
3794,0.0
3795,0.0
3796,0.0
3797,0.0
3798,0.0
3799,0.0
3800,0.0
3801,0.0
3802,0.0
3803,0.0
3804,0.0
3805,0.0
3806,0.0
3807,0.0
3808,0.0
3809,0.0
3810,0.0
3811,0.0
3812,0.0
3813,0.0
3814,0.0
3815,0.0
3816,0.0
3817,8183.755683794621
3818,0.0
3819,0.0
3820,0.0
3821,0.0
3822,0.0
3823,0.0
3824,0.0
3825,0.0
3826,0.0
3827,2326.8258913790887
3828,0.0
3829,0.0
3830,0.0
3831,4134.88833636543
3832,0.0
3833,0.0
3834,0.0
3835,0.0
3836,0.0
3837,0.0
3838,0.0
3839,0.0
3840,0.0
3841,0.0
3842,0.0
3843,0.0
3844,0.0
3845,0.0
3846,0.0
3847,0.0
3848,0.0
3849,0.0
3850,0.0
3851,0.0
3852,0.0
3853,0.0
3854,0.0
3855,0.0
3856,0.0
3857,0.0
3858,19806.09657724465
3859,0.0
3860,0.0
3861,0.0
3862,0.0
3863,0.0
3864,0.0
3865,0.0
3866,0.0
3867,0.0
3868,0.0
3869,0.0
3870,0.0
3871,0.0
3872,5496.2328345478045
3873,0.0
3874,0.0
3875,0.0
3876,0.0
3877,0.0
3878,0.0
3879,0.0
3880,0.0
3881,0.0
3882,0.0
3883,0.0
3884,0.0
3885,0.0
3886,0.0
3887,0.0
3888,0.0
3889,0.0
3890,0.0
3891,0.0
3892,0.0
3893,0.0
3894,0.0
3895,0.0
3896,0.0
3897,0.0
3898,0.0
3899,0.0
3900,0.0
3901,0.0
3902,0.0
3903,0.0
3904,0.0
3905,0.0
3906,0.0
3907,0.0
3908,0.0
3909,0.0
3910,0.0
3911,0.0
3912,0.0
3913,0.0
3914,0.0
3915,0.0
3916,0.0
3917,0.0
3918,0.0
3919,0.0
3920,0.0
3921,0.0
3922,0.0
3923,0.0
3924,0.0
3925,0.0
3926,0.0
3927,0.0
3928,0.0
3929,0.0
3930,0.0
3931,0.0
3932,0.0
3933,0.0
3934,0.0
3935,0.0
3936,0.0
3937,0.0
3938,0.0
3939,0.0
3940,0.0
3941,0.0
3942,0.0
3943,0.0
3944,0.0
3945,0.0
3946,0.0
3947,13737.72623212572
3948,0.0
3949,0.0
3950,0.0
3951,0.0
3952,0.0
3953,0.0
3954,0.0
3955,0.0
3956,0.0
3957,0.0
3958,0.0
3959,0.0
3960,0.0
3961,0.0
3962,0.0
3963,0.0
3964,0.0
3965,0.0
3966,0.0
3967,0.0
3968,0.0
3969,0.0
3970,0.0
3971,0.0
3972,0.0
3973,0.0
3974,0.0
3975,0.0
3976,0.0
3977,0.0
3978,0.0
3979,0.0
3980,0.0
3981,0.0
3982,0.0
3983,0.0
3984,0.0
3985,0.0
3986,0.0
3987,0.0
3988,0.0
3989,0.0
3990,0.0
3991,2876.834201691282
3992,16323.913620264844
3993,0.0
3994,0.0
3995,0.0
3996,0.0
3997,0.0
3998,0.0
3999,0.0
4000,0.0
4001,0.0
4002,0.0
4003,0.0
4004,0.0
4005,0.0
4006,0.0
4007,0.0
4008,0.0
4009,0.0
4010,0.0
4011,0.0
4012,0.0
4013,0.0
4014,0.0
4015,0.0
4016,0.0
4017,0.0
4018,0.0
4019,0.0
4020,11881.643139933769
4021,0.0
4022,0.0
4023,0.0
4024,0.0
4025,0.0
4026,0.0
4027,0.0
4028,0.0
4029,0.0
4030,0.0
4031,0.0
4032,0.0
4033,0.0
4034,0.0
4035,0.0
4036,0.0
4037,0.0
4038,0.0
4039,0.0
4040,0.0
4041,0.0
4042,0.0
4043,0.0
4044,0.0
4045,0.0
4046,0.0
4047,0.0
4048,0.0
4049,0.0
4050,0.0
4051,0.0
4052,0.0
4053,0.0
4054,0.0
4055,0.0
4056,0.0
4057,0.0
4058,0.0
4059,0.0
4060,0.0
4061,0.0
4062,0.0
4063,0.0
4064,0.0
4065,0.0
4066,0.0
4067,0.0
4068,0.0
4069,0.0
4070,0.0
4071,0.0
4072,0.0
4073,0.0
4074,0.0
4075,0.0
4076,0.0
4077,0.0
4078,0.0
4079,0.0
4080,0.0
4081,0.0
4082,0.0
4083,0.0
4084,0.0
4085,0.0
4086,0.0
4087,0.0
4088,0.0
4089,0.0
4090,2320.87942449676
4091,0.0
4092,0.0
4093,0.0
4094,2231.7974579660968
4095,0.0
4096,0.0
4097,0.0
4098,0.0
4099,0.0
4100,0.0
4101,0.0
4102,0.0
4103,0.0
4104,0.0
4105,0.0
4106,0.0
4107,0.0
4108,0.0
4109,0.0
4110,0.0
4111,0.0
4112,0.0
4113,0.0
4114,0.0
4115,0.0
4116,0.0
4117,0.0
4118,0.0
4119,0.0
4120,0.0
4121,0.0
4122,0.0
4123,0.0
4124,0.0
4125,0.0
4126,0.0
4127,0.0
4128,0.0
4129,0.0
4130,0.0
4131,0.0
4132,0.0
4133,0.0
4134,0.0
4135,0.0
4136,0.0
4137,0.0
4138,0.0
4139,0.0
4140,0.0
4141,0.0
4142,0.0
4143,0.0
4144,0.0
4145,3044.584725680581
4146,0.0
4147,0.0
4148,0.0
4149,0.0
4150,0.0
4151,0.0
4152,0.0
4153,0.0
4154,0.0
4155,0.0
4156,0.0
4157,0.0
4158,0.0
4159,0.0
4160,11403.730667487316
4161,0.0
4162,0.0
4163,0.0
4164,0.0
4165,0.0
4166,0.0
4167,0.0
4168,0.0
4169,0.0
4170,0.0
4171,0.0
4172,0.0
4173,0.0
4174,0.0
4175,0.0
4176,0.0
4177,0.0
4178,0.0
4179,0.0
4180,0.0
4181,0.0
4182,0.0
4183,0.0
4184,0.0
4185,0.0
4186,0.0
4187,0.0
4188,0.0
4189,0.0
4190,0.0
4191,0.0
4192,0.0
4193,0.0
4194,0.0
4195,0.0
4196,0.0
4197,0.0
4198,0.0
4199,0.0
4200,0.0
4201,0.0
4202,0.0
4203,0.0
4204,0.0
4205,0.0
4206,0.0
4207,0.0
4208,0.0
4209,0.0
4210,0.0
4211,0.0
4212,0.0
4213,0.0
4214,0.0
4215,0.0
4216,0.0
4217,0.0
4218,0.0
4219,0.0
4220,0.0
4221,0.0
4222,0.0
4223,0.0
4224,3640.53121493784
4225,0.0
4226,0.0
4227,0.0
4228,0.0
4229,0.0
4230,0.0
4231,0.0
4232,0.0
4233,0.0
4234,0.0
4235,0.0
4236,0.0
4237,0.0
4238,0.0
4239,0.0
4240,0.0
4241,0.0
4242,0.0
4243,0.0
4244,0.0
4245,0.0
4246,0.0
4247,0.0
4248,0.0
4249,0.0
4250,0.0
4251,0.0
4252,0.0
4253,0.0
4254,0.0
4255,0.0
4256,0.0
4257,0.0
4258,0.0
4259,0.0
4260,0.0
4261,0.0
4262,0.0
4263,0.0
4264,0.0
4265,13554.227942831674
4266,4248.753077279746
4267,0.0
4268,0.0
4269,0.0
4270,0.0
4271,0.0
4272,0.0
4273,0.0
4274,0.0
4275,0.0
4276,0.0
4277,0.0
4278,0.0
4279,0.0
4280,0.0
4281,4432.838730335196
4282,4024.019847005936
4283,6293.442180326848
4284,3604.831169542059
4285,5889.9894584568865
4286,4888.760313671874
4287,5903.1633165107805
4288,6326.715605915058
4289,4455.2267175602165
4290,3555.0487858069628
4291,5634.076234966313
4292,5497.121882986786
4293,4272.861870459284
4294,5878.119231403399
4295,6040.695253491606
4296,3367.6253647155204
4297,4188.502124098124
4298,7439.985718037684
4299,8094.518264101932
4300,6326.41885229803
4301,7001.322170207011
4302,3028.023512636788
4303,5153.956544070628
4304,2469.8754866632335
4305,7485.790227493906
4306,7928.3131953691745
4307,8059.210209009217
4308,6006.749823818301
4309,3327.276930261259
4310,4598.691311162777
4311,5551.432343865965
4312,7346.668807364937
4313,4173.328271326712
4314,5659.098614813121
4315,3810.4588229611268
4316,5656.471733598914
4317,2474.0151780441774
4318,7609.4044407941155
4319,4086.1933608915597
4320,7565.39604966194
4321,6247.5972312975455
4322,3979.286431109061
4323,6903.519927716692
4324,6764.024610528357
4325,4499.652266099914
4326,3770.655339192593
4327,7313.637660173163
4328,10564.356216476379
4329,5911.7134919345335
4330,5678.613676691773
4331,8454.920185729476
4332,7705.020590512386
4333,5620.425323834007
4334,6534.092220771056
4335,2287.2111411798983
4336,2556.197341234746
4337,4703.09503692502
4338,5970.858664246086
4339,8464.27802754452
4340,7539.624313376198
4341,4252.1121325255335
4342,8292.269736994213
4343,5870.656172315428
4344,4798.10389734612
4345,2740.242530186717
4346,9920.754467475716
4347,3269.612701527928
4348,6495.854119465499
4349,7306.272837177414
4350,3767.0294556094705
4351,5372.565218787746
4352,2958.457964789597
4353,5723.428712933404
4354,5352.515389905848
4355,5693.5801537151365
4356,8316.68860105155
4357,5642.868523717297
4358,5174.85232180891
4359,3323.6637342184026
4360,7116.686456165404
4361,12643.274854712614
4362,5443.6733142450885
4363,3062.1652960615847
4364,6327.853896633758
4365,5832.592374277116
4366,6395.479742328997
4367,9640.950007916666
4368,2606.738727670341
4369,7119.195541892147
4370,4646.74783722181
4371,6196.654826906173
4372,6708.896462898339
4373,2633.2961649837102
4374,3924.0364484649936
4375,5158.742915319334
4376,7268.680059370623
4377,7379.683183441557
4378,4411.64913278195
4379,4578.832898925164
4380,7413.0758970790375
4381,6115.397903962265
4382,3740.427979622502
4383,5230.490190684316
4384,4741.040202122226
4385,6319.457000748022
4386,5756.205509438272
4387,2997.0130090635625
4388,6034.393556734713
4389,6019.953080230726
4390,6453.11466130507
4391,7282.406110817093
4392,7474.110021255403
4393,3925.6255859489356
4394,7448.366334173047
4395,3019.895653613057
4396,3472.1352007905643
4397,7762.627409802904
4398,6902.103935137577
4399,7021.119139336786
4400,9292.619803352694
4401,6747.6632043956615
4402,5083.888344868003
4403,6644.468940597143
4404,7335.072534424965
4405,3330.1099561072747
4406,2845.5975306854975
4407,5160.50376811179
4408,4639.505257274414
4409,4396.489819174081
4410,3146.426226676101
4411,5550.5675101335455
4412,3628.9226592457267
4413,6419.0089624796865
4414,5787.709471970712
4415,2785.3100005083675
4416,6070.934756494323
4417,6849.610989974744
4418,3561.452157709251
4419,5607.38776792407
4420,3828.832842910358
4421,5440.218207308914
4422,1184.9519164479311
4423,4354.4891994349455
4424,4709.329038608933
4425,6907.037919384893
4426,2676.440174323191
4427,3335.0868009622254
4428,14175.388463298614
4429,4066.0832165684324
4430,5093.321135697763
4431,10009.329640408994
4432,5482.458037139332
4433,7528.176120786621
4434,6164.00633931265
4435,5567.2100370258695
4436,6369.901594253814
4437,2960.836830958257
4438,4830.087277879285
4439,7559.121853100975
4440,5200.454962792323
4441,2582.9429955657083
4442,3492.129267372257
4443,7374.168043206796
4444,9190.907316072817
4445,6016.1577594159335
4446,6030.493111176103
4447,4495.609210873192
4448,2259.485942870038
4449,1974.5035516808618
4450,3696.816213979542
4451,5565.372228843194
4452,7023.109291751092
4453,5330.947392667061
4454,4504.245839138764
4455,8032.366718198468
4456,7435.152836274022
4457,6965.853520951812
4458,5070.604315845742
4459,8260.418569539943
4460,8939.58586426092
4461,3592.1457746974384
4462,4995.621332347392
4463,4971.779746947499
4464,6190.827637336991
4465,3965.940506455145
4466,5347.1168124027245
4467,4548.625687412425
4468,8320.965087063563
4469,5711.963110206787
4470,7252.663120775984
4471,6792.877457784604
4472,4906.745946968273
4473,7825.741465104515
4474,16040.18060434135
4475,8212.375845899154
4476,4210.435914373997
4477,3165.653436827062
4478,6493.396472964672
4479,6454.01995638718
4480,4548.426764538095
4481,9408.53622232055
4482,16394.684077954724
4483,5104.85515721615
4484,2316.307495226548
4485,9881.152445632799
4486,3123.811136549494
4487,5288.913390484515
4488,3358.5561446886445
4489,5913.742612328229
4490,0.0
4491,1302.4644164479312
4492,4911.130057289734
4493,5311.775873247434
4494,9294.791251427498
4495,5926.569512407184
4496,5772.782764442594
4497,8494.444184825366
4498,5045.98810212369
4499,6417.031178350869
4500,6345.30112250858
4501,4930.615781570572
4502,5792.763009312655
4503,4147.326120600972
4504,3514.5189699058456
4505,5645.300579241578
4506,2369.503377172664
4507,4901.190013941396
4508,8157.221283665683
4509,7206.679354078273
4510,6904.830685726036
4511,4045.1325177181347
4512,4055.3003323351504
4513,4256.8546005580665
4514,4970.576830294181
4515,6046.442175436016
4516,3634.2092922112297
4517,6739.905913638229
4518,5155.535008120094
4519,7616.393729036653
4520,5605.776238522101
4521,5518.567989622276
4522,3054.240840881341
4523,2665.54964302123
4524,8451.634729814301
4525,5963.387952045674
4526,5192.392289223935
4527,11602.428010162223
4528,7605.4385632074445
4529,3665.4589880936064
4530,5674.317040589914
4531,2394.2012835195364
4532,4045.311731967378
4533,4034.667442209751
4534,3613.2669749522615
4535,8530.774225293817
4536,4793.331015217394
4537,8466.886948412699
4538,7372.157965334711
4539,6688.726172091798
4540,5553.974463754521
4541,4141.655721051835
4542,5204.957639050538
4543,4704.257241593937
4544,10858.280540945167
4545,6088.614598886408
4546,7168.631226926155
4547,3342.6404356411576
4548,5541.440351304643
4549,6548.122647875288
4550,8257.608702578123
4551,6497.150447089129
4552,5188.223956261575
4553,6456.142635288739
4554,5165.344341646657
4555,7711.114766996072
4556,6392.383559673825
4557,6368.937951413812
4558,8416.898404238607
4559,6516.559844661484
4560,8266.168041641366
4561,3627.166159895396
4562,5423.063855038145
4563,4873.347801192448
4564,8242.516393060801
4565,6891.177919854249
4566,7235.4679425941695
4567,6893.671938191441
4568,7205.811388981598
4569,8389.037742707154
4570,6376.728773782587
4571,5876.433849685763
4572,3084.3311896074756
4573,5568.292473080489
4574,16088.759323353555
4575,7294.677981310358
4576,6205.35025582914
4577,6790.480704159876
4578,8031.518374899542
4579,7747.696473245259
4580,2714.833437503673
4581,4395.575023673005
4582,5330.5707126439165
4583,8415.289573740802
4584,2685.6718500867983
4585,4393.236821918896
4586,5367.850311509569
4587,5088.7549664687485
4588,4738.606073659329
4589,3151.5667928161843
4590,2929.5610249123433
4591,7440.57633532671
4592,4058.1852092711197
4593,4612.857076969884
4594,5775.201023705735
4595,4854.968003378028
4596,8643.922035178255
4597,12174.82023713829
4598,4888.517669992075
4599,7277.6268063594425
4600,6104.593124418676
4601,9614.70455337329
4602,4888.247610271396
4603,2840.8716697439454
4604,5064.184745823621
4605,9852.351260343414
4606,3928.9239360963415
4607,7417.385278648051
4608,1934.124762191756
4609,3510.7228734000564
4610,6630.766826420653
4611,6686.74649308362
4612,5170.795989638385
4613,8751.27442062788
4614,8488.879989060388
4615,7843.757640062551
4616,4780.334447965835
4617,3568.618146808258
4618,1968.523806714527
4619,3723.7274057462146
4620,6621.2190338799055
4621,4661.163494459734
4622,9963.02965129865
4623,2401.866620870143
4624,5005.884941625368
4625,5245.7066877188345
4626,7981.836031068602
4627,9771.76787430728
4628,5080.663251445425
4629,2850.061300555267
4630,7728.716087418401
4631,8891.183167857169
4632,4513.199750599075
4633,5303.068237961473
4634,9074.651038333435
4635,5650.4444766173365
4636,4924.01814465355
4637,3719.0950342541973
4638,7657.482514880783
4639,4236.07252099874
4640,10862.048729467288
4641,7040.749310724322
4642,15554.532612986683
4643,6737.825974118203
4644,4551.3516130643775
4645,2073.51952895537
4646,5240.155807992388
4647,5867.556992319085
4648,5292.132879082132
4649,8454.536421832321
4650,5809.156291979448
4651,3081.765059041173
4652,7006.273155229578
4653,3388.856282416527
4654,4266.67344818106
4655,8901.689812588242
4656,6903.837037998834
4657,7906.945358036274
4658,4842.5638284934885
4659,6941.751416878871
4660,4080.039931418343
4661,5191.328191096056
4662,6847.886634534998
4663,3232.678804665921
4664,8903.967508706979
4665,5978.939630345013
4666,3419.4793347061013
4667,4775.171742033751
4668,7876.477223231145
4669,5822.789618716679
4670,3979.210817533966
4671,5592.4131034870925
4672,5331.465112448862
4673,5204.931529376412
4674,5010.380953989639
4675,9098.950941722493
4676,4276.177757428844
4677,3798.320393296112
4678,6054.26405581167
4679,5731.211224062234
4680,3281.054312932397
4681,4899.591826556065
4682,8663.279924448358
4683,6800.735135784019
4684,9114.762878618421
4685,8173.772093287391
4686,7017.122093535058
4687,5158.689126675496
4688,4529.395848172803
4689,10287.8488810517
4690,7803.735067544092
4691,6827.298634483379
4692,4996.5969601752095
4693,5070.098241144306
4694,4536.305412494668
4695,2297.843165164987
4696,4024.617942600039
4697,6719.107040333307
4698,5631.668797998572
4699,5139.148081759213
4700,1434.7509613450272
4701,7598.731073424382
4702,5838.810235772905
4703,4793.81222621245
4704,3710.721786487718
4705,4929.578080747683
4706,5244.218151690988
4707,3955.623417954594
4708,9875.455925039827
4709,4517.401429329657
4710,4333.977572702726
4711,3322.954475967224
4712,2567.425493585264
4713,4444.81405294465
4714,12818.155709886389
4715,3730.0817128511558
4716,5999.042221089505
4717,4768.541739959388
4718,3876.5852129692194
4719,3039.1402902987065
4720,5965.079950539283
4721,2810.7629397107316
4722,8375.233913352167
4723,5787.703308286786
4724,2559.493012693092
4725,8011.1790090668255
4726,2385.7874813066305
4727,3929.7154064920715
4728,8449.771137523687
4729,7271.647560770666
4730,8526.288637852216
4731,2330.6761050420046
4732,4348.467998304619
4733,4864.997078045143
4734,3888.5728270830477
4735,14901.49060079545
4736,11531.91168626128
4737,5117.388381281973
4738,3102.716052884576
4739,5947.365639545539
4740,5595.485099837683
4741,2405.1901768527714
4742,7122.306763879736
4743,4876.675526828305
4744,2858.5194958538546
4745,6722.8766206057
4746,4930.0386279073955
4747,4789.3352465547305
4748,5910.12436605878
4749,6470.825963726754
4750,6969.570469239176
4751,2561.6717147172994
4752,3584.8605252378334
4753,6453.645865286539
4754,8127.53836357665
4755,5620.93382510347
4756,7127.191511832622
4757,2385.2057085171878
4758,9507.14597877088
4759,5006.655510367149
4760,2664.0126412890886
4761,3896.0988499327477
4762,4771.5990941603995
4763,4418.149404135896
4764,7061.365284157584
4765,3777.961329806762
4766,5790.509905053283
4767,4786.065632474449
4768,7415.796283739906
4769,8108.680839224245
4770,5235.623211909007
4771,7424.676473890233
4772,6113.312805809092
4773,2443.158671554686
4774,10232.265681524925
4775,3087.3195437405748
4776,2821.7027949501476
4777,6001.818438843062
4778,10643.244817467663
4779,9136.192777070968
4780,4325.945206306679
4781,4657.317886336005
4782,3511.1770268946607
4783,6570.037132204394
4784,4111.276512791131
4785,7305.403156867984
4786,2963.4998697990627
4787,4299.728553429251
4788,3807.591414625407
4789,3425.1899948214573
4790,3785.774464990783
4791,7541.642174727808
4792,6238.718270810072
4793,6020.324697371506
4794,4815.409519052541
4795,7662.48935648128
4796,7651.393912642975
4797,4800.080753746304
4798,5396.307897907283
4799,5693.72121452159
4800,6804.933426368378
4801,4867.2634593470375
4802,1954.5937878021964
4803,6488.932952105084
4804,6209.395158202734
4805,6064.9970107503805
4806,5334.358812937105
4807,3240.0595467171706
4808,7352.312083770695
4809,2832.9572438699834
4810,8389.880180789143
4811,4962.4469208614955
4812,4300.179597710995
4813,7658.745535695645
4814,3817.725591624485
4815,4421.087262799008
4816,8595.734390508505
4817,2738.1417655027963
4818,7096.248158292686
4819,9386.192344754916
4820,6748.316427553656
4821,2970.0836078405673
4822,4882.954345764167
4823,3638.5746232933725
4824,2222.5303689455973
4825,4655.398348189166
4826,6199.824853618496
4827,5074.260779988454
4828,4778.763144238567
4829,5042.046102316168
4830,4718.588002427312
4831,8043.436983294481
4832,5202.727975855293
4833,5952.761401946589
4834,5383.524916714865
4835,5561.108359342412
4836,5607.52189466304
4837,6017.639863426546
4838,6478.966342416574
4839,7064.016701568336
4840,8192.118601472059
4841,5594.103233549043
4842,4984.039413415412
4843,2890.444837819162
4844,5542.271909447
4845,8354.95643620075
4846,5786.107690388805
4847,6261.653198403331
4848,13946.925922690058
4849,3558.295376450734
4850,4345.220573954641
4851,3853.1794311872754
4852,7835.273807246363
4853,9940.12024754412
4854,7417.2475362660225
4855,7204.649366526984
4856,7010.713957161871
4857,3479.680728528645
4858,6738.576428753552
4859,5045.333287629087
4860,2173.36348607275
4861,4772.390807250197
4862,3269.1309450682597
4863,2801.6071745016498
4864,6507.730983165963
4865,17007.790713457376
4866,5593.775511912242
4867,3279.296725376759
4868,4363.348429473517
4869,4238.212969218544
4870,5072.81330603415
4871,2115.0057605931647
4872,6445.461924561203
4873,6738.243995579522
4874,3471.945375360166
4875,10643.33365994933
4876,11650.802876348498
4877,3152.742635059385
4878,3554.4277267038524
4879,3726.1170766463933
4880,3984.948360826443
4881,3748.533603911611
4882,8070.8856869738465
4883,3800.553644426236
4884,4512.047363917416
4885,2553.355660031833
4886,4792.904870668073
4887,4707.199653823689
4888,6552.459688277512
4889,3326.710123005712
4890,7806.82938066951
4891,6535.04950443064
4892,4749.346823192159
4893,3790.1392973335146
4894,3561.8732394438643
4895,4843.032094363129
4896,3286.090910427748
4897,8984.432789290247
4898,4300.782714222765
4899,3889.329680549026
4900,6255.784845703804
4901,4750.950480654777
4902,5547.188617062114
4903,4563.010629688676
4904,5477.8245621235055
4905,10500.628596068149
4906,6365.871644193224
4907,5665.0500615022165
4908,3526.0086799181504
4909,4554.121004023755
4910,3319.810553919936
4911,3701.718971802707
4912,4954.68468943883
4913,4958.987615705373
4914,10253.113300727568
4915,6729.762571413277
4916,4277.60979694337
4917,5468.227594837204
4918,5859.14726150432
4919,6149.530494153782
4920,5570.063964082701
4921,8294.700347582158
4922,6545.7270745498245
4923,4672.346792943167
4924,4094.2070190876652
4925,3754.971741552718
4926,3241.374009864318
4927,19672.727067407737
4928,2015.7870399617575
4929,4820.093853333199
4930,6001.937592982182
4931,6257.082190995409
4932,5637.7027574484355
4933,7916.3799686630655
4934,5390.785473626364
4935,7139.642369097636
4936,2628.897414332304
4937,7749.037168678544
4938,4063.4024120660906
4939,6468.03647273053
4940,9735.779461414402
4941,4079.0191770826636
4942,7686.282063879488
4943,6207.225990472263
4944,3240.3336064451114
4945,5978.525417418019
4946,6201.713171489538
4947,2667.89625154889
4948,8314.076428442198
4949,6431.069696698146
4950,4714.515815433869
4951,6910.369985475919
4952,7507.718423622212
4953,6135.525020831295
4954,4438.795434226502
4955,3785.7189060425303
4956,5142.699764541608
4957,0.0
4958,6091.967690002253
4959,2489.403811994378
4960,5537.948897304231
4961,2739.5411352975875
4962,5664.152490633632
4963,5302.036035562968
4964,4475.70861360782
4965,5368.7255210067715
4966,8623.81232461566
4967,5752.021602762779
4968,6089.840042398806
4969,5328.164410471882
4970,5910.014641403451
4971,9243.836468186411
4972,6790.059740011921
4973,4275.071080958172
4974,2503.2971767915187
4975,5006.052903286678
4976,6053.906508769009
4977,12402.105434899293
4978,5868.310415025702
4979,5435.6560692350995
4980,8882.668506971215
4981,6310.863501853539
4982,1963.7770942383638
4983,17228.390281867432
4984,7907.6118743647085
4985,6153.985102925127
4986,7240.143652371089
4987,5438.04708583655
4988,8249.702067454476
4989,4972.3556752699915
4990,3883.0282476357074
4991,3246.9408954903024
4992,4055.664536554658
4993,7453.517784409133
4994,2581.68377020202
4995,7702.543087534194
4996,6550.2692804492435
4997,4383.511918914951
4998,6704.304219863012
4999,4639.988692169821
5000,6902.65882912851
5001,4189.590996586188
5002,4664.101707150186
5003,4798.236987352262
5004,3710.7211753458014
5005,5985.628540806414
5006,7713.933177930472
5007,7897.832506385707
5008,5533.809744645533
5009,3622.7470612611332
5010,5921.979247418487
5011,6495.055704320668
5012,7124.980321018122
5013,3098.6937358401588
5014,2752.721296551489
5015,8454.763132020758
5016,6344.551393650939
5017,3791.102200899889
5018,6715.109204878458
5019,6298.434507622634
5020,5670.259214662273
5021,4839.659789999437
5022,1771.1063454106948
5023,6493.900356991482
5024,5635.401834808495
5025,5034.899879401116
5026,8442.783086194506
5027,6549.284163742002
5028,3363.657004279219
5029,5612.813153114712
5030,3226.755105859011
5031,1404.861064946491
5032,5897.233424704172
5033,4305.473351355346
5034,5477.070515620069
5035,4346.176649845643
5036,2817.798003902089
5037,4798.64956908481
5038,6763.983659497366
5039,5398.861410878338
5040,8772.863876176281
5041,3872.0379435850105
5042,4110.155963641922
5043,3382.8257162837167
5044,6132.637329061802
5045,3156.461185839797
5046,2497.4222075765656
5047,4275.830001157126
5048,4075.5737072314946
5049,6454.522036161437
5050,4372.759764614042
5051,4779.279053335553
5052,5149.531880634888
5053,7157.68645131348
5054,4615.585601275357
5055,3473.3533008240042
5056,9286.220772775861
5057,6416.9649657448845
5058,6292.638295312531
5059,2137.1513219770427
5060,4525.152390201043
5061,5296.097155600545
5062,3944.5967666565457
5063,8007.511905005992
5064,5516.234079878454
5065,5828.677101871984
5066,5809.917186385776
5067,2919.585368034055
5068,5799.418733533623
5069,10444.6326174184
5070,3331.3501817692118
5071,3565.667547933404
5072,5234.81716668833
5073,5569.337269594784
5074,5597.232784287219
5075,7430.328208283547
5076,6276.018868608
5077,5864.207389579375
5078,2601.3193348194636
5079,5667.396780836974
5080,6541.909155687138
5081,3224.7740160600924
5082,6256.215850509159
5083,2998.948844765529
5084,6798.610683881694
5085,5425.041020258339
5086,5291.911691540277
5087,6276.823673452345
5088,3965.503374790242
5089,5118.6879719406425
5090,6386.905382851616
5091,4594.077577885266
5092,8175.082592449222
5093,5379.626260154274
5094,8411.898300657333
5095,5081.611940449687
5096,3628.07184479615
5097,8308.63699015119
5098,2735.5570480501
5099,8956.796889743944
5100,5748.41262304064
5101,4978.809441040482
5102,6685.278983507508
5103,4611.647092948041
5104,4268.4819531835565
5105,6791.767677800857
5106,3148.2738790202316
5107,2781.2106074453577
5108,5902.524942624568
5109,5924.267704893145
5110,3359.0803307852275
5111,5879.274130938505
5112,5429.911599523284
5113,3620.6443768658255
5114,6061.7715350837425
5115,3041.122135558885
5116,9749.847592571687
5117,6787.733600932284
5118,1493.544168966311
5119,5390.934561334089
5120,4713.348414649463
5121,8414.266072493641
5122,7078.383094084192
5123,2888.608344288826
5124,8427.665896217344
5125,4627.430772800642
5126,6141.585210222781
5127,5800.986164660894
5128,4204.658380157425
5129,3120.301846547592
5130,5332.345838769891
5131,3613.667616620651
5132,2709.2979830124764
5133,6976.880780128372
5134,5649.692707641159
5135,21824.28286297767
5136,7308.287572313308
5137,3758.7141800579893
5138,5922.216401366176
5139,8367.992808440595
5140,5411.691796482025
5141,6134.459538329277
5142,5766.282088355831
5143,6174.976370083753
5144,6287.093478817802
5145,3855.3188751811895
5146,4686.320965962126
5147,6058.464461056357
5148,6767.097157653846
5149,5995.393090118304
5150,6349.132830034817
5151,4778.227916378554
5152,4247.7017529910345
5153,4820.01720536408
5154,8454.630295986695
5155,9007.311352178083
5156,7391.015545848845
5157,6086.352157799717
5158,3446.902819008606
5159,5669.977087291232
5160,3711.848202225879
5161,6693.221512101071
5162,8761.331543795259
5163,8022.584826213134
5164,4400.406925098508
5165,4532.640929668585
5166,3938.368388564051
5167,5579.546032775272
5168,8303.600577214194
5169,5419.5120394711485
5170,4677.362788100786
5171,4073.5982151711905
5172,6444.690531943722
5173,3146.6261876999674
5174,6776.969161508039
5175,3421.350202667946
5176,6735.698894892686
5177,5768.5828829168
5178,4993.107386251571
5179,6150.589499868553
5180,6463.308131857648
5181,4958.931451338523
5182,6207.697576162725
5183,6006.2565086065915
5184,9671.730901687362
5185,5387.196312254739
5186,6704.2192598496695
5187,7526.958673014893
5188,8261.29463387017
5189,5605.042423037468
5190,7649.451763622899
5191,3430.285439026527
5192,4242.274332081316
5193,4974.895432468449
5194,5848.332985057496
5195,8250.75228541527
5196,6719.382315661404
5197,4558.6744364189735
5198,6669.1614024562
5199,6217.892790962776
5200,7629.976785070321
5201,3310.3479550140555
5202,10628.77822272731
5203,3651.418019126359
5204,6733.093488852307
5205,7326.698379150252
5206,3770.1673773952357
5207,4890.151809870686
5208,5981.141506146634
5209,6070.649123310002
5210,4974.949510580106
5211,5172.766191841741
5212,6691.948466006217
5213,5375.5367907619775
5214,5422.220684777637
5215,4602.3952469518645
5216,6755.303371532878
5217,11062.422082707455
5218,6242.360162053046
5219,4149.258625135486
5220,5892.838697473277
5221,6460.310742207956
5222,5570.795091477968
5223,7147.126438778814
5224,3317.817654678769
5225,6572.796037901452
5226,5103.771410817939
5227,6186.236708351703
5228,6645.064822836475
5229,4341.938210251352
5230,4771.057559308356
5231,4191.574699854527
5232,6427.159505131665
5233,7691.920511165821
5234,4626.304803856299
5235,4017.2530634879818
5236,6098.206021518708
5237,5305.082645325863
5238,4578.89091980808
5239,6076.247636014167
5240,5944.931785171954
5241,6420.546121056599
5242,5643.817291495353
5243,4271.292052784813
5244,5292.190499814041
5245,7373.922130498594
5246,6573.503389657599
5247,6995.932085917548
5248,6900.983265201961
5249,4834.31926914913
5250,7660.07214090726
5251,4598.259724229204
5252,5055.095007933243
5253,7327.551892700174
5254,5848.276896182792
5255,8133.957379173829
5256,7272.306006005562
5257,6014.120052307985
5258,5150.977378170872
5259,6771.434812971539
5260,6402.919664666215
5261,4782.10218775108
5262,3700.1736023304397
5263,4841.589717624188
5264,6610.891624201347
5265,4535.726661814274
5266,3829.0301741869234
5267,6711.57021555046
5268,4092.638506674697
5269,5305.061393139756
5270,4844.344425132702
5271,4665.147336570427
5272,5920.038649105883
5273,5940.38989919214
5274,5066.312279248359
5275,4749.516362286062
5276,4807.946846335505
5277,5699.073768489013
5278,2960.459385816625
5279,6246.143783898879
5280,4166.137671076126
5281,7507.179991001472
5282,3926.341411737634
5283,3971.142042216766
5284,10234.821688550754
5285,3739.2268367951183
5286,4728.764118917318
5287,8886.910114275859
5288,5860.360106355159
5289,6730.3802957138405
5290,6926.291379069352
5291,4890.595250612899
5292,5912.803032697569
5293,3910.996748892275
5294,6462.33556529706
5295,8933.780882212559
5296,6172.543949349681
5297,2616.4577782871293
5298,4279.76628821737
5299,7099.242407187584
5300,9077.524448393924
5301,4844.207223359972
5302,5768.60882366408
5303,4699.105589208994
5304,4731.272922374742
5305,3056.820510502131
5306,4469.953216050391
5307,5782.471908194908
5308,6357.194945724408
5309,5779.592266163584
5310,5867.351967561129
5311,7376.625854398054
5312,7558.7772625438265
5313,6842.719138084175
5314,3905.309001274691
5315,8577.966804938098
5316,8517.545890102116
5317,4747.575565908488
5318,6397.048785828549
5319,4223.339562076941
5320,5940.296522227774
5321,3833.4782300716574
5322,5542.554105072431
5323,4046.7841876155626
5324,8255.33060868788
5325,6376.34779613687
5326,6827.0647980439935
5327,7021.516262472812
5328,5164.615838531555
5329,7152.806492516472
5330,16889.258986860365
5331,8170.837799007234
5332,4447.656106981923
5333,2506.619097194473
5334,5760.451107145133
5335,6897.985147365268
5336,5439.285659664682
5337,12369.63129018204
5338,17728.663551060054
5339,3834.3160181436224
5340,4590.624687813548
5341,7420.53553079437
5342,4279.092785276999
5343,5505.2983279277905
5344,5198.165764329924
5345,5982.386202929524
5346,0.0
5347,3051.4634464226856
5348,5781.170030683241
5349,6478.109334123525
5350,7825.583241124848
5351,5866.058683084071
5352,5929.400587005178
5353,8357.606753090817
5354,5239.346068463934
5355,4491.132380252063
5356,5241.65524778188
5357,4839.251215374986
5358,5012.684002822675
5359,6167.182169340828
5360,5467.896774604707
5361,5459.849514228419
5362,4266.296356774589
5363,5727.606336654642
5364,7897.209106987062
5365,6659.810265398556
5366,7057.597356931983
5367,5589.089798611235
5368,3262.4163615240964
5369,5248.108451658849
5370,5939.871936863899
5371,4835.768000247219
5372,4167.149255901778
5373,6859.169306944732
5374,5439.535834968125
5375,8214.40499618657
5376,5858.537751918019
5377,6079.157423694889
5378,4415.409305486996
5379,4237.682268225003
5380,8309.929272092379
5381,5090.030694181867
5382,7402.723755863892
5383,13125.038175100228
5384,6715.432379675751
5385,5319.015362595094
5386,4913.0764931479425
5387,4076.05511693846
5388,6441.67929821516
5389,4653.466667639018
5390,5041.765357677563
5391,8133.3626758927085
5392,5060.903309411387
5393,12355.355299197536
5394,7562.515542303739
5395,5117.598206310168
5396,5605.665966138181
5397,4946.58786856681
5398,6018.104469024721
5399,4647.407375062505
5400,9165.826327511648
5401,6663.692771520961
5402,7582.149305970558
5403,3924.8178410306996
5404,6487.295089198132
5405,6093.5182018662335
5406,7845.404320014133
5407,5790.483297109522
5408,5173.81060960014
5409,6230.622418547002
5410,6293.874444314457
5411,7011.523849349008
5412,8072.5960355613115
5413,6173.886257059965
5414,8224.076527503863
5415,6283.774771082526
5416,7913.261067495586
5417,4817.612206364049
5418,4192.677504558154
5419,4586.719903716154
5420,7470.986561604244
5421,6014.375505566964
5422,6342.082418493273
5423,5344.724273276279
5424,7376.6577133084675
5425,7730.030191440095
5426,7335.613354399687
5427,5534.098177378993
5428,3520.15778888751
5429,6112.073633078562
5430,14926.669472027032
5431,5535.216867220011
5432,5745.30030718383
5433,7369.392949332975
5434,8360.06040316839
5435,9240.36902080619
5436,4631.972211386693
5437,6343.798845533831
5438,5227.136011515473
5439,7614.6474327726555
5440,3725.643225590031
5441,4841.906670032495
5442,4621.634001761312
5443,4911.851578300222
5444,6856.343101694228
5445,4448.991223409183
5446,3383.7066660111946
5447,6187.289445071871
5448,3758.845585694535
5449,4069.4733517873656
5450,5253.995179445676
5451,4763.2423395056085
5452,7918.483237275204
5453,8334.561079882542
5454,6025.03931363773
5455,5890.7506214223795
5456,5845.445072351904
5457,9218.196506550301
5458,5598.375957161291
5459,5096.59664009239
5460,4353.009874751194
5461,7501.105884345876
5462,4259.776442105346
5463,6848.830917042622
5464,2939.2879741984448
5465,4089.0369261295155
5466,6458.4803995963175
5467,5409.97361318109
5468,5340.9007380295025
5469,7889.158237919722
5470,8255.849064552778
5471,10573.452809655257
5472,6968.573024114102
5473,4422.104826691928
5474,2733.82183895353
5475,5346.7838203168185
5476,5410.605793945029
5477,3528.100519109287
5478,7916.652498883116
5479,4309.849814025028
5480,4614.293955922217
5481,7637.909343322203
5482,8824.790703729277
5483,7013.256868699109
5484,4893.8263011497675
5485,4054.6329366470604
5486,7575.474283067053
5487,7076.874463089393
5488,4752.058717515329
5489,5371.999672916051
5490,6163.885667617513
5491,7631.329103612503
5492,4173.053151751028
5493,5011.075440765233
5494,6765.866670525465
5495,7194.347503676516
5496,10970.904270833742
5497,5228.548761607758
5498,11558.174182043447
5499,5981.573943377889
5500,5196.9179346746705
5501,2928.497605843022
5502,5161.726757157247
5503,5428.665573233955
5504,5050.443246754879
5505,7538.239929261381
5506,5361.088054391859
5507,3872.756755517766
5508,6531.299050834742
5509,3590.7561451364436
5510,4534.098808835114
5511,7190.7033898138
5512,6853.282200158803
5513,7741.649874791877
5514,4526.989142893871
5515,8108.924862696129
5516,4593.436938532169
5517,4851.91308085512
5518,5615.145749836218
5519,4115.882639553259
5520,8756.271596521125
5521,5844.9674912557775
5522,3952.3786906696228
5523,6050.277509009895
5524,7385.776100822724
5525,6457.677842203548
5526,5433.391609980397
5527,7647.999382088123
5528,5261.76018221438
5529,6393.606416851936
5530,5474.775168100933
5531,8375.73111756218
5532,4548.861261224885
5533,5110.458958259332
5534,5399.982804196019
5535,4739.175366617861
5536,4087.9330318660323
5537,4481.472025553694
5538,8168.142478360695
5539,7648.552428707363
5540,9724.856290825832
5541,8907.698594411308
5542,7313.353507245048
5543,5201.77828617659
5544,4821.448025304948
5545,9771.970224178602
5546,9065.113315401972
5547,6720.024243417488
5548,7456.687086092245
5549,7481.452670374065
5550,4900.139768595267
5551,3487.6917338862118
5552,4216.861091401473
5553,6215.924595559672
5554,5354.960910614713
5555,5597.864290722566
5556,1905.4258876123877
5557,8808.939867262829
5558,5589.089079626978
5559,5378.339421758712
5560,4861.159065017123
5561,4769.730449354611
5562,5659.0084633242595
5563,5536.035487233353
5564,6000.0234867926165
5565,5389.2456075248265
5566,3964.305348648083
5567,3207.909539331059
5568,2754.689876063616
5569,6338.145404847289
5570,16370.495851028052
5571,4031.728264123046
5572,5425.336774700445
5573,5509.991747527625
5574,4802.202272520606
5575,4374.015056982241
5576,4931.071878649392
5577,3570.583216180684
5578,8205.353975711738
5579,6056.053575292301
5580,3354.384426717848
5581,7059.72634035754
5582,4202.816025575239
5583,4347.012905154951
5584,7014.896123742269
5585,6244.64361449498
5586,8477.032991318192
5587,4111.227878917467
5588,5689.790803078088
5589,4178.664835635554
5590,4465.335872793872
5591,12797.021607768049
5592,9632.149584057282
5593,6509.143788730077
5594,4307.767266369578
5595,4958.541562532272
5596,6036.701911884597
5597,3776.879741312518
5598,7822.715103895633
5599,4677.257939554855
5600,4029.5776127649524
5601,6576.677801828632
5602,4315.375895876183
5603,5724.074484184789
5604,5993.521481795981
5605,6364.676233183878
5606,6122.815181904738
5607,3200.269626068376
5608,3877.0673900844167
5609,5635.182396553009
5610,7678.595260425331
5611,7300.751555892861
5612,6336.426645749965
5613,3709.26824516047
5614,7550.689553789233
5615,5026.0521457318655
5616,4371.251114275054
5617,6427.48593789157
5618,6628.653566061059
5619,5439.664010408872
5620,5750.1573013545185
5621,5638.178898995614
5622,5674.804018533443
5623,5044.560673473891
5624,6348.008689143159
5625,6691.364838698882
5626,5082.997101138689
5627,8120.051127469795
5628,5549.091819249303
5629,4050.1329052716196
5630,9542.2816528722
5631,4365.187397422775
5632,2773.531412081531
5633,6899.725844622693
5634,8355.159790263999
5635,8074.189240982057
5636,4645.6716815790405
5637,5472.0336200356205
5638,4258.064668762094
5639,6315.137976099428
5640,5092.388274650915
5641,6867.142750844742
5642,2785.1553036342743
5643,4486.364658924235
5644,5036.643617823532
5645,4614.145214382592
5646,4278.647384430112
5647,6003.981080675045
5648,6103.068857281152
5649,5761.291268653519
5650,6884.830966745674
5651,5296.635133609597
5652,7454.527980697828
5653,4782.392875125004
5654,5895.7637118815455
5655,5885.464235158634
5656,6601.273378745029
5657,7427.697627317128
5658,3130.2504726790635
5659,8735.94171501655
5660,5802.055471372581
5661,6138.2567234518565
5662,4641.056389770361
5663,3876.7832401748583
5664,6767.635504238408
5665,4954.334433320838
5666,7288.776892501208
5667,5804.392574144136
5668,4619.565490137348
5669,7083.252986860362
5670,5263.086069556302
5671,4575.983872855944
5672,7037.08566682676
5673,4376.154496131415
5674,8230.788780953311
5675,9104.913556709975
5676,6646.504338117291
5677,4158.185436336755
5678,4459.870968559218
5679,3859.9814243797155
5680,2814.1727881562883
5681,6787.793318360562
5682,5096.681597693016
5683,8137.359014107496
5684,4089.69462359188
5685,5298.991204915999
5686,5575.937075159316
5687,7827.099466035597
5688,5088.87779746333
5689,5103.79767599345
5690,4973.1901141636135
5691,6260.957369558475
5692,4702.5708508378875
5693,6085.629179098669
5694,6465.131539060397
5695,7307.011333737573
5696,6686.140108037861
5697,6481.982041141158
5698,5712.239402633614
5699,4185.989632660095
5700,5128.616483678559
5701,8980.544157720475
5702,7331.415982670108
5703,6320.248757665499
5704,15360.455203354652
5705,4640.600485486735
5706,4406.951006987854
5707,5458.9494385108355
5708,7919.169759114477
5709,8870.936750702087
5710,6127.561337020368
5711,6674.045987905032
5712,6979.518679971964
5713,4263.1922487433885
5714,5957.740769970101
5715,4756.501606981781
5716,4340.516991379333
5717,4373.216197843822
5718,3158.1294088966597
5719,4022.5293592557196
5720,6827.764076533748
5721,14351.449784191856
5722,5713.717952339519
5723,4296.769182392582
5724,5854.638205123823
5725,4039.5813389139435
5726,5909.500379490607
5727,3858.5573856437677
5728,7463.363616466867
5729,5756.91950004832
5730,5974.696218990193
5731,10863.643750667296
5732,12784.835159254957
5733,4251.424293328103
5734,5906.160499750417
5735,3590.3236088907647
5736,5074.1868506156125
5737,4967.19381665737
5738,7714.00389753547
5739,4127.287761597615
5740,4447.644976906264
5741,4299.863175463726
5742,4806.484884861656
5743,5829.452855732404
5744,5568.060800358444
5745,3784.9769737635074
5746,6576.745825778405
5747,6972.3564057179365
5748,5828.114809643786
5749,3634.8810845088947
5750,3224.7476690658887
5751,6389.505971199833
5752,4458.965462179582
5753,8617.450467937293
5754,3860.7712133328123
5755,4353.6808643007325
5756,5757.747117175273
5757,4786.360405411394
5758,4338.514946702286
5759,4744.581289169164
5760,5072.184221727071
5761,8542.930614674799
5762,7398.888589060503
5763,5399.894009350907
5764,3575.052783501467
5765,4880.400291958042
5766,4249.050952840651
5767,4417.545509109399
5768,5043.967822591626
5769,5445.113024016833
5770,9888.826507281556
5771,5819.6499151864555
5772,5606.715025825219
5773,6252.7783173854905
5774,5279.90791761631
5775,7605.394256027889
5776,4573.177231322811
5777,10240.374411897894
5778,5555.885667656378
5779,4547.441737507634
5780,4738.437676097553
5781,4495.825655391224
5782,5847.5264085958515
5783,17075.134080287364
5784,3456.1277768768045
5785,4856.146425915587
5786,8597.826219731294
5787,5497.354085346671
5788,5880.058663133543
5789,6745.623171807001
5790,5013.434644914013
5791,4718.923720028819
5792,3789.7843305325678
5793,7991.529448600202
5794,5143.328768887974
5795,5598.260829426208
5796,6875.443243883564
5797,4728.423265324542
5798,6679.489663552476
5799,5798.040204622678
5800,3600.3865666131237
5801,7402.73214624428
5802,8408.801371120662
5803,3716.8884781002025
5804,6495.600177739321
5805,6099.454565199505
5806,4605.2070293896495
5807,8279.904704600953
5808,5826.784943095159
5809,6709.3725250104835
5810,4365.882218746659
5811,4300.464955988982
5812,5673.526318129935
5813,3610.793370418795
5814,6560.778380252813
5815,3548.681803779552
5816,5541.840487642187
5817,4329.628733543437
5818,5245.657648928705
5819,5281.093368473338
5820,5802.271052434564
5821,5832.126486443036
5822,8002.115360431232
5823,5202.753797316245
5824,6353.898468203089
5825,5399.430747976397
5826,7114.498102814249
5827,8296.997013199756
5828,6357.995763975058
5829,2847.5389099601393
5830,4149.6571957348215
5831,6197.855301184223
5832,8099.887794423716
5833,9916.946827179938
5834,5386.363659792131
5835,5487.890872367177
5836,9129.207688749568
5837,6254.6144116888
5838,3411.3158617188597
5839,17104.257382707772
5840,8686.34606498129
5841,5086.752481895224
5842,6582.605625054334
5843,5860.319421381722
5844,6213.834230945351
5845,5339.7926023098025
5846,6090.9413615696385
5847,4901.720871648088
5848,4338.091038097905
5849,6646.60067776281
5850,4204.435885609017
5851,6665.777509008147
5852,6515.559585923824
5853,5398.116664671773
5854,5920.610222668384
5855,5440.246403357456
5856,5560.031601741685
5857,4576.015799283492
5858,6837.845764407975
5859,6254.940364028272
5860,5535.729911543794
5861,5378.124871416491
5862,6143.031878805021
5863,8356.266340443006
5864,5202.081244570186
5865,4468.447402324008
5866,5509.012591570196
5867,6384.953280987558
5868,6071.583443638485
5869,4603.11695514238
5870,4641.5952846492055
5871,6152.043213378123
5872,7639.167378757294
5873,4842.635023110741
5874,6352.01779221665
5875,6362.731018864013
5876,5318.45447858312
5877,4463.229992028227
5878,2931.139882303275
5879,5820.334011410665
5880,6211.762624048374
5881,5431.04130307605
5882,7561.509841324782
5883,6624.668147735135
5884,4357.922966826303
5885,7160.840566056386
5886,3648.76627851122
5887,2563.818349942456
5888,6075.15826335894
5889,5042.791054950898
5890,6728.594883858785
5891,5836.428227543977
5892,3578.4771332356213
5893,5255.133420078817
5894,6798.386326318289
5895,4537.54943976775
5896,7207.649385386673
5897,3872.4208300245214
5898,4210.955407676645
5899,4447.2113244633
5900,4889.598108050446
5901,5114.819448209093
5902,4016.9606420009736
5903,4009.060521156132
5904,3847.39187324141
5905,6095.966568523819
5906,5605.448056846446
5907,4473.616541140661
5908,5384.431144119553
5909,6122.914472904744
5910,4668.652756100926
5911,4499.431555054422
5912,7835.628543093642
5913,6174.76393526797
5914,5388.029959674185
5915,3378.33824725347
5916,10044.726977887307
5917,5493.809997419248
5918,4346.788229047225
5919,7040.319976051727
5920,4698.265627508436
5921,5916.380105881862
5922,5230.931754925629
5923,4047.990680746154
5924,5370.672017370703
5925,10679.939999247485
5926,4375.507960434302
5927,3607.831237313339
5928,4976.432909872636
5929,5634.070523095671
5930,5259.352458045694
5931,6715.811793215727
5932,6825.978540399743
5933,6008.386395359859
5934,3693.22176514321
5935,4687.860088190158
5936,7621.96122109113
5937,4534.607750536228
5938,6223.402848997254
5939,3322.3928274607356
5940,6166.7298393498895
5941,6707.223563471103
5942,6386.7365884169385
5943,7100.548735646398
5944,5455.168442066185
5945,3931.7294720492787
5946,5941.100001050754
5947,6901.388345458465
5948,7346.7682750543645
5949,6427.12899785284
5950,6493.364735537837
5951,5224.696947267395
5952,4028.2265574661246
5953,8390.331609570985
5954,3856.322181520276
5955,9422.490058659478
5956,5657.7635726931485
5957,3919.3811638958305
5958,6074.625592390453
5959,5371.042863101765
5960,6373.287956362137
5961,8453.271574849814
5962,3429.698175011951
5963,4038.0302789919488
5964,5877.285403162662
5965,6847.51164993911
5966,4445.268235430162
5967,5445.309486248872
5968,4977.421419235005
5969,4662.524537125717
5970,5617.161617392671
5971,4668.523422565653
5972,8504.798105667209
5973,7223.577575315073
5974,2864.397054061865
5975,5463.572101831562
5976,5054.312084949066
5977,10186.360472451572
5978,7131.8994608155
5979,4182.5948927631025
5980,8475.242523363551
5981,4379.446317464439
5982,5261.872317695204
5983,4704.69656858501
5984,4154.966903725359
5985,4654.264138030233
5986,4878.886884563999
5987,4377.742389909068
5988,4174.724076347683
5989,6939.730909074586
5990,5911.331371007299
5991,20172.646776929767
5992,5772.466292961854
5993,3709.975904668431
5994,5986.864098137972
5995,7851.796316653539
5996,5688.2470977047515
5997,6322.8834231796545
5998,5688.0704708550975
5999,6184.812919403925
6000,6218.8542552639265
6001,4025.954466451847
6002,4546.311721817356
6003,5432.77444589242
6004,7122.890989291379
6005,5770.616026680125
6006,6075.761365835617
6007,3810.635750506846
6008,4120.283632274986
6009,4612.237409526419
6010,8175.208632306421
6011,9076.53748877789
6012,7404.328696919996
6013,6493.546431976469
6014,3578.080807344616
6015,4649.1322816455295
6016,3530.64123060273
6017,6574.547991736265
6018,8484.692981939674
6019,7990.84403990454
6020,4253.921099183425
6021,4686.662744428902
6022,3970.848333669255
6023,5238.604430460621
6024,8496.833111926215
6025,5447.936271589519
6026,4082.2067541006186
6027,3857.1490842256585
6028,6534.562933084251
6029,3055.8807162131216
6030,6203.563674245826
6031,3423.690544740818
6032,6398.663653188316
6033,5688.6663791819765
6034,5120.178330382966
6035,5955.426318888584
6036,6245.587889889193
6037,5453.915251575694
6038,5830.586741929856
6039,5547.995043254129
6040,9377.687733799827
6041,5361.655734973689
6042,6766.208995907729
6043,7512.076980013451
6044,8219.758437327335
6045,5600.088927452376
6046,7797.937486541237
6047,3713.1024058221187
6048,4236.248235831978
6049,5118.879486044305
6050,5430.1047545039955
6051,7638.5893747523905
6052,6483.731548119633
6053,4484.1926635065065
6054,6264.101595129227
6055,5959.766727880435
6056,7976.00647647777
6057,3090.7325927512015
6058,9884.133703943298
6059,3538.6887092992624
6060,6526.845500873594
6061,7263.501231988372
6062,3806.354962453932
6063,4892.915326620748
6064,5007.6148090732795
6065,6076.926404091482
6066,4699.794790138525
6067,4875.039182758418
6068,6533.047249664963
6069,5122.975100897207
6070,5391.122825573589
6071,4527.367772552037
6072,6716.987330925202
6073,10732.150699137064
6074,5808.694459011411
6075,4317.371264539511
6076,5206.29016393233
6077,6410.498505092131
6078,5040.540380548706
6079,6409.199520830085
6080,3177.558418398648
6081,6207.839443486105
6082,5264.705942742725
6083,5857.890897348644
6084,6681.014721150056
6085,3954.271361514302
6086,4411.80411171748
6087,4186.066235626762
6088,6549.401154477769
6089,7256.136371355741
6090,4643.931560067432
6091,3979.8485916805507
6092,6058.01367002527
6093,5160.354131170162
6094,4856.674763410898
6095,5937.162427471077
6096,5696.885458274566
6097,6451.475670546267
6098,5311.479048329938
6099,3932.1742908754036
6100,5138.585909837018
6101,6881.600242494891
6102,6741.277590008977
6103,6623.150502689824
6104,6339.452128188352
6105,4842.847942071796
6106,6992.191056576287
6107,4225.509556000301
6108,5025.068327072438
6109,7477.911486650034
6110,5474.41317572035
6111,8499.312960531739
6112,7055.2683806257
6113,5784.599823495259
6114,4938.83816212178
6115,6442.156702095367
6116,5828.779431123273
6117,4711.538346582445
6118,3553.0405136665236
6119,4929.502429289156
6120,6634.324117864375
6121,4388.337925828439
6122,3591.576365766144
6123,6468.77508472418
6124,3960.4996893343573
6125,5102.354586209672
6126,4819.419933120243
6127,4647.67892236234
6128,6065.432432017417
6129,5926.097551615066
6130,4976.702949874881
6131,4393.451891383613
6132,4763.81967061733
6133,5426.106756701109
6134,3253.764252053503
6135,5425.7186382159325
6136,4229.355608437815
6137,7275.8997782731985
6138,3641.2467025990295
6139,3693.329974090871
6140,9437.755724329147
6141,3787.508836364361
6142,4346.347574210088
6143,8846.694156664973
6144,5151.130814193589
6145,6822.00166625818
6146,6610.921425197784
6147,4730.506174177946
6148,5846.3174341353415
6149,3689.3352647883153
6150,6376.4874737904165
6151,9463.94456474062
6152,6163.76015387559
6153,2619.1791649754805
6154,3915.984528993398
6155,6731.758363256028
6156,7090.892532788846
6157,4849.524250059581
6158,5684.367828098027
6159,4462.826051379991
6160,4872.249814550115
6161,2874.3252036910453
6162,4454.071619207523
6163,5344.387346225358
6164,6126.268610194717
6165,5874.276353775569
6166,5310.548070801943
6167,7250.199442163787
6168,7377.926613076024
6169,6559.675084420696
6170,3988.718111778223
6171,8788.186699553713
6172,7911.80483066366
6173,4575.142344417878
6174,6390.145176351252
6175,4122.568791345222
6176,5516.791309681866
6177,3295.022495367378
6178,5588.013380460183
6179,3632.857342917826
6180,8387.211203742336
6181,6036.442519400534
6182,6525.856388556713
6183,7051.667293871122
6184,4893.877382889427
6185,6670.231761257887
6186,16860.57841209071
6187,8558.559749829374
6188,4462.433127847978
6189,2444.2807969865107
6190,5029.80118303472
6191,6782.346125920045
6192,5140.393341953926
6193,11713.136883015544
6194,16633.962054292926
6195,3713.984812724857
6196,4530.879788357171
6197,7805.588809866604
6198,4037.180777520792
6199,5495.364951592526
6200,5182.535154869941
6201,6103.669050077957
6202,5287.9882128108375
6203,3340.368098373849
6204,4958.205924261863
6205,6055.8765513570215
6206,7376.73569142372
6207,5398.07105998495
6208,5332.269643822647
6209,8095.070115096456
6210,4867.417029447125
6211,4331.171914083689
6212,4504.801822840533
6213,4685.363539708645
6214,4894.175878779416
6215,6192.897306951436
6216,5539.561341166795
6217,5493.184004959909
6218,6199.405050036741
6219,5623.610499277841
6220,7095.478922754532
6221,6641.095922184704
6222,7099.735821129336
6223,4872.667097277754
6224,3185.208564362569
6225,5105.430005607353
6226,5903.683358384977
6227,4945.4476045916
6228,3991.434976121487
6229,6830.067055749559
6230,5478.365659166212
6231,7894.667501321157
6232,5883.934056687594
6233,5610.001944298422
6234,4425.736515124581
6235,4166.844879493184
6236,8150.638095038752
6237,4589.682758359529
6238,6377.010133589176
6239,13424.822780041854
6240,6448.698024865831
6241,6474.24014314444
6242,4559.40638234917
6243,4040.7032608396753
6244,5491.939706226781
6245,4624.602051466792
6246,5097.169485631854
6247,8675.546784750113
6248,4723.284514072505
6249,12325.937281172262
6250,7572.048794213707
6251,4782.1640159739745
6252,5541.713732997688
6253,4953.656893418619
6254,5563.548666813486
6255,4584.072078701561
6256,9286.078789283576
6257,6183.4539186011325
6258,7605.405008087884
6259,3753.3945860899494
6260,6553.354248942565
6261,5948.797170651029
6262,7793.359705965603
6263,5490.861408854058
6264,4847.953222740353
6265,5594.119475351323
6266,6035.962082736494
6267,6582.185600459825
6268,8232.963767256337
6269,6068.431058579659
6270,8260.687751032594
6271,5854.536479469725
6272,7985.735847345641
6273,4763.406923130981
6274,4202.207143632726
6275,4490.916299737499
6276,7397.562777981178
6277,5410.984742151088
6278,6541.701308025309
6279,5408.500537167893
6280,7473.390161924776
6281,6666.745647299263
6282,7376.814247922831
6283,6010.956945790676
6284,3458.290617075037
6285,6329.212683190297
6286,15202.6568014068
6287,5339.188004210322
6288,5388.252730546412
6289,7456.830315583198
6290,8425.719010927334
6291,9607.058843122131
6292,4562.177034850966
6293,6217.681756855478
6294,4935.650989915003
6295,6667.808688914685
6296,3548.621987516036
6297,4749.786473877687
6298,4173.589505772741
6299,4901.887038448705
6300,6723.384477641497
6301,4492.095192673633
6302,3354.085532613043
6303,5949.711592637622
6304,3571.4552641721034
6305,4027.3603667495518
6306,5302.662235354567
6307,4519.024641519771
6308,7324.617857228137
6309,7737.208995060668
6310,6138.3986414626825
6311,5477.788910869982
6312,5772.521183657863
6313,9493.419157846165
6314,5782.7914163497135
6315,4305.8047335301235
6316,4313.394187839807
6317,7148.764698162946
6318,3944.2918354562003
6319,6429.669838552699
6320,2923.9532966276493
6321,4124.466279375203
6322,6512.913058651316
6323,5312.815198327125
6324,4726.585169721938
6325,7510.7045876566835
6326,8343.460811173667
6327,10606.569619843352
6328,5607.950577040629
6329,4545.750540992332
6330,2748.6104177164425
6331,4806.027764055389
6332,5118.515084755997
6333,3447.73265201377
6334,6775.174698059349
6335,4062.7592965922972
6336,4476.245690125837
6337,7528.398748695547
6338,9163.271057764947
6339,8072.787674985959
6340,4660.106193389776
6341,4176.718950820495
6342,8019.8519502859235
6343,6895.3438529021005
6344,4952.901206005596
6345,4748.4617663803865
6346,5610.395715815729
6347,7776.469603389685
6348,3773.7482633020577
6349,5162.000081924984
6350,6496.51275666285
6351,6711.360554242385
6352,11250.33738323258
6353,4843.4076208005345
6354,11539.505232600734
6355,5964.546875353894
6356,4570.065293139902
6357,2932.055400184871
6358,5098.752562918516
6359,5310.394363749968
6360,4971.280142707099
6361,6170.495475175962
6362,4987.623374371564
6363,3869.4500478844416
6364,5948.2061031368
6365,3070.794463076908
6366,4216.145213396317
6367,6725.778484780318
6368,6903.087582467154
6369,7266.971808212543
6370,4332.8655346366895
6371,8010.232551218385
6372,4097.823862589195
6373,4759.043831691044
6374,5321.250572211301
6375,4023.7186532164947
6376,8787.899462474614
6377,5846.570126615515
6378,4005.743945095752
6379,5998.13642426949
6380,6873.323308839164
6381,6090.255938382211
6382,5301.4422379868365
6383,6956.488260899404
6384,5204.405331288453
6385,5774.007769815151
6386,5332.673441247723
6387,7276.754947702582
6388,4879.219077491953
6389,5289.493912323906
6390,4697.816103180183
6391,4187.741287162921
6392,3930.556756090128
6393,4395.02384920537
6394,7529.484911676992
6395,7365.132605094704
6396,8939.210108278668
6397,8670.3834498377
6398,6479.219773848371
6399,5222.156900320856
6400,4861.897516229208
6401,9322.795391142183
6402,8988.510892282831
6403,5497.166951157332
6404,7667.806128818465
6405,6912.395705549586
6406,4868.211311170641
6407,3502.364418157092
6408,4159.974699539055
6409,5992.52489067452
6410,5431.34571983253
6411,5272.306594600149
6412,1975.8444178321688
6413,8990.304189815033
6414,5568.9648509550225
6415,4748.591870513778
6416,4283.943244615976
6417,4482.8005130797565
6418,5788.701791760606
6419,5478.482263577108
6420,5689.277039227459
6421,5340.0763917544855
6422,3918.149212091242
6423,3223.230262147749
6424,2712.1252690695396
6425,5737.787331779637
6426,16158.672267039288
6427,4004.425669601495
6428,5188.747874000207
6429,5480.257914697875
6430,4470.565853584495
6431,4267.725875393897
6432,4292.358827373079
6433,3577.706218782658
6434,8111.361711302944
6435,5715.693212955622
6436,3039.475863587277
6437,6738.70623984439
6438,4048.6495803021094
6439,4262.708363250795
6440,6864.622145152064
6441,5899.951909343501
6442,8615.161474002176
6443,4138.978496427755
6444,5641.912375950939
6445,4140.456627661533
6446,4252.960755545926
6447,12759.186670655321
6448,9549.978570440997
6449,5633.65761823003
6450,4292.538630654934
6451,4597.348252125829
6452,5713.086419627812
6453,4206.991347830623
6454,9026.421358379803
6455,4679.022677823939
6456,3974.645180336688
6457,5946.3642754500415
6458,3948.3178321329588
6459,5864.868371349351
6460,6132.287291181041
6461,6099.12736364306
6462,5783.994753733195
6463,3167.1449449716947
6464,3708.1705853452095
6465,5200.645216013919
6466,7647.105043580089
6467,7306.106898250751
6468,6122.796718870528
6469,3671.6253176396463
6470,7475.5506612222
6471,4997.736602654437
6472,4033.6045330461675
6473,5855.3887533361585
6474,6249.479504265135
6475,5416.238607501773
6476,5927.918802569712
6477,5286.669955186879
6478,5581.082502151464
6479,5055.466699843979
6480,6157.41696772023
6481,5702.437227937481
6482,4991.0564059449935
6483,8227.70641073757
6484,5136.175126016346
6485,3816.4089725239605
6486,8955.865226521533
6487,4546.66135465923
6488,2870.968341827333
6489,6600.203434716427
6490,7482.636194319525
6491,8064.053405936384
6492,4758.78303842481
6493,4986.853754111255
6494,4049.6172865178883
6495,6027.147891146385
6496,5029.622868176149
6497,6742.010425809914
6498,2761.3730671834614
6499,4540.904899988726
6500,5172.461015005384
6501,4667.194525290373
6502,4013.8543588480925
6503,6201.763236572165
6504,5866.422829032251
6505,5513.797689022555
6506,6866.46342920272
6507,4797.532998026273
6508,6845.423176225712
6509,4347.183035933343
6510,5613.556952173931
6511,6050.563362552103
6512,6561.48389221668
6513,6821.648468171148
6514,4521.929486554909
6515,8576.433215624602
6516,5778.196067002443
6517,6295.759860454384
6518,4654.615980966748
6519,3834.3098212898226
6520,6248.6659596810305
6521,4643.998010796048
6522,7286.81590928067
6523,5492.788685482844
6524,4632.732247658306
6525,6484.796797225111
6526,5296.106456603007
6527,4543.501502328807
6528,6874.514824713734
6529,4517.637732684005
6530,7981.904373918093
6531,8841.180785538336
6532,6575.832637004765
6533,4161.131773950639
6534,4450.222327377515
6535,3544.5089663482363
6536,2740.384716370336
6537,6362.012385368846
6538,4490.977973945681
6539,7388.448969225328
6540,3746.686303871418
6541,4967.755308757246
6542,5492.270627865598
6543,7828.320246227628
6544,4388.885128642466
6545,4316.894905131891
6546,4976.767169389091
6547,6324.125281024234
6548,4309.767973763164
6549,6085.183321851342
6550,5646.9613962783405
6551,7282.456940921877
6552,6542.092431103861
6553,6347.263002877826
6554,5107.878142390679
6555,4259.25385469319
6556,4557.559032794563
6557,8636.018394153089
6558,7154.48494332514
6559,6479.662352036098
6560,13741.816725470613
6561,4298.315765179267
6562,4166.177759775075
6563,5467.152421045155
6564,7438.735322226072
6565,9175.141923284404
6566,5699.943761759987
6567,6824.7595827121295
6568,6528.852967887988
6569,4270.705452771618
6570,5425.570885929745
6571,4467.116041727323
6572,4028.351952699683
6573,4213.7711244064685
6574,3139.9520959318465
6575,3943.46664209647
6576,6693.838395636293
6577,14587.437846841882
6578,5772.148784330195
6579,4586.858843423925
6580,5623.781000494432
6581,3573.9788438093638
6582,5072.673814388035
6583,3819.4534253491606
6584,7628.328123724318
6585,5666.57358268683
6586,5276.776160111841
6587,11348.756406676152
6588,11508.3134961927
6589,4013.657248589344
6590,5922.922572207651
6591,3545.0410848840706
6592,4811.636871687946
6593,4991.638955533028
6594,7515.8391716502465
6595,3941.249047246172
6596,3867.2157511964183
6597,4082.920615232609
6598,4640.780450540646
6599,5361.626775119957
6600,5368.509086978118
6601,4095.7420144945354
6602,6056.444527229893
6603,6915.7033185501805
6604,5582.871354731656
6605,3458.2824108916793
6606,3115.7437322782293
6607,6376.838726305737
6608,4333.815974620872
6609,8328.283636594942
6610,3678.5557674001693
6611,4334.655814959549
6612,5268.979119368878
6613,4777.332997904792
6614,4239.101669729806
6615,4463.310072325294
6616,5121.219107566047
6617,8195.663362526702
6618,7321.78375919125
6619,5083.738023294656
6620,3613.910916702304
6621,4906.733723970475
6622,4202.665699637935
6623,4466.550263388617
6624,5030.994947204758
6625,5121.714845102684
6626,9859.325783756716
6627,5689.060958269705
6628,5092.423333874056
6629,6351.045837128786
6630,5119.7175653990835
6631,7625.785328274427
6632,4538.584056651917
6633,10298.020370184595
6634,5270.4815830287835
6635,4536.59131291842
6636,4479.463260280843
6637,4946.215289966691
6638,5860.260689259632
6639,17159.864263543484
6640,3319.7502269442125
6641,4125.80988430758
6642,7740.765187351049
6643,5516.782263057847
6644,5895.110669637901
6645,6685.557020080796
6646,4950.478727833543
6647,4519.399208636031
6648,3850.2056981617056
6649,8080.780146933087
6650,5159.842591246173
6651,5583.935876522632
6652,7516.61358471512
6653,4406.191987395817
6654,6245.763213254786
6655,5291.014677318803
6656,3572.1919924373005
6657,7484.476993095522
6658,7240.86405344087
6659,3695.8111242012633
6660,6687.795626333711
6661,5436.653504863539
6662,4262.321316170193
6663,7644.732436266644
6664,5570.943410945614
6665,6263.508229051036
6666,3911.274199430672
6667,3986.6837251357156
6668,5930.03875372442
6669,3583.615272649059
6670,7021.199027531343
6671,3484.588117465866
6672,5380.221032422297
6673,4149.878573479267
6674,5285.670955213208
6675,5325.506387937411
6676,6095.479905504816
6677,5519.259689876424
6678,7277.972676929634
6679,5044.849290294245
6680,6594.850597601472
6681,5593.685998365026
6682,6411.490314649516
6683,8527.059504746401
6684,6566.672115675645
6685,2810.3958894508496
6686,3977.1556761570896
6687,6115.710075075725
6688,8372.347502721135
6689,10312.377141681054
6690,5147.369760580418
6691,5455.665119106361
6692,9273.418782949708
6693,6151.387228177868
6694,3341.4236721702882
6695,17185.235292856447
6696,8245.77257897941
6697,5034.381788570289
6698,6458.156754309442
6699,5739.4296769774355
6700,5253.4630223444055
6701,5074.121392563397
6702,5549.566064711807
6703,4879.859907297623
6704,4367.34219536969
6705,5968.25987390643
6706,4054.2353159160307
6707,6437.44947125664
6708,5631.40670371308
6709,5312.606461810898
6710,5533.329015413843
6711,5185.3550955345745
6712,5329.343137385402
6713,4562.690166668378
6714,6408.815913280729
6715,5582.903911392096
6716,5178.543864364215
6717,5314.362368605191
6718,5987.052234921128
6719,8330.057302428078
6720,4284.188480603908
6721,4471.349522180228
6722,5282.261700440996
6723,6278.012682545189
6724,6057.376358381157
6725,4089.07987910202
6726,4315.488403204586
6727,6116.512031670943
6728,7548.741881525722
6729,4599.352583219796
6730,6100.318816288983
6731,5402.281263678795
6732,5170.954934196952
6733,4049.383105364719
6734,3022.577804209871
6735,5751.895297976549
6736,5478.135816922528
6737,5159.196532816168
6738,7524.325851838777
6739,6754.792882187774
6740,4183.568966838202
6741,7514.357277402683
6742,3673.9531517768437
6743,2760.319529058905
6744,6011.04231208554
6745,4871.83779749091
6746,6699.056540825686
6747,5619.860621141618
6748,3519.8951147255348
6749,5204.127223962752
6750,6856.135486560824
6751,4537.159818202223
6752,6955.471049222836
6753,3882.8738204552255
6754,4120.608539024056
6755,4335.019268813249
6756,4306.711485505978
6757,4861.902945143794
6758,3799.3919514808977
6759,3857.1614063599804
6760,3806.110293393374
6761,6044.16558316622
6762,5338.267923265546
6763,4326.443340165467
6764,5370.483821242051
6765,5344.014298491915
6766,4559.051304247223
6767,4503.310342598576
6768,7485.820103390076
6769,6157.374202148095
6770,5064.894905770314
6771,3313.312064240799
6772,9419.000572168025
6773,5137.653770368521
6774,4244.882775461594
6775,6728.483371889436
6776,4591.365006375161
6777,5759.366280982906
6778,5105.552517710126
6779,4016.9178431393166
6780,5098.8109283837075
6781,10596.716345633125
6782,4041.5529842839064
6783,3567.928298443384
6784,4591.113203366079
6785,5823.670952066208
6786,4852.740986339643
6787,6779.52824081633
6788,6504.290259489907
6789,5702.230162536738
6790,3679.352624044257
6791,4662.459681560899
6792,7873.352908223521
6793,3888.9272696944854
6794,6009.632145803234
6795,3300.4635066565415
6796,5934.540773624766
6797,6714.011510706616
6798,6288.290305530828
6799,7041.9466737559815
6800,5456.55029994344
6801,3523.8309494949476
6802,5281.779413342756
6803,5946.681475358794
6804,7202.145826368078
6805,6321.715109945822
6806,6558.168031321812
6807,5071.21153995894
6808,3758.1630502254557
6809,8319.570848817848
6810,3817.5624750783395
6811,8818.449361294752
6812,5444.943571703183
6813,3462.715399450439
6814,6063.189998357034
6815,5361.1942646381385
6816,6386.898595043027
6817,8510.89617363845
6818,3335.721012882972
6819,3722.467677836783
6820,5808.845684428178
6821,6732.283282140631
6822,4299.314285372867
6823,5161.616198914075
6824,5211.563871142015
6825,4791.052382705112
6826,5697.5268589939315
6827,4507.094250378835
6828,8253.249039359378
6829,6795.980465538632
6830,2987.858289372392
6831,5157.518463084621
6832,4983.359694332996
6833,10077.451322840563
6834,7491.3286965958905
6835,4013.875868185055
6836,8545.452935409552
6837,4216.95830885536
6838,5036.4120174401905
6839,4592.987793177409
6840,4053.143528096902
6841,4602.566796594849
6842,4707.0092442067635
6843,4235.5298442856165
6844,4042.5205275741523
6845,6877.954933153448
6846,5965.596098876241
6847,19794.492841542437
6848,5701.734716932578
6849,3677.3147389550595
6850,6040.359116092112
6851,8265.186480359056
6852,5304.134240846571
6853,6360.748590667097
6854,5598.772303089856
6855,6315.2005119691485
6856,6267.342280394351
6857,3512.8922155858836
6858,4509.629479566142
6859,5350.940046712273
6860,7209.597577045916
6861,5777.522995426338
6862,6099.486861492737
6863,3895.657493291022
6864,4143.42895354124
6865,4563.010192715453
6866,8320.9189002713
6867,8981.99224785735
6868,7564.957534082831
6869,6567.450540586184
6870,3594.577122501682
6871,4894.509157771928
6872,3708.679026914264
6873,6564.526142148456
6874,8610.744471148948
6875,8011.7375503108
6876,4384.393309464197
6877,4656.328165789965
6878,3916.439143977111
6879,5231.76824332635
6880,8840.707320920648
6881,5446.942587019833
6882,3705.5285256499333
6883,3855.4905005854434
6884,6494.626781236097
6885,3149.724326681084
6886,6385.02184846667
6887,3480.015837104887
6888,6241.7273892022995
6889,5549.549969807038
6890,5361.643450267971
6891,5930.162976685036
6892,6229.5239539074355
6893,5022.197445264358
6894,5932.8091884505
6895,5469.191223105325
6896,9402.291400987213
6897,4985.629091172716
6898,6800.365246615355
6899,7479.420862797335
6900,8246.51449778485
6901,5755.049517056131
6902,7797.290727994229
6903,3347.986623266394
6904,4213.3136025988115
6905,5092.27445431133
6906,5479.846333251493
6907,8149.698180751203
6908,6361.0275334958615
6909,4492.788674218015
6910,5597.119064241052
6911,5995.774420448573
6912,7994.918180246223
6913,3128.5038388574003
6914,10408.432661384233
6915,3589.0451444238356
6916,6565.2362405474005
6917,7276.099843016233
6918,3775.0773528238815
6919,4885.741084443335
6920,5034.452404983089
6921,6159.645117552069
6922,4541.9699359636315
6923,4919.483973346098
6924,6472.185701885943
6925,5020.152761100063
6926,5528.341148996898
6927,4522.297678600096
6928,6689.252715679334
6929,10866.156194706313
6930,5941.421990303887
6931,4371.234116211072
6932,5122.14792756949
6933,6445.480024966864
6934,5560.068727931335
6935,6438.05452720701
6936,3194.748792577797
6937,6450.489875329714
6938,5437.921995990218
6939,5951.825491325669
6940,6799.872013855518
6941,4327.471649713029
6942,4496.020931518593
6943,4222.338295931611
6944,6649.401447126121
6945,7107.011288793287
6946,4615.416960861083
6947,3992.431109357318
6948,5992.768141130095
6949,5069.432531457853
6950,4598.359124301154
6951,5862.5221052392735
6952,5639.773236000109
6953,6527.4843004996455
6954,5357.954472173251
6955,4104.442187327124
6956,5196.642540331523
6957,6706.123147807208
6958,6872.58678450089
6959,6660.404553240962
6960,6508.437487343564
6961,4890.276032636289
6962,7010.576902859828
6963,4635.507799613327
6964,5012.455856412379
6965,7325.165422775678
6966,5483.383978251153
6967,8488.389707383527
6968,7200.9468760879645
6969,5545.389269774305
6970,5072.056750205384
6971,6697.70500288754
6972,5756.945294915267
6973,4706.710629757905
6974,3560.0251307150447
6975,5326.109946278397
6976,6717.435595036498
6977,4365.627225712373
6978,3490.8798762774386
6979,6440.083927128277
6980,3908.6913231498884
6981,5055.327462443603
6982,4948.809390297483
6983,4686.086416875097
6984,6085.489567631801
6985,5847.890726186245
6986,4950.5304480482755
6987,4280.373537393808
6988,4796.050999243406
6989,5485.385243806859
6990,3161.507501609501
6991,5210.836299819593
6992,4192.247961738174
6993,7222.515945534892
6994,3631.857113134334
6995,3627.003275797559
6996,9462.331021247512
6997,4401.8184355187295
6998,4403.674952229945
6999,8873.18237104708
7000,5334.482977313535
7001,6752.227058768821
7002,6674.731497026519
7003,4563.073939241315
7004,5887.302299905044
7005,3537.364823672243
7006,6354.588999764442
7007,9548.556703686832
7008,6166.934416945854
7009,2566.380649192545
7010,4549.404987448378
7011,6771.9650108029255
7012,7259.743674672546
7013,4829.025374110367
7014,5672.1883222423
7015,4562.978689291102
7016,4796.745140115336
7017,2891.2987649692063
7018,4374.560377890916
7019,5206.122233404484
7020,6084.411131003822
7021,5775.644911991001
7022,5607.585166169955
7023,7114.221564346225
7024,7257.860747832144
7025,6689.23984371315
7026,4003.8547317415937
7027,8719.045904200371
7028,7990.080583535186
7029,4427.58554359081
7030,6336.6331284041025
7031,4198.398774278954
7032,5498.311028657336
7033,3109.1940886686834
7034,5572.21584989357
7035,3665.9395127131243
7036,8457.374778508256
7037,6074.881773802179
7038,6330.16923956022
7039,6918.658820979984
7040,5005.969587067904
7041,6730.073534856021
7042,16748.211421081716
7043,8397.161235141448
7044,4496.950440812619
7045,2479.750590691172
7046,5037.732122110849
7047,6898.112791008174
7048,5115.626371368828
7049,11540.534709686683
7050,16387.65173094961
7051,3680.379206525501
7052,4530.46101379733
7053,6698.8552417288565
7054,4127.898805620665
7055,5487.7002744640995
7056,5025.312724072797
7057,6141.949798553059
7058,0.0
7059,3250.4848479298485
7060,4943.7108348337815
7061,6195.683681821244
7062,7403.04858187967
7063,5036.345370528208
7064,5282.239045690623
7065,8219.15380561999
7066,4692.242608888712
7067,4337.407632528465
7068,4588.428398581784
7069,4259.398294128862
7070,4885.4651861568345
7071,6152.224922322847
7072,5391.1632185040535
7073,5495.684263866207
7074,6055.568553736785
7075,5617.496876527784
7076,6814.758674334656
7077,6656.357111968317
7078,6719.235064675779
7079,4919.429112930556
7080,3181.0758999714053
7081,5121.887830023134
7082,5877.974231919938
7083,4981.249868695296
7084,3821.6945002191223
7085,6896.475117073683
7086,5415.319840170684
7087,8106.709324556992
7088,5992.084122011161
7089,5448.753280425665
7090,4120.699053255568
7091,4127.03955619266
7092,8040.810851414173
7093,4639.738749396269
7094,6412.275344221681
7095,13308.834846532549
7096,6483.704485044542
7097,5224.504133087501
7098,4290.812474580401
7099,4040.7127244566814
7100,5500.842128241041
7101,4566.990086304502
7102,4887.184579195228
7103,8741.471513307562
7104,4618.419789858973
7105,12411.362663595395
7106,7621.132821669947
7107,4694.860226525581
7108,5608.943385658719
7109,4937.310580155979
7110,5602.048651460777
7111,4668.29831747426
7112,9200.2369608036
7113,6175.640978665253
7114,7362.882479928955
7115,3641.8507016860844
7116,6616.7160128890955
7117,5961.7141257387575
7118,7865.83985448375
7119,5293.495902660482
7120,4830.804319313195
7121,5498.230680367154
7122,5884.901846988323
7123,6774.07406269354
7124,7974.913847661903
7125,6129.813404321723
7126,8376.02744536172
7127,5769.917629889862
7128,8062.66067877058
7129,4941.7102800797265
7130,4264.741895240766
7131,4578.571510820574
7132,7480.794479710007
7133,5381.675176342168
7134,6232.648227355982
7135,5452.008166509921
7136,7600.155745345127
7137,6422.358342802031
7138,6634.895703225136
7139,5952.176092205551
7140,3427.4677707033966
7141,6042.688257786441
7142,14796.173879919103
7143,5371.801138509644
7144,5444.8559556823875
7145,7490.50619244391
7146,8264.02255363077
7147,9817.456482343181
7148,4223.363534041631
7149,6249.90429042966
7150,4875.18580313389
7151,6623.2288613390365
7152,3411.858666424089
7153,4745.800301671625
7154,4200.293852035175
7155,4838.247222424016
7156,6844.933938412911
7157,4555.102545032109
7158,3322.342117517991
7159,5880.332251435695
7160,3446.9403418068855
7161,4091.08007273501
7162,5224.226268590055
7163,4701.135796662487
7164,7397.515366525243
7165,7461.694473282448
7166,6056.076569132234
7167,5471.62568885599
7168,5777.996770746318
7169,9181.80039695902
7170,5680.484818570499
7171,4285.4810144324265
7172,4414.861007044081
7173,7229.799077894328
7174,4073.8660128173783
7175,6674.045148188969
7176,2852.874674279968
7177,4368.528666007936
7178,6428.235099563018
7179,5312.647983838907
7180,4734.016669233774
7181,7669.339973442327
7182,7969.099758112561
7183,10502.966702347449
7184,5760.9037565595945
7185,4389.01066627473
7186,2734.5971333601033
7187,5098.797319823151
7188,5156.891475307704
7189,3440.6533468917564
7190,6750.136264009909
7191,4044.027387251637
7192,4578.287328218607
7193,7625.760501086929
7194,9140.218282383466
7195,7380.9609721949855
7196,4737.143922500265
7197,3919.7299593802454
7198,8435.300726150077
7199,7145.321103992433
7200,4880.013954710323
7201,4734.5542755242
7202,5658.6955845656685
7203,7551.123259663968
7204,3727.415166052085
7205,5243.463442243017
7206,6559.766619493298
7207,6698.929532628364
7208,10981.930255933408
7209,4942.003278601507
7210,11670.494999843299
7211,5430.049952779245
7212,4751.8848320641355
7213,2664.726919116234
7214,5104.363599544522
7215,5249.170499993734
7216,4768.772015176553
7217,6285.806252608861
7218,4848.353012484092
7219,3796.869292353637
7220,5893.22065117373
7221,3225.3573908561248
7222,4080.4213526461704
7223,6457.232783538308
7224,6898.514124133821
7225,7278.03820088931
7226,4316.386621910171
7227,7936.870890366986
7228,4005.581341014502
7229,4765.461884839834
7230,5270.267532648882
7231,4630.529705894809
7232,8817.454308204866
7233,5744.845411895595
7234,4011.5224090631573
7235,6224.263696408486
7236,6875.644169524918
7237,6125.06333431964
7238,5195.550074438397
7239,6971.049038489619
7240,5243.478233518577
7241,5671.268390999522
7242,5277.626189809101
7243,7030.3654153891885
7244,4623.419097283435
7245,5390.624528834239
7246,4596.303954960796
7247,4202.448464927186
7248,3934.411290665716
7249,4255.623843992145
7250,7028.912424428504
7251,7311.667562894345
7252,9040.763641870159
7253,8485.543988299238
7254,6517.4923807925925
7255,5330.77947522978
7256,4731.701610762961
7257,10031.069130877853
7258,9292.075968753561
7259,5471.182848929497
7260,7647.991124025774
7261,6623.4827161874355
7262,4810.827448651333
7263,3534.3105329343857
7264,4124.111189105258
7265,5985.454394505331
7266,5608.664984216023
7267,5205.9638272921175
7268,2030.8868709236674
7269,8951.812014441088
7270,5567.162454289574
7271,4724.873434066565
7272,4373.588006357206
7273,4494.239614270233
7274,5871.610616246034
7275,5354.809547154643
7276,5658.8868182564365
7277,5481.763914107134
7278,3902.81271229173
7279,3718.6502420757465
7280,2634.967194042942
7281,5733.800732313864
7282,16039.988024678707
7283,3993.3521526069217
7284,5189.251403921005
7285,5655.550838413046
7286,4344.890220293722
7287,4250.455116930139
7288,4270.209279923832
7289,3506.86814877731
7290,8089.656417492998
7291,5783.768830485631
7292,3261.590450894718
7293,6725.960936869098
7294,4014.3056676664232
7295,4273.162868631416
7296,6853.8496059385
7297,6066.938781763747
7298,8625.35039323572
7299,4072.92699823268
7300,5418.464169068178
7301,4138.229454202252
7302,4164.1995820388765
7303,13410.3395330413
7304,9562.4231009244
7305,5627.515565125038
7306,4518.496285240007
7307,4546.482443861943
7308,5670.623297094391
7309,3751.30208219476
7310,8459.678537274955
7311,4777.283428866197
7312,3866.4678239476607
7313,6080.969433292198
7314,3883.027871636534
7315,5847.970739828092
7316,6085.18574178599
7317,6095.058417302969
7318,5790.252715743406
7319,3084.3158376549923
7320,3584.7961961771884
7321,4905.852617485716
7322,7616.686200908869
7323,7115.2625916031675
7324,6158.007118676638
7325,3723.5760926300495
7326,7411.8624939793835
7327,5149.066914264396
7328,4003.7408225954914
7329,5684.293340078352
7330,6345.0414851483365
7331,5437.698216740326
7332,5933.165780621948
7333,5418.897483310535
7334,5492.929923107009
7335,5060.1790295924875
7336,6144.097662958326
7337,5499.577033454572
7338,4982.596629318394
7339,8192.067561758118
7340,5071.230701149547
7341,3801.788362142314
7342,8925.696056395676
7343,4381.982930867779
7344,3121.02266886953
7345,6551.492334039325
7346,7449.438849386681
7347,8104.282191387046
7348,4735.969756678779
7349,5010.306967628465
7350,4041.0028329114575
7351,6188.074262722585
7352,4862.359012052668
7353,6644.524714789025
7354,2747.9748981441676
7355,4540.805134909362
7356,5016.649232932881
7357,4673.893283824324
7358,4032.6752264873235
7359,6200.338474593131
7360,5961.472419653116
7361,5854.974669663023
7362,6799.641327425842
7363,4752.695811432449
7364,6881.735640640854
7365,4211.238523370296
7366,5776.010571117614
7367,6050.229622661591
7368,6514.011138587438
7369,6939.312974845029
7370,2887.803496058758
7371,8589.88250602864
7372,5715.873633793493
7373,6218.429021683032
7374,4715.317411994869
7375,3900.0238664946187
7376,6026.041375235666
7377,4491.120373387232
7378,7425.154403042568
7379,5243.178136565615
7380,4666.011989318679
7381,6037.600261902827
7382,5037.249035118627
7383,4290.864374754026
7384,6751.024295909205
7385,4386.304806070396
7386,8206.403792514117
7387,8948.189200373501
7388,6596.954418290042
7389,4106.080277225143
7390,4412.956153551342
7391,3501.966109449545
7392,2726.893824089284
7393,6276.712961171998
7394,4413.37954879108
7395,7424.387158798302
7396,3723.1079456716125
7397,4920.301398542463
7398,5263.365083881804
7399,8152.223942370537
7400,4422.256750625744
7401,4290.649799605066
7402,5041.793492982165
7403,6326.0520855341165
7404,4281.682939408631
7405,6172.410896967402
7406,5500.426695474362
7407,7320.185584157388
7408,6507.45904332794
7409,6338.822336226973
7410,5177.01180589425
7411,4267.365785553996
7412,4385.898127767383
7413,8483.718713014377
7414,7213.623019240889
7415,6671.799446642728
7416,13631.771490760873
7417,4315.935874209125
7418,4127.788040452732
7419,5417.837314665425
7420,7374.540433201391
7421,9321.716560230792
7422,5656.809807428692
7423,6775.722419251564
7424,6574.23628525303
7425,4111.234311397267
7426,5463.014037401079
7427,4418.805081395539
7428,4046.6567501560985
7429,4095.70219992327
7430,3084.759048312799
7431,3905.2781489241083
7432,6620.800388957577
7433,14615.758737284774
7434,5879.699934552784
7435,5109.942340380108
7436,5768.101295340798
7437,3547.0727192224185
7438,5130.949858414726
7439,3762.245253374077
7440,7568.503067816175
7441,5765.4869565346535
7442,5236.770728363708
7443,11601.137687679016
7444,11549.474238593279
7445,4208.450866253844
7446,5675.798137680755
7447,3602.95145965554
7448,4954.962057450045
7449,4954.791125279948
7450,7464.722493132684
7451,3913.3127826486666
7452,3868.5936064383986
7453,4038.483489131181
7454,4678.26847316886
7455,5472.334915036411
7456,5357.186420410037
7457,4236.84407731379
7458,6051.3616149138825
7459,6866.273240676441
7460,5553.053631595894
7461,3377.4609194128916
7462,3169.0112637941197
7463,6304.241069495381
7464,4288.637845849603
7465,8513.502857557047
7466,3789.5743830911697
7467,4318.812387192872
7468,5200.034422857515
7469,4769.813362133528
7470,4236.590514342195
7471,4399.314229802818
7472,5124.546770946784
7473,8346.31723895228
7474,7316.45925919125
7475,5165.731861297984
7476,3760.9233396501354
7477,4899.784084776335
7478,4216.485328703315
7479,4457.512671803733
7480,5037.34509479981
7481,5115.2597607050575
7482,9839.797026406222
7483,5660.4424679377835
7484,5030.442740463711
7485,6288.528702362907
7486,5592.676776449472
7487,7521.490053642071
7488,4353.5176791844415
7489,10310.71607084947
7490,5288.256623159242
7491,4532.810247905002
7492,4414.833527538913
7493,5058.928075168974
7494,5861.334988145932
7495,17669.61023813687
7496,3425.6602633266393
7497,4032.0141485747586
7498,7624.47028866395
7499,5591.258043777128
7500,5863.628148321799
7501,6826.134208594712
7502,4995.3172946089835
7503,4461.210929343418
7504,3633.777901647161
7505,8076.93262436894
7506,5224.360198638779
7507,5621.898209351734
7508,7068.645333375475
7509,4351.520270675403
7510,6394.940237032574
7511,5348.314753039417
7512,3608.333967880158
7513,7581.0251931645025
7514,7124.492819373489
7515,3700.1751501475387
7516,6563.34469268757
7517,5127.477024345651
7518,4279.944449457569
7519,7577.382046283818
7520,5668.221160889208
7521,6239.677390251568
7522,3853.568475017979
7523,3944.788603137515
7524,6307.868920294968
7525,3526.6438809655783
7526,6925.771728402582
7527,3583.351154678655
7528,5260.865015399268
7529,4198.98532475127
7530,5394.613944035977
7531,5357.779065088692
7532,6198.123821754429
7533,5441.217687694509
7534,7209.369107471312
7535,4981.225802114124
7536,6265.780714725632
7537,5650.265023330942
7538,6603.128852989555
7539,8554.017586676264
7540,6577.922093446239
7541,2775.8631942571537
7542,3789.7620503939634
7543,6134.932428791937
7544,8052.640448139281
7545,10232.743223223259
7546,5103.323157467028
7547,5358.694138807445
7548,9263.134117806167
7549,5547.112937949564
7550,3296.543389409049
7551,17185.235292856447
7552,8360.309129308358
7553,5251.136325114166
7554,6441.41965224484
7555,5715.294697255257
7556,5126.4410871274395
7557,5078.80899134026
7558,5483.662575269326
7559,4917.979043350168
7560,4352.07374411343
7561,5918.221781537989
7562,3939.578733106026
7563,6635.775014622629
7564,5566.877395779183
7565,5328.655188764234
7566,5458.45197526711
7567,5243.92125112718
7568,5376.261901371781
7569,4492.924391510786
7570,6284.181095466465
7571,5671.124379022772
7572,5166.282425490053
7573,5397.3954439489635
7574,6098.370235791988
7575,8011.049712500138
7576,4185.353760494818
7577,4459.687494224367
7578,5140.010863237863
7579,6447.190071801226
7580,6318.353479408951
7581,4268.276292359514
7582,4297.774196621951
7583,7338.409921287047
7584,7540.981135626198
7585,4578.365875306126
7586,6288.070099226668
7587,5543.772186115905
7588,5653.558964970102
7589,4054.2172010297522
7590,3032.1955731402163
7591,5745.334989571878
7592,5614.328321235331
7593,4709.703622257389
7594,7522.60769524537
7595,7128.710158411034
7596,4139.200000667462
7597,6833.547510694629
7598,3677.313654329846
7599,2723.495467370594
7600,6028.164155247494
7601,4884.625600501624
7602,6155.9934688717985
7603,5669.61554767763
7604,3465.660585091395
7605,5206.045351583497
7606,6835.79476342285
7607,4597.280317605597
7608,6764.144809229514
7609,3945.972449706189
7610,4123.570963030648
7611,4307.673298765123
7612,4113.683734408458
7613,4862.374399743422
7614,3722.6811484906584
7615,3613.819008273591
7616,3797.784804318716
7617,6028.33786064297
7618,5314.066506212913
7619,4313.373892990095
7620,5257.13861976912
7621,5578.063082414459
7622,4622.489525498196
7623,4473.453060276024
7624,7468.669976747111
7625,6284.830694553352
7626,4646.429294580421
7627,3341.8730105055006
7628,9598.15329031671
7629,5144.727622640613
7630,4330.804334957655
7631,6409.381905250031
7632,4752.6253280641595
7633,5731.852995587746
7634,5262.358364311108
7635,4006.241663565621
7636,5127.793987560642
7637,10709.160691939594
7638,4055.478030304878
7639,3574.163047757796
7640,4315.28276769554
7641,5464.484127418634
7642,4750.888283264939
7643,6958.740660182095
7644,6399.411018025957
7645,5469.166862889491
7646,3522.429284526889
7647,4661.548474734958
7648,7819.812810431485
7649,3843.4250982801955
7650,5955.468987542359
7651,3303.8231334039774
7652,5946.579096077555
7653,6707.642375603156
7654,6287.527289412826
7655,7070.053125800258
7656,5565.608420356056
7657,3496.4692630147615
7658,5486.306745088979
7659,5823.083759182813
7660,7327.48658471594
7661,6322.676298373274
7662,6627.903752424048
7663,4874.749109400314
7664,4010.4823065396795
7665,8722.343856076928
7666,3725.8699199316884
7667,8637.47584462515
7668,5574.622152911258
7669,3460.7704239521345
7670,6089.3725949883465
7671,5111.298470895933
7672,6405.212542262473
7673,8506.134330204108
7674,3330.212629318137
7675,3722.5848777896085
7676,5902.173025895541
7677,6725.503000949601
7678,4283.500648773354
7679,5291.802745672871
7680,5117.216644269129
7681,4646.439447347284
7682,5657.749373293878
7683,4461.793352471187
7684,8222.932329652418
7685,6929.905027965314
7686,2865.99465416936
7687,4942.507432511932
7688,5015.02966547845
7689,10066.529131944859
7690,7188.010371830785
7691,4044.7057535708277
7692,7978.173697534426
7693,4133.213041012092
7694,5055.827823460409
7695,4268.544141162758
7696,4063.4655887029635
7697,4436.683751952315
7698,4710.037411733681
7699,4110.153499705703
7700,3995.4583047747296
7701,6858.226388975403
7702,6047.9042484866695
7703,19835.75642023417
7704,5770.191914124273
7705,3764.2264788715315
7706,5996.232994338865
7707,8414.380831321765
7708,5517.953598746754
7709,6504.36183958987
7710,5775.121567820811
7711,6139.692327987171
7712,6159.078944578161
7713,3453.590829759635
7714,4542.997447452832
7715,5364.033441414794
7716,7186.346137537388
7717,5836.726184710009
7718,6081.608332684944
7719,3891.072546327855
7720,4067.437940723991
7721,3982.4917561702578
7722,8307.90395632962
7723,9081.787804353207
7724,7610.105661701946
7725,6622.541585019819
7726,3658.947597161008
7727,4982.50307201302
7728,3663.053839456296
7729,6532.375486099241
7730,8587.882310833002
7731,8008.858010683761
7732,4339.02584223844
7733,4751.562852253011
7734,4062.548636433743
7735,5056.8065950350965
7736,8716.167836315388
7737,5497.467268824141
7738,3900.6861002817423
7739,3823.441453323121
7740,6531.012293563053
7741,3236.4076023776106
7742,6362.205016638777
7743,3405.692877261627
7744,5963.714373636853
7745,5508.532835572809
7746,5453.598767351811
7747,5842.060647137921
7748,6130.1334035878235
7749,4938.265586009406
7750,5978.906841447274
7751,5433.447796824907
7752,9010.11474478231
7753,5009.5393643023635
7754,6782.440898946683
7755,7465.133842054189
7756,8212.16997761058
7757,5741.964328839023
7758,7768.8869140581655
7759,3381.3156617337877
7760,4414.0123420415575
7761,5107.169214520077
7762,5507.763704581224
7763,8122.707218142929
7764,5911.157119889011
7765,4537.526301077267
7766,5608.102298118285
7767,5968.84200756725
7768,7985.6203696401635
7769,3157.42031826688
7770,9985.006401732488
7771,3581.580147907924
7772,6550.497330369431
7773,7321.974268081698
7774,3810.6939103320206
7775,4682.755103344025
7776,5003.111080471
7777,6091.054590286708
7778,4610.896406655684
7779,4927.699803446554
7780,6379.628443755184
7781,5029.37976316096
7782,5739.750735331318
7783,4475.923996716762
7784,6768.184566974605
7785,10693.20424382386
7786,5960.852635082869
7787,4487.495237117943
7788,4889.48470281992
7789,6443.982587801089
7790,5455.725833395316
7791,6333.136190481352
7792,3224.1550375122447
7793,6433.708868889558
7794,5517.170345821759
7795,5567.226155223045
7796,6808.463865547781
7797,4449.090248447973
7798,4479.977433225907
7799,3978.031379812996
7800,6497.4056135654255
7801,7176.178869982932
7802,4501.381755507254
7803,4053.383969524929
7804,6014.615707452323
7805,5028.691402362488
7806,4880.304751142648
7807,5713.489571211323
7808,5617.737236801597
7809,6473.238154704609
7810,5377.0466779397075
7811,4082.297158806368
7812,4990.260947872819
7813,6888.693541783061
7814,6644.345526586375
7815,6641.3000890697995
7816,6418.759807034432
7817,4734.59873874484
7818,6908.12700829109
7819,4623.411560049356
7820,5015.05855372079
7821,7210.39133382969
7822,5217.422199918376
7823,8681.137211845098
7824,6892.499729895708
7825,5809.828301585079
7826,5010.067305281699
7827,6660.462336286985
7828,5710.879482032157
7829,4637.156672386844
7830,3520.6270821327785
7831,5384.27698121568
7832,6713.197354249506
7833,4387.759667577816
7834,3526.3737286750406
7835,6551.958134302052
7836,3942.272487147655
7837,5059.100957850973
7838,5170.0689242563
7839,4680.830217778528
7840,6153.308403018637
7841,5927.64532655234
7842,4912.9962279211795
7843,4328.687752885346
7844,4809.875273604665
7845,5464.003392977608
7846,3315.9105087690095
7847,5683.520087123399
7848,4032.7631689174636
7849,6945.1555792288145
7850,3636.793649028996
7851,3587.284296215221
7852,9262.874554945025
7853,3787.225803983345
7854,4288.258769301762
7855,8853.163050077115
7856,5249.374147922338
7857,6579.659521871216
7858,6738.436924972881
7859,4457.615582240131
7860,5943.313400256896
7861,3650.197832331883
7862,6388.262575659465
7863,9421.272062589369
7864,6004.162890664942
7865,2577.6157985149284
7866,4130.635797934316
7867,6669.3617238953875
7868,7323.573574023197
7869,4463.494132972419
7870,5764.140594442321
7871,4505.953086336867
7872,4672.766658652091
7873,2904.02560693473
7874,4426.423514342499
7875,5385.903603213304
7876,6002.117101835362
7877,5906.028715709256
7878,5607.357315178841
7879,6885.149433593803
7880,7261.903122407381
7881,6624.657801936288
7882,3722.1905019852384
7883,8762.87256750602
7884,7900.669654223548
7885,4506.674297679718
7886,6386.4420430537775
7887,4203.785583531793
7888,5423.162808502489
7889,2857.7942538719444
7890,5558.918921884446
7891,3678.220389226453
7892,8624.604852557572
7893,6319.583628725036
7894,6546.103478197129
7895,7151.5729640340005
7896,5046.233955761423
7897,6701.9123322865335
7898,16758.120778163364
7899,8343.699577923966
7900,4544.113540550308
7901,2532.488330328169
7902,5022.240719197222
7903,6960.775334436967
7904,5125.56521404331
7905,11721.979909399292
7906,16806.635488761243
7907,3619.202299262915
7908,4541.3233145470585
7909,6897.892027972026
7910,4065.67565925009
7911,5416.526497158072
7912,5032.063103666244
7913,6204.847000276698
7914,0.0
7915,3391.076966200467
7916,4929.919878439387
7917,6237.895570063499
7918,7052.101455816474
7919,4792.012593239277
7920,5323.590635579119
7921,8235.739999338553
7922,4554.775121925654
7923,4293.645009059969
7924,4476.891386393347
7925,3794.109684488713
7926,4754.629762680917
7927,6273.854386189798
7928,5586.920790392881
7929,5493.9712611817995
7930,6140.806356875948
7931,5635.521462715795
7932,6882.793769309838
7933,6726.0737755033115
7934,7116.821318918527
7935,4916.309651300143
7936,3162.8653899017645
7937,5116.412251923945
7938,5985.811152303338
7939,4778.601930601957
7940,3855.914818625818
7941,6956.319996082102
7942,5468.5952874456325
7943,7921.476945578419
7944,5996.876315262352
7945,5355.026094840653
7946,4379.852073359646
7947,4165.134106026811
7948,8190.346634156016
7949,4598.649017332626
7950,6224.852254051503
7951,13557.809910533908
7952,6287.025543982584
7953,5261.419969862826
7954,4326.707667122085
7955,3969.5439590659994
7956,5493.100395124486
7957,4551.040337428379
7958,5141.765576992365
7959,8764.455631361332
7960,4633.112015625313
7961,12442.903853905082
7962,7585.479987717514
7963,4523.806483316663
7964,5576.774013949825
7965,4953.920189245244
7966,5638.808082395082
7967,4710.704322565757
7968,9258.166752362251
7969,6006.949560472335
7970,7643.421322273698
7971,3666.3613084133785
7972,6595.630677973365
7973,5916.876538169005
7974,7912.831048844947
7975,5268.820532637835
7976,4966.925783485768
7977,5528.544087053155
7978,6035.966582874643
7979,6699.276091032849
7980,8167.177514823892
7981,6097.405490072961
7982,8122.5444660406865
7983,5614.240753267168
7984,7992.116663563565
7985,4798.333983007298
7986,4391.202455780536
7987,4651.164016441908
7988,7480.423257089487
7989,5307.024684840285
7990,6262.643870240874
7991,5353.338413361359
7992,7485.417899940687
7993,6303.977620547423
7994,7523.500794223752
7995,6011.575224686889
7996,3398.8273012008995
7997,6006.249652600478
7998,14798.919741936163
7999,5307.809011420181
8000,5468.455951048132
8001,7549.018268830244
8002,8520.962537465515
8003,10010.724582808592
8004,4383.93915264525
8005,6288.50357154324
8006,4806.930578326385
8007,6580.985832623789
8008,3468.4911670333026
8009,4754.895165117003
8010,4065.8111548234174
8011,4952.255301980437
8012,7021.177550642227
8013,4557.822900553335
8014,3294.829963621027
8015,5869.315134074213
8016,3490.8874212633777
8017,4071.485130227872
8018,5291.132975935812
8019,4472.176326684753
8020,7098.052475194763
8021,7343.399535541432
8022,6061.071031846422
8023,5429.285565581246
8024,5661.735205476566
8025,9341.354000830603
8026,5717.834533646028
8027,4237.715697039682
8028,4336.554974060898
8029,7248.997463175714
8030,4101.3831727650695
8031,6577.43415160693
8032,2845.392708631238
8033,4241.838985370603
8034,6357.560256378425
8035,5237.732985814556
8036,4622.600712416985
8037,7502.720087275426
8038,8156.008035187567
8039,10523.09743352992
8040,5853.416271553308
8041,4459.9095747314705
8042,2739.0470225681183
8043,5154.1760746337
8044,5315.889482606927
8045,3518.433307860999
8046,6709.086379751814
8047,4122.752392538017
8048,4645.4448380018675
8049,7467.322559341544
8050,8968.936216546525
8051,7312.63431603252
8052,4781.410220333529
8053,4226.428542900583
8054,8381.579028510965
8055,7251.9200454957745
8056,4960.913668251683
8057,4665.141101835746
8058,5509.4240560319
8059,7730.776848269807
8060,3908.3938469724726
8061,5253.720551688204
8062,6432.435080843725
8063,6635.138905616486
8064,11173.076368547308
8065,5057.3280513395575
8066,11602.467181818185
8067,5531.920369784024
8068,4919.208355169823
8069,2828.879183953276
8070,5051.902401478598
8071,5164.594481940014
8072,4632.616497036161
8073,6246.296104177989
8074,4930.206939608103
8075,3719.966542290561
8076,5735.512023155506
8077,3260.282000213142
8078,4034.9086446944048
8079,6401.392469861679
8080,6891.7401600007315
8081,7279.322929458735
8082,3878.081581838097
8083,8056.028741417074
8084,3964.3754933340083
8085,4657.181880544764
8086,5231.972832127181
8087,4226.6641446380845
8088,8777.312056304809
8089,5763.578275296083
8090,4018.2820501165484
8091,5989.740690401078
8092,6581.897496753244
8093,6196.100957927746
8094,5257.094808512763
8095,6953.679097253316
8096,5262.668970952808
8097,5780.460811329194
8098,5265.239545208576
8099,6921.424840669785
8100,4760.768610805861
8101,5384.9857750573965
8102,4504.813345305351
8103,4042.4902976854582
8104,3920.5475166717356
8105,4186.408587674933
8106,6985.610156225842
8107,7349.003376050723
8108,9024.52607677152
8109,8437.308716266016
8110,6560.58836754006
8111,5390.161822146228
8112,4793.057977291686
8113,10090.084546559392
8114,9576.871246552015
8115,5135.15160899133
8116,7545.766665739563
8117,6947.4369165659355
8118,4795.906897503426
8119,3645.1302763715044
8120,4127.472697060726
8121,5878.8125921934625
8122,5572.461932940425
8123,5200.557129240408
8124,1926.300015096015
8125,8719.181134310553
8126,5481.773519305848
8127,4755.148311415037
8128,4377.392752599321
8129,4395.707920644414
8130,6085.9471620524255
8131,5391.507816968161
8132,5438.019258724465
8133,5474.060044671015
8134,3887.645679379589
8135,3289.5927724119592
8136,2695.620031205284
8137,5889.262125026641
8138,16471.7857060586
8139,3950.7444777879778
8140,5154.637511345056
8141,5496.020904846614
8142,4596.685337641889
8143,4219.287214090117
8144,4239.441212777447
8145,3549.782679691744
8146,8116.4344294671355
8147,5562.51575089311
8148,3211.038496211747
8149,6733.703704671471
8150,3930.32231086409
8151,4374.306231929421
8152,6974.051825887385
8153,6006.808524514249
8154,8634.814403033928
8155,4148.652833249644
8156,5634.559908350528
8157,4200.667134870829
8158,4202.356990796785
8159,13002.681731169152
8160,8771.815240520915
8161,5625.5428282863995
8162,4608.157654300896
8163,4462.877430879585
8164,5771.050510946843
8165,3805.6596550263
8166,8583.829830634997
8167,4760.171752420008
8168,3902.131845792965
8169,5979.5848069740705
8170,3922.22570616856
8171,5882.333574473157
8172,6113.125422244422
8173,6093.299144423496
8174,5650.0136573336795
8175,3228.444343107873
8176,3655.907159049284
8177,4622.414725762588
8178,7615.515585741873
8179,7313.640710688331
8180,6195.534415137895
8181,3747.66071936838
8182,7313.098995496827
8183,5144.900764133142
8184,3920.398060841937
8185,5733.058184412427
8186,6371.534700960643
8187,5482.6565502474305
8188,5884.531788558457
8189,5440.528123296365
8190,5196.421492445564
8191,5060.312441361383
8192,6205.754341236926
8193,5533.672300884697
8194,4830.242760257348
8195,8128.4286698004025
8196,5145.19257990723
8197,3799.159355747935
8198,8958.27709354462
8199,4439.902705065803
8200,2956.8961127997823
8201,6601.586995848108
8202,7216.366727349406
8203,8120.337896001877
8204,4616.040451483973
8205,5110.290307755993
8206,3998.749320231821
8207,6075.0742206130635
8208,5017.563898095569
8209,6509.139759593061
8210,2753.7051071614574
8211,4565.225036253117
8212,4902.96829613765
8213,4759.942628552524
8214,3996.721318416452
8215,6322.983288057472
8216,6279.126354620218
8217,5838.899305249657
8218,6840.029649417145
8219,4556.6135027976925
8220,6815.765455370572
8221,4119.372857697288
8222,5716.428600191721
8223,6092.786125270096
8224,6522.324284741105
8225,6831.526230087337
8226,2925.3307933960077
8227,8595.087701999335
8228,5395.458321414698
8229,6232.1606222089695
8230,4730.138494273701
8231,3896.4828078473824
8232,5908.905506431658
8233,4221.778092543353
8234,7236.922681163468
8235,5413.118674375679
8236,4668.4314944957705
8237,6076.760452148224
8238,5560.359499643554
8239,4294.538816125066
8240,6580.728546259729
8241,4288.747846944473
8242,7811.627476081451
8243,8880.391119232421
8244,6700.730870213937
8245,4146.838650677714
8246,4271.563292625503
8247,3456.8120950414395
8248,2758.723474611278
8249,6359.051994033658
8250,4308.807422523625
8251,7476.945299560317
8252,3622.3204131395732
8253,4955.569747752891
8254,5431.383046974267
8255,7368.413414454824
8256,4283.479001258881
8257,4221.301213578176
8258,5001.257547094719
8259,6427.158286541782
8260,4133.436125208126
8261,5814.501479608293
8262,5375.078717207699
8263,7452.965774181668
8264,6434.839061508969
8265,6371.001397300837
8266,5206.73749497301
8267,4299.7478103720905
8268,4418.354143175809
8269,8512.87614449108
8270,7195.167052207925
8271,6741.842529256543
8272,13693.086769898408
8273,4325.212716339218
8274,3923.6513171824954
8275,5491.6492305689635
8276,7485.60297606264
8277,9278.78857411968
8278,5696.9072927218085
8279,6826.200839898435
8280,6460.085180408263
8281,4025.3331788360038
8282,5374.649800557072
8283,4318.843558637416
8284,4066.325930647635
8285,4050.584596834365
8286,3180.3976977744487
8287,3901.463021698735
8288,6548.402284640874
8289,14261.148936424686
8290,5836.5255807632975
8291,5015.683749011137
8292,5654.818737552996
8293,3301.800972373857
8294,5136.2074423409595
8295,3777.203185605245
8296,7558.709564791421
8297,5658.947724036494
8298,5349.559706079261
8299,11565.426063525392
8300,11610.664043936624
8301,4139.6209691359545
8302,5933.150634292755
8303,3504.675167251865
8304,4918.874483352214
8305,5075.466984876232
8306,7460.549906430171
8307,3879.9187383041954
8308,3679.160122558444
8309,4147.045586516228
8310,4487.972448089365
8311,5726.537871072378
8312,5252.091995217753
8313,4311.188433261835
8314,5991.077765905176
8315,6923.009151883513
8316,5443.126130308557
8317,3422.839359960128
8318,3211.213751263831
8319,6401.020651984295
8320,4253.150752013639
8321,8622.163717791254
8322,3614.283171102608
8323,4231.467897933765
8324,5345.05089861327
8325,4815.492670195789
8326,4229.297097175516
8327,4344.969372167805
8328,5069.940217501565
8329,8256.230470906317
8330,7280.9289668822685
8331,5224.603318340044
8332,3827.9398589144544
8333,4932.060670024421
8334,4273.819943869366
8335,4524.498946219675
8336,5107.284607418726
8337,5297.507905427906
8338,9488.458653015725
8339,5658.612445783309
8340,5173.415901465477
8341,6329.547962124878
8342,5431.737796816316
8343,7488.672012438606
8344,4467.958220752667
8345,10302.247440227897
8346,5187.642838899621
8347,4392.7188807035745
8348,4495.227580789582
8349,5106.567453263102
8350,5865.562337888782
8351,17691.19512808026
8352,3423.862726553375
8353,3988.3962364699023
8354,7834.0338891965885
8355,5585.923186842397
8356,5737.7603330292495
8357,6703.185179331925
8358,4713.355040696335
8359,4253.979661681501
8360,3815.7845747692245
8361,8085.919172613212
8362,5231.325859783191
8363,5738.5224672193335
8364,6908.191518899102
8365,4457.6684829198575
8366,6350.321815509653
8367,5414.338185004162
8368,3541.6787263422843
8369,7603.82972832134
8370,7364.154330856849
8371,3694.3334792369646
8372,6297.558292776559
8373,5113.739846279608
8374,4285.000025737834
8375,7679.842073067752
8376,5641.695727391227
8377,6207.732805056064
8378,3909.619652202783
8379,3905.2636623201543
8380,6243.204072799822
8381,3461.1719767430286
8382,6988.426815412794
8383,3528.9673313720587
8384,5306.36522336248
8385,4275.893943555091
8386,5401.713835524704
8387,5361.06669717097
8388,6277.575360008945
8389,5319.057005087083
8390,7293.06140004337
8391,5015.153506727323
8392,6202.497042027959
8393,5580.598763883692
8394,6429.082822742389
8395,8555.279310821958
8396,6528.178176995861
8397,2796.6529226398816
8398,3857.284458361812
8399,6251.004054021958
8400,8537.066075731458
8401,9873.95936484527
8402,5077.844667111889
8403,5401.856290099185
8404,9232.34809061785
8405,6121.0996756495115
8406,3251.920730140029
8407,17185.235292856447
8408,8291.988218811352
8409,5329.7560770590535
8410,6472.316173884087
8411,5608.0634189437
8412,4903.63634260502
8413,5420.361518948357
8414,5556.842249690398
8415,4946.946178529804
8416,4389.150999287058
8417,5852.009812368496
8418,3987.9618768388477
8419,6747.1177761242025
8420,5227.660593291569
8421,5302.282969197591
8422,5380.377254539408
8423,5402.807282311834
8424,5570.423958477524
8425,4499.759172166243
8426,6373.098769247747
8427,5597.530586776677
8428,5214.566809423959
8429,5351.198613933392
8430,6060.3791442030215
8431,8340.96840067791
8432,4274.4895097235285
8433,4471.043982541605
8434,5067.408046023061
8435,6135.049268028595
8436,6578.674414849041
8437,4282.356762346226
8438,4321.68007294171
8439,6057.2108453945
8440,7575.97115833225
8441,4618.247444604595
8442,6096.714132535646
8443,5599.256350607198
8444,5538.102295149682
8445,3785.4937161747557
8446,3104.45537187649
8447,5632.873870274671
8448,5651.5089946648195
8449,5343.912876056022
8450,7331.234446675314
8451,6600.539788850037
8452,4197.053773783235
8453,6941.995015891278
8454,3657.7359390451297
8455,2777.6243084831844
8456,6048.348452256041
8457,4822.030353503523
8458,6136.119941033668
8459,5686.033853142583
8460,3458.41259532364
8461,5232.016186512599
8462,6455.251764249639
8463,4457.256718870997
8464,6639.422066610678
8465,4043.3094345950435
8466,4171.365931184183
8467,4362.869758520279
8468,4132.9141319667815
8469,4805.305296458962
8470,3691.2391333336022
8471,3649.9533113544962
8472,3802.7784096090477
8473,5983.289961828878
8474,5335.73457597498
8475,4207.189568966895
8476,5464.925911872913
8477,5588.130997758325
8478,4602.52982092499
8479,4405.12466841741
8480,6589.180677397766
8481,5705.762628216911
8482,4530.44904680532
8483,3298.3318386649225
8484,9685.599070683402
8485,5169.444570776444
8486,4530.979918397091
8487,6293.494524739255
8488,4770.594115095154
8489,5833.917157176158
8490,5215.197735933765
8491,4188.560747451078
8492,5090.083909583063
8493,10570.245594920601
8494,4070.7494127002615
8495,3650.6044437784426
8496,4245.899445643408
8497,5334.984298503784
8498,4635.022612945062
8499,6810.636951266698
8500,6570.606817958133
8501,5363.01811521077
8502,3631.460683183788
8503,4601.850722076755
8504,8023.999028176236
8505,3840.04712371228
8506,5963.261580624656
8507,3443.4098478676174
8508,6100.923079556065
8509,6713.024027162382
8510,6253.865989624933
8511,7158.575427699222
8512,5388.58795618219
8513,3443.749230602729
8514,5488.5348885630365
8515,6122.126409117584
8516,7466.282464073509
8517,6260.116679188525
8518,6585.156706861374
8519,4929.4069777002405
8520,4008.650034450657
8521,8673.670926256747
8522,3732.486576869522
8523,8880.293709030351
8524,5514.566804463954
8525,3432.768836485626
8526,6147.520046614332
8527,5388.93040793275
8528,6335.005827637231
8529,8424.95288212441
8530,3346.3726680866866
8531,3699.8631748259054
8532,5610.4694138441955
8533,6785.274788106888
8534,4307.496571431837
8535,5098.422891363094
8536,5338.980776322362
8537,4632.971598655266
8538,5729.09852614243
8539,4470.387756900092
8540,8432.274037186715
8541,6967.074924453487
8542,3053.1374914154476
8543,4916.717128024752
8544,5008.8394388418565
8545,10086.684123703099
8546,7441.568400579814
8547,4132.989770798041
8548,8257.158768814043
8549,4219.029031535457
8550,4962.813970165828
8551,4270.6563289757605
8552,4239.48720021645
8553,4605.851250196802
8554,4669.4246700309395
8555,4190.033851842602
8556,4076.792532312909
8557,6608.687166304283
8558,6054.234510638166
8559,19528.496113570243
8560,5635.236494183104
8561,3980.098823875471
8562,6022.590836510582
8563,8467.329678805161
8564,5647.92888245088
8565,6939.076000928164
8566,5803.8319093404025
8567,6310.73327887864
8568,6319.354117942467
8569,3451.08542880567
8570,5063.8126386011845
8571,5555.055700354385
8572,7419.573391632013
8573,5967.752097348839
8574,6380.027879664927
8575,4139.570912293587
8576,4077.7450103349342
8577,4686.537768068204
8578,8369.266003556902
8579,10706.211610512011
8580,7799.185139052943
8581,6877.7003743138575
8582,3655.515948365361
8583,5033.49388599135
8584,4014.5738946282468
8585,7799.194545718171
8586,8677.228283187444
8587,8327.14670234259
8588,4620.310528928496
8589,4824.775656013794
8590,3961.1775680361957
8591,5261.221988633657
8592,8920.052087936572
8593,5884.508720948168
8594,4250.108465367149
8595,3997.187865688864
8596,6722.827113326626
8597,3499.2375809035716
8598,6473.483224728267
8599,3550.6869624125866
8600,6531.3814619269615
8601,5708.010544469303
8602,5628.486187904417
8603,5967.227648947414
8604,6335.223198395788
8605,5079.292433328755
8606,6635.898355727608
8607,5647.315620693848
8608,9406.001937805788
8609,5457.529388142901
8610,6854.378144222649
8611,7567.451195228791
8612,8327.964840685456
8613,5951.3668647587765
8614,7813.166615856368
8615,3571.6893571441287
8616,4563.58288309403
8617,5509.618113015252
8618,5620.885636630635
8619,8557.068568448502
8620,6635.088596125223
8621,4645.86884698798
8622,6321.091628542025
8623,6242.879117760164
8624,7996.151574768368
8625,3574.6522030501656
8626,10409.460024850276
8627,3876.3311884281907
8628,6791.591143790488
8629,7808.144624817174
8630,3873.6389075432003
8631,5095.480998601545
8632,5190.703410964035
8633,6295.496996838012
8634,4867.16211185408
8635,5032.099422896548
8636,6969.158705930034
8637,5202.075675106605
8638,5822.70517244649
8639,4696.7007224389845
8640,7034.720207131834
8641,10907.527000657843
8642,6329.157692328532
8643,4839.383078839941
8644,5395.154529946587
8645,6801.119250721501
8646,5924.779713276658
8647,6743.566701919854
8648,3629.3536213743246
8649,6741.364918667219
8650,5911.099704376795
8651,6289.813275429198
8652,7160.3758514302
8653,4435.365417522018
8654,4632.889089389778
8655,4292.431067125331
8656,6775.8240287911085
8657,7216.134008240507
8658,5064.1628131268835
8659,4246.23237104562
8660,6513.88231475415
8661,5362.274516845553
8662,4902.924495110855
8663,6306.032043698693
8664,6209.094807359307
8665,6906.127625553086
8666,5437.758867389148
8667,4400.843153769085
8668,5444.89708873153
8669,7142.967457285989
8670,7014.370655374295
8671,6806.112744922618
8672,6896.61906523054
8673,5292.724499896576
8674,7311.071474834068
8675,4840.086073821387
8676,5090.110807294014
8677,7857.619892872352
8678,5781.340534291871
8679,8817.739118201243
8680,7148.3737400602495
8681,6033.188086783451
8682,5113.522147065686
8683,6985.16458609196
8684,5786.394762704264
8685,4963.10938131936
8686,3775.402892030486
8687,5451.227901489851
8688,6756.595145069796
8689,4675.77941576316
8690,3583.9170765727567
8691,7427.910622860474
8692,4273.508518136275
8693,5221.839336333602
8694,5284.890528803712
8695,4950.809385425033
8696,6364.080104007104
8697,6269.799318473003
8698,5108.327005342698
8699,4575.741467163855
8700,5222.461080672595
8701,5921.791464242585
8702,3389.8201785646856
8703,5719.666337501894
8704,4408.736278728532
8705,7315.330027216248
8706,3878.126981080194
8707,3734.318183219549
8708,10293.56412022818
8709,3959.7468687838
8710,4531.091234107382
8711,9700.524114579863
8712,5547.461855038751
8713,6953.162330775301
8714,7581.224229835651
8715,4653.081541666668
8716,6125.6871410664
8717,3752.995646746227
8718,6522.200496359681
8719,9989.045790048183
8720,6318.073740733176
8721,2610.3654778317414
8722,4386.198803230009
8723,6769.232048459712
8724,7519.738541167166
8725,4867.349883093213
8726,6387.594523294517
8727,4624.664611353515
8728,4780.021511919738
8729,3373.7525230195915
8730,4726.341264954748
8731,5535.591704383509
8732,6328.722580462662
8733,6264.841419015968
8734,5838.471085082005
8735,7273.326936127434
8736,7380.918430473581
8737,7061.670475930387
8738,3965.929773366634
8739,9158.557218429443
8740,8514.311525049243
8741,4616.575244296068
8742,7154.1457019252675
8743,4537.386563425953
8744,5681.2332414934735
8745,3363.6309729731047
8746,5618.730700466974
8747,3998.972883880353
8748,9115.862851663043
8749,6932.949050602989
8750,6776.590829905388
8751,7246.723024480423
8752,5207.032418393818
8753,7280.239533831365
8754,17023.13247727273
8755,8491.538630678404
8756,5114.664045622164
8757,2602.507246763857
8758,5219.014264045663
8759,7102.738632006067
8760,5344.192574115428
8761,12179.81680407088
8762,17305.362338186325
8763,3945.9634065225277
8764,4611.173610851055
8765,7233.585601312901
8766,4139.067610918665
8767,5605.671247187453
8768,5147.813679571245
8769,6590.584629819891
8770,0.0
8771,3470.3550725040795
8772,5301.881800152978
8773,6716.440153538026
8774,7302.672148329313
8775,5277.972585750034
8776,5491.447269201612
8777,8471.41318721298
8778,4751.295310244695
8779,4451.622830459629
8780,5126.5794395509665
8781,4682.416282539056
8782,5056.919669377334
8783,6309.705542655066
8784,5696.113073429064
8785,5573.575252565415
8786,6321.046813670841
8787,6046.996254757865
8788,7674.4533634290065
8789,7423.848344058535
8790,7301.712468704198
8791,5051.323831935782
8792,3271.4184183630696
8793,5251.639919199479
8794,6597.3754669841355
8795,5092.5063557896765
8796,4140.78899440184
8797,7063.1894743014245
8798,5455.33240801025
8799,8141.248613528688
8800,6404.452816274412
8801,5908.272380086253
8802,4595.423679265995
8803,4675.265032615096
8804,8430.446001410852
8805,5026.211793272363
8806,6696.171784034592
8807,14399.796320827605
8808,6555.067761807917
8809,5272.150094654701
8810,4583.274707119343
8811,4242.537855266345
8812,5832.354210861036
8813,4693.4025726098635
8814,5326.298325698242
8815,9030.575665003827
8816,4804.912617439587
8817,12502.562493857453
8818,7927.914665215884
8819,4778.962129159169
8820,6032.857234692986
8821,5114.095536441073
8822,5866.807144967614
8823,5073.824341924436
8824,9940.015581221296
8825,6207.54899433096
8826,7944.762407886226
8827,4103.390781275913
8828,6833.155238515512
8829,6167.113857806805
8830,7915.524868775016
8831,5501.757371109224
8832,5258.991220128049
8833,5737.783673715188
8834,6398.48095666554
8835,7291.12464410847
8836,8350.829785920181
8837,6327.886603057111
8838,8748.41723397031
8839,6297.122512499464
8840,8675.678066068955
8841,4969.693077388618
8842,4553.078910311565
8843,4752.305230218863
8844,7497.461348501987
8845,5740.609310199004
8846,6540.253044229466
8847,5595.043302014355
8848,7687.3192690055175
8849,6642.934635488577
8850,7593.476064415977
8851,6327.020864116535
8852,3504.267339087303
8853,6099.303205984395
8854,16004.656697114844
8855,5796.487920463572
8856,5734.46291616635
8857,7726.124071788979
8858,8681.858121655783
8859,10213.421087142671
8860,4537.122410581618
8861,6722.477950791962
8862,5155.988969553624
8863,6783.586710363686
8864,3774.0807401598954
8865,4809.633956284986
8866,4321.763739575762
8867,5232.3079937102575
8868,7526.6858327457285
8869,4744.510985221627
8870,3390.1810271775025
8871,6059.1742774129
8872,3608.5092353223836
8873,4250.835877347584
8874,5350.470123724083
8875,4680.694317829571
8876,7576.093085096015
8877,8355.960749735561
8878,6893.288160029511
8879,5816.050068254342
8880,5831.351780094757
8881,9485.443328586498
8882,5969.234690275674
8883,4410.738418484178
8884,4652.429548519247
8885,7423.81402687427
8886,4246.42637961445
8887,6900.369342205663
8888,3165.754063203395
8889,4482.6466721380475
8890,6564.819669298836
8891,5429.586977448039
8892,4838.848188428219
8893,7937.054879924121
8894,8611.35826056022
8895,11451.007294796706
8896,6095.608432525321
8897,4456.067201434014
8898,3060.9167950539304
8899,5274.997757566266
8900,5431.133445228752
8901,3563.525545176567
8902,7288.669525609468
8903,4168.08958075258
8904,5485.519086523771
8905,7723.1409351720395
8906,9907.992713186324
8907,7393.864941160962
8908,4976.399714358949
8909,4187.565800656541
8910,8608.109652892166
8911,7478.305250253515
8912,5207.471696032726
8913,4877.298817849661
8914,5902.156365673752
8915,8079.000470914707
8916,3991.98743543956
8917,6086.814581686887
8918,6509.837686836908
8919,7046.093723408305
8920,11198.302184984022
8921,5335.540938080626
8922,11804.925676507703
8923,6174.646207975223
8924,5333.9578104246
8925,2933.3555006667743
8926,5253.5414064791785
8927,5353.127409168485
8928,4894.771662126414
8929,6399.4835440360985
8930,5113.410220346946
8931,3925.2014295079716
8932,5887.526550161998
8933,3562.4572772158513
8934,4363.124619542906
8935,7051.692690034446
8936,7042.687988972929
8937,7531.181600173849
8938,4369.978377253224
8939,8132.578533536721
8940,4196.7580430626
8941,5076.843121721501
8942,5660.2740612184825
8943,4369.808676776268
8944,9209.98130638806
8945,6675.847617493619
8946,4099.17831013431
8947,6440.134816234276
8948,7166.589287670189
8949,6366.258059141019
8950,5538.194530227126
8951,7163.901936235163
8952,5498.698076801961
8953,6016.176319815803
8954,5393.153583022612
8955,7263.890101089923
8956,5095.352350707299
8957,5469.026569666361
8958,4764.487675085239
8959,4325.586169248213
8960,3965.850860891242
8961,4309.980593680366
8962,8039.352237877852
8963,7896.77514622801
8964,9079.423016995268
8965,8607.257459732522
8966,6625.839129304999
8967,5461.608920644452
8968,5267.836992126328
8969,10809.295650684839
8970,9707.115033339325
8971,5268.641496841622
8972,7846.371686641643
8973,7217.359033165653
8974,4990.708974232017
8975,4270.321998959373
8976,4512.712509786435
8977,6214.16495837203
8978,5738.085493477111
8979,5451.663277052926
8980,1951.4019341214344
8981,9166.465581122771
8982,5766.457695428332
8983,5050.627223847191
8984,4635.691780915164
8985,4505.383048696918
8986,6484.356453382574
8987,5664.959678662023
8988,6264.03331518645
8989,5497.629298472769
8990,4012.218583410678
8991,3517.2885104897455
8992,2844.9170945691026
8993,6019.715121793635
8994,16760.67660454496
8995,4306.817495287079
8996,5261.486100264858
8997,5776.015696764664
8998,4817.2293726557655
8999,4618.044245799626
9000,4470.111179685071
9001,3651.7345129841815
9002,8347.346923662593
9003,5899.124371255242
9004,3330.883148994453
9005,7174.091155852281
9006,3873.712089987131
9007,4643.108427300941
9008,7250.445480366883
9009,6335.690179568189
9010,9520.753175393236
9011,4281.79499496025
9012,5682.257875765574
9013,4283.465937804006
9014,4381.735875495419
9015,13876.353135715588
9016,9856.78604256283
9017,5884.511333336548
9018,4916.667928349428
9019,4769.195930441923
9020,5992.384210219921
9021,3882.997001669573
9022,9025.428913539281
9023,4923.840729924228
9024,4027.0489857091675
9025,6362.794949377422
9026,4042.653422710392
9027,5984.015543256965
9028,6069.465685592187
9029,6381.22946007344
9030,5794.526541140232
9031,3419.7899606129167
9032,3757.3110633459673
9033,5209.3525156812575
9034,8047.283672272169
9035,7477.369821561624
9036,6311.991310416932
9037,3928.6931734381315
9038,7744.001027753738
9039,5276.129536359919
9040,4343.979669561432
9041,5963.705736130918
9042,6652.593456894453
9043,5603.306286602278
9044,5952.738124236951
9045,5960.6460936321455
9046,6078.4225081693485
9047,5329.865631106059
9048,6563.994185712297
9049,5685.981636164058
9050,4775.190603260303
9051,8364.49449805793
9052,5174.30233046683
9053,3802.29650485073
9054,9229.864890635876
9055,4559.429869292471
9056,2902.693147465322
9057,6945.362010785783
9058,7852.227319946824
9059,8172.768626351591
9060,4733.373352263749
9061,5298.985897981898
9062,4219.652281651913
9063,7109.037249555392
9064,5369.030231602865
9065,7076.955711993275
9066,2814.5964509420323
9067,4743.000907655253
9068,5094.944536798951
9069,5073.930638893146
9070,4181.577194108244
9071,6743.946696104363
9072,6772.558612789303
9073,6159.939410958227
9074,6991.853948750168
9075,5187.965138369568
9076,7665.667135877859
9077,4348.059426707192
9078,6085.857416106769
9079,6283.4388918254945
9080,6737.752080051465
9081,7344.060589445297
9082,2939.9037826243693
9083,8593.258780920414
9084,5951.634509917369
9085,6392.273385150964
9086,4899.6193387723815
9087,3931.731889388391
9088,6478.5782814670265
9089,4258.721600594154
9090,7931.383836225638
9091,5694.563136831536
9092,5013.079566559032
9093,6470.251448072729
9094,6194.734915516321
9095,4431.887944724408
9096,7168.611485512932
9097,4308.150117951244
9098,8651.87419887384
9099,9204.600978126447
9100,6906.541773756471
9101,4163.337114583436
9102,4624.095565497293
9103,3613.4342132538945
9104,2786.0301062263943
9105,6849.50973402913
9106,4627.057945565661
9107,7774.755946555658
9108,3636.233197741765
9109,4951.637008460321
9110,5697.72167511002
9111,8186.012519991446
9112,4418.674832543655
9113,4629.368317424471
9114,5237.521725912977
9115,6821.507158536855
9116,4903.420956682207
9117,6200.6814099327985
9118,5800.018498970056
9119,7725.507254495849
9120,6660.781037486584
9121,6618.511053923386
9122,5300.766055996463
9123,4419.638432171586
9124,4687.002600612059
9125,8923.223219743459
9126,7204.159231181729
9127,7348.187708730024
9128,14330.221966167177
9129,4384.358160173161
9130,4423.108395301594
9131,5806.836043777815
9132,7755.478547962086
9133,9312.095101897457
9134,5922.579789385676
9135,6950.00754359749
9136,6818.793860644637
9137,4262.761508086674
9138,5516.187910861336
9139,4538.571931432389
9140,4335.922775614081
9141,4185.62666299795
9142,3436.3101683871687
9143,4143.608949584292
9144,7238.470139198018
9145,14874.734135886172
9146,6361.4353124508525
9147,5425.926584329842
9148,6036.911824823569
9149,3734.886823342155
9150,5441.7916841768365
9151,3793.1064412254414
9152,8592.74290175837
9153,6052.94278771604
9154,5767.291065292309
9155,11953.345234732371
9156,11725.723137884344
9157,4022.167511881608
9158,5929.823984955175
9159,3700.009456325538
9160,5332.235402139598
9161,5493.919840839031
9162,7829.950486368206
9163,3960.192012181579
9164,4007.968813842106
9165,4160.883401035042
9166,4769.8596073395565
9167,5632.294554792082
9168,5611.939283204943
9169,4614.616728031429
9170,6644.116259615798
9171,6958.23022392252
9172,5623.8999260941055
9173,3587.8990625777487
9174,3244.890193139307
9175,6683.3442277094655
9176,4432.120188919386
9177,9187.236905993244
9178,4038.5013649633024
9179,4473.185505296989
9180,5658.59414286995
9181,5201.891965687197
9182,4434.546633952196
9183,4535.066382903603
9184,5282.50883393849
9185,9430.454090917618
9186,7380.40528330846
9187,5438.138722225023
9188,4056.269236738185
9189,6098.26399041971
9190,4433.3971122315525
9191,4728.907886828903
9192,5463.642741151008
9193,5472.8687912430705
9194,10268.670739037107
9195,5973.292900767644
9196,5381.944975112144
9197,6375.721924803481
9198,5700.157589330218
9199,8077.020205445181
9200,4787.936726017359
9201,11049.717600091086
9202,5363.40891038165
9203,4592.9300892433575
9204,4826.74057607915
9205,5267.479533305387
9206,6617.4618889164285
9207,18024.4846678738
9208,3613.8347950276175
9209,4178.9699368034335
9210,7900.464708779784
9211,5753.473091045392
9212,6016.01717903224
9213,6979.740694686025
9214,5226.558380048978
9215,4776.993863806954
9216,3870.080218979474
9217,8150.5806283651655
9218,5381.095621419431
9219,6177.5822135231
9220,7182.484072543469
9221,4742.390120475929
9222,6589.346445395248
9223,5696.407502033637
9224,3570.8230494456516
9225,7794.550285805786
9226,7616.941460081472
9227,3937.8710861948507
9228,6925.596129304267
9229,5458.920759487144
9230,4427.38147017554
9231,8209.341679010617
9232,5892.27428969957
9233,6613.298911659708
9234,4135.143346091035
9235,4044.03619802924
9236,6324.41077431049
9237,3587.6295733547495
9238,7337.964285968671
9239,3809.643269652734
9240,5780.842536666914
9241,4638.166444783905
9242,5917.6991024965255
9243,5496.062783251881
9244,6436.39913385813
9245,5603.012510934995
9246,7785.707606343354
9247,5337.557058871814
9248,6701.577097434971
9249,5923.809599530887
9250,6627.165060385126
9251,8908.907569421599
9252,6668.117133123064
9253,2851.52798196738
9254,4117.251537601287
9255,6770.683777288208
9256,8559.707693391574
9257,11176.700986469858
9258,5354.433850450807
9259,5819.551996837466
9260,9608.9531440296
9261,5848.227217599395
9262,3413.581766462665
9263,17902.080533144668
9264,9045.159155235346
9265,5398.512537682732
9266,6576.530532282138
9267,5903.503131422498
9268,5683.989516968422
9269,5547.282153506795
9270,5649.614879480047
9271,5345.111259635789
9272,4631.16599766572
9273,6167.732223249956
9274,4087.656325542921
9275,6645.246899543265
9276,5978.384170395394
9277,5737.153196656349
9278,5666.576977935855
9279,5748.893953960875
9280,6465.294959399894
9281,4634.800938916477
9282,6502.2440988372755
9283,5875.440074948357
9284,5508.823046518985
9285,6170.021505930816
9286,6222.211211871467
9287,8885.106095914192
9288,4776.227828130203
9289,4784.1299752437535
9290,5217.1770098722245
9291,6524.239437082802
9292,6626.450881359615
9293,4333.783267628095
9294,4447.614968524062
9295,6090.83672462638
9296,7594.60341323421
9297,5050.5856709948475
9298,6621.275766703906
9299,5743.871579675996
9300,5810.647815063636
9301,4086.657983664197
9302,3493.6090852627763
9303,5758.433127424879
9304,5848.801435909865
9305,5453.824263493875
9306,7692.756199519434
9307,6557.625995226995
9308,4898.269125444001
9309,7341.213549231088
9310,3679.265176696368
9311,3285.2242006906467
9312,6118.411985567537
9313,4978.914282335313
9314,6448.117821579592
9315,5749.988401044149
9316,3694.941132716286
9317,5468.814607477945
9318,6820.560559269979
9319,4525.862940244395
9320,7100.095432686596
9321,4208.56131024885
9322,4316.539023002496
9323,4568.4784981056955
9324,4854.221380535614
9325,5573.01532610058
9326,3809.6396159975925
9327,3951.269353047494
9328,3987.53511120754
9329,6138.154477323259
9330,5599.318379806252
9331,4465.250473119199
9332,5658.50551576283
9333,5663.482545710759
9334,4799.102176628927
9335,4707.886953195884
9336,7546.731061410124
9337,6560.473688493781
9338,5069.231545745923
9339,3636.659372381205
9340,9838.779280475246
9341,5497.862772047396
9342,4702.450652891355
9343,6881.89987239344
9344,5092.963041887207
9345,6234.709686813187
9346,5515.611841977738
9347,4204.409591505715
9348,5128.377186151265
9349,10825.880295322326
9350,4139.0737996743965
9351,3961.6978251266287
9352,4412.212983127168
9353,5820.783197137314
9354,4957.01763974751
9355,6960.733802422853
9356,6881.672957843789
9357,5716.355147467725
9358,3745.467577422005
9359,5003.880540323049
9360,8455.376514753498
9361,4022.9863308326444
9362,6249.573628201773
9363,3487.3615725747686
9364,6437.967014884627
9365,6872.620833393732
9366,6669.758351814953
9367,7504.661780941279
9368,5539.848054401783
9369,3630.357289924944
9370,5697.810092934518
9371,6236.624072796487
9372,7626.789116053882
9373,6673.647862672081
9374,6799.370212379456
9375,5005.647794442227
9376,4437.464818653957
9377,9057.952903571098
9378,3861.9305868322845
9379,10063.967764822895
9380,5660.564157508416
9381,3654.3697853734297
9382,6514.449921576575
9383,5886.664798773936
9384,6590.438352348589
9385,8811.335147225322
9386,3949.867524153135
9387,3848.2434582140872
9388,6078.124183063316
9389,6912.5306111310865
9390,4600.047534843424
9391,5170.7589220236105
9392,5855.1687512004255
9393,4755.105773125126
9394,5910.3848137733185
9395,4545.740404473794
9396,8628.293550622626
9397,7293.437977881391
9398,3019.189126169583
9399,5177.87911305606
9400,5198.806737337768
9401,10391.011963967407
9402,8259.6543415604
9403,4159.545974788407
9404,8822.125324038321
9405,4492.344494909074
9406,5034.9373860212145
9407,4767.628319762109
9408,4393.837151812239
9409,4793.054923648822
9410,4791.1459652798185
9411,4372.214229215231
9412,4240.996916421984
9413,7043.6550940293355
9414,6188.757308931401
9415,20448.831054692037
9416,5906.440765273126
9417,0.0
9418,0.0
9419,0.0
9420,0.0
9421,0.0
9422,0.0
9423,0.0
9424,0.0
9425,0.0
9426,0.0
9427,0.0
9428,0.0
9429,0.0
9430,0.0
9431,0.0
9432,0.0
9433,0.0
9434,0.0
9435,0.0
9436,0.0
9437,0.0
9438,0.0
9439,0.0
9440,0.0
9441,0.0
9442,0.0
9443,0.0
9444,0.0
9445,0.0
9446,0.0
9447,0.0
9448,0.0
9449,0.0
9450,0.0
9451,0.0
9452,0.0
9453,0.0
9454,0.0
9455,0.0
9456,0.0
9457,0.0
9458,0.0
9459,0.0
9460,0.0
9461,0.0
9462,0.0
9463,0.0
9464,0.0
9465,0.0
9466,0.0
9467,0.0
9468,0.0
9469,0.0
9470,0.0
9471,0.0
9472,0.0
9473,0.0
9474,0.0
9475,0.0
9476,0.0
9477,0.0
9478,0.0
9479,0.0
9480,0.0
9481,0.0
9482,0.0
9483,0.0
9484,0.0
9485,0.0
9486,0.0
9487,0.0
9488,0.0
9489,0.0
9490,0.0
9491,0.0
9492,0.0
9493,0.0
9494,0.0
9495,0.0
9496,0.0
9497,0.0
9498,0.0
9499,0.0
9500,0.0
9501,0.0
9502,0.0
9503,0.0
9504,0.0
9505,0.0
9506,0.0
9507,0.0
9508,3470.4225315488175
9509,0.0
9510,0.0
9511,0.0
9512,0.0
9513,0.0
9514,0.0
9515,0.0
9516,0.0
9517,0.0
9518,0.0
9519,0.0
9520,0.0
9521,0.0
9522,0.0
9523,0.0
9524,0.0
9525,0.0
9526,0.0
9527,0.0
9528,0.0
9529,0.0
9530,0.0
9531,0.0
9532,0.0
9533,0.0
9534,0.0
9535,0.0
9536,0.0
9537,0.0
9538,0.0
9539,0.0
9540,0.0
9541,0.0
9542,0.0
9543,0.0
9544,0.0
9545,0.0
9546,0.0
9547,0.0
9548,0.0
9549,0.0
9550,0.0
9551,0.0
9552,0.0
9553,0.0
9554,0.0
9555,0.0
9556,0.0
9557,0.0
9558,0.0
9559,0.0
9560,0.0
9561,0.0
9562,0.0
9563,0.0
9564,0.0
9565,0.0
9566,0.0
9567,0.0
9568,0.0
9569,0.0
9570,0.0
9571,0.0
9572,0.0
9573,0.0
9574,0.0
9575,0.0
9576,2790.3150705079233
9577,0.0
9578,0.0
9579,0.0
9580,0.0
9581,0.0
9582,0.0
9583,0.0
9584,0.0
9585,0.0
9586,0.0
9587,0.0
9588,0.0
9589,0.0
9590,0.0
9591,0.0
9592,0.0
9593,0.0
9594,0.0
9595,0.0
9596,0.0
9597,0.0
9598,0.0
9599,0.0
9600,0.0
9601,0.0
9602,0.0
9603,0.0
9604,0.0
9605,0.0
9606,0.0
9607,0.0
9608,0.0
9609,0.0
9610,0.0
9611,0.0
9612,0.0
9613,0.0
9614,0.0
9615,0.0
9616,0.0
9617,16922.06522382029
9618,26700.523870369816
9619,0.0
9620,0.0
9621,0.0
9622,0.0
9623,0.0
9624,0.0
9625,0.0
9626,7493.09559185096
9627,0.0
9628,0.0
9629,0.0
9630,0.0
9631,0.0
9632,0.0
9633,0.0
9634,0.0
9635,0.0
9636,0.0
9637,0.0
9638,0.0
9639,0.0
9640,0.0
9641,0.0
9642,0.0
9643,0.0
9644,0.0
9645,3998.685440077082
9646,0.0
9647,0.0
9648,0.0
9649,0.0
9650,0.0
9651,0.0
9652,0.0
9653,0.0
9654,0.0
9655,2791.364854199721
9656,0.0
9657,0.0
9658,0.0
9659,0.0
9660,0.0
9661,0.0
9662,0.0
9663,0.0
9664,0.0
9665,0.0
9666,0.0
9667,0.0
9668,0.0
9669,0.0
9670,0.0
9671,0.0
9672,0.0
9673,8139.32725204044
9674,0.0
9675,0.0
9676,0.0
9677,0.0
9678,0.0
9679,0.0
9680,0.0
9681,0.0
9682,0.0
9683,0.0
9684,0.0
9685,0.0
9686,0.0
9687,0.0
9688,0.0
9689,0.0
9690,9365.16819739737
9691,0.0
9692,0.0
9693,0.0
9694,0.0
9695,0.0
9696,0.0
9697,0.0
9698,0.0
9699,0.0
9700,0.0
9701,0.0
9702,0.0
9703,0.0
9704,0.0
9705,0.0
9706,0.0
9707,0.0
9708,0.0
9709,0.0
9710,0.0
9711,0.0
9712,0.0
9713,0.0
9714,0.0
9715,0.0
9716,0.0
9717,0.0
9718,0.0
9719,0.0
9720,0.0
9721,0.0
9722,0.0
9723,0.0
9724,0.0
9725,0.0
9726,0.0
9727,0.0
9728,0.0
9729,0.0
9730,0.0
9731,0.0
9732,0.0
9733,0.0
9734,0.0
9735,0.0
9736,0.0
9737,0.0
9738,0.0
9739,0.0
9740,0.0
9741,0.0
9742,0.0
9743,0.0
9744,0.0
9745,0.0
9746,0.0
9747,0.0
9748,0.0
9749,0.0
9750,0.0
9751,0.0
9752,1685.3307913263207
9753,0.0
9754,0.0
9755,0.0
9756,0.0
9757,0.0
9758,0.0
9759,0.0
9760,0.0
9761,0.0
9762,0.0
9763,0.0
9764,0.0
9765,0.0
9766,3952.250355674295
9767,0.0
9768,0.0
9769,0.0
9770,0.0
9771,0.0
9772,0.0
9773,0.0
9774,0.0
9775,0.0
9776,0.0
9777,0.0
9778,0.0
9779,0.0
9780,0.0
9781,0.0
9782,0.0
9783,0.0
9784,0.0
9785,0.0
9786,0.0
9787,0.0
9788,0.0
9789,0.0
9790,0.0
9791,0.0
9792,0.0
9793,0.0
9794,0.0
9795,0.0
9796,0.0
9797,0.0
9798,0.0
9799,0.0
9800,0.0
9801,0.0
9802,0.0
9803,0.0
9804,0.0
9805,0.0
9806,0.0
9807,0.0
9808,0.0
9809,8173.217526078067
9810,0.0
9811,0.0
9812,0.0
9813,0.0
9814,0.0
9815,0.0
9816,0.0
9817,0.0
9818,0.0
9819,2432.612306813285
9820,0.0
9821,0.0
9822,0.0
9823,4278.900895433556
9824,0.0
9825,0.0
9826,0.0
9827,0.0
9828,0.0
9829,0.0
9830,0.0
9831,0.0
9832,0.0
9833,0.0
9834,0.0
9835,0.0
9836,0.0
9837,0.0
9838,0.0
9839,0.0
9840,0.0
9841,0.0
9842,0.0
9843,0.0
9844,0.0
9845,0.0
9846,0.0
9847,0.0
9848,0.0
9849,0.0
9850,19611.77782299645
9851,0.0
9852,0.0
9853,0.0
9854,0.0
9855,0.0
9856,0.0
9857,0.0
9858,0.0
9859,0.0
9860,0.0
9861,0.0
9862,0.0
9863,0.0
9864,5546.012784237004
9865,0.0
9866,0.0
9867,0.0
9868,0.0
9869,0.0
9870,0.0
9871,0.0
9872,0.0
9873,0.0
9874,0.0
9875,0.0
9876,0.0
9877,0.0
9878,0.0
9879,0.0
9880,0.0
9881,0.0
9882,0.0
9883,0.0
9884,0.0
9885,0.0
9886,0.0
9887,0.0
9888,0.0
9889,0.0
9890,0.0
9891,0.0
9892,0.0
9893,0.0
9894,0.0
9895,0.0
9896,0.0
9897,0.0
9898,0.0
9899,0.0
9900,0.0
9901,0.0
9902,0.0
9903,0.0
9904,0.0
9905,0.0
9906,0.0
9907,0.0
9908,0.0
9909,0.0
9910,0.0
9911,0.0
9912,0.0
9913,0.0
9914,0.0
9915,0.0
9916,0.0
9917,0.0
9918,0.0
9919,0.0
9920,0.0
9921,0.0
9922,0.0
9923,0.0
9924,0.0
9925,0.0
9926,0.0
9927,0.0
9928,0.0
9929,0.0
9930,0.0
9931,0.0
9932,0.0
9933,0.0
9934,0.0
9935,0.0
9936,0.0
9937,0.0
9938,0.0
9939,13696.138133640872
9940,0.0
9941,0.0
9942,0.0
9943,0.0
9944,0.0
9945,0.0
9946,0.0
9947,0.0
9948,0.0
9949,0.0
9950,0.0
9951,0.0
9952,0.0
9953,0.0
9954,0.0
9955,0.0
9956,0.0
9957,0.0
9958,0.0
9959,0.0
9960,0.0
9961,0.0
9962,0.0
9963,0.0
9964,0.0
9965,0.0
9966,0.0
9967,0.0
9968,0.0
9969,0.0
9970,0.0
9971,0.0
9972,0.0
9973,0.0
9974,0.0
9975,0.0
9976,0.0
9977,0.0
9978,0.0
9979,0.0
9980,0.0
9981,0.0
9982,0.0
9983,2693.3895708315167
9984,16233.869502442301
9985,0.0
9986,0.0
9987,0.0
9988,0.0
9989,0.0
9990,0.0
9991,0.0
9992,0.0
9993,0.0
9994,0.0
9995,0.0
9996,0.0
9997,0.0
9998,0.0
9999,0.0
10000,0.0
10001,0.0
10002,0.0
10003,0.0
10004,0.0
10005,0.0
10006,0.0
10007,0.0
10008,0.0
10009,0.0
10010,0.0
10011,0.0
10012,12023.43478647187
10013,0.0
10014,0.0
10015,0.0
10016,0.0
10017,0.0
10018,0.0
10019,0.0
10020,0.0
10021,0.0
10022,0.0
10023,0.0
10024,0.0
10025,0.0
10026,0.0
10027,0.0
10028,0.0
10029,0.0
10030,0.0
10031,0.0
10032,0.0
10033,0.0
10034,0.0
10035,0.0
10036,0.0
10037,0.0
10038,0.0
10039,0.0
10040,0.0
10041,0.0
10042,0.0
10043,0.0
10044,0.0
10045,0.0
10046,0.0
10047,0.0
10048,0.0
10049,0.0
10050,0.0
10051,0.0
10052,0.0
10053,0.0
10054,0.0
10055,0.0
10056,0.0
10057,0.0
10058,0.0
10059,0.0
10060,0.0
10061,0.0
10062,0.0
10063,0.0
10064,0.0
10065,0.0
10066,0.0
10067,0.0
10068,0.0
10069,0.0
10070,0.0
10071,0.0
10072,0.0
10073,0.0
10074,0.0
10075,0.0
10076,0.0
10077,0.0
10078,0.0
10079,0.0
10080,0.0
10081,0.0
10082,2408.8793269214443
10083,0.0
10084,0.0
10085,0.0
10086,2373.2863623541493
10087,0.0
10088,0.0
10089,0.0
10090,0.0
10091,0.0
10092,0.0
10093,0.0
10094,0.0
10095,0.0
10096,0.0
10097,0.0
10098,0.0
10099,0.0
10100,0.0
10101,0.0
10102,0.0
10103,0.0
10104,0.0
10105,0.0
10106,0.0
10107,0.0
10108,0.0
10109,0.0
10110,0.0
10111,0.0
10112,0.0
10113,0.0
10114,0.0
10115,0.0
10116,0.0
10117,0.0
10118,0.0
10119,0.0
10120,0.0
10121,0.0
10122,0.0
10123,0.0
10124,0.0
10125,0.0
10126,0.0
10127,0.0
10128,0.0
10129,0.0
10130,0.0
10131,0.0
10132,0.0
10133,0.0
10134,0.0
10135,0.0
10136,0.0
10137,3084.3027897831453
10138,0.0
10139,0.0
10140,0.0
10141,0.0
10142,0.0
10143,0.0
10144,0.0
10145,0.0
10146,0.0
10147,0.0
10148,0.0
10149,0.0
10150,0.0
10151,0.0
10152,11419.909105077502
10153,0.0
10154,0.0
10155,0.0
10156,0.0
10157,0.0
10158,0.0
10159,0.0
10160,0.0
10161,0.0
10162,0.0
10163,0.0
10164,0.0
10165,0.0
10166,0.0
10167,0.0
10168,0.0
10169,0.0
10170,0.0
10171,0.0
10172,0.0
10173,0.0
10174,0.0
10175,0.0
10176,0.0
10177,0.0
10178,0.0
10179,0.0
10180,0.0
10181,0.0
10182,0.0
10183,0.0
10184,0.0
10185,0.0
10186,0.0
10187,0.0
10188,0.0
10189,0.0
10190,0.0
10191,0.0
10192,0.0
10193,0.0
10194,0.0
10195,0.0
10196,0.0
10197,0.0
10198,0.0
10199,0.0
10200,0.0
10201,0.0
10202,0.0
10203,0.0
10204,0.0
10205,0.0
10206,0.0
10207,0.0
10208,0.0
10209,0.0
10210,0.0
10211,0.0
10212,0.0
10213,0.0
10214,0.0
10215,0.0
10216,3602.200272047397
10217,0.0
10218,0.0
10219,0.0
10220,0.0
10221,0.0
10222,0.0
10223,0.0
10224,0.0
10225,0.0
10226,0.0
10227,0.0
10228,0.0
10229,0.0
10230,0.0
10231,0.0
10232,0.0
10233,0.0
10234,0.0
10235,0.0
10236,0.0
10237,0.0
10238,0.0
10239,0.0
10240,0.0
10241,0.0
10242,0.0
10243,0.0
10244,0.0
10245,0.0
10246,0.0
10247,0.0
10248,0.0
10249,0.0
10250,0.0
10251,0.0
10252,0.0
10253,0.0
10254,0.0
10255,0.0
10256,0.0
10257,13554.227942831674
10258,4566.838153550697
10259,0.0
10260,0.0
10261,0.0
10262,0.0
10263,0.0
10264,0.0
10265,0.0
10266,0.0
10267,0.0
10268,0.0
10269,0.0
10270,0.0
10271,0.0
10272,0.0
10273,4733.180270529307
10274,4173.999346364421
10275,6627.668410110995
10276,3630.2804022260416
10277,6092.689715811246
10278,4943.586594441759
10279,5850.453973074986
10280,6083.716625101403
10281,4336.717844168087
10282,3576.5790695884475
10283,5621.222200634632
10284,5564.863224475432
10285,4311.993848452717
10286,5855.932172878592
10287,5950.510349700952
10288,3449.12854182081
10289,4204.608028568655
10290,7245.402766308856
10291,8489.208206087213
10292,6386.181591519594
10293,6919.701768641916
10294,3172.5755789307864
10295,5332.532319690537
10296,2513.001281461572
10297,8239.94905135061
10298,7773.240903442148
10299,8309.963548420492
10300,6090.163254080069
10301,3471.2846764317555
10302,4578.378074028912
10303,5527.15054292325
10304,7563.095187203235
10305,4315.450046037296
10306,5716.927878743633
10307,3796.2662865947145
10308,5745.559304362304
10309,2500.8975922483937
10310,7574.730827155881
10311,4171.190035403451
10312,7723.6204816058125
10313,6188.685045258105
10314,4307.505641885341
10315,6933.481891676581
10316,6440.40005383505
10317,4556.756313159064
10318,3708.1653728149595
10319,7340.066786130537
10320,10529.847499082662
10321,5849.276126924546
10322,5650.940987547586
10323,8369.595463784752
10324,7565.837351473648
10325,5837.900749775025
10326,6511.709018861855
10327,2332.6375531845606
10328,2574.946498261284
10329,4636.607248737056
10330,6109.661513579752
10331,8444.508561967896
10332,7394.799590203186
10333,4213.220986076465
10334,8346.39038124294
10335,5862.233517470275
10336,4849.734723464446
10337,2787.8219489762605
10338,10013.486732924319
10339,3319.558122770534
10340,6533.56714999053
10341,7381.0787976693655
10342,3811.033211180697
10343,5298.651738886929
10344,2997.987463702233
10345,6029.9005978458845
10346,5446.829317200774
10347,5648.585607921062
10348,8293.750613002016
10349,5729.288114265638
10350,5358.734960176263
10351,3414.861124019771
10352,7124.319724302657
10353,12357.6888296611
10354,5586.882038153442
10355,3193.4455641007416
10356,6456.027795838147
10357,5855.4137951110715
10358,6400.89292680079
10359,9682.972641203314
10360,2624.9051740535
10361,7199.993780524317
10362,4851.493016104454
10363,6181.979616069467
10364,7082.43790589984
10365,2688.804959096389
10366,3977.7534571361466
10367,5032.78744537588
10368,7248.188785667671
10369,7420.0096373834485
10370,4421.159962025551
10371,4658.815446601344
10372,7310.651603719619
10373,6098.990202230174
10374,3760.967804085975
10375,5302.692400072151
10376,4689.419866957389
10377,6214.100668070123
10378,5730.289460230946
10379,3071.001416753094
10380,6036.713878837667
10381,6163.635247024126
10382,6462.965606868666
10383,7239.97359036532
10384,7490.715031555734
10385,3859.397279564348
10386,7435.600569379571
10387,3223.4089995303684
10388,3504.5976039736397
10389,7785.141297482158
10390,6893.980009310135
10391,7000.116371741165
10392,9375.309535662052
10393,6771.5390271127235
10394,5125.276250978755
10395,6717.428010571868
10396,7329.000224214103
10397,3371.307997773941
10398,2854.325509650976
10399,5595.252350177602
10400,4738.562812256372
10401,4428.883288944487
10402,3219.23387039676
10403,5559.226633382845
10404,3604.3711662828055
10405,6683.6886984167795
10406,5741.051008004122
10407,2766.1955793466464
10408,6195.335809446272
10409,6838.518322370206
10410,3690.397340193302
10411,5702.355982515034
10412,3896.2537541657684
10413,5756.665937830142
10414,1220.5812882150528
10415,4514.580143582367
10416,4646.2801337108585
10417,6963.012298447185
10418,2709.3300711208385
10419,3420.718215708427
10420,13619.956369767146
10421,4189.981748364252
10422,5108.232045843173
10423,10220.291638979868
10424,5509.955760622548
10425,7526.092614848118
10426,6269.276628231331
10427,5564.661306641111
10428,6290.653433025285
10429,2989.8450276888143
10430,5073.452976596635
10431,7700.552818777626
10432,5210.298071738932
10433,2703.215001473199
10434,3712.567175067232
10435,7239.0199032217815
10436,9237.950473221224
10437,6093.11796511658
10438,5926.791628357754
10439,4612.666710365615
10440,2308.0231574430463
10441,2090.064794302869
10442,3699.8388714251673
10443,5621.237700188163
10444,6912.712090448849
10445,5258.900480921858
10446,4499.430371158468
10447,8028.324327783332
10448,7533.315400487587
10449,7112.4653014536225
10450,5017.913085825763
10451,8142.145718939811
10452,9011.8325944474
10453,3689.974908660569
10454,5192.011434079811
10455,5029.494336774337
10456,6204.277233740588
10457,3954.500211500101
10458,5434.215787087094
10459,4479.075157941896
10460,9029.714745609264
10461,5776.035290956594
10462,7265.499965883446
10463,6974.7189603998095
10464,5241.987690104408
10465,7851.944158356138
10466,16259.60036465049
10467,8428.757801070624
10468,4184.468452116682
10469,3189.10215472028
10470,6470.729468906639
10471,6466.489610066834
10472,4532.142683300704
10473,9488.034225803178
10474,16960.81556385771
10475,5031.632418565911
10476,2316.355545370848
10477,9612.304096246076
10478,3287.633408562841
10479,5075.515693229973
10480,3396.1111859529356
10481,6048.129459812397
10482,4943.0590463900135
10483,1343.5712882150528
10484,4905.337258904787
10485,5617.784137496934
10486,8945.26663941451
10487,5972.396593798017
10488,5887.205987258806
10489,8455.053664678846
10490,5159.751175857155
10491,6417.031178350869
10492,6285.895227903185
10493,5039.513011581616
10494,5861.678510713216
10495,4271.877344240878
10496,3524.650167550609
10497,5675.584594213707
10498,4376.021507490473
10499,4964.7325043814135
10500,8007.43191543179
10501,7666.476060087937
10502,6892.332030991883
10503,4113.448038183232
10504,4057.4488225948903
10505,4314.870395707363
10506,5116.273934159159
10507,6082.128033199169
10508,3605.958945358735
10509,6877.885532158771
10510,5156.127471583156
10511,7745.571312997759
10512,5593.4873156182075
10513,5490.144641145212
10514,3112.538557414807
10515,2865.8722723523056
10516,8404.448361346167
10517,5892.313876643298
10518,5287.898130327277
10519,11648.8976125182
10520,7687.78806128681
10521,3687.427124457243
10522,5700.337848229738
10523,2454.8442234615272
10524,4034.4261056492523
10525,4084.9605676676265
10526,3660.833332972166
10527,8503.115243520857
10528,4773.122920104989
10529,8608.161266497393
10530,7410.217875125186
10531,6707.545252698325
10532,5679.531887936415
10533,4169.107159548267
10534,5285.598470384589
10535,4883.580081242998
10536,10856.318689921194
10537,6166.418773398299
10538,7181.723680500357
10539,3330.66087352272
10540,5580.795816689468
10541,6429.976680439947
10542,8353.670034190955
10543,6675.432072436001
10544,5238.8468783699955
10545,6535.577626741538
10546,5200.880155776971
10547,8239.63774747393
10548,6578.851677095839
10549,6330.02730822367
10550,8806.100722402165
10551,6933.811801416875
10552,8167.487000125733
10553,3703.129445679056
10554,5457.953935263476
10555,4890.60067409176
10556,8133.719293826704
10557,6951.119355415986
10558,7261.229720817925
10559,6829.216251211752
10560,7338.029736039739
10561,8563.057599726597
10562,6397.928133964073
10563,5957.688242112924
10564,3055.254351556637
10565,5639.692130589646
10566,15977.77178815754
10567,7252.9518679237435
10568,6232.236418962791
10569,6809.440268040442
10570,8057.649380442054
10571,7638.516934195502
10572,2828.035993345229
10573,4447.299261419398
10574,5373.220438749109
10575,8429.77180832566
10576,2746.913431090939
10577,4371.104881902668
10578,5288.877187334725
10579,5067.467211823616
10580,4847.998026487044
10581,3167.630025038211
10582,3062.9798395738258
10583,7291.191714635855
10584,4069.439616221197
10585,4554.60493947176
10586,5478.739024476238
10587,4888.955005153212
10588,8618.949335828533
10589,11917.057611269876
10590,4914.7171902598175
10591,7269.147549395238
10592,6050.367344767805
10593,9381.732707815858
10594,4948.435209542395
10595,2913.031048321265
10596,4806.5854454697355
10597,9969.960463779553
10598,4203.831780966181
10599,7448.500505773467
10600,1988.4401118012108
10601,3573.7081439872036
10602,6527.307782270359
10603,6742.064642845621
10604,5283.687258100754
10605,8740.365934305213
10606,8641.534870217261
10607,7762.836381771819
10608,4933.730095135287
10609,3667.1741466776693
10610,1995.8471152736147
10611,3760.686478216228
10612,6684.75143866956
10613,4791.998210237562
10614,10112.741190972425
10615,2465.784419613067
10616,5048.0851603804695
10617,5473.01046730711
10618,7942.580896577278
10619,10475.043934287933
10620,5070.737524228155
10621,2874.2219255985237
10622,8326.29658836252
10623,9128.282679869644
10624,4677.11831230371
10625,5253.453752616753
10626,8911.429327824953
10627,5877.960027805613
10628,5034.048220002223
10629,3786.357281176361
10630,7654.072814629165
10631,4536.549667425829
10632,10588.2568418579
10633,7148.195875782067
10634,14831.889729939176
10635,6734.057742502596
10636,4863.543260177542
10637,2136.6749371147
10638,5331.191993649002
10639,5876.238764186106
10640,5244.606656217277
10641,8474.763881411654
10642,5793.734268406613
10643,3071.1574338559017
10644,6962.227722051644
10645,3609.4819237423253
10646,4336.734327836088
10647,8801.597590873682
10648,7037.751040306769
10649,8167.642008653801
10650,4813.680526176524
10651,6874.675798081003
10652,4109.984140495451
10653,5173.890099503438
10654,6699.243572125732
10655,3376.4197102342096
10656,8841.142743700746
10657,5995.059866377771
10658,3456.256989113785
10659,4984.78233671171
10660,7887.50059348267
10661,5887.468448601543
10662,3954.524213138362
10663,5533.430692129689
10664,5339.999670723922
10665,5504.22562322619
10666,5060.479077616013
10667,9269.340246431673
10668,4309.617680232648
10669,4053.700595887255
10670,5926.9719757250905
10671,5572.746332324538
10672,3281.4598952359793
10673,4956.606605610343
10674,8474.104766727512
10675,7070.642530371133
10676,9324.744646952622
10677,8380.659034371678
10678,7032.03574988713
10679,5468.85976675466
10680,4550.2391800954065
10681,10363.313582461396
10682,7977.183008702215
10683,6566.233981663763
10684,5082.813494990784
10685,5426.546415434885
10686,4505.5607033644455
10687,2311.020543827991
10688,4063.359439449964
10689,6284.509892749662
10690,5618.359829147161
10691,5116.12395955766
10692,1421.9765996131061
10693,7746.4812460476505
10694,5820.1611037044095
10695,4899.105605336616
10696,3739.483669842647
10697,4954.756404602749
10698,5726.272010001012
10699,3927.2681990395217
10700,9714.597992333647
10701,4506.618809789066
10702,4383.483358092353
10703,3435.5453861508863
10704,2567.578761136061
10705,4465.905361665897
10706,13043.57815484898
10707,3768.8630515406358
10708,6036.325025974378
10709,4906.537140931781
10710,3859.947169831803
10711,3127.8310887935268
10712,5916.150624886865
10713,2927.2893810869878
10714,8288.925937938693
10715,6021.86926500737
10716,2568.983043520587
10717,8015.81726089833
10718,2401.4628784372776
10719,3924.461903125993
10720,8497.640416379225
10721,7269.530428359219
10722,8439.090572198098
10723,2363.2301950541164
10724,4413.653282761683
10725,4786.871773047853
10726,3964.799708534929
10727,14655.528733336116
10728,11645.969496673088
10729,5465.599027501085
10730,3298.8836284059507
10731,5952.146328226052
10732,5678.2362631327205
10733,2464.539285117191
10734,7358.72371139021
10735,4832.8686066569735
10736,2917.063533867097
10737,6775.233041531996
10738,4850.325641368908
10739,4787.433967070326
10740,5717.4402761764395
10741,6513.767043114918
10742,6785.145180611139
10743,2600.3534675397696
10744,3604.2625805901607
10745,6185.619442126367
10746,8144.748357915645
10747,5609.11300682429
10748,7112.196440566448
10749,2376.1089027812573
10750,9473.711644104002
10751,5015.363878027266
10752,2887.0437301394186
10753,3887.9636289658056
10754,4994.38288990613
10755,4407.048282590773
10756,6988.621488869785
10757,3886.3189360332844
10758,5631.231915348542
10759,4855.012546732736
10760,7449.049002021626
10761,8054.560688053774
10762,5123.765539747835
10763,7548.476250202157
10764,6142.359522831106
10765,2459.422018422155
10766,10073.735835011204
10767,3074.4343010878015
10768,2861.1755727279256
10769,6070.09697880031
10770,10316.604991445643
10771,8920.119951216784
10772,4237.072152651184
10773,4825.054789487082
10774,3526.9985570308995
10775,6547.963343160105
10776,4206.408786044837
10777,7312.45961520132
10778,2930.6077397624326
10779,4590.8874744523455
10780,3816.13708291545
10781,3494.9938162532094
10782,3791.7286772688067
10783,7431.974190495948
10784,6589.745787680843
10785,5970.921744262334
10786,4809.227471405743
10787,7689.53453541346
10788,7607.640834738296
10789,4776.253850603469
10790,5424.0195020049405
10791,5625.193383880009
10792,6781.963327952904
10793,4930.94407976517
10794,1965.7240212076804
10795,6581.57293684257
10796,6710.2091812463805
10797,6011.02136994398
10798,5397.278680760458
10799,3242.2337458485767
10800,7324.72027611443
10801,2902.274187089686
10802,8351.180223865074
10803,5091.3634432335375
10804,4282.929307728384
10805,7707.45894817124
10806,4411.958461731072
10807,4482.669344374634
10808,8557.096311229854
10809,2550.1333548204175
10810,7087.720910734688
10811,9387.68376093351
10812,6854.167776395172
10813,2948.6290021994773
10814,4900.717356159001
10815,3595.849777250527
10816,2230.473476873617
10817,4890.403947203387
10818,6095.273393492022
10819,5159.62058702918
10820,4729.9203385777255
10821,5068.373663047102
10822,4543.263713022272
10823,8041.700853690426
10824,5199.346434010321
10825,5936.307318474504
10826,5579.0083853712085
10827,5877.155140892951
10828,5634.720189144273
10829,6036.441398746617
10830,6543.158043474073
10831,7137.224711845944
10832,8262.279934000639
10833,5769.083686576563
10834,5213.704855079788
10835,2873.227035448489
10836,5602.3852752617395
10837,8302.61909998557
10838,5903.992170519786
10839,6777.118978697473
10840,13785.162994728484
10841,3286.987397468932
10842,4542.174768775341
10843,3922.122790515039
10844,7825.106701373849
10845,9865.735517599229
10846,7516.013799205852
10847,7144.898931054314
10848,7061.15357367235
10849,3517.3383224506847
10850,6684.643833144095
10851,5139.6384418706575
10852,2190.0419328759467
10853,4789.4541701095595
10854,3220.3809205075954
10855,2823.9783705205004
10856,6583.895683471561
10857,16991.120536017086
10858,5197.349533535252
10859,3458.1461964497776
10860,4498.503458963422
10861,4246.365387786087
10862,5133.827584648418
10863,2116.091205037609
10864,6446.2851210314
10865,6660.002511754658
10866,3633.175687705871
10867,11648.412944291495
10868,12057.06904497154
10869,3298.352097721722
10870,3583.7575250444
10871,3752.9825748206044
10872,4006.89269792459
10873,3782.032542781565
10874,7908.202812653722
10875,3783.860270766815
10876,4497.822858396794
10877,2588.7020112149635
10878,4840.831742433564
10879,4719.237360587514
10880,6253.972302968377
10881,3467.500691539911
10882,7871.2632959790935
10883,6562.51614398553
10884,4820.817378373089
10885,3781.948089000181
10886,3740.9808706007198
10887,4911.06540288117
10888,3365.6615686029054
10889,9137.202562288652
10890,4469.498825003394
10891,3886.5393759230965
10892,6199.940675135124
10893,5036.012699595311
10894,5608.124886700155
10895,4659.871703492324
10896,5472.995383801827
10897,10397.595670271723
10898,6394.290675051254
10899,5671.108288893389
10900,3644.1593987922756
10901,4578.117180815915
10902,3389.225882225618
10903,3725.4498104020154
10904,5121.662170890385
10905,5133.534371101122
10906,10190.892368770632
10907,6823.997590206575
10908,4358.194629979714
10909,5557.742255649604
10910,5953.097428280441
10911,6165.439571292497
10912,5198.229955703595
10913,8400.82442063492
10914,6328.386470561216
10915,4698.278501328737
10916,4098.046698734272
10917,3999.7568162379052
10918,3278.0726603396597
10919,19371.85059619839
10920,2083.513066213285
10921,4854.140067713592
10922,6019.405058817001
10923,6360.814949320417
10924,5539.796069477094
10925,8034.993878589609
10926,5348.33114449716
10927,7144.569115309757
10928,3507.213240939615
10929,7906.442318875571
10930,4025.880720349912
10931,6282.185732268249
10932,9738.71498621313
10933,4028.2762571317567
10934,7628.809787367601
10935,6121.094436443715
10936,3294.6504309465904
10937,6020.054500265492
10938,6422.423419244729
10939,2506.194478299479
10940,8329.318977605133
10941,6528.531216789034
10942,4851.814917250961
10943,6909.030894895312
10944,7618.980329938714
10945,6237.156476257323
10946,4492.429867671878
10947,3752.5917125970877
10948,5358.4383175421635
10949,3419.570336923697
10950,6211.057564897434
10951,2668.8297321575483
10952,5534.30143361611
10953,2781.837270322285
10954,5744.876862288308
10955,5246.1323551322885
10956,4657.785770817341
10957,5291.5437905844165
10958,8818.101966442873
10959,5732.076512700063
10960,6265.106220725351
10961,5310.472282738501
10962,5985.811961159123
10963,9257.177519896837
10964,6793.555038769538
10965,4064.749318505754
10966,2535.4786336738175
10967,5281.761137943128
10968,6060.790761183264
10969,12391.682227703712
10970,5751.395816765563
10971,5374.352206898681
10972,8940.36256163795
10973,6221.256138092299
10974,2017.8396294531494
10975,17139.76056758172
10976,8142.524818494628
10977,6058.386585452566
10978,7189.274585360323
10979,5541.0099672304805
10980,8356.95894586365
10981,4959.676526422923
10982,3956.5181023027967
10983,3313.709113783932
10984,4122.894904561651
10985,7559.669567174656
10986,2585.106387959992
10987,8058.317801605254
10988,6595.543137957962
10989,4584.499481210499
10990,6492.578043059197
10991,4778.722140155908
10992,7199.5753425320945
10993,4210.604058260626
10994,4682.320506794987
10995,4830.973436840938
10996,3907.4942921550696
10997,6117.825226884227
10998,7657.898740867535
10999,8091.327008758781
11000,5740.87300633998
11001,3523.5916256061023
11002,5856.108253670351
11003,6592.347723691067
11004,7091.832671219134
11005,3413.5483152959973
11006,2762.788454990272
11007,8340.571157467533
11008,6388.947068406739
11009,3816.9978087625204
11010,6702.129749542127
11011,6344.456295830981
11012,5778.525164266675
11013,4936.932406744829
11014,1798.848482177523
11015,6411.646769684075
11016,5735.241395106819
11017,5131.287047771866
11018,8404.500341064162
11019,6498.398412498449
11020,3376.821014851979
11021,5608.3673303482965
11022,3266.4363359532636
11023,1380.1737090385102
11024,5892.10660077565
11025,4406.701620462055
11026,5539.319501731179
11027,4500.410921121998
11028,2849.9932320277753
11029,4822.8380924766225
11030,6968.367893247533
11031,5615.525416619328
11032,8303.314635725383
11033,3910.6034316802484
11034,4752.190127303253
11035,3390.036694997984
11036,6314.989848112198
11037,3205.6117460775604
11038,2504.6956242432325
11039,4254.3116682517275
11040,4137.741748135035
11041,6371.528452213522
11042,4573.890316929888
11043,4801.30746001513
11044,5285.9674014776065
11045,7255.481277235556
11046,4586.581241514203
11047,3366.3660661142685
11048,9349.283549776206
11049,6426.299323845118
11050,6351.2886590598955
11051,2143.5536452093666
11052,4777.974882930537
11053,5275.032342663483
11054,4094.939062804842
11055,7911.45538515615
11056,5802.256995877026
11057,6123.72581188093
11058,5829.936282761622
11059,2978.4152214584087
11060,6011.635080183706
11061,10192.05780041596
11062,3368.7733382728384
11063,3673.281300361532
11064,5238.87584374956
11065,5719.271338346293
11066,5612.64151444595
11067,7503.814977969741
11068,6659.4246868172395
11069,5849.290970859206
11070,2749.7524579992587
11071,5673.368612920706
11072,6672.094884985383
11073,3278.3745107152913
11074,6250.190361831171
11075,3023.4175498645245
11076,6916.626866880068
11077,5525.973662602922
11078,5365.875220793673
11079,6403.220655838444
11080,3976.64156585
11081,5070.584310377532
11082,6444.000704004004
11083,4598.131739876053
11084,8071.317927692407
11085,5432.1433267429575
11086,8357.989683771337
11087,5122.542237322404
11088,3913.206073971925
11089,8514.009731590304
11090,2566.1219307209217
11091,9137.93043583459
11092,5986.72215758624
11093,4963.758530842836
11094,6595.585403250344
11095,4628.567943145229
11096,4269.022742021912
11097,6784.942444221413
11098,3129.0534218502085
11099,2801.945578877005
11100,5742.483885525236
11101,6026.6692887774
11102,3453.267231709467
11103,5841.028670010544
11104,5419.552455738706
11105,3538.9953978725957
11106,6037.9286067158655
11107,3140.964427156176
11108,9734.484450221347
11109,6968.7512448989355
11110,1512.2528418767336
11111,5352.192241622755
11112,4878.129871169816
11113,8414.266072493641
11114,7846.359643337056
11115,2936.7927563980147
11116,8554.491693750982
11117,4625.48640042302
11118,6099.0872300673145
11119,5957.370992904156
11120,4465.37781530561
11121,3154.5760634117505
11122,5222.240013951734
11123,3635.3611649309582
11124,2655.12190672765
11125,7134.201481998394
11126,5965.886251792406
11127,21267.921749077683
11128,7326.913420437407
11129,4698.936432313128
11130,8145.419422504784
11131,9910.756079176159
11132,6699.979158163054
11133,8166.038011849259
11134,6005.316261157163
11135,8049.510255550434
11136,8322.877540380156
11137,7386.580367904028
11138,6055.462187152144
11139,7775.503559073759
11140,8324.888277698885
11141,7746.965943752731
11142,7773.030348819474
11143,6829.2925467073765
11144,5160.305193985589
11145,6214.057780614124
11146,10878.035202909836
11147,11125.598605057527
11148,10478.67002704132
11149,8365.392649496338
11150,4227.440607390159
11151,6566.810071986173
11152,5263.747810416135
11153,9111.250223503861
11154,12188.076093970576
11155,10170.084297706378
11156,6529.955216873768
11157,6926.976223860288
11158,4612.057460987544
11159,5996.3175135199735
11160,10845.736138636694
11161,7530.32214942959
11162,6121.311672166066
11163,5628.038399945933
11164,8191.564669044191
11165,4053.9026279976288
11166,8288.631670314318
11167,4974.328354195019
11168,7854.586910658394
11169,7564.204306000902
11170,6230.5411037319245
11171,8891.813047637783
11172,7748.370783480404
11173,6167.233293303495
11174,7124.369065166583
11175,8463.921391902211
11176,12806.18079372996
11177,6718.3066491210975
11178,8768.809535674034
11179,8122.484185756238
11180,10395.682706876461
11181,7116.027866143942
11182,10754.30066969468
11183,4865.544959812517
11184,5107.5777483349975
11185,6364.436279750952
11186,6751.428110392647
11187,9933.41582411446
11188,8732.743916591919
11189,5776.26362626405
11190,8127.245983010558
11191,7411.4803930369135
11192,10861.857807590282
11193,4404.921432204335
11194,13553.288194671964
11195,5092.983716799592
11196,6509.660917159345
11197,9070.911130351786
11198,5037.4095062177585
11199,7183.534606965611
11200,7207.030300748227
11201,7888.471184636135
11202,6614.386513696273
11203,5934.5230555849375
11204,8581.317135068239
11205,8918.557245754202
11206,8331.17501263311
11207,5636.2865213707855
11208,7720.715884427997
11209,12676.745221243624
11210,7615.602242138454
11211,4856.196292636241
11212,7916.788894803894
11213,6431.981791066238
11214,6285.362167622882
11215,8780.784873827377
11216,4762.17864374604
11217,8629.957180505506
11218,6512.176589416847
11219,7334.157030360365
11220,7211.1980312967635
11221,5571.194985726993
11222,6516.550332254506
11223,5814.546712045798
11224,9047.967760537598
11225,9025.261359801427
11226,5245.296950357937
11227,4971.910208826778
11228,7885.859263511781
11229,6656.206464979311
11230,6296.282489403625
11231,8584.06282938885
11232,7249.583089558386
11233,7710.77783523177
11234,6135.528176426003
11235,4998.26037698936
11236,7425.587304247943
11237,8533.70726437872
11238,8630.925796322956
11239,8407.614002539125
11240,8618.64254995854
11241,6059.765153885932
11242,9512.356614999604
11243,6305.591965596113
11244,7682.113521849883
11245,9296.764204115834
11246,7454.482632246804
11247,10902.278167545483
11248,9123.527533224446
11249,8479.547133156639
11250,6546.970059220574
11251,8081.560281681118
11252,8719.437790372469
11253,6670.811978573326
11254,4376.451531741426
11255,6526.701789715228
11256,8392.479331643872
11257,6323.384765402718
11258,4907.784393334702
11259,9263.627863032461
11260,7100.414283064681
11261,6150.044542300996
11262,6801.969585756287
11263,5849.443861886454
11264,7779.074304667555
11265,7979.6434036622395
11266,7244.8173092850775
11267,6033.329803149731
11268,5766.765022592138
11269,7424.530993645142
11270,4318.260319818253
11271,7295.000942237501
11272,6112.123455378509
11273,9699.56903737459
11274,8170.095932924099
11275,6668.311483955468
11276,13485.113346430811
11277,5208.562210757381
11278,5734.208426667801
11279,11971.654532327966
11280,8014.710535839361
11281,8753.200163420586
11282,8566.444557801948
11283,6290.208300393233
11284,6711.3564841803345
11285,5867.856277983594
11286,8236.54494631212
11287,11496.70960846243
11288,6951.7316999057
11289,3716.9799703695003
11290,5173.618160798999
11291,9059.003685403217
11292,9982.305978637665
11293,7524.203295810398
11294,7550.405256883689
11295,5287.294483641294
11296,5650.777524148579
11297,3416.2276516682214
11298,5186.353982631585
11299,6905.7685516123065
11300,8369.153219614946
11301,6930.159329990273
11302,7113.068310259397
11303,8930.662848950054
11304,10367.55906646003
11305,8057.206278662734
11306,6043.525720367052
11307,9696.865755113551
11308,12343.41485672997
11309,6464.45697651777
11310,8179.711004380919
11311,5604.786041722166
11312,7303.9335801534635
11313,4767.869519761472
11314,7324.778321790851
11315,5915.989784532244
11316,9492.339682524389
11317,7977.5996208150045
11318,9584.808861995849
11319,8193.944939527277
11320,6187.4563513793955
11321,9191.19093979699
11322,18686.397244790292
11323,11543.438154162575
11324,6342.849046531081
11325,3511.220364246863
11326,7027.786433011431
11327,9002.682255494505
11328,6230.73265620001
11329,13306.458856008754
11330,21597.214015942383
11331,4450.4395894832305
11332,5786.560557292339
11333,8812.822620906914
11334,5664.257799597628
11335,8700.948776350842
11336,7509.92070189288
11337,7953.185692688138
11338,5927.545700846569
11339,7162.368942657832
11340,7477.736122408632
11341,7785.216127029176
11342,11069.230235467841
11343,7290.886558189098
11344,6954.861531765437
11345,7790.4527332405805
11346,5885.340546162613
11347,5619.127595155711
11348,8618.82719839355
11349,6110.040973036819
11350,6325.467218631121
11351,8449.034409601165
11352,6535.248162630138
11353,8029.964346171992
11354,7974.279446043996
11355,7749.82111393953
11356,9583.713399442517
11357,7111.927504062685
11358,8291.270829740608
11359,6486.533914157497
11360,5302.633384804223
11361,7180.51775262968
11362,7867.9509206347375
11363,6619.485088907922
11364,5162.1928728209
11365,9240.542292551625
11366,7696.511579065322
11367,10747.210524305328
11368,7135.536511446889
11369,6344.870385941005
11370,5780.432029908813
11371,4934.898611868561
11372,11206.805395580544
11373,6235.440080743025
11374,8617.307971799566
11375,15771.205315725645
11376,8480.786529160534
11377,6420.882983942444
11378,6619.350288114075
11379,5027.838022462982
11380,8612.681172210958
11381,4544.784049058737
11382,5827.873139906664
11383,9922.60051750132
11384,5967.654443100232
11385,16074.438599142695
11386,11816.69787412709
11387,5825.7035169493465
11388,7592.758174704048
11389,8129.906661986443
11390,7562.228323637714
11391,6081.149212685502
11392,12676.19328679082
11393,8532.769549936174
11394,9955.065054204697
11395,5934.823777523404
11396,7760.659830072134
11397,6381.851860722611
11398,9242.63370903198
11399,7932.337214123588
11400,6865.000224579617
11401,7894.449253409196
11402,7100.433548036069
11403,9613.697025900996
11404,9731.75612323346
11405,7002.175416024291
11406,10970.11423765425
11407,7167.62096497604
11408,10204.734638084139
11409,5997.17588850447
11410,6066.554215026705
11411,6223.811295968625
11412,11159.069834259697
11413,7242.0472670955605
11414,8911.417567922705
11415,7499.002624611014
11416,9836.825526584524
11417,6163.803018162396
11418,8811.540197625089
11419,7010.248130193838
11420,4539.568723465196
11421,15318.862069174123
11422,18016.033174533277
11423,8097.362514414406
11424,7703.316451292313
11425,10383.802753943304
11426,11226.7747857793
11427,11456.597415825496
11428,6467.513346285494
11429,8221.486741477134
11430,6593.648060208655
11431,9439.63818635176
11432,4594.029325378867
11433,6641.021683493796
11434,6441.779839194567
11435,6066.714519395305
11436,7928.9417427044855
11437,6938.307781532267
11438,5114.719506275804
11439,11595.815420520661
11440,4719.903811686135
11441,5664.57624953342
11442,7438.714065141751
11443,7814.942429615703
11444,10031.316136933856
11445,9751.157319696424
11446,7734.895876898344
11447,7550.530401721009
11448,7194.375676169595
11449,11404.56842348477
11450,7745.935827498954
11451,6657.232191764526
11452,6229.579162537152
11453,10047.244937021309
11454,5202.284710099543
11455,7466.048164199925
11456,3592.294462214214
11457,5323.255686964057
11458,7822.503641510449
11459,6927.092910798612
11460,6765.207359789637
11461,9308.82612827539
11462,10056.567692990864
11463,12633.963714794838
11464,7208.5495171223965
11465,11172.849400019255
11466,3461.2078699299077
11467,6527.535686158804
11468,7435.764266349056
11469,5164.076664757969
11470,8793.227527677205
11471,5717.443045083975
11472,5795.266806139938
11473,9298.25636941908
11474,10809.764936244312
11475,9002.891211490307
11476,6141.365285393315
11477,5631.303028195403
11478,8829.723188949196
11479,8702.717240617705
11480,6471.49052212223
11481,6354.018493214773
11482,8019.895026827641
11483,9737.751969645744
11484,5560.647232519073
11485,6517.5797525548915
11486,8545.778324054736
11487,9492.42413578066
11488,12979.246116784874
11489,6129.9595197460985
11490,14087.614815484356
11491,7816.497982067697
11492,6036.778259990899
11493,3845.5578582237176
11494,6551.920048964516
11495,7240.989007385324
11496,6254.348162923403
11497,8672.468987663633
11498,5819.894909090824
11499,5072.012543216012
11500,8116.71871172877
11501,4535.605245542645
11502,8047.431103248755
11503,7732.391360561555
11504,8483.270162923749
11505,9630.782191808403
11506,6270.763724717587
11507,10465.975937008128
11508,6532.444741593112
11509,6961.342258498812
11510,7352.319421829634
11511,5655.651954048104
11512,11336.72780660984
11513,6963.205319732771
11514,5205.778178189207
11515,8213.328265499795
11516,8926.723787101788
11517,7940.481340865243
11518,6816.8090571247985
11519,9308.059074387858
11520,5880.525191590028
11521,7124.677116259688
11522,6750.882101981972
11523,10687.96306412207
11524,6363.35431978479
11525,6635.480019605827
11526,6834.277565292142
11527,6256.303959907304
11528,5441.580437809165
11529,6088.083934127149
11530,9472.587291081463
11531,9050.690548166074
11532,11255.558016470892
11533,12007.060263385312
11534,8912.823631252513
11535,5275.904857790593
11536,5498.468989368612
11537,11992.9722258278
11538,11326.037808673873
11539,8075.1716459268555
11540,9130.080414156191
11541,9635.553267044363
11542,6331.233091088205
11543,4537.965540265292
11544,10879.697054454178
11545,8204.526856945595
11546,7010.499941442398
11547,6619.931498864058
11548,3129.3887424748455
11549,12277.224563976051
11550,6913.671921027829
11551,5593.2341727162375
11552,5709.284548132247
11553,5904.021233894376
11554,7072.580396598188
11555,8220.977837971346
11556,7301.31183658595
11557,5618.028082427464
11558,5548.131921472044
11559,4382.573396062342
11560,3708.2311560439684
11561,7677.511932257121
11562,18822.706269063794
11563,5202.675905771149
11564,5351.055760087253
11565,7691.878352493909
11566,6176.360394897957
11567,5954.524108786599
11568,6230.944326801048
11569,4462.1961759937685
11570,8586.44283541656
11571,7350.237460311747
11572,4769.817016550662
11573,10101.290646212336
11574,5971.394706273419
11575,5526.6737595960985
11576,9769.811219289484
11577,8920.800277777871
11578,9713.829901208659
11579,6124.950854189531
11580,7320.324015303343
11581,5218.36541042561
11582,5571.978594685241
11583,15117.189230356316
11584,11113.903005119879
11585,7095.501623258704
11586,6249.603147699522
11587,5791.227085792472
11588,6825.864692896434
11589,4758.627136036806
11590,9479.09866112337
11591,5442.8668453830305
11592,5841.9113844665035
11593,8728.741519480518
11594,5746.936747037835
11595,7322.958493617263
11596,7806.45303043852
11597,8600.757574510957
11598,8047.643213846891
11599,5031.603444721661
11600,6149.631260092201
11601,7644.663023373683
11602,9923.547835997337
11603,8896.852559947261
11604,7679.5779316852895
11605,5217.5469967972385
11606,8830.988251614443
11607,6614.124546994026
11608,5178.499511458953
11609,7812.911617231589
11610,7750.87848864501
11611,6666.4037935595925
11612,6942.302090579371
11613,6976.617714223003
11614,6679.839279920165
11615,6917.430771688697
11616,6991.84150471752
11617,8332.794019322906
11618,7429.586501396889
11619,10072.622468944453
11620,7154.152338723723
11621,5045.099620464569
11622,12697.68277606018
11623,5779.000805400191
11624,3968.579901305909
11625,9026.03238545346
11626,9859.530027294999
11627,11310.504160632992
11628,5512.348479065052
11629,6629.9512319975975
11630,6745.774356793347
11631,7920.4189427026895
11632,6610.034131931649
11633,8769.306313075647
11634,3767.136701240752
11635,7116.2560956820935
11636,6755.809939459945
11637,5638.263839489759
11638,6154.430416956304
11639,7396.610759405111
11640,9528.462625855673
11641,6885.436365153623
11642,8640.391361084265
11643,8128.580039475998
11644,9265.541340454567
11645,6197.6996340758915
11646,7326.714507593599
11647,7761.281993304941
11648,9112.910722761117
11649,10176.534667398953
11650,3965.251558224505
11651,9598.374673164943
11652,7669.490200502737
11653,8084.2311966518255
11654,7156.769717456543
11655,5627.594482660262
11656,8947.863360787715
11657,6480.814455660489
11658,9305.152467926924
11659,7375.664904542263
11660,6083.864374461509
11661,9064.695645206659
11662,6898.42102595161
11663,7340.777158839103
11664,8907.619420181949
11665,6611.96573324346
11666,9783.829336515608
11667,12007.122200698019
11668,8511.521183380306
11669,5624.184927944143
11670,6286.08254245225
11671,4508.516721112221
11672,3595.6547275058065
11673,9138.227251626604
11674,6651.6590255554565
11675,9371.61304166224
11676,5034.787548968652
11677,6408.882285724896
11678,6801.5405440735885
11679,9921.067683994925
11680,8178.4904727176445
11681,6058.088434923938
11682,6291.021949036104
11683,7935.774791045533
11684,5907.93856806837
11685,8181.812687759261
11686,8348.659139990677
11687,9487.630524365894
11688,8538.935305306895
11689,7487.623624510154
11690,6528.876990306566
11691,5327.3413132657715
11692,5967.342516829024
11693,11576.136112218175
11694,9730.52887903617
11695,7249.6175328366735
11696,16490.919524624074
11697,6835.929194612234
11698,5524.461507817815
11699,7117.225269472153
11700,9171.7968613974
11701,11355.591648877265
11702,7581.922534257435
11703,8145.694376053983
11704,8470.775568775116
11705,7733.834275682579
11706,7589.261910025243
11707,6474.363924700648
11708,5224.205159233892
11709,5692.099161840658
11710,4319.4314348896705
11711,5485.331302907702
11712,8841.836038605963
11713,17387.682787018537
11714,7155.500517165037
11715,5220.206822236651
11716,8578.981304987044
11717,6623.784699037031
11718,6900.644548609299
11719,4968.716432612152
11720,9479.27687647238
11721,6965.970506948832
11722,7135.492976195399
11723,14575.416687936031
11724,13573.587467202007
11725,5766.444273511579
11726,7482.4600911461375
11727,4291.3301132788765
11728,5873.569473632828
11729,5685.435030559782
11730,9492.951475460512
11731,5001.343251583754
11732,8882.074351293015
11733,6338.486498264809
11734,6062.531886439541
11735,7796.488579365284
11736,7937.356653329044
11737,3766.961200890952
11738,8157.0874196519435
11739,8980.39442405579
11740,8117.538568353214
11741,5647.829813197615
11742,4979.024727383142
11743,8382.309011672109
11744,5312.838239654523
11745,10061.709207446098
11746,5254.982068635971
11747,5519.743856691512
11748,7780.67248500669
11749,6612.820025342933
11750,5611.38122341434
11751,6646.802939685314
11752,7557.000943085595
11753,10567.006623918314
11754,11166.278193152568
11755,6421.410055658818
11756,4096.419414029599
11757,6019.15064519386
11758,6752.3850353274165
11759,5442.177621778076
11760,7195.441498718055
11761,6601.450029458501
11762,12189.739091031772
11763,8418.70139190844
11764,6862.762838076675
11765,7767.439050236749
11766,5158.072464903133
11767,9653.573157087782
11768,6117.681379996461
11769,13508.312903876891
11770,7256.123486060556
11771,5874.285208544123
11772,6351.7609587588395
11773,5001.3682700067375
11774,7223.764599472424
11775,16965.944949628807
11776,4842.438495999814
11777,5687.537324232303
11778,10531.988189690212
11779,7111.750381257629
11780,7984.014140495166
11781,8464.711513718908
11782,6245.611360670546
11783,6114.458756062066
11784,4870.008383382593
11785,9751.283444572338
11786,6586.340823041646
11787,8144.110624902876
11788,8638.012208078868
11789,5839.303482752346
11790,8177.69544860349
11791,7202.554084097943
11792,5874.99315724528
11793,9817.701451340401
11794,9969.549475281401
11795,4817.071280462932
11796,8269.792033511449
11797,7929.21673962031
11798,5331.415554425132
11799,10150.255485951142
11800,7197.974800021894
11801,8577.486586645888
11802,5226.529784576861
11803,5835.40656655974
11804,6436.3825067708385
11805,4598.246762463028
11806,8276.284961955187
11807,4852.799486644892
11808,6580.277890858121
11809,5113.992258666122
11810,6740.293581526035
11811,6535.040220197328
11812,7504.148304502447
11813,7385.985943161413
11814,8534.634969752282
11815,6996.246426199476
11816,7728.359604549437
11817,6663.201218119692
11818,11330.898991862461
11819,9346.791619181678
11820,7389.498386823573
11821,5499.7863730158715
11822,6742.837961410236
11823,7678.942803010873
11824,4873.888465875626
11825,12527.504254350246
11826,6471.5638604561855
11827,7049.2092787026495
11828,9418.335922990536
11829,6994.052612146454
11830,4646.175856988745
11831,10557.924503579754
11832,10484.00328565435
11833,6036.885948923946
11834,9525.340907360343
11835,10409.279216122544
11836,7416.232174966355
11837,10081.439140311206
11838,7738.007242834083
11839,6570.471750811486
11840,6936.482685567544
11841,8350.721045615386
11842,5296.957566693766
11843,7608.303755863267
11844,8289.645550021687
11845,7062.64245983871
11846,8580.364251431578
11847,6533.411472011814
11848,7089.702406158792
11849,4703.373562799215
11850,8107.203486998728
11851,7821.940300512995
11852,6850.153651584909
11853,6773.237122992546
11854,8580.607686698106
11855,9776.021799946398
11856,6832.470182876518
11857,5145.963231294921
11858,7004.919434174314
11859,7503.79139335116
11860,7922.767063714679
11861,5369.231570939724
11862,4977.226904844371
11863,7613.156836880991
11864,8373.868289341981
11865,6177.65986685666
11866,7798.068109519526
11867,7315.37511529109
11868,7296.957941722019
11869,5639.9818676220575
11870,3304.4975330293382
11871,7628.113308199246
11872,7309.503235892755
11873,7577.483658765856
11874,9634.201004837483
11875,8662.7924486106
11876,5143.899192764312
11877,8763.696013469144
11878,6962.548449245199
11879,3581.3406653199777
11880,7716.430687363546
11881,12511.35051479622
11882,8486.57895006929
11883,8044.853603308528
11884,4877.553361579985
11885,7256.927968851383
11886,9196.281712633776
11887,7349.353556714528
11888,8912.636457889334
11889,5835.733016334355
11890,4946.971716399616
11891,5746.682345471658
11892,6088.790653831738
11893,6415.873517718788
11894,5535.904312848992
11895,5603.605017336336
11896,4956.206594052137
11897,7435.999487426327
11898,8029.757123374861
11899,6629.699364567056
11900,6299.175610779112
11901,7867.709700182638
11902,6502.678196904232
11903,5470.221780112045
11904,9739.880431735746
11905,7738.98203527144
11906,5975.623299383836
11907,4356.371127732842
11908,12397.741511903518
11909,7256.597899351464
11910,6574.365388837
11911,9548.452973152578
11912,6883.596697036124
11913,7864.727161710025
11914,6808.3910694115275
11915,5999.864443562888
11916,10147.807539191801
11917,13706.39227589812
11918,5718.945272577198
11919,5151.3673785641695
11920,5998.540849971324
11921,7092.656352962397
11922,6461.428942879019
11923,8875.702701068543
11924,9359.906960480695
11925,6724.793469575474
11926,4611.228918465678
11927,6124.831096533369
11928,9034.445576579123
11929,5896.043226025392
11930,8335.636246184291
11931,4457.422868369677
11932,8083.292513955817
11933,8432.46297054231
11934,8032.9278495689505
11935,9901.826581796742
11936,7116.800870275192
11937,5260.644106009317
11938,6997.839343437215
11939,8563.058393172189
11940,9329.878660320192
11941,8093.705226633658
11942,8444.79824381587
11943,6937.3977304852
11944,5097.13618639266
11945,10523.132064123782
11946,5022.4154242767
11947,11479.944079362343
11948,7079.854297873701
11949,5265.220861462069
11950,7403.614531658702
11951,6691.400421856455
11952,8095.405539570713
11953,9669.456571556799
11954,4304.664686282671
11955,5254.28068817102
11956,7650.989172944168
11957,9368.53189740643
11958,11390.376856781719
11959,6617.208636103745
11960,6355.526915793998
11961,7005.417318439622
11962,6994.848171243786
11963,5915.448834340748
11964,11447.10431904061
11965,9138.638428748329
11966,12957.47981500921
11967,4680.476917082102
11968,6676.875100109694
11969,11565.760466186588
11970,8336.625644216425
11971,5910.277006175651
11972,11418.18381653282
11973,7423.069917093244
11974,6702.921732553309
11975,6182.782527930403
11976,5856.76781508769
11977,5603.292951133018
11978,6246.884602176808
11979,5296.417858100421
11980,5323.484273862648
11981,9494.789415188567
11982,7086.919482235524
11983,24423.889610624672
11984,7360.619539991942
11985,4832.014812079303
11986,8108.44062187486
11987,10325.24698118206
11988,7536.984136882264
11989,8061.947148226773
11990,6036.484823811383
11991,8228.650051191722
11992,8535.915390807504
11993,6418.104093188545
11994,6029.076115730068
11995,7407.65693448032
11996,8496.007218209188
11997,7667.597516852585
11998,8711.949406244965
11999,5945.758491017969
12000,5133.386333876355
12001,6218.90892821506
12002,9992.676282266753
12003,12168.970871109284
12004,10620.860412261532
12005,8312.38061114131
12006,4905.131294444117
12007,6655.726489544613
12008,5202.125000531575
12009,8947.763851694477
12010,12051.157400150507
12011,10074.356437091117
12012,6360.519995858286
12013,7043.737247921193
12014,4767.6534513256365
12015,5950.603557711893
12016,10893.47152168012
12017,7352.000552016906
12018,5995.372441180876
12019,5413.096978629212
12020,8328.448120392814
12021,3806.1866822662746
12022,7880.299011246659
12023,4918.31781677095
12024,7225.158699063672
12025,7433.818891143373
12026,6433.2710388877595
12027,8334.74153959309
12028,7402.260114399487
12029,6075.053330911734
12030,7255.094300816742
12031,8456.053989636177
12032,12394.742154432852
12033,6291.945975908279
12034,8766.809442815353
12035,8444.335216756283
12036,10353.518962370965
12037,7115.162181319309
12038,10715.10887249678
12039,4870.9982410080875
12040,5202.00249885463
12041,6653.539419679438
12042,6746.708133507258
12043,9747.129904097259
12044,8269.496712733888
12045,5805.947993821032
12046,8062.069803079242
12047,7150.539596505164
12048,10913.984861549397
12049,4169.036458413952
12050,13625.054850056847
12051,5146.681120644089
12052,6403.103316861979
12053,9209.28842445311
12054,5061.014586742345
12055,7072.795767974538
12056,6710.695684977304
12057,8037.245109933932
12058,6467.505076785962
12059,5874.347047857072
12060,8201.284260732806
12061,8923.03158772525
12062,8428.132403964002
12063,5463.166201898593
12064,7799.185516581132
12065,12617.697158667312
12066,7672.258352138717
12067,5157.996787156802
12068,7281.031314970571
12069,6402.680450849302
12070,6135.49331271532
12071,8391.483792004432
12072,4731.59426969502
12073,8722.269904804614
12074,6729.185088516224
12075,7304.870808046898
12076,7996.005654700374
12077,4898.591199667756
12078,6283.801008266244
12079,5381.257126208758
12080,8946.489363406887
12081,8969.802030783829
12082,5195.699320635185
12083,5048.552338613658
12084,7876.2312231857395
12085,6294.145033230448
12086,6250.406175900063
12087,8745.88433127204
12088,7114.11303694241
12089,7803.557752796047
12090,6015.418921556458
12091,5021.840989128538
12092,7379.588284480703
12093,8528.705880167741
12094,8909.459508674889
12095,7494.75054844012
12096,8595.917234062623
12097,6053.6076352569
12098,9428.590796032502
12099,6357.618903285162
12100,7728.087814959551
12101,9324.456079543279
12102,6792.416340710418
12103,11088.630658972683
12104,8765.187398535438
12105,8162.488115525907
12106,6570.4300641080235
12107,8204.712557611661
12108,8372.744675419875
12109,6351.593696234322
12110,3988.491337361028
12111,6455.793414453495
12112,8489.733119303517
12113,6141.676623891948
12114,4854.2092777234075
12115,9336.546787530839
12116,7059.3591518897765
12117,6029.653873585544
12118,7034.49966560569
12119,5888.808477418447
12120,8167.2339780244265
12121,8046.815812153075
12122,7185.582271913696
12123,6057.608148149672
12124,6402.795291385793
12125,7469.245646856144
12126,4145.684071331446
12127,6959.995633644086
12128,5966.408763131239
12129,9528.093713700804
12130,7982.667284456553
12131,6511.140528388745
12132,12935.103864188039
12133,5710.87482190643
12134,5534.258131479694
12135,11859.910905884148
12136,7624.909628782621
12137,8527.107869821482
12138,8564.790394625483
12139,6190.788946011506
12140,6732.73944030199
12141,5629.027086682207
12142,8467.18259399777
12143,12573.03708879665
12144,6951.750239870809
12145,3584.050943932101
12146,5582.791337956573
12147,8846.769805535725
12148,9082.344721613541
12149,7123.507904817404
12150,7544.623847170852
12151,6028.899503801945
12152,5789.22200128582
12153,3406.550417317425
12154,5257.132090325707
12155,6993.154519052227
12156,8038.030936153369
12157,6998.796224859293
12158,7029.4196945954955
12159,8650.807263052096
12160,10354.352999060924
12161,8384.20021576385
12162,5801.624551934177
12163,9709.555935896731
12164,11384.614313286815
12165,6403.217126235219
12166,8248.381922050668
12167,5625.863868213486
12168,7240.290128015131
12169,4645.605296348351
12170,7636.795742197293
12171,5627.331513534811
12172,9387.829917721985
12173,7876.288707333959
12174,9646.231165886398
12175,8724.978321103219
12176,6334.787006059637
12177,9140.504519204029
12178,19909.758733426657
12179,11588.245008788597
12180,6529.98286120089
12181,3252.8376083589606
12182,6817.891595002219
12183,9309.591129523254
12184,6161.3601844294335
12185,13352.3088327718
12186,20636.879799811133
12187,4323.333956532848
12188,5819.006721233462
12189,9822.298744869595
12190,5450.858572210941
12191,8912.148282578275
12192,7441.850551015979
12193,8157.9657455293545
12194,5922.181557989426
12195,6741.800154604941
12196,6677.011579810617
12197,8013.242720764529
12198,9888.925358724604
12199,7085.533892324394
12200,6736.66818083731
12201,8279.643990874702
12202,5551.992975061361
12203,5168.372065025187
12204,8332.956356060015
12205,6097.094128571641
12206,6294.097511752046
12207,8172.146353527148
12208,6553.16979117601
12209,7540.119456186977
12210,8208.361245387867
12211,7815.052709966232
12212,9292.927373542743
12213,7698.015972939108
12214,8231.323924031123
12215,6402.466246637109
12216,5028.482994246937
12217,6938.917068223445
12218,8062.082242152679
12219,6529.478535915582
12220,5145.044890048405
12221,9140.82688305834
12222,7796.7912147527495
12223,10511.720791381826
12224,7142.091583927514
12225,6165.853456970056
12226,5730.119076511285
12227,5141.0107635290815
12228,11311.405309388882
12229,5802.194236167412
12230,8367.35971275976
12231,16593.729708268045
12232,8269.68821483709
12233,8443.43014006174
12234,5998.529960388527
12235,4976.240796970724
12236,7600.637082179513
12237,4478.109902446471
12238,6173.071320681513
12239,10651.042960349007
12240,5829.949541119779
12241,16459.648861555925
12242,12104.509640853828
12243,5550.129230305096
12244,7202.0085014901115
12245,7483.088647807608
12246,7679.476836619126
12247,6207.154830540049
12248,12608.562165481573
12249,8524.519794164169
12250,10553.55178084905
12251,6047.3675572575585
12252,7821.46697665575
12253,6023.623385203031
12254,9438.518547397047
12255,7575.345927778288
12256,6770.080625750352
12257,7705.246035144827
12258,7028.100862627523
12259,8942.282894592196
12260,10334.198069012977
12261,6595.93171450359
12262,11020.428671859747
12263,7184.714533582715
12264,10807.636180371102
12265,5867.4440359983155
12266,6002.101965379489
12267,6190.108368302119
12268,10940.449666035767
12269,7145.228694849431
12270,8892.408237295596
12271,7430.55686326789
12272,9476.457748984676
12273,5600.901956330111
12274,8884.838472033085
12275,7304.557879362975
12276,4588.107319506575
12277,15092.16033543564
12278,18900.21117892728
12279,7826.687479807754
12280,7357.073190401299
12281,10616.404077276771
12282,11338.448408267921
12283,11771.070206449156
12284,6367.367005014343
12285,8196.98824130189
12286,6585.636994653335
12287,8876.918570916838
12288,4317.89531467269
12289,6703.424913475888
12290,6203.26153522167
12291,5991.892113391177
12292,7817.954434747256
12293,6720.7498418083915
12294,5080.544609193612
12295,11348.960106101418
12296,4524.506325647111
12297,5166.575470106276
12298,7275.464098391185
12299,7550.1067952622225
12300,9965.844506981166
12301,9215.73268909674
12302,7923.722988568409
12303,7273.582626066961
12304,7225.066724123454
12305,12066.862387845493
12306,7853.90161838617
12307,6065.42175885101
12308,6280.786375431286
12309,9883.404261530137
12310,5167.083666413533
12311,7277.9436208775805
12312,3672.9942619072103
12313,5551.8315027845065
12314,7624.686701651289
12315,6747.118529460298
12316,6408.2029072871555
12317,8978.183227030157
12318,10309.737611126166
12319,13153.045574284202
12320,7313.064680761853
12321,10159.96398991525
12322,3413.204122269071
12323,6029.058552081738
12324,7163.672891096428
12325,5082.316825957064
12326,8390.08427844674
12327,5704.872734353038
12328,5742.45491484904
12329,9036.95567276253
12330,11482.787830080868
12331,10825.054156939896
12332,5834.837492652433
12333,6009.539151172227
12334,10027.080289000636
12335,8560.272990660786
12336,6982.934117418614
12337,5619.29823057743
12338,7405.199888004424
12339,10606.25800242748
12340,5050.174291429806
12341,6761.207492105502
12342,8344.778829430157
12343,9144.147789756897
12344,13993.962288430292
12345,6133.512460129648
12346,13930.089485212497
12347,7461.974551301519
12348,6005.637925795727
12349,4353.179844972693
12350,6633.881001216937
12351,6896.9559230107125
12352,6197.652161177056
12353,7950.547055349955
12354,5623.669965572397
12355,5144.090112453471
12356,7848.488307601365
12357,4429.904070153625
12358,8040.061355376763
12359,7488.528095338397
12360,8488.983367902103
12361,9391.400294626965
12362,6222.468863330078
12363,9687.263010107888
12364,6479.644737949816
12365,6500.474703010877
12366,7076.237186971204
12367,5554.360321740352
12368,11402.25187586708
12369,7110.168599586303
12370,5301.165357654292
12371,8315.558933535738
12372,9487.439185387462
12373,7943.277110966809
12374,6675.683850168813
12375,9315.80599911569
12376,5867.236324678313
12377,6727.297937735921
12378,6564.395394205403
12379,9603.758356302167
12380,6918.214488673906
12381,6813.683017253376
12382,6211.976910317006
12383,6179.50731656157
12384,5296.3628184201525
12385,6078.159771939664
12386,9065.043554148038
12387,9549.5668067408
12388,11075.145539988025
12389,11937.853158393082
12390,8709.771306693614
12391,5754.115360568293
12392,5534.311375395241
12393,12077.906203100525
12394,11159.238698511785
12395,7624.64032243684
12396,9511.813586881317
12397,8861.702026157902
12398,6198.317909272807
12399,4676.080975177601
12400,10656.245820304128
12401,8029.044114603105
12402,7215.208788841879
12403,6450.280134274388
12404,3159.0344174942693
12405,13101.862408036768
12406,6663.485059121481
12407,5553.176175230869
12408,5326.808877792096
12409,5896.791142557608
12410,7685.737593257151
12411,8268.94337087953
12412,7121.926740954167
12413,5591.435514245647
12414,5384.915313246651
12415,4631.77869270076
12416,3764.1416537619375
12417,7690.5784459818515
12418,19207.678026764734
12419,5213.032062993483
12420,6302.586621537651
12421,7369.737551326938
12422,6032.79335485183
12423,6094.7575704359715
12424,5610.856365193264
12425,4520.882953908665
12426,7564.902808580304
12427,7443.334626138999
12428,4538.318524476275
12429,9418.461196891616
12430,5625.979361692299
12431,5568.338248577009
12432,9836.361527580282
12433,9116.724486241872
12434,10368.759138597989
12435,6107.81082425226
12436,7373.975636266371
12437,5079.152453391908
12438,5682.9553822514345
12439,15572.632579707053
12440,10879.37516745754
12441,7061.533788815282
12442,6287.395906385281
12443,5169.688149989506
12444,6172.13408660023
12445,5003.171300827585
12446,11469.148488216328
12447,5501.733240716456
12448,5867.123512350379
12449,8562.136834458022
12450,5164.93678824194
12451,7539.175693177549
12452,8188.76821728272
12453,8481.967059420303
12454,7804.678357755585
12455,4978.895020395986
12456,5936.217278815283
12457,7111.472764878659
12458,10087.078074586361
12459,8765.792261817462
12460,7508.170155287828
12461,5120.216536662659
12462,8637.150640240521
12463,6805.773855282145
12464,5198.154926480249
12465,7784.659449374221
12466,7849.558277307947
12467,6645.135136673934
12468,6836.8692140816165
12469,7484.068165507654
12470,6461.493920276367
12471,6982.988534323117
12472,6839.941450685426
12473,7106.323765514954
12474,7149.779497496672
12475,10097.347097644062
12476,6603.923997411001
12477,5123.504408107263
12478,12845.430670068097
12479,6730.324991321098
12480,4261.430080022315
12481,8769.1775027195
12482,9121.233875888081
12483,11706.892259095805
12484,5583.345719310917
12485,6820.362271774322
12486,6485.77499779721
12487,8035.963050860397
12488,6496.476702596976
12489,8918.543030092938
12490,3452.2341764232497
12491,7174.011568598068
12492,6725.296971677727
12493,6064.744007992009
12494,6188.980557658837
12495,7648.33239048181
12496,9157.324048759245
12497,6607.801080761695
12498,8675.856165798341
12499,8014.494508379905
12500,9445.002601748425
12501,6050.541029271874
12502,7052.515924554787
12503,7856.709575611524
12504,9009.46186439657
12505,9707.519363685418
12506,5545.519552062518
12507,9579.680025618041
12508,7766.726731777643
12509,8101.756302179343
12510,7319.6856082197955
12511,5562.268808048925
12512,8880.243678890793
12513,6344.175132429854
12514,9288.377437898285
12515,7121.10383501073
12516,6172.633626439971
12517,8667.965883915365
12518,7547.310368684893
12519,7250.6144893778455
12520,8755.06202480774
12521,6258.788699722857
12522,9820.591517196039
12523,11768.132830178749
12524,8454.65570217334
12525,5462.23804224534
12526,6005.725606402352
12527,4381.80701383736
12528,3596.5255885019283
12529,9299.28082457808
12530,6175.227285762641
12531,9251.290077587926
12532,4934.537490705842
12533,6386.706035724896
12534,6614.901709204875
12535,10103.082771533203
12536,7811.147928061424
12537,5847.159104165343
12538,6287.371835653008
12539,7803.913510816949
12540,5828.341664819658
12541,8186.216282594013
12542,7869.230849248362
12543,9737.73554460645
12544,8387.715594702466
12545,7539.083626789254
12546,6434.938349735979
12547,5263.83644163232
12548,5689.413666624009
12549,11244.815233018084
12550,9696.845207013748
12551,7860.956280946915
12552,16462.16370344606
12553,6960.322584583839
12554,5337.880069088242
12555,7237.443553936714
12556,9170.291482871778
12557,11303.002565543931
12558,7690.470688168014
12559,8348.113446755862
12560,8582.935446908705
12561,7484.534075896766
12562,7366.682885855009
12563,6122.963562110493
12564,4966.641652005059
12565,5415.950995969147
12566,4584.692454215718
12567,5359.5281640853345
12568,8712.432914124163
12569,17162.549889669153
12570,7163.280806916883
12571,5420.727134375206
12572,8510.99507408056
12573,6379.416736251453
12574,7034.602727376377
12575,4970.875453896423
12576,9560.192542278795
12577,6695.125247351247
12578,6893.317877572093
12579,15130.57240771625
12580,13243.769217889143
12581,5796.827128302213
12582,7542.738295142891
12583,4287.354779595405
12584,5709.288760073102
12585,5848.049341856672
12586,9109.498653096905
12587,4967.133037702366
12588,8418.363216235668
12589,6362.543040576256
12590,5930.250716933094
12591,7365.810028180356
12592,7646.047123243936
12593,3685.2670226843543
12594,7743.7484512562605
12595,8989.6713823255
12596,8039.828179816282
12597,5565.962828610174
12598,4964.924251159943
12599,8629.549376540039
12600,5301.806401176066
12601,9977.625432104798
12602,5270.90830698499
12603,5706.609400363525
12604,7690.597473430741
12605,6525.497441193369
12606,5479.196431112958
12607,6741.1928368159615
12608,7550.8139828152125
12609,10128.881426057831
12610,10942.585429494487
12611,6514.228803199532
12612,4475.611471022442
12613,5946.9194749196895
12614,6509.835614805131
12615,5491.545471515885
12616,7207.94169080133
12617,6859.467282924376
12618,12105.967514804595
12619,8430.2445215063
12620,6764.0402374046425
12621,8211.218747787318
12622,5176.310769026296
12623,9809.409905927345
12624,6133.569400667688
12625,15253.444877368263
12626,6578.108252293703
12627,5847.6708815449265
12628,5913.713760182869
12629,4933.098805090358
12630,7578.646338763946
12631,15583.15417884648
12632,4525.339737194862
12633,5261.185153777228
12634,10323.033870296373
12635,7014.090135969334
12636,7654.0166445678515
12637,8477.234632798603
12638,6146.732117169744
12639,6013.115959057446
12640,4917.869029503489
12641,9832.366565394139
12642,6617.797953285047
12643,8208.77682542195
12644,8182.997726743846
12645,5785.705763632641
12646,8139.993201739037
12647,7010.5288738115705
12648,4921.429381828139
12649,9712.090167622096
12650,9550.657157242627
12651,4669.86811863783
12652,8288.75029375858
12653,7629.338908980741
12654,5351.159968299929
12655,9447.475662221765
12656,6676.0967501794485
12657,8418.592302495832
12658,5205.99859954294
12659,5820.1890200384505
12660,6939.756240458657
12661,4617.059985272899
12662,8273.17102940061
12663,4930.391943586644
12664,6592.942199210399
12665,5104.9387519157535
12666,6740.530646889683
12667,6829.382395630556
12668,7528.717205265511
12669,7351.24444542012
12670,8376.841296139046
12671,6459.627664207389
12672,8216.077388907664
12673,6776.261353406926
12674,11241.762790533816
12675,9108.730301606445
12676,7435.93122307066
12677,5287.168201213438
12678,6335.488922792807
12679,8044.05091477871
12680,4861.965370786076
12681,11821.135957179227
12682,6207.204815590047
12683,7284.298065926866
12684,9453.533475043745
12685,7046.759060364901
12686,4470.141072103481
12687,10429.836398809528
12688,10479.988999008936
12689,6177.583361511926
12690,9735.087216011952
12691,10768.079134302961
12692,6551.3461852623695
12693,10007.947901139369
12694,7468.0575357833095
12695,6591.691813059419
12696,6803.947055804251
12697,7800.896082347813
12698,5190.7037690232655
12699,7176.846012760076
12700,7753.452150182727
12701,7290.81989911476
12702,8286.098314525349
12703,6786.7800393149055
12704,7417.486818995137
12705,4787.584209985362
12706,8112.784787807779
12707,7240.074455570292
12708,6998.725959748289
12709,7202.934761398995
12710,8141.05724863543
12711,9804.546427312496
12712,6289.285288378853
12713,5105.447880172749
12714,6734.952863433224
12715,7437.374878215969
12716,8155.232383632008
12717,5490.703321994835
12718,4937.120611019351
12719,7134.055738310961
12720,8128.560581016205
12721,6179.643478592229
12722,7660.834296050141
12723,7238.99737228342
12724,7407.080337874885
12725,5477.386732697042
12726,3646.349494428765
12727,7573.180853508291
12728,7146.164986736491
12729,7454.338801266288
12730,9636.391924992493
12731,9243.52690779688
12732,5198.623257609556
12733,9296.991937165894
12734,6834.626022366523
12735,3642.7907506462016
12736,8147.710642550798
12737,12521.425600623792
12738,8599.91477771142
12739,7957.393096678711
12740,4641.5502083296815
12741,7245.726670827859
12742,9470.128137193882
12743,7044.018035332316
12744,9073.934241217117
12745,5886.495431129105
12746,5111.14561373594
12747,5654.06903041505
12748,5999.60196253008
12749,6191.793222199705
12750,5178.113053385555
12751,5450.239620153848
12752,4892.8095384791695
12753,7343.878095977498
12754,7836.014365625979
12755,6358.19219896881
12756,6409.388596232346
12757,7883.454843810556
12758,6726.421078332409
12759,5481.086796928563
12760,9776.762033737936
12761,7499.067545243912
12762,5739.736025363526
12763,4386.25565812752
12764,11665.345908182888
12765,7222.703864317869
12766,6383.201542683161
12767,8615.11067744884
12768,6877.462896081903
12769,8118.282250027222
12770,6831.8582160887845
12771,6042.661023504145
12772,9206.315000913302
12773,12953.53693058085
12774,5807.727693580108
12775,5224.49313015898
12776,5502.31596166007
12777,7437.809381685308
12778,6249.564105988784
12779,8684.25860530646
12780,9388.169286507611
12781,6326.610343852417
12782,4708.7559575540545
12783,6121.7529462392185
12784,9310.888556365548
12785,5500.845950992858
12786,8273.852721228855
12787,4416.053726985734
12788,7994.937099337755
12789,8443.707724529551
12790,7899.7092468904775
12791,10319.4201386726
12792,7091.266477117224
12793,5008.373979857689
12794,7040.357841772604
12795,7902.28344024848
12796,9064.869135569066
12797,8069.666421421572
12798,8310.801160105173
12799,7165.234047882672
12800,5118.887994015529
12801,10506.62717701416
12802,4997.881824160627
12803,11419.149536805255
12804,6852.657740262361
12805,4742.1449739982245
12806,7602.412026594319
12807,6721.876432797244
12808,8011.818713720094
12809,9620.616623408456
12810,4389.973818150803
12811,5072.641599178268
12812,7573.2904351295365
12813,9278.093272525593
12814,10115.271676365304
12815,6373.010127131038
12816,6426.677595823765
12817,7132.28481189252
12818,6926.082517234862
12819,5844.071520550506
12820,11111.26857777843
12821,9222.0613137641
12822,12565.851294541933
12823,4733.564796897547
12824,6446.722214402428
12825,11889.040793789543
12826,8462.267637668707
12827,5713.816991436666
12828,11412.561912581385
12829,7450.851796158389
12830,6574.421953358087
12831,6010.377282301031
12832,5825.862763900359
12833,5639.12675607515
12834,6215.749557768835
12835,5235.116648592566
12836,5234.69251924764
12837,9400.527424692953
12838,7437.710609100029
12839,24369.973369072362
12840,7037.293984207183
12841,5143.651698069948
12842,8373.333429354961
12843,10704.545832748561
12844,7760.104536909257
12845,8193.524188930349
12846,6514.584288562461
12847,8708.93355277314
12848,8924.753924769064
12849,7354.244534570695
12850,6178.345215915959
12851,7301.280766645231
12852,8860.177493051959
12853,7683.603011897847
12854,8293.369674083355
12855,5939.987311760952
12856,5197.650095835094
12857,6600.260991748748
12858,10837.921619854005
12859,12684.916131586551
12860,11123.68295972039
12861,8781.097372908675
12862,4603.140003978047
12863,6989.354612501986
12864,5339.82386525019
12865,9118.924914852329
12866,12003.981642477622
12867,10190.81804159811
12868,6801.178654935706
12869,7287.620707086213
12870,4657.941083864667
12871,5836.969636764378
12872,11376.079615209137
12873,7358.965514253743
12874,5908.611350244037
12875,5652.924142445618
12876,8784.148240059196
12877,4037.0260639309763
12878,8334.400845240509
12879,5172.5512910177
12880,7133.48976395544
12881,7394.3291540447835
12882,6786.024922412256
12883,8385.463829432367
12884,7157.133176268173
12885,6406.141834193582
12886,7714.762325735919
12887,8461.61588898683
12888,11983.154204956161
12889,6198.386777840816
12890,9492.96927999778
12891,8919.037086043047
12892,10483.911414568278
12893,7601.603203234734
12894,10686.605006738357
12895,4939.195407080688
12896,5486.665902460286
12897,7347.610935527019
12898,7342.972696486587
12899,10294.408077180846
12900,8227.650532794238
12901,6545.843573423047
12902,7998.827598857527
12903,7306.144482614001
12904,10761.403225455915
12905,4535.580477675159
12906,13295.708153711625
12907,5252.101702256921
12908,6358.147734943897
12909,10233.797942670077
12910,5166.584872434091
12911,7082.891652493613
12912,6741.607236333112
12913,8540.162520224078
12914,6445.448309608694
12915,5950.6420678300465
12916,8350.091770379722
12917,8942.342604870466
12918,8979.11471993043
12919,5659.220330783597
12920,8387.58087566148
12921,12259.682923763334
12922,8000.745198316181
12923,6004.979022745773
12924,7075.723358991303
12925,6661.432059279863
12926,6913.193302237795
12927,8404.832028189054
12928,5137.351903946552
12929,9200.862175939015
12930,7378.405020852235
12931,7288.847654533744
12932,8829.322828159387
12933,5673.41092223222
12934,6391.427429023024
12935,5760.712686680965
12936,8922.885578879961
12937,8955.049485606787
12938,5297.3012578923735
12939,5354.325301037673
12940,7724.313650043092
12941,6221.275007467251
12942,6205.242167840927
12943,8500.11297392327
12944,7247.050780654469
12945,7806.132604506613
12946,6098.8962013519495
12947,5530.43139756488
12948,7862.403349966845
12949,8484.818566789789
12950,9011.395879273503
12951,8146.957764159041
12952,9220.112499189303
12953,6084.750919785863
12954,9581.649266411081
12955,7323.66415264835
12956,7697.53810314359
12957,9684.581022240256
12958,6712.741993095614
12959,11679.151243667195
12960,8867.45490008161
12961,8433.33139784108
12962,7034.418209336073
12963,8665.60394134997
12964,8243.701103019128
12965,6497.202062988911
12966,4370.603874786699
12967,6767.563037333066
12968,8883.036695645007
12969,6248.091801042558
12970,4762.568138490629
12971,9624.120518365518
12972,7187.658795244163
12973,6080.6429532434395
12974,7244.364032336557
12975,6599.488145847971
12976,9141.533908524998
12977,8332.074724197615
12978,7182.261855867579
12979,6051.463459510248
12980,6972.396336219614
12981,7839.604630350155
12982,4271.456251512376
12983,7426.482518812285
12984,6102.082743523097
12985,9698.235906572507
12986,8177.380611393505
12987,6646.0177573668525
12988,12978.366968108967
12989,6958.013828779313
12990,5530.044633186321
12991,12428.377823375971
12992,8205.990505539208
12993,8580.53097881105
12994,8963.853436319589
12995,5900.926022183698
12996,6901.990597293376
12997,5737.792718028438
12998,8381.292764086133
12999,13737.419440407848
13000,6887.850528110347
13001,3598.370708463536
13002,6329.435213890412
13003,9054.359187535396
13004,9385.062796379112
13005,7043.449316849815
13006,7568.056803908557
13007,5852.026337028792
13008,5783.921669109375
13009,3936.2114173964424
13010,5840.196725576764
13011,6955.723733027955
13012,8113.996496613449
13013,7435.085079745419
13014,7067.59093209841
13015,8644.62436385205
13016,10331.779661197033
13017,9224.201052895829
13018,5877.28054446942
13019,9809.414455002665
13020,13580.267630252109
13021,6293.230050939826
13022,8553.439104558105
13023,5858.652993273065
13024,7466.869729524474
13025,4394.452388397728
13026,8214.936613173539
13027,5873.334056033337
13028,9833.597548569594
13029,8584.474360563263
13030,10027.863738015252
13031,9119.816867893545
13032,6693.688467443185
13033,9318.766318848719
13034,20646.30839160182
13035,11924.978024759213
13036,7103.160095307469
13037,3281.8334463681736
13038,7016.954711635586
13039,9785.551875813728
13040,5824.152001453611
13041,13261.416665633384
13042,21268.583735666125
13043,4377.224322181088
13044,5952.2617195630155
13045,9442.83509356976
13046,6716.33330907285
13047,10057.560499942867
13048,7427.6101724501
13049,8576.39707043233
13050,5902.490760887977
13051,7180.930466384104
13052,6837.6701783246135
13053,8701.048998130247
13054,9696.847526346897
13055,6911.84373482576
13056,6917.615886996276
13057,7956.207857080036
13058,5861.198797405291
13059,6036.463004447541
13060,8322.61365993403
13061,6034.049910116259
13062,6663.72720824559
13063,8786.694114029095
13064,6963.255762524106
13065,7933.403895331793
13066,8136.7901521814265
13067,8109.92370833681
13068,9060.29597283236
13069,8216.65290162731
13070,8217.846239400395
13071,6639.835720648343
13072,5120.861224253173
13073,7055.214203241202
13074,8762.932965569307
13075,6654.956248175942
13076,5197.048728760026
13077,9441.3807033538
13078,7732.936510837282
13079,10747.19536795188
13080,7992.9111208807535
13081,6569.176538784905
13082,5817.442712219429
13083,5763.206652267678
13084,10991.11357515528
13085,5990.481905781488
13086,8321.674254200143
13087,17514.702897297146
13088,8253.154967456056
13089,6840.435702998798
13090,5922.506559739532
13091,5868.987109910992
13092,7544.850586723171
13093,4544.609230128756
13094,6268.69444920031
13095,11936.39297019945
13096,5871.028686602019
13097,17861.44381820222
13098,12795.464364671945
13099,5430.742716998957
13100,7238.279868568276
13101,7619.485295365984
13102,8186.364954868402
13103,6539.839931677188
13104,12608.08913281979
13105,8428.337612900987
13106,10550.205036565556
13107,6009.470843573094
13108,8259.32910100459
13109,5913.735929415355
13110,9752.262206798105
13111,7264.59055770041
13112,6737.794926418429
13113,7690.75045164327
13114,7035.538473996575
13115,9446.42768512634
13116,10881.940666668823
13117,6893.579970396473
13118,11551.700162407384
13119,7438.51266670594
13120,11019.338088581353
13121,5866.848181741462
13122,6374.8051667183045
13123,6677.244857561105
13124,11330.214099494464
13125,7347.980290736218
13126,7980.87516989443
13127,7509.758313426736
13128,9563.561105211782
13129,5601.998934551561
13130,9375.263654632563
13131,7768.337222505387
13132,5033.699835842643
13133,17281.930880527365
13134,18605.00082590968
13135,8184.85331749869
13136,7762.399907116829
13137,10901.761133553784
13138,11808.908800147865
13139,12299.124599152503
13140,6506.45740156615
13141,9014.757603975539
13142,6858.282308556063
13143,8854.991478881873
13144,4632.309909481925
13145,6894.6610789186325
13146,6360.797224478917
13147,5931.291837412524
13148,8366.192224228727
13149,6861.552725359198
13150,5119.099166645362
13151,11262.77039953021
13152,4482.503096499113
13153,5678.69778907721
13154,7381.57030611166
13155,8152.204163796771
13156,10220.964140317112
13157,9222.204187390596
13158,8187.811592569112
13159,7301.537457792275
13160,7651.417737857121
13161,12432.750701579173
13162,7922.612503639804
13163,6217.269955649345
13164,6183.527177309962
13165,9936.552174228547
13166,5205.810697624548
13167,7422.069757526829
13168,3910.7023058457867
13169,6345.866425651754
13170,7652.978795547589
13171,6794.122396995828
13172,6324.62035624098
13173,8991.382035722068
13174,10786.259562247988
13175,13482.013464370939
13176,7597.087005650605
13177,10061.905289134005
13178,3632.5556565626944
13179,6227.906978790697
13180,7419.435378795835
13181,5113.116933343086
13182,8701.521432634516
13183,5943.040866209925
13184,6264.15852462815
13185,9571.015449902
13186,12017.774306776559
13187,9073.073323003793
13188,5859.33066622269
13189,5611.325058101923
13190,11312.452927336888
13191,8845.355227600558
13192,7884.349175203405
13193,5641.217861571436
13194,7891.097503918532
13195,10714.732641635494
13196,5641.357791668976
13197,7516.100191274621
13198,8995.04343404816
13199,9729.933685708806
13200,14718.890195227426
13201,6566.343341386059
13202,14634.46311515446
13203,7537.25140986385
13204,6599.909400575292
13205,4037.7817135737982
13206,6880.807463946395
13207,6747.694867620248
13208,6210.493225922495
13209,8238.981944861804
13210,5582.650118250416
13211,5073.37952489324
13212,7603.3554696797
13213,4689.396501605705
13214,8047.617282242689
13215,7571.943743831594
13216,8707.086692046876
13217,9556.730170474575
13218,6050.739433632859
13219,9809.808010919422
13220,6599.765960589375
13221,6745.402979498279
13222,6813.176102601327
13223,6643.247070937234
13224,11668.319300107058
13225,7556.006042296155
13226,5362.501728655025
13227,8451.897616822578
13228,9300.714981288544
13229,7915.109423146063
13230,6824.2347634402595
13231,9844.710220994184
13232,6221.746138861167
13233,6803.105686938062
13234,6664.880195859114
13235,9344.986916652591
13236,6939.698884944301
13237,7145.084275368066
13238,5885.411303914834
13239,6096.476832254212
13240,5410.129118780971
13241,5797.595093721639
13242,8361.061397787911
13243,9764.999006102706
13244,11629.60462115706
13245,12142.2006350166
13246,9106.483146851679
13247,6823.070816298884
13248,5640.387226670689
13249,12018.286876132648
13250,10854.658426014681
13251,7188.090105833918
13252,9782.579696113524
13253,9024.4171777661
13254,6303.050661842583
13255,4817.822424367299
13256,11217.965931137742
13257,8228.446381828478
13258,7858.032310395186
13259,6450.125433217272
13260,3591.4454596098353
13261,13870.559868693806
13262,6774.800160662096
13263,5754.69889160496
13264,5573.822262870427
13265,5992.576572377788
13266,8539.332338952365
13267,9025.361112422202
13268,7155.023892608884
13269,5683.99852702363
13270,5428.153973485385
13271,5614.558538085537
13272,4234.885175706647
13273,8010.802949454461
13274,19504.11428115447
13275,5203.735301325784
13276,6258.8444032836815
13277,8488.98662015762
13278,6072.305154912881
13279,6201.371658362332
13280,5679.372943722576
13281,5246.347186327562
13282,7436.032968477253
13283,7384.604233440581
13284,4698.657001246522
13285,10104.120842374661
13286,5651.1678507030165
13287,5599.909791700554
13288,10252.984548031316
13289,9443.237654751492
13290,11473.342821664404
13291,6615.391468397174
13292,7388.140744158479
13293,5247.713623503381
13294,6927.929134959513
13295,17631.249733211233
13296,10812.800930264179
13297,7287.2082403813465
13298,6373.239022657897
13299,5136.539438155447
13300,6185.726489461445
13301,5350.364791586256
13302,11105.8159682069
13303,5979.268161938208
13304,5895.670387929455
13305,8772.028835589119
13306,5203.9802847268475
13307,7252.628010250571
13308,8266.803176795429
13309,8536.844121189548
13310,7543.4157201903945
13311,6527.410273938194
13312,6170.362862075958
13313,5924.248709304584
13314,10382.09116833167
13315,8612.648531297893
13316,7785.748373647604
13317,5350.568293277541
13318,8699.402116888872
13319,7025.014760680322
13320,5535.7469879377595
13321,7828.597855387131
13322,8116.759009800191
13323,6688.593708415615
13324,6948.879666449709
13325,8202.697646041437
13326,6558.075734665825
13327,7141.398135995255
13328,7649.919907054204
13329,6962.252364623717
13330,7388.937384117507
13331,9979.986419159151
13332,7195.198168066843
13333,5794.110663844423
13334,13256.21098598145
13335,6312.7581994154925
13336,4457.483250136301
13337,9486.08566975641
13338,9329.166911972128
13339,11960.344177549574
13340,5870.158556207682
13341,7487.246324538682
13342,6609.757805300793
13343,8029.4318222451875
13344,6443.931006097995
13345,8903.712868856925
13346,3617.702948904037
13347,7450.684218109461
13348,6648.69787684663
13349,6790.43047766999
13350,6230.160853988958
13351,8135.692772390792
13352,10408.541730699684
13353,6657.149802368407
13354,8932.86627864138
13355,8203.323491021447
13356,9940.714132943309
13357,6041.163901219372
13358,7341.732517228241
13359,7626.55072268667
13360,9175.78620793607
13361,9992.902143692212
13362,3806.6778008553993
13363,9710.44840712216
13364,7825.88476591736
13365,8108.540368431164
13366,7586.971033737106
13367,5593.544034483438
13368,8881.620641693667
13369,6416.102729254447
13370,9464.367751107337
13371,7494.189146060089
13372,6288.892226286942
13373,8105.9865795338155
13374,7851.18817935904
13375,7245.5605347801575
13376,8778.05218314018
13377,6185.078442114437
13378,10129.40734172823
13379,12018.466389470765
13380,8442.017005428761
13381,5535.979545135123
13382,5952.267723622042
13383,4380.0176164292125
13384,3583.9557011117085
13385,9713.219644351184
13386,6155.697959672067
13387,10082.834699490268
13388,4823.740897103733
13389,6211.188743813376
13390,6583.368095698533
13391,11226.735897593804
13392,7676.775147229513
13393,6012.0776470485425
13394,6342.029734634494
13395,8685.464067366327
13396,5800.302562599982
13397,8471.105282611179
13398,7823.324612322975
13399,10279.449623481329
13400,8612.439046408936
13401,7629.896953571959
13402,6801.874020323811
13403,5541.231797773062
13404,5541.04331719722
13405,12215.879284114026
13406,9985.050306107294
13407,8595.393250172923
13408,16553.72595363705
13409,6981.108213747975
13410,5258.942243641035
13411,7428.853612212921
13412,9540.046026861692
13413,11296.561543718535
13414,8032.8587572718425
13415,8764.125229395137
13416,9294.263101943936
13417,7903.736713122589
13418,7572.600722382922
13419,5955.705541242038
13420,5073.269699730487
13421,5295.477630404158
13422,5041.576758523338
13423,5624.896319453359
13424,8738.641819429611
13425,17767.31528769841
13426,7325.025365538639
13427,5847.963031673853
13428,8887.49138685401
13429,6478.229918539751
13430,7297.6778524118445
13431,4851.616893179362
13432,9505.029411118288
13433,7075.906527393023
13434,7429.191951183643
13435,15865.306768721472
13436,13505.468360958494
13437,6137.333387357699
13438,7884.3023668000005
13439,4390.908457001331
13440,5970.4268688147595
13441,6365.008977819567
13442,8979.481462620715
13443,5002.686297366098
13444,8307.135241228649
13445,6424.348833592406
13446,5970.4858534480245
13447,7583.156295676749
13448,7738.784962416888
13449,3921.136925105938
13450,7780.997208074606
13451,9211.406816603272
13452,7975.624362209871
13453,5842.369926198586
13454,5305.656091413489
13455,9013.052702171692
13456,5311.8131465472115
13457,10757.243982008462
13458,5577.463259188703
13459,6120.50149111754
13460,7721.56501249633
13461,6516.684095696957
13462,5419.393297759572
13463,6899.461357184482
13464,8080.847232496348
13465,10564.623723642631
13466,11204.165956187542
13467,6667.215853969018
13468,4998.268789240171
13469,6250.203650857142
13470,6529.2731622511465
13471,5782.85709962552
13472,7523.728232461424
13473,7371.97238672357
13474,12191.469555914113
13475,8723.69519217262
13476,7155.119687130633
13477,8641.80672572527
13478,5216.177801688078
13479,9950.297291873747
13480,6264.004128654034
13481,14728.056600199738
13482,6975.259737688312
13483,5803.166761442806
13484,6083.839246139263
13485,5068.305808054062
13486,8117.164857796851
13487,16081.426619960926
13488,5165.073258036566
13489,5185.641033337236
13490,9509.832173277704
13491,7390.328450785325
13492,7726.402586958363
13493,8762.318754942924
13494,6144.109861576805
13495,6036.925848333788
13496,4863.434349687405
13497,10189.240740683295
13498,6782.764417822939
13499,8727.20956112579
13500,8677.78507943698
13501,5846.90969908647
13502,8324.356623083795
13503,7200.98709556887
13504,5085.187600442858
13505,9702.863922089608
13506,9742.741826433801
13507,4919.457822674591
13508,8305.481792012772
13509,7488.3087684268285
13510,5657.085795812159
13511,9300.421915592577
13512,6833.036551833202
13513,8236.574137764159
13514,5309.061762281656
13515,5901.741011912649
13516,7679.400761240657
13517,4545.661104895106
13518,8378.20026421696
13519,5481.029620694966
13520,6682.181190279483
13521,5330.465608608124
13522,6948.575872969438
13523,7296.463640594697
13524,7825.111991835306
13525,7467.368012269939
13526,8393.729922976134
13527,6444.302849154605
13528,8346.058194465666
13529,7313.3221190564645
13530,11667.915478484769
13531,9318.514914382773
13532,7581.662981598468
13533,5407.002092136907
13534,6408.8345975935845
13535,8341.831366532053
13536,4971.281510357288
13537,11367.080834511618
13538,5901.694354292982
13539,7422.049231761028
13540,9778.683024980653
13541,7114.762933840669
13542,4598.486335438187
13543,10424.874622988125
13544,11409.506196626431
13545,6521.867263910116
13546,9965.038810854767
13547,10482.293349239428
13548,6260.948645003592
13549,10333.86295432541
13550,7989.655743743035
13551,6770.562698462187
13552,6860.083478023988
13553,8009.726411304607
13554,5222.620943707413
13555,7454.403950736276
13556,8045.212189060036
13557,7893.5969319814185
13558,8820.89320252297
13559,7460.647452644735
13560,8049.356752051182
13561,4809.411701660352
13562,7959.2625663446015
13563,7591.396228471591
13564,7339.650680995649
13565,7352.266727875407
13566,8089.183758172461
13567,10324.359619365929
13568,6605.90514346072
13569,5204.719716564712
13570,6498.647521978839
13571,7647.640644323876
13572,8626.69080635001
13573,5826.003043710176
13574,5042.933690008652
13575,8940.71455385846
13576,8335.442355234636
13577,6626.1794438848165
13578,7721.089828179996
13579,7523.513617650318
13580,8704.523704648627
13581,5414.381677307986
13582,3589.83170727805
13583,7627.336869309892
13584,7660.234284991318
13585,7699.046548465167
13586,9976.97001223394
13587,10558.664727076844
13588,5978.610344714926
13589,8659.245342217422
13590,6557.514745243319
13591,3640.9741313261948
13592,8422.656744572636
13593,12832.831861255314
13594,7846.9816765158475
13595,8361.53390219684
13596,4641.726938324815
13597,7797.444313074987
13598,9804.200271156324
13599,7374.318814979138
13600,9128.875953629704
13601,6077.192842795111
13602,5163.943824339062
13603,5686.768947748817
13604,6334.97115545015
13605,6859.649245060584
13606,5042.4326282239
13607,5323.455409289549
13608,4988.004429774753
13609,7626.808531153833
13610,7979.06667708126
13611,6495.990472519333
13612,6880.707504662851
13613,8110.239899186463
13614,6816.2176145578815
13615,5497.360613112378
13616,9915.345775928752
13617,7767.869924752475
13618,5656.2631592296575
13619,4433.838452518801
13620,11896.935280713136
13621,7065.960754301253
13622,6584.632041507645
13623,8504.936183459156
13624,7204.8205551869
13625,8985.589945188782
13626,7145.730615492138
13627,6487.8815123961
13628,9617.93394758587
13629,13317.54558994518
13630,5805.963707902108
13631,5885.821815563523
13632,5672.906524714235
13633,7592.8601952744975
13634,6186.821623553215
13635,9183.679852725707
13636,9400.739904453389
13637,6496.333294600696
13638,4912.242559904146
13639,6266.399595601296
13640,9702.75492909417
13641,5692.769657807534
13642,8211.700528310665
13643,4438.674391640524
13644,8051.516765294348
13645,8575.606296658403
13646,8043.518025387271
13647,11249.853400513703
13648,7158.4064277915495
13649,5073.729937927397
13650,7243.788450375853
13651,8536.94836336213
13652,9920.950989712901
13653,8324.178947833885
13654,8206.251178978533
13655,7250.5999853324765
13656,5273.3077195514525
13657,11027.28793412715
13658,4958.734570924056
13659,11732.927460017661
13660,6879.460800693993
13661,4965.208346663142
13662,7768.649296379274
13663,6750.049446433291
13664,8191.415058634982
13665,9799.026103189382
13666,4790.115494848116
13667,5113.057180877056
13668,7624.724955874043
13669,9451.727664074402
13670,11318.501869654467
13671,6359.690839648912
13672,6488.237821927769
13673,7222.205166741174
13674,7132.022724897768
13675,5859.651269977252
13676,11593.566176226548
13677,9537.562008771354
13678,12866.419389670662
13679,4664.920567604781
13680,6791.178111633468
13681,11930.793603313354
13682,8572.116299946787
13683,5805.792582073395
13684,11220.211486604083
13685,7462.3661583162975
13686,6321.674120815628
13687,5602.373443064975
13688,5901.564976876924
13689,5582.882347347913
13690,6363.340885378646
13691,5269.291616427163
13692,5083.218111181692
13693,9827.805064504935
13694,7659.399075969521
13695,24860.719344787016
13696,7298.982174978081
13697,5171.153975510601
13698,9089.28295115815
13699,11589.11666736411
13700,7961.40951450017
13701,8305.906348014472
13702,6545.557946955007
13703,8943.995518314348
13704,8974.241748751281
13705,7146.45175296341
13706,6557.218840546406
13707,7576.188118802273
13708,9109.190172490136
13709,8107.632282319018
13710,8949.358142817393
13711,6823.957797852475
13712,5546.69979176216
13713,6782.750351565101
13714,11140.648483238983
13715,13517.612102616344
13716,12865.728657154934
13717,9255.349226462393
13718,5801.187075039339
13719,7021.795267271148
13720,4970.97435998397
13721,9375.028676527529
13722,12652.382289813948
13723,10454.15515188978
13724,7158.939057983685
13725,8038.415811902153
13726,5064.6235118124905
13727,5898.604682746945
13728,11443.695527979373
13729,7766.055788179254
13730,6079.309835903475
13731,5823.994239940361
13732,8718.152335101751
13733,4221.567896173744
13734,8522.899880047922
13735,5216.031945916012
13736,7221.859209828656
13737,7827.121238572186
13738,6896.10095229534
13739,8487.698416244632
13740,7633.345096758633
13741,6487.611853285601
13742,8089.609317684064
13743,8446.951121734472
13744,12649.048414252933
13745,6561.407636636809
13746,10312.404901117672
13747,8858.456334090746
13748,11029.471415024049
13749,7690.498957762219
13750,11352.806748875439
13751,6019.06447215889
13752,6147.851434003088
13753,7998.372077571248
13754,7255.843333137478
13755,10441.034595606863
13756,8975.130560525698
13757,6734.802985920683
13758,8329.903649611118
13759,7624.808209265408
13760,11241.009570887578
13761,4712.848599716462
13762,13679.428650554984
13763,5675.9302426323675
13764,6714.115891209665
13765,10553.599741168147
13766,5869.360687141592
13767,7923.408508080973
13768,7494.357513850999
13769,8896.008275842529
13770,6459.9498384336275
13771,6059.064563574499
13772,8549.476206679363
13773,8832.712384128188
13774,9341.924202633196
13775,5712.833720334404
13776,8711.507846649423
13777,12388.571979490542
13778,8268.716690728912
13779,6104.755341242088
13780,7363.317954370697
13781,6793.033055342435
13782,6849.616277902656
13783,8646.078261328885
13784,5629.664993787846
13785,9503.928694041555
13786,7729.240417833355
13787,7757.601619088377
13788,8973.050763845118
13789,6271.227853886576
13790,6617.118491292323
13791,6078.814350437706
13792,8945.845012931206
13793,10621.7510759626
13794,5556.456751658491
13795,5567.681615169962
13796,8076.293852417467
13797,6536.600235429841
13798,6801.793512462502
13799,8912.824060913132
13800,7397.50409621153
13801,8026.8587771026805
13802,6772.483624518196
13803,5762.829873651437
13804,8498.337699663896
13805,8507.374127401847
13806,9668.093687673434
13807,8162.155563297812
13808,9569.692719604987
13809,6547.27485881221
13810,9775.1137929664
13811,7583.87453815222
13812,8303.758960190138
13813,10148.88329798311
13814,6965.8327398891315
13815,12120.469446286734
13816,8874.29000859002
13817,8864.828737534754
13818,7254.44796006363
13819,8969.975996964182
13820,8424.965821397202
13821,7686.588877127989
13822,4631.303339093095
13823,7160.904353916809
13824,9332.804568698844
13825,6681.4631210138505
13826,5233.982883276537
13827,10815.62668237738
13828,7540.438471211042
13829,6268.935165204832
13830,7323.405194924745
13831,7194.692724044203
13832,9862.573332765276
13833,8679.698867538598
13834,7640.953268283919
13835,6403.855185971656
13836,6712.622590214201
13837,8132.598476280178
13838,4863.5888245862325
13839,8298.451624712572
13840,6531.638402503349
13841,9842.3710193483
13842,8411.652577973231
13843,7096.988634732619
13844,13546.524283710178
13845,7248.510884245546
13846,5679.0893716503415
13847,13073.5285314294
13848,8217.360284462844
13849,9333.154296896859
13850,9346.362878173995
13851,5966.05710498162
13852,7087.706137356139
13853,6179.139456017956
13854,8748.084360076458
13855,14221.972801800452
13856,7027.140849178169
13857,3617.5557432065716
13858,6370.643305992755
13859,9565.30269030403
13860,10276.944957064092
13861,7817.138420232547
13862,8828.228804557368
13863,6158.339576838392
13864,6369.817595416296
13865,4274.509821056651
13866,6409.5948037531625
13867,7058.9413942687925
13868,8261.32808241996
13869,8746.805968303524
13870,7328.432605964044
13871,8696.54816179097
13872,10448.911684639233
13873,9297.648818665184
13874,5881.340366730493
13875,10979.01966901802
13876,14337.11591734655
13877,6760.094378505793
13878,9487.291974858474
13879,5908.700796137683
13880,7872.269843147867
13881,4791.269185235167
13882,9481.229523806256
13883,6268.127424646875
13884,10136.04939529915
13885,8673.788992305932
13886,10624.834790528916
13887,9136.410511366086
13888,6719.21122820001
13889,10564.487477838358
13890,22006.339896536385
13891,12367.762190614942
13892,7845.974164269553
13893,3696.262379218003
13894,7029.357951645577
13895,10543.215811199423
13896,6646.0026704545435
13897,13408.75789016539
13898,21273.860537281173
13899,4731.636579272851
13900,6632.644140552093
13901,9688.935721107475
13902,6624.8356713236835
13903,11244.917931684326
13904,8109.2823413645165
13905,8992.201120971025
13906,5891.305535151155
13907,8142.513304186013
13908,7396.6318613886415
13909,9022.481967422009
13910,9915.085475761862
13911,7085.877961904236
13912,7030.651239854879
13913,8126.874535903639
13914,6570.360731954763
13915,6233.138686187133
13916,8747.05458590422
13917,6277.521604573907
13918,6843.285666990905
13919,9645.011363875336
13920,8224.176556715876
13921,9098.051631979133
13922,8641.05053128459
13923,8793.900356600549
13924,9091.417509253402
13925,8140.56028920335
13926,9174.391533495096
13927,6610.72516354012
13928,5199.498421968555
13929,7572.055700094494
13930,9523.747149538998
13931,6948.499613799954
13932,5635.976086970474
13933,10174.661630888348
13934,8527.107760136962
13935,10818.943581183092
13936,8140.387618329383
13937,6986.706378427962
13938,6255.346103584553
13939,5856.848601245977
13940,11723.267654942276
13941,6146.041889782849
13942,8426.79001243597
13943,17715.8403941369
13944,8479.018204040249
13945,7747.189182478472
13946,5803.533623448795
13947,6269.055347331591
13948,8229.581601765847
13949,4739.599629534079
13950,6867.039318962599
13951,12334.982234329991
13952,6013.766316080928
13953,20153.268910034414
13954,14837.16905493148
13955,5504.166040807932
13956,7544.055505830038
13957,8008.215976712341
13958,8194.731727754013
13959,6955.4247250217095
13960,12946.083966963597
13961,8674.414518162394
13962,11949.11169617882
13963,7151.594941551094
13964,8254.229409591568
13965,6042.193297029768
13966,10087.535503313678
13967,7665.248310635734
13968,7134.499012470947
13969,7852.456011333973
13970,6773.439637578063
13971,9777.144416202089
13972,11363.355753207363
13973,7072.988998862248
13974,12328.861349556793
13975,7399.238915032189
13976,11520.14651324003
13977,6416.919830521602
13978,5960.674687744067
13979,6715.044159783395
13980,12035.681135209563
13981,7491.855977309555
13982,8755.823103210729
13983,7928.98689582014
13984,10224.89549081637
13985,5658.27420763681
13986,10192.684273016457
13987,8598.064869937773
13988,5364.073678395178
13989,17421.515432456432
13990,19032.72687082117
13991,8525.846937980117
13992,7981.009392890128
13993,11462.53735267935
13994,12416.850452902492
13995,12884.055432641027
13996,7425.407823798884
13997,9558.4838099436
13998,7108.022108367234
13999,9280.73104125648
14000,5241.970898490639
14001,7900.564449975675
14002,6737.519547284415
14003,6421.32203989537
14004,8717.018709680087
14005,6999.433744267581
14006,6019.954366778904
14007,11631.231704752769
14008,4643.601368566541
14009,5674.813261744
14010,7526.1386706342255
14011,8659.066403866258
14012,10361.55681604357
14013,9695.418748774138
14014,8279.019431243594
14015,7400.538600582003
14016,7733.022202122488
14017,12841.891639423115
14018,8789.991949934052
14019,7147.258720177401
14020,6451.930818143586
14021,9934.007535159282
14022,5242.87055159368
14023,7488.488621996861
14024,4002.0535079910765
14025,6655.5493510548995
14026,9842.524203881128
14027,6872.645798016845
14028,6393.651173562548
14029,9015.352178593273
14030,10856.866491321813
14031,13607.635525827534
14032,7902.057992770665
14033,10227.291689975867
14034,3925.09980506336
14035,6298.249073509285
14036,7629.917540762976
14037,5454.270110457623
14038,9192.794686626894
14039,6384.920259945447
14040,6310.564051513028
14041,9973.753607295519
14042,12697.948307450713
14043,9068.735530564205
14044,6240.2941227198635
14045,6860.439809980224
14046,11218.159342817553
14047,8645.14382725366
14048,8333.71389166015
14049,5903.387611591885
14050,8077.2184247180785
14051,11937.581311113836
14052,5615.185270171384
14053,7893.617423431421
14054,9050.230783296043
14055,9924.574311343822
14056,15909.997633694613
14057,6737.206661783918
14058,14905.699694319565
14059,7590.415187607968
14060,6962.797102915374
14061,4711.614598016322
14062,7914.472130329638
14063,7175.828490930739
14064,6641.219546773486
14065,8377.066278257065
14066,5933.47227389806
14067,5543.046178862148
14068,7616.362534652484
14069,4724.334311105758
14070,9043.314172580622
14071,8224.392745465964
14072,10575.581793522098
14073,10261.903449509411
14074,6285.063142611112
14075,10801.378186525077
14076,6816.19594891544
14077,6966.0549826244005
14078,6972.003412587411
14079,6263.1203379431045
14080,12919.2080106454
14081,7982.3050580579575
14082,6040.995835297056
14083,9507.762513118832
14084,9664.110047322214
14085,8337.254828306855
14086,7259.534920425408
14087,10283.03732784497
14088,6654.740651260464
14089,6605.577560498325
14090,7683.04911667018
14091,9458.04277099499
14092,8076.150095804781
14093,7672.657770776994
14094,6373.534165729041
14095,6286.1455607864345
14096,5522.577943577357
14097,6008.3984577514
14098,8287.679844880051
14099,10121.159550060971
14100,11708.401746980546
14101,12679.902429607206
14102,9350.521677091716
14103,6647.917726671972
14104,5826.451348976198
14105,12120.457560906205
14106,11349.142498326046
14107,8451.224246630929
14108,10319.366997491086
14109,11123.834508908789
14110,6647.505671524735
14111,5202.042164859648
14112,11321.558503178196
14113,8489.277094415265
14114,8538.620843833154
14115,7344.6325086194565
14116,3990.1091943750675
14117,14191.583855400317
14118,6799.022532179465
14119,6261.901455754477
14120,5524.406777820084
14121,6446.424023684647
14122,9216.112256153223
14123,9637.435075649431
14124,7242.845397268514
14125,5490.016456163934
14126,5473.950257242408
14127,5472.390661420536
14128,4243.581207548986
14129,8662.43172032347
14130,19750.599292027247
14131,5900.981626473717
14132,6346.221371176899
14133,8772.169239055964
14134,6419.349018423372
14135,6773.406829511435
14136,5777.8266136575685
14137,5483.736356847399
14138,8332.936811162266
14139,7203.159648753642
14140,5312.512882030615
14141,10323.932378243162
14142,7127.04660343645
14143,5656.264889949528
14144,10075.159241917685
14145,9690.539999650153
14146,11428.320642801602
14147,7279.459005634993
14148,8903.867229073174
14149,5658.481302927889
14150,6829.046109649856
14151,17351.862107902332
14152,10943.609320596068
14153,7229.982860874055
14154,6836.89640680299
14155,5198.646526789034
14156,6482.168393067536
14157,5627.963341282943
14158,11345.91533182557
14159,6558.940582297606
14160,6761.616009011562
14161,9043.753559545716
14162,5399.344791835269
14163,7906.395811247665
14164,9540.734682473014
14165,8847.407331186698
14166,8089.124635667212
14167,6605.236949856517
14168,6390.264739582277
14169,6048.1917945665455
14170,11166.383844549153
14171,9035.846140083451
14172,7882.254541612412
14173,5741.604960803482
14174,8765.874996710805
14175,7784.603958797525
14176,5551.372706474765
14177,8487.37565304459
14178,8159.357894020903
14179,7291.540464711241
14180,7056.051639926658
14181,8901.924491979407
14182,7022.471525570177
14183,7181.674678035177
14184,7753.25175408902
14185,7044.672685246951
14186,7944.553919334396
14187,10148.782573298433
14188,7339.395357059652
14189,6079.3580150820235
14190,13446.857850184873
14191,7404.609551273888
14192,4634.093121939335
14193,9754.492629825238
14194,9709.094308126467
14195,13406.1095779637
14196,5899.091499816362
14197,7574.876844138361
14198,7187.91277269335
14199,8892.711763996096
14200,6684.426128613821
14201,9155.438928734566
14202,3950.7452782976816
14203,7639.904100393843
14204,6766.123565711785
14205,7113.805186709534
14206,6974.776957130749
14207,8728.035581832833
14208,11008.392425522192
14209,6989.326570211377
14210,10786.804908124554
14211,8470.95556809607
14212,10267.992317632103
14213,6127.163397869651
14214,7547.513139458224
14215,8235.700334588659
14216,9341.029815051177
14217,10257.183530745957
14218,4697.960186189281
14219,9722.460232518984
14220,7942.106072944105
14221,8761.487924636824
14222,7175.692577566611
14223,5785.837517248223
14224,9641.07420996124
14225,7593.014903879266
14226,9697.755677395386
14227,8172.888603897331
14228,6945.593545645421
14229,8486.960221798972
14230,9049.390786634634
14231,8328.64810435153
14232,9456.047685808895
14233,7320.402729947331
14234,10199.781714679111
14235,12497.272306019959
14236,9479.775658501097
14237,5813.421152032065
14238,7303.6243411406895
14239,4210.1727879126765
14240,4297.3834430116685
14241,10296.0583294877
14242,6367.3083924539515
14243,10801.894499022914
14244,5343.365867356932
14245,6451.400578579918
14246,7218.326746267537
14247,10680.877813005793
14248,7874.520613580154
14249,6429.311962120102
14250,6547.833929782088
14251,9145.942975617487
14252,5877.867690475375
14253,8557.523683264448
14254,7955.308319983185
14255,11308.578049593207
14256,8690.370486159862
14257,7860.2065319053945
14258,6812.267746998794
14259,6308.285667330221
14260,5699.714946216809
14261,12655.200072835401
14262,10425.450430985684
14263,8714.853921524233
14264,16553.72595363705
14265,7981.682288266815
14266,6167.9848869697125
14267,8719.197645220791
14268,9611.232986232544
14269,11424.184573785693
14270,8352.890246381712
14271,9234.784094782559
14272,9697.638383766818
14273,8427.99936103989
14274,7803.966151978649
14275,6329.743604407753
14276,5892.573547411756
14277,5299.837128010878
14278,4972.739890606125
14279,6270.705794830429
14280,9240.408564760735
14281,18147.985353410484
14282,7613.723440698972
14283,5979.874521111948
14284,10290.302960474108
14285,6619.78467637964
14286,7389.015496474323
14287,4990.290878055597
14288,10042.10550959008
14289,6926.895701034828
14290,7486.898076963304
14291,16254.48429432225
14292,13414.832596100418
14293,6449.8894322033775
14294,7877.355589495243
14295,4482.059580843992
14296,6184.199642508756
14297,6473.3184505143545
14298,9031.323812060018
14299,5746.617238902402
14300,8633.229453526157
14301,7492.946418120277
14302,6036.654852545331
14303,8264.660125343198
14304,8286.974161949052
14305,4184.198445847162
14306,7963.182773592587
14307,9912.774588864233
14308,8828.705722669745
14309,6711.62093597055
14310,5997.333011954067
14311,9752.496032264475
14312,5538.07899726194
14313,11303.181479846957
14314,6025.276752816629
14315,6454.244352188744
14316,7807.191772021864
14317,6800.641989067532
14318,5954.945878530097
14319,6931.605412740039
14320,8621.674600900818
14321,10736.431165717915
14322,12013.11197241065
14323,6702.210863253492
14324,4951.039462317095
14325,6405.320108635475
14326,7232.062735431234
14327,5941.168750768065
14328,7977.795237318971
14329,7415.827890744875
14330,13630.397543924513
14331,8922.16728376661
14332,7343.305183047403
14333,8920.89150175448
14334,6275.928867063496
14335,10180.332455506488
14336,7100.670535934004
14337,15173.601611602453
14338,7420.680662694205
14339,5987.126287207203
14340,6465.607830684193
14341,5348.5019783969865
14342,8758.259815622285
14343,16423.190566822075
14344,5263.893194554677
14345,5281.970759329722
14346,10881.16168522082
14347,8085.127862569619
14348,8250.829235594043
14349,9166.545216205042
14350,7780.292849768444
14351,6137.15510799445
14352,5669.84088789411
14353,10758.126839510629
14354,7419.277593111137
14355,8827.214467333904
14356,8498.823225624978
14357,6199.729411350469
14358,8406.761220066985
14359,7330.618024200999
14360,5252.7447138017205
14361,10046.649406785713
14362,10006.468478548117
14363,5252.061576117587
14364,8366.141897553427
14365,7810.643145526516
14366,5889.748446233667
14367,9847.580681228086
14368,6840.91592241314
14369,8442.56032272449
14370,5571.4728978375415
14371,6319.458636079288
14372,7851.628591005753
14373,4685.709064616758
14374,8693.328083376662
14375,5959.572346356256
14376,7224.6190137362455
14377,5909.656429427992
14378,7016.711470652035
14379,7409.851544736059
14380,8147.671601255574
14381,8286.799734376733
14382,8322.790603225933
14383,7105.846792268183
14384,8643.44380955401
14385,7452.889756155615
14386,11888.647997008835
14387,9408.020476070036
14388,7635.709527342712
14389,5451.1347572808445
14390,7521.591481799975
14391,8744.231116864787
14392,5462.636397060455
14393,11386.02301366347
14394,5979.132093677866
14395,8150.002193249562
14396,9959.882329947834
14397,7731.774430912996
14398,4978.120909768689
14399,11923.260634504382
14400,11391.550131866148
14401,6583.723949963856
14402,12073.721114940618
14403,11280.182768993694
14404,6725.968118506886
14405,11230.246224980907
14406,8912.566769449455
14407,7238.714575114276
14408,7238.558234601698
14409,8266.787679088495
14410,5909.283246412529
14411,7978.591987498014
14412,8319.488924804918
14413,8372.939477130714
14414,9724.026100362056
14415,7786.360454687595
14416,8625.91162825655
14417,4826.909447081598
14418,9047.88394291003
14419,8000.682159558678
14420,7492.773028155876
14421,7859.833164155291
14422,8480.847736511398
14423,10520.43210308302
14424,6669.087830741969
14425,5893.505391113151
14426,7194.920942607833
14427,7674.757360036843
14428,9198.753711925805
14429,5935.704125351497
14430,5492.033358544963
14431,8360.727089332742
14432,8288.156671037297
14433,7004.100478191591
14434,8228.402418942896
14435,7796.219377320251
14436,8626.271857067766
14437,5557.8698796889375
14438,4104.456493269611
14439,8633.641145822643
14440,7905.398028110601
14441,9662.180817536348
14442,11411.763361973815
14443,10797.915525891593
14444,6316.875132542166
14445,9650.747375972946
14446,7048.002626762127
14447,3940.766782761746
14448,8849.2913364477
14449,13311.799720744679
14450,8465.135919497327
14451,9083.185105886896
14452,5970.112862345755
14453,8986.99564772817
14454,10385.045920867407
14455,8081.0615168630375
14456,9285.009548160173
14457,6272.955597539425
14458,5264.695523819703
14459,6234.644075868577
14460,6324.727100870535
14461,7163.892871732611
14462,5930.80742618528
14463,5412.538415071771
14464,5202.365386985154
14465,8147.157534136956
14466,9506.717663493371
14467,6920.370971057237
14468,7531.79048956294
14469,8409.229015910883
14470,6997.3797845512345
14471,5911.519953087653
14472,10007.461570758924
14473,8231.744114452036
14474,5666.316230561061
14475,4988.198237550804
14476,15894.35476584526
14477,7311.301669803233
14478,7267.422403889198
14479,9441.762747172368
14480,8248.283912337361
14481,9547.545554435845
14482,7339.308791064639
14483,7610.89976903751
14484,10732.369327383141
14485,16069.461147519145
14486,7190.906302256118
14487,6665.312496432491
14488,5738.13479950562
14489,8038.746097529104
14490,7172.2424154559985
14491,9235.704783091094
14492,10243.127706827312
14493,6729.145206172423
14494,5343.152308926389
14495,7241.529323816349
14496,10006.633647956945
14497,6103.595620417983
14498,8583.88074499112
14499,4609.263514381086
14500,8456.180498161151
14501,9856.60547711718
14502,8679.486717005731
14503,11658.701682634355
14504,7504.6331182814
14505,5153.827308751019
14506,7287.012959871107
14507,9304.102614299096
14508,10020.050474282547
14509,9067.730015789768
14510,8238.32884129552
14511,7485.372116906611
14512,5450.1896299338705
14513,11716.76334898791
14514,4892.605016397929
14515,12478.628001456873
14516,6947.916912249667
14517,4991.091430440476
14518,8323.027971420735
14519,7534.310024291868
14520,8618.178528549066
14521,9885.891597778127
14522,5116.168063115634
14523,5720.002087732527
14524,8230.925307514854
14525,10729.824677198616
14526,11711.640552602243
14527,6487.178246234154
14528,7442.2237141829155
14529,8401.50595181062
14530,7437.829718881267
14531,6432.559947854103
14532,12105.829449657795
14533,9724.224756599771
14534,13679.06839605643
14535,5279.607097379353
14536,7215.5289646179
14537,11930.793603313354
14538,8617.511851076215
14539,7057.497519358538
14540,11861.441600523662
14541,7826.336045641449
14542,6778.4016425314885
14543,6088.258783161283
14544,6530.286932116128
14545,6091.194751915144
14546,8242.41545347708
14547,6033.6114859303925
14548,5787.3121131412845
14549,11190.310640663256
14550,7725.790895980054
14551,24806.026113185282
14552,7586.2737360445735
14553,5816.523631212739
14554,10661.546882041936
14555,12727.097572591712
14556,9614.844191516819
14557,11401.588109025775
14558,7332.849927670282
14559,12432.637273737439
14560,13372.672741337095
14561,8203.174838092466
14562,11056.111007986294
14563,12509.772131216007
14564,10941.564313582321
14565,13192.875869597723
14566,11286.78744941183
14567,13341.075806292312
14568,9983.350613508226
14569,9157.841287858384
14570,18097.274004118997
14571,14885.857956987456
14572,19931.946743548117
14573,12693.990465461262
14574,6888.555280948627
14575,7947.199460116938
14576,9848.54505209415
14577,11773.862218137258
14578,18228.45988805451
14579,11682.033426908874
14580,10106.066452606217
14581,9191.5172681904
14582,5095.704817363194
14583,11161.261631694291
14584,17597.185387071262
14585,12509.301231405027
14586,7859.353094716556
14587,10388.422424361755
14588,13163.330525980553
14589,5235.6587951909205
14590,10898.651813145187
14591,7157.8904290154305
14592,12278.539416698497
14593,12895.332791024899
14594,7865.85704226905
14595,11631.084566200141
14596,12614.990154775776
14597,11886.960039770685
14598,9413.050190311675
14599,9351.011729459266
14600,17692.35606195267
14601,11322.990598157565
14602,12980.59534706307
14603,11747.412099890309
14604,13047.991180804494
14605,10095.409836989418
14606,14744.02104268607
14607,11728.948417432246
14608,6898.055062091499
14609,9429.285974941722
14610,8265.622774702428
14611,12240.581995851375
14612,12856.662163792085
14613,8923.579090153607
14614,10871.03686749117
14615,9813.88731442448
14616,13929.11077810098
14617,5701.51921354867
14618,16921.953899810087
14619,8463.366899225772
14620,9561.653055921977
14621,12749.077120851376
14622,10496.32536958793
14623,9837.137802525089
14624,10555.556850571
14625,11376.237557276052
14626,8850.270857572981
14627,11594.73321543979
14628,10727.445981254858
14629,14149.558918997673
14630,11447.888672129086
14631,13094.916170773668
14632,9582.4434789647
14633,15906.542980907981
14634,8872.686613007188
14635,6829.318526417209
14636,12168.331830197581
14637,7449.91613054266
14638,7723.537851345552
14639,12366.514938714792
14640,6654.283688478188
14641,13395.718092859022
14642,9115.283292518296
14643,12245.231948456774
14644,9829.160436057171
14645,6420.420192587642
14646,10775.285594357436
14647,11696.717334806575
14648,14398.780647394271
14649,11963.304637171652
14650,9715.712617417712
14651,6699.401410163367
14652,13282.991697461895
14653,13166.567873777361
14654,8145.0997653637205
14655,11048.750177616887
14656,12158.426853736175
14657,12562.942217044949
14658,11272.58706714364
14659,6277.984443632532
14660,10539.383154212614
14661,10183.957030370655
14662,8838.650910981994
14663,16952.2503796185
14664,11681.469483076497
14665,10273.945693892752
14666,13099.242714292957
14667,9202.354699124231
14668,10875.060982420357
14669,13676.412185334291
14670,12029.437764647935
14671,13942.600674802323
14672,8778.487335679027
14673,12332.235341350643
14674,8155.00548284318
14675,10141.259193456593
14676,13382.316539099784
14677,10968.39929681022
14678,9867.937004263713
14679,8512.903220165032
14680,11624.823872465515
14681,10373.341178954086
14682,10898.710084833465
14683,13686.515471641233
14684,8496.517023296146
14685,12188.541104038122
14686,7185.000098075127
14687,9117.170100098729
14688,11868.985370736289
14689,10359.553172133421
14690,12035.363944419965
14691,14203.111732614607
14692,8657.70123755003
14693,10027.921262400789
14694,8541.841911330497
14695,9046.0849251443
14696,8466.293361606535
14697,11496.5455826151
14698,10111.594699952782
14699,9494.790354907733
14700,14587.62900789317
14701,8664.456436542758
14702,6935.184408452657
14703,16353.735178515924
14704,9405.115791565966
14705,12173.765829201024
14706,10347.04569201387
14707,6579.183912035678
14708,8700.085267016995
14709,9191.311286299053
14710,13353.70879662989
14711,17719.902321080066
14712,10034.773894795562
14713,9834.23398523209
14714,6518.371718289836
14715,13538.770761879457
14716,11995.257524618355
14717,9547.054966459194
14718,10432.692833062363
14719,6268.182095890948
14720,13138.88177011147
14721,4535.2778524971745
14722,7022.652811416094
14723,8322.652305569301
14724,12913.842176323675
14725,10238.270948137646
14726,8990.917951756835
14727,8556.58415492922
14728,14907.673026639815
14729,10801.287774951435
14730,8288.659379418783
14731,12863.868197228388
14732,18056.76168888456
14733,11897.605803476758
14734,8655.079820655654
14735,8070.319175788904
14736,9840.229223914974
14737,9962.82046235726
14738,8520.59825535739
14739,11881.294036676041
14740,12298.223447456949
14741,9700.682566621794
14742,13995.684556017806
14743,11855.11267983814
14744,7742.644725502723
14745,9334.558890824648
14746,24404.20677427397
14747,18378.846701450515
14748,9360.740496332917
14749,12388.603321817072
14750,9697.835021392008
14751,13247.32422902016
14752,9460.076842092549
14753,13131.36020261683
14754,21109.961984910504
14755,10746.019489617409
14756,9662.831402680651
14757,10925.477102933533
14758,7253.697457470893
14759,15128.815937303878
14760,10628.705944348607
14761,11826.972921127559
14762,12352.969017316014
14763,10888.813879871763
14764,8823.22435169079
14765,10659.167333391644
14766,14318.718803391053
14767,8619.190293303916
14768,8428.604331610124
14769,10179.832353496522
14770,9943.203154371342
14771,7388.195716631279
14772,11165.064536260865
14773,11887.365006575941
14774,8738.09645149046
14775,11509.760107712546
14776,8857.319149281275
14777,9468.961516155669
14778,7110.48005615416
14779,11073.86516313861
14780,11083.413651899577
14781,10189.320061543118
14782,11380.672352109877
14783,7321.333884781317
14784,13352.231735589567
14785,9868.48524100899
14786,10180.192939924023
14787,9173.270464645733
14788,9211.102072073949
14789,14154.147974993137
14790,8778.043906039222
14791,13416.076157934387
14792,10262.969847485845
14793,9195.247084301322
14794,8918.295450896327
14795,6599.410051101678
14796,15382.975239357862
14797,10856.089307237698
14798,11709.550761782075
14799,21709.188768083226
14800,10297.545086504184
14801,7366.806607174688
14802,7349.734050263289
14803,6629.667205795021
14804,10027.373354888323
14805,12738.627874667865
14806,11547.87608052895
14807,13146.28151099811
14808,13235.088630272498
14809,26844.510926115545
14810,13291.098683074275
14811,6657.524466774583
14812,13664.719765304146
14813,13885.667803599175
14814,10173.541748731472
14815,8046.162649829746
14816,15879.947790501159
14817,12659.256702870656
14818,16232.819981837609
14819,7547.11874625701
14820,10159.129510783327
14821,12898.670400821402
14822,12162.2766394118
14823,12428.624736124984
14824,11157.177839505051
14825,12860.51899768532
14826,8389.882351867478
14827,12106.617655543801
14828,12231.44574651583
14829,7681.454248164418
14830,16287.643147916628
14831,9199.385744188177
14832,13134.129834580019
14833,9757.300091340388
14834,9600.482133626178
14835,9411.605380460907
14836,7939.713270851697
14837,9442.370929357794
14838,13581.099359856818
14839,9293.975220779606
14840,12795.333914284463
14841,12331.626366022865
14842,11885.132810017167
14843,9635.532747431032
14844,6614.322382493516
14845,12118.888342213342
14846,21450.607246297775
14847,11606.182866794497
14848,12783.821065254184
14849,14916.155908034045
14850,15826.229832713183
14851,14567.265454306867
14852,11259.381674519926
14853,11764.110943338266
14854,9404.23057951036
14855,12411.13329459411
14856,6006.6675524953625
14857,11469.932544446568
14858,11025.64680109025
14859,11082.969002969254
14860,10841.852322770717
14861,13848.769328194463
14862,12141.352010644667
14863,8616.562198015738
14864,8784.647620097227
14865,8307.752719084838
14866,14261.426758881467
14867,10543.65329748803
14868,13493.609343556918
14869,13250.467256285388
14870,10720.183133600065
14871,13264.65885728405
14872,9605.54798681742
14873,15082.165229873142
14874,11971.035909718594
14875,7876.963191646589
14876,10073.507731518486
14877,10341.747294526549
14878,6042.970986757681
14879,14470.912911735926
14880,5120.5287645278695
14881,7313.493980713731
14882,15594.853677364299
14883,12598.92804617768
14884,8848.611655987803
14885,11374.432137350064
14886,12623.700315609589
14887,14887.088837643567
14888,8761.495320545871
14889,11270.312301636624
14890,5102.95012477147
14891,8445.983389546085
14892,9459.761876301476
14893,8272.742269159762
14894,9802.258103758817
14895,9393.2133960688
14896,7950.625988218483
14897,12893.499504252537
14898,17967.11686965812
14899,10587.61994210017
14900,11751.476913801076
14901,12456.23337757169
14902,11458.799011072204
14903,9511.172783891647
14904,9285.605058039182
14905,9593.868563932338
14906,10709.244631513722
14907,11530.118569655026
14908,10880.234434064301
14909,9788.63717917531
14910,11729.505905461709
14911,12673.657764637994
14912,16015.100093274625
14913,8087.046865096443
14914,17025.829659316172
14915,9948.067555733483
14916,7860.504193127426
14917,5094.862838014926
14918,9440.788839227505
14919,11349.150921189923
14920,8509.360529841586
14921,9563.372638764535
14922,12599.514747974246
14923,10704.77544776874
14924,12798.019558302803
14925,5895.086292310945
14926,10780.03129377034
14927,14963.296015220893
14928,12981.79960118558
14929,15915.282075044839
14930,11672.276847974741
14931,11890.650949936144
14932,9548.722459076527
14933,8381.174107087358
14934,14255.889865085073
14935,7576.150377235509
14936,20188.484635355664
14937,9546.27188836164
14938,8211.140698414332
14939,10759.703465145962
14940,15227.005070230432
14941,14889.866602906817
14942,13328.229464031067
14943,11396.264658877
14944,7061.751444965165
14945,13437.92690307791
14946,11994.676228091352
14947,8703.30129656536
14948,9395.326824313759
14949,9431.078576246473
14950,13849.105018801205
14951,11137.725662505878
14952,13985.591214632334
14953,7630.052703778202
14954,13486.948508026286
14955,11457.127096426599
14956,13727.524522746407
14957,18596.107892176457
14958,10621.999056812856
14959,7129.065607680221
14960,6788.339729970332
14961,13885.746408353087
14962,15885.007942213237
14963,14919.077785171528
14964,12228.117826508684
14965,10062.71509716509
14966,10542.872081590795
14967,6306.503276681107
14968,11008.951106900024
14969,14803.305485848216
14970,11831.73206357042
14971,12313.3328884973
14972,7080.688662740039
14973,9736.85982984907
14974,13691.975846843605
14975,8622.653225519573
14976,6124.871912742286
14977,7739.249285919146
14978,9602.49998268398
14979,14578.723353024421
14980,11566.484039259116
14981,7163.800890119891
14982,12583.541462681289
14983,6974.036774965229
14984,4734.328183649684
14985,10150.217351090689
14986,21450.22846357074
14987,10038.871742673178
14988,13027.497614138312
14989,10857.693629109452
14990,9485.321130290464
14991,12453.068284308954
14992,13925.346411726427
14993,6153.967078180078
14994,11745.515576490503
14995,15705.414930389057
14996,9480.059973435966
14997,13651.228648501781
14998,13580.953821548634
14999,13989.107877793991
15000,12149.796527785924
15001,11756.149519794038
15002,11605.249334834283
15003,9131.922508874302
15004,10276.767964217797
15005,12435.82687698658
15006,7583.178352679184
15007,19849.035468900373
15008,15095.054550083687
15009,8673.413767076516
15010,7471.45853111268
15011,9971.284809766215
15012,13774.79852571844
15013,6338.364501892726
15014,12002.129143583885
15015,7706.117822480798
15016,9959.803946917458
15017,12557.645535268653
15018,11050.932699158428
15019,10474.604391697356
15020,12628.873970608636
15021,11313.568242316283
15022,12391.80790336641
15023,7114.818662802883
15024,9938.864815927924
15025,14641.777630319031
15026,13624.223688892938
15027,14115.652032139651
15028,10020.208866822824
15029,7938.393777310925
15030,10177.819688454521
15031,8178.148407404686
15032,6303.013083118269
15033,13170.939824078698
15034,10180.765844797963
15035,8299.421526865293
15036,10039.818076492114
15037,9920.399377928441
15038,13056.662138016396
15039,15851.268341810235
15040,9549.925185589853
15041,11309.142425688862
15042,12737.947553600174
15043,9064.535771981284
15044,8254.802481810972
15045,6856.007391364645
15046,16404.557333759636
15047,11196.634264946475
15048,13110.051626691937
15049,10466.382217840983
15050,12384.210220011375
15051,14942.516531492765
15052,6959.466412374093
15053,9003.897266446944
15054,9639.267521783342
15055,10542.749616634825
15056,11142.242063759768
15057,11672.799420102901
15058,10728.22801391664
15059,11051.065367521363
15060,12862.838384213746
15061,8563.930769451696
15062,10707.797628663
15063,9950.26017703538
15064,13827.724505147633
15065,8102.447945312406
15066,13339.539972269558
15067,10735.709765042227
15068,13069.82329209982
15069,7712.081395590517
15070,8872.171528434803
15071,13527.1834239218
15072,11562.729410030328
15073,10088.804425420167
15074,11163.704271825394
15075,9650.550703574201
15076,11484.486146846613
15077,13851.929277852052
15078,6569.75378476958
15079,10610.418106283294
15080,14092.10144046305
15081,12511.12562023026
15082,12001.219536324825
15083,10197.198474926174
15084,7986.25020953801
15085,15286.046406523303
15086,10573.218322717014
15087,14984.32408390465
15088,11059.024812424332
15089,13865.650598774075
15090,11386.522504057213
15091,15704.332223829268
15092,11624.129065885098
15093,10470.220243102356
15094,13666.17757845178
15095,8514.78957131349
15096,4769.160194199075
15097,12048.56176209635
15098,10934.722754626093
15099,13521.678206759621
15100,10752.753937645128
15101,12945.204574064817
15102,10714.746219741048
15103,15198.240739255838
15104,14149.670452858412
15105,10636.837537337104
15106,14180.1193009302
15107,10539.391656653874
15108,9223.520013822777
15109,10806.570286095528
15110,13206.771292928566
15111,12457.333108035755
15112,9505.38249188067
15113,9375.768211247761
15114,7602.7767747582375
15115,6800.002573771879
15116,10293.092887112069
15117,15468.32481155301
15118,14525.902972606338
15119,9764.12677002949
15120,16884.866769425666
15121,8890.833868756288
15122,10825.644693530408
15123,11622.609649947271
15124,11652.905458627998
15125,16347.569952088847
15126,11011.775136119368
15127,11302.350885802403
15128,12718.962435941577
15129,9880.746719707966
15130,14316.619766621536
15131,10821.945595678359
15132,9404.238942648852
15133,9760.47212226662
15134,6116.79782130649
15135,10801.259245312824
15136,12842.467406326863
15137,26294.784133132387
15138,10105.346461161145
15139,6911.332081191096
15140,12042.850672357868
15141,15458.011273359674
15142,8660.991860208525
15143,5828.465564479637
15144,13746.035408153939
15145,9090.712007871283
15146,9521.4469328323
15147,19524.711230790443
15148,13825.41813121089
15149,9160.705259561175
15150,10184.633719455576
15151,5596.541124421011
15152,7308.380502858253
15153,8651.838416096156
15154,14660.303640184975
15155,10633.270040941426
15156,15235.058056166054
15157,9882.735643849612
15158,10727.671939853446
15159,11464.915129813813
15160,8241.023620982778
15161,6011.311374818202
15162,10681.956971171418
15163,12618.003807557034
15164,14521.15664097585
15165,9370.351644747863
15166,10937.27820033479
15167,11876.235474403069
15168,9214.14817130376
15169,13615.914270478004
15170,7151.701290473416
15171,8082.041146678269
15172,8764.230968509433
15173,10610.936494892358
15174,10516.32179592801
15175,8574.368524263577
15176,10419.50139631447
15177,13346.835937013515
15178,14997.736766775948
15179,7913.621401909552
15180,5506.6670706931955
15181,8109.6363053491605
15182,10570.797740092421
15183,7087.433606673555
15184,10827.519949435362
15185,8016.440151479022
15186,14036.721877087613
15187,13586.1283888919
15188,8849.746623178562
15189,10105.989872889113
15190,8671.251081529581
15191,12383.91926125155
15192,8342.536456265956
15193,16946.58189807415
15194,10408.775669244154
15195,16401.139939086806
15196,11009.929353965481
15197,6503.607944803856
15198,9857.914249293606
15199,24346.860238045825
15200,12589.817340882071
15201,9412.345243863507
15202,16479.246216158837
15203,9574.120640458912
15204,14200.950198275363
15205,11698.698226464438
15206,11668.146812756684
15207,13132.539257579841
15208,10173.34938817555
15209,12878.329925320017
15210,9372.652938709984
15211,9780.433495713996
15212,9611.717945737655
15213,9668.659264942658
15214,10499.823559186962
15215,8576.445570999154
15216,12387.064363635545
15217,14276.175665360188
15218,11272.774354108486
15219,12141.014037634885
15220,10992.744522044055
15221,8800.264333337114
15222,7258.627347933115
15223,13384.303401174717
15224,9200.48052607237
15225,14220.599007149714
15226,7005.957597657501
15227,9917.117333652457
15228,8484.22112208689
15229,9718.762016357827
15230,11076.611805510009
15231,7526.336537518038
15232,8391.015741985953
15233,6913.15813229551
15234,9493.027480130095
15235,7476.694676406665
15236,9798.600125606208
15237,11596.550529950446
15238,11213.220378036178
15239,10854.097398906648
15240,8138.679565758586
15241,9783.866601581425
15242,13066.445073415149
15243,12977.443662112444
15244,9207.781513073529
15245,8908.81928841747
15246,10306.096252818736
15247,11277.499757302658
15248,8432.309577179358
15249,15034.583442331965
15250,12989.156732015063
15251,10253.686513885623
15252,11919.280779641631
15253,7803.776107487244
15254,10247.498510561592
15255,9192.409722706214
15256,14168.09842945453
15257,7974.006837094282
15258,12507.771555621277
15259,11112.652168305634
15260,11994.087331496936
15261,10191.437934026757
15262,10086.416233887589
15263,9979.980406993333
15264,9205.720398470468
15265,10462.864542221272
15266,11147.668522190526
15267,10941.18204888739
15268,14542.823723803242
15269,10466.58654075899
15270,8254.10708584634
15271,8724.138405814057
15272,9501.99605047262
15273,12652.145723673257
15274,14592.57594035376
15275,13598.20604363284
15276,8661.215757453949
15277,9145.810150455578
15278,11412.355009175464
15279,12589.792208341725
15280,8953.699415299568
15281,9716.88703629704
15282,13153.17664668991
15283,8960.32017838988
15284,10737.84689288046
15285,6702.522480347903
15286,9289.968989734596
15287,9520.512757577386
15288,8191.647405405264
15289,8774.35366721653
15290,14848.988631522718
15291,8141.578013964171
15292,10474.15314380881
15293,12708.854540662764
15294,11522.817743069836
15295,9109.667892302956
15296,9024.620358722876
15297,11084.182973803974
15298,11316.15252660081
15299,12294.444597173255
15300,7207.673642145781
15301,13099.589183971259
15302,15636.337629650321
15303,8067.89297658387
15304,14283.844406048029
15305,15178.263011044508
15306,13812.08933974359
15307,12060.609169635803
15308,10729.550022604848
15309,11506.649370045185
15310,13873.105518967963
15311,13824.169649711395
15312,13423.634816793503
15313,10760.729515644489
15314,6555.148772786853
15315,10013.834013266145
15316,7876.4287259879775
15317,8611.293831858922
15318,11172.760912202473
15319,12411.823982590935
15320,7804.713608483838
15321,12076.826820586104
15322,13004.584943765252
15323,14333.194237694326
15324,8543.155408356639
15325,10900.904834020641
15326,8147.855275944984
15327,8558.317046227463
15328,9678.432166247152
15329,12449.06217588552
15330,13656.555886474638
15331,10047.54674398559
15332,23566.423818223448
15333,12816.547060297546
15334,13067.358396685831
15335,16664.221559829064
15336,11280.413870811379
15337,12074.445606565934
15338,8150.449137938122
15339,8991.352837290975
15340,12200.434205999882
15341,25198.805745806825
15342,10071.369090370416
15343,8254.927700055952
15344,9235.893493533427
15345,9653.545315771646
15346,8033.891152718627
15347,11551.70722609421
15348,11302.238562833407
15349,9495.378860507612
15350,8543.769308240782
15351,10632.638843703078
15352,11198.342847865795
15353,8767.170473593404
15354,14496.227055245196
15355,9439.178726095799
15356,12990.162690558373
15357,13065.51743614722
15358,9157.2213770886
15359,13739.192037638017
15360,7119.5823163188315
15361,12780.074866534607
15362,8663.613552194402
15363,10570.583633351342
15364,11800.59657962566
15365,8816.866262605861
15366,10867.34636373268
15367,10284.218381926894
15368,7275.033962640224
15369,13016.720036169538
15370,10455.105280110669
15371,14352.239041344299
15372,9188.426708054943
15373,13307.308508792674
15374,10763.186558575413
15375,9913.045223004417
15376,11305.901627970881
15377,13305.261601486529
15378,6521.632116672328
15379,10937.455489993663
15380,13541.08966022604
15381,15221.29486642524
15382,11862.168759253
15383,8846.534937171189
15384,9807.072858824182
15385,11834.38308897397
15386,9244.228467336121
15387,10030.479708151324
15388,14567.972987510708
15389,13029.07639829214
15390,12298.554730073842
15391,9455.182889862159
15392,11023.716351646719
15393,11393.229799874658
15394,11806.968064608634
15395,11468.78241469642
15396,15001.230791054031
15397,9973.204517522077
15398,7980.452319180818
15399,10022.2293240787
15400,8150.54124791875
15401,9736.699741260372
15402,11197.709154985794
15403,11060.740186879555
15404,9983.445953242017
15405,14908.167397581043
15406,8210.582357644218
15407,25141.278432822084
15408,12706.817405495649
15409,0.0
15410,0.0
15411,0.0
15412,0.0
15413,0.0
15414,0.0
15415,0.0
15416,0.0
15417,0.0
15418,0.0
15419,0.0
15420,0.0
15421,0.0
15422,0.0
15423,0.0
15424,0.0
15425,0.0
15426,0.0
15427,0.0
15428,0.0
15429,0.0
15430,0.0
15431,0.0
15432,0.0
15433,0.0
15434,0.0
15435,0.0
15436,0.0
15437,0.0
15438,0.0
15439,0.0
15440,0.0
15441,0.0
15442,0.0
15443,0.0
15444,0.0
15445,0.0
15446,0.0
15447,0.0
15448,0.0
15449,0.0
15450,0.0
15451,0.0
15452,0.0
15453,0.0
15454,0.0
15455,0.0
15456,0.0
15457,0.0
15458,0.0
15459,0.0
15460,0.0
15461,0.0
15462,0.0
15463,0.0
15464,0.0
15465,0.0
15466,0.0
15467,0.0
15468,0.0
15469,0.0
15470,0.0
15471,0.0
15472,0.0
15473,0.0
15474,0.0
15475,0.0
15476,0.0
15477,0.0
15478,0.0
15479,0.0
15480,0.0
15481,0.0
15482,0.0
15483,0.0
15484,0.0
15485,0.0
15486,0.0
15487,0.0
15488,0.0
15489,0.0
15490,0.0
15491,0.0
15492,0.0
15493,0.0
15494,0.0
15495,0.0
15496,0.0
15497,0.0
15498,0.0
15499,0.0
15500,3533.643653840741
15501,0.0
15502,0.0
15503,0.0
15504,0.0
15505,0.0
15506,0.0
15507,0.0
15508,0.0
15509,0.0
15510,0.0
15511,0.0
15512,0.0
15513,0.0
15514,0.0
15515,0.0
15516,0.0
15517,0.0
15518,0.0
15519,0.0
15520,0.0
15521,0.0
15522,0.0
15523,0.0
15524,0.0
15525,0.0
15526,0.0
15527,0.0
15528,0.0
15529,0.0
15530,0.0
15531,0.0
15532,0.0
15533,0.0
15534,0.0
15535,0.0
15536,0.0
15537,0.0
15538,0.0
15539,0.0
15540,0.0
15541,0.0
15542,0.0
15543,0.0
15544,0.0
15545,0.0
15546,0.0
15547,0.0
15548,0.0
15549,0.0
15550,0.0
15551,0.0
15552,0.0
15553,0.0
15554,0.0
15555,0.0
15556,0.0
15557,0.0
15558,0.0
15559,0.0
15560,0.0
15561,0.0
15562,0.0
15563,0.0
15564,0.0
15565,0.0
15566,0.0
15567,0.0
15568,2714.259321416329
15569,0.0
15570,0.0
15571,0.0
15572,0.0
15573,0.0
15574,0.0
15575,0.0
15576,0.0
15577,0.0
15578,0.0
15579,0.0
15580,0.0
15581,0.0
15582,0.0
15583,0.0
15584,0.0
15585,0.0
15586,0.0
15587,0.0
15588,0.0
15589,0.0
15590,0.0
15591,0.0
15592,0.0
15593,0.0
15594,0.0
15595,0.0
15596,0.0
15597,0.0
15598,0.0
15599,0.0
15600,0.0
15601,0.0
15602,0.0
15603,0.0
15604,0.0
15605,0.0
15606,0.0
15607,0.0
15608,0.0
15609,16655.753416667605
15610,27552.443786574528
15611,0.0
15612,0.0
15613,0.0
15614,0.0
15615,0.0
15616,0.0
15617,0.0
15618,7624.696530676024
15619,0.0
15620,0.0
15621,0.0
15622,0.0
15623,0.0
15624,0.0
15625,0.0
15626,0.0
15627,0.0
15628,0.0
15629,0.0
15630,0.0
15631,0.0
15632,0.0
15633,0.0
15634,0.0
15635,0.0
15636,0.0
15637,4062.389972152033
15638,0.0
15639,0.0
15640,0.0
15641,0.0
15642,0.0
15643,0.0
15644,0.0
15645,0.0
15646,0.0
15647,2836.7116135963697
15648,0.0
15649,0.0
15650,0.0
15651,0.0
15652,0.0
15653,0.0
15654,0.0
15655,0.0
15656,0.0
15657,0.0
15658,0.0
15659,0.0
15660,0.0
15661,0.0
15662,0.0
15663,0.0
15664,0.0
15665,8790.455640586537
15666,0.0
15667,0.0
15668,0.0
15669,0.0
15670,0.0
15671,0.0
15672,0.0
15673,0.0
15674,0.0
15675,0.0
15676,0.0
15677,0.0
15678,0.0
15679,0.0
15680,0.0
15681,0.0
15682,9332.137424598275
15683,0.0
15684,0.0
15685,0.0
15686,0.0
15687,0.0
15688,0.0
15689,0.0
15690,0.0
15691,0.0
15692,0.0
15693,0.0
15694,0.0
15695,0.0
15696,0.0
15697,0.0
15698,0.0
15699,0.0
15700,0.0
15701,0.0
15702,0.0
15703,0.0
15704,0.0
15705,0.0
15706,0.0
15707,0.0
15708,0.0
15709,0.0
15710,0.0
15711,0.0
15712,0.0
15713,0.0
15714,0.0
15715,0.0
15716,0.0
15717,0.0
15718,0.0
15719,0.0
15720,0.0
15721,0.0
15722,0.0
15723,0.0
15724,0.0
15725,0.0
15726,0.0
15727,0.0
15728,0.0
15729,0.0
15730,0.0
15731,0.0
15732,0.0
15733,0.0
15734,0.0
15735,0.0
15736,0.0
15737,0.0
15738,0.0
15739,0.0
15740,0.0
15741,0.0
15742,0.0
15743,0.0
15744,1736.1865658312279
15745,0.0
15746,0.0
15747,0.0
15748,0.0
15749,0.0
15750,0.0
15751,0.0
15752,0.0
15753,0.0
15754,0.0
15755,0.0
15756,0.0
15757,0.0
15758,4542.5631486460325
15759,0.0
15760,0.0
15761,0.0
15762,0.0
15763,0.0
15764,0.0
15765,0.0
15766,0.0
15767,0.0
15768,0.0
15769,0.0
15770,0.0
15771,0.0
15772,0.0
15773,0.0
15774,0.0
15775,0.0
15776,0.0
15777,0.0
15778,0.0
15779,0.0
15780,0.0
15781,0.0
15782,0.0
15783,0.0
15784,0.0
15785,0.0
15786,0.0
15787,0.0
15788,0.0
15789,0.0
15790,0.0
15791,0.0
15792,0.0
15793,0.0
15794,0.0
15795,0.0
15796,0.0
15797,0.0
15798,0.0
15799,0.0
15800,0.0
15801,7928.583588153935
15802,0.0
15803,0.0
15804,0.0
15805,0.0
15806,0.0
15807,0.0
15808,0.0
15809,0.0
15810,0.0
15811,2300.284075036892
15812,0.0
15813,0.0
15814,0.0
15815,4739.377654303773
15816,0.0
15817,0.0
15818,0.0
15819,0.0
15820,0.0
15821,0.0
15822,0.0
15823,0.0
15824,0.0
15825,0.0
15826,0.0
15827,0.0
15828,0.0
15829,0.0
15830,0.0
15831,0.0
15832,0.0
15833,0.0
15834,0.0
15835,0.0
15836,0.0
15837,0.0
15838,0.0
15839,0.0
15840,0.0
15841,0.0
15842,19963.07911623099
15843,0.0
15844,0.0
15845,0.0
15846,0.0
15847,0.0
15848,0.0
15849,0.0
15850,0.0
15851,0.0
15852,0.0
15853,0.0
15854,0.0
15855,0.0
15856,5805.244922135054
15857,0.0
15858,0.0
15859,0.0
15860,0.0
15861,0.0
15862,0.0
15863,0.0
15864,0.0
15865,0.0
15866,0.0
15867,0.0
15868,0.0
15869,0.0
15870,0.0
15871,0.0
15872,0.0
15873,0.0
15874,0.0
15875,0.0
15876,0.0
15877,0.0
15878,0.0
15879,0.0
15880,0.0
15881,0.0
15882,0.0
15883,0.0
15884,0.0
15885,0.0
15886,0.0
15887,0.0
15888,0.0
15889,0.0
15890,0.0
15891,0.0
15892,0.0
15893,0.0
15894,0.0
15895,0.0
15896,0.0
15897,0.0
15898,0.0
15899,0.0
15900,0.0
15901,0.0
15902,0.0
15903,0.0
15904,0.0
15905,0.0
15906,0.0
15907,0.0
15908,0.0
15909,0.0
15910,0.0
15911,0.0
15912,0.0
15913,0.0
15914,0.0
15915,0.0
15916,0.0
15917,0.0
15918,0.0
15919,0.0
15920,0.0
15921,0.0
15922,0.0
15923,0.0
15924,0.0
15925,0.0
15926,0.0
15927,0.0
15928,0.0
15929,0.0
15930,0.0
15931,13689.155267562506
15932,0.0
15933,0.0
15934,0.0
15935,0.0
15936,0.0
15937,0.0
15938,0.0
15939,0.0
15940,0.0
15941,0.0
15942,0.0
15943,0.0
15944,0.0
15945,0.0
15946,0.0
15947,0.0
15948,0.0
15949,0.0
15950,0.0
15951,0.0
15952,0.0
15953,0.0
15954,0.0
15955,0.0
15956,0.0
15957,0.0
15958,0.0
15959,0.0
15960,0.0
15961,0.0
15962,0.0
15963,0.0
15964,0.0
15965,0.0
15966,0.0
15967,0.0
15968,0.0
15969,0.0
15970,0.0
15971,0.0
15972,0.0
15973,0.0
15974,0.0
15975,3212.428893775172
15976,16333.002821711825
15977,0.0
15978,0.0
15979,0.0
15980,0.0
15981,0.0
15982,0.0
15983,0.0
15984,0.0
15985,0.0
15986,0.0
15987,0.0
15988,0.0
15989,0.0
15990,0.0
15991,0.0
15992,0.0
15993,0.0
15994,0.0
15995,0.0
15996,0.0
15997,0.0
15998,0.0
15999,0.0
16000,0.0
16001,0.0
16002,0.0
16003,0.0
16004,12983.936279886824
16005,0.0
16006,0.0
16007,0.0
16008,0.0
16009,0.0
16010,0.0
16011,0.0
16012,0.0
16013,0.0
16014,0.0
16015,0.0
16016,0.0
16017,0.0
16018,0.0
16019,0.0
16020,0.0
16021,0.0
16022,0.0
16023,0.0
16024,0.0
16025,0.0
16026,0.0
16027,0.0
16028,0.0
16029,0.0
16030,0.0
16031,0.0
16032,0.0
16033,0.0
16034,0.0
16035,0.0
16036,0.0
16037,0.0
16038,0.0
16039,0.0
16040,0.0
16041,0.0
16042,0.0
16043,0.0
16044,0.0
16045,0.0
16046,0.0
16047,0.0
16048,0.0
16049,0.0
16050,0.0
16051,0.0
16052,0.0
16053,0.0
16054,0.0
16055,0.0
16056,0.0
16057,0.0
16058,0.0
16059,0.0
16060,0.0
16061,0.0
16062,0.0
16063,0.0
16064,0.0
16065,0.0
16066,0.0
16067,0.0
16068,0.0
16069,0.0
16070,0.0
16071,0.0
16072,0.0
16073,0.0
16074,2427.8841796059864
16075,0.0
16076,0.0
16077,0.0
16078,2289.508621710806
16079,0.0
16080,0.0
16081,0.0
16082,0.0
16083,0.0
16084,0.0
16085,0.0
16086,0.0
16087,0.0
16088,0.0
16089,0.0
16090,0.0
16091,0.0
16092,0.0
16093,0.0
16094,0.0
16095,0.0
16096,0.0
16097,0.0
16098,0.0
16099,0.0
16100,0.0
16101,0.0
16102,0.0
16103,0.0
16104,0.0
16105,0.0
16106,0.0
16107,0.0
16108,0.0
16109,0.0
16110,0.0
16111,0.0
16112,0.0
16113,0.0
16114,0.0
16115,0.0
16116,0.0
16117,0.0
16118,0.0
16119,0.0
16120,0.0
16121,0.0
16122,0.0
16123,0.0
16124,0.0
16125,0.0
16126,0.0
16127,0.0
16128,0.0
16129,3078.6950231559813
16130,0.0
16131,0.0
16132,0.0
16133,0.0
16134,0.0
16135,0.0
16136,0.0
16137,0.0
16138,0.0
16139,0.0
16140,0.0
16141,0.0
16142,0.0
16143,0.0
16144,11427.30704770432
16145,0.0
16146,0.0
16147,0.0
16148,0.0
16149,0.0
16150,0.0
16151,0.0
16152,0.0
16153,0.0
16154,0.0
16155,0.0
16156,0.0
16157,0.0
16158,0.0
16159,0.0
16160,0.0
16161,0.0
16162,0.0
16163,0.0
16164,0.0
16165,0.0
16166,0.0
16167,0.0
16168,0.0
16169,0.0
16170,0.0
16171,0.0
16172,0.0
16173,0.0
16174,0.0
16175,0.0
16176,0.0
16177,0.0
16178,0.0
16179,0.0
16180,0.0
16181,0.0
16182,0.0
16183,0.0
16184,0.0
16185,0.0
16186,0.0
16187,0.0
16188,0.0
16189,0.0
16190,0.0
16191,0.0
16192,0.0
16193,0.0
16194,0.0
16195,0.0
16196,0.0
16197,0.0
16198,0.0
16199,0.0
16200,0.0
16201,0.0
16202,0.0
16203,0.0
16204,0.0
16205,0.0
16206,0.0
16207,0.0
16208,4377.038232337107
16209,0.0
16210,0.0
16211,0.0
16212,0.0
16213,0.0
16214,0.0
16215,0.0
16216,0.0
16217,0.0
16218,0.0
16219,0.0
16220,0.0
16221,0.0
16222,0.0
16223,0.0
16224,0.0
16225,0.0
16226,0.0
16227,0.0
16228,0.0
16229,0.0
16230,0.0
16231,0.0
16232,0.0
16233,0.0
16234,0.0
16235,0.0
16236,0.0
16237,0.0
16238,0.0
16239,0.0
16240,0.0
16241,0.0
16242,0.0
16243,0.0
16244,0.0
16245,0.0
16246,0.0
16247,0.0
16248,0.0
16249,13548.455799974532
16250,5169.557207125391
16251,0.0
16252,0.0
16253,0.0
16254,0.0
16255,0.0
16256,0.0
16257,0.0
16258,0.0
16259,0.0
16260,0.0
16261,0.0
16262,0.0
16263,0.0
16264,0.0
16265,4878.9180037834985
16266,4260.409572233322
16267,6482.271277838722
16268,4006.0002161465977
16269,6159.5970487838285
16270,5001.060046139197
16271,6213.458813667181
16272,6498.266037097256
16273,4710.684277594955
16274,3886.4953586422785
16275,6181.166932150527
16276,5706.055862097779
16277,4756.909400512885
16278,6575.623500979414
16279,5991.237285178874
16280,3482.1354664737246
16281,4402.22510086482
16282,8806.697940186576
16283,9393.909639700983
16284,6974.979051726053
16285,7291.252927757913
16286,3679.0290699814896
16287,5232.025988618689
16288,2438.4448920026057
16289,7776.667548607439
16290,9089.919475263427
16291,8629.514763220697
16292,6447.7315148192865
16293,3599.952666558458
16294,4789.135281925675
16295,6139.6043302195085
16296,7967.261835775334
16297,4650.083690242893
16298,6255.978410445765
16299,4082.6395831697555
16300,6440.600514511183
16301,2642.56158272687
16302,7674.851680892144
16303,4347.941571425307
16304,7456.4410536100495
16305,6378.375110947318
16306,4426.457269408259
16307,7490.904602785287
16308,7001.118225094608
16309,4748.4279972527465
16310,3693.1064633385436
16311,7609.692304963831
16312,11040.472121582963
16313,5734.524030924485
16314,6146.737182726589
16315,9562.725088536467
16316,7807.526293593658
16317,5927.908929669761
16318,6912.139079216792
16319,2292.101481384886
16320,2637.8323897966065
16321,4977.095720031432
16322,6125.564022282306
16323,8097.047925231381
16324,7471.463470379809
16325,4325.176253750108
16326,8579.679290612983
16327,6549.204325591077
16328,4813.99341867528
16329,2736.046305519227
16330,10112.996068446788
16331,3649.9369018458074
16332,7245.538508907759
16333,7955.271917094344
16334,4102.36801454836
16335,5873.50090945166
16336,3131.51338443501
16337,6006.895586502723
16338,5638.984068145905
16339,5982.775641895686
16340,8519.723693930724
16341,6108.546253845826
16342,6016.947573359732
16343,3561.985292688134
16344,7280.947131162825
16345,12983.14853620456
16346,5782.368110278577
16347,3359.315972048964
16348,6284.927149508549
16349,5799.229878352451
16350,6478.095527074807
16351,9787.696784197873
16352,2630.6847939767376
16353,7425.792811281107
16354,5028.3701367722515
16355,6373.1627928704
16356,7280.883116785583
16357,2919.478432497241
16358,4508.260889945161
16359,5417.676367305082
16360,8290.756029182527
16361,7884.74162629813
16362,4670.336159644274
16363,4762.099644062636
16364,8126.595132403817
16365,6095.336129933317
16366,3987.491939127865
16367,5290.062613206238
16368,4741.422544030316
16369,6841.115607331395
16370,6312.0541553152725
16371,3070.747307840035
16372,6138.259204609119
16373,5974.6711789696765
16374,7203.016450356835
16375,7619.9375365055985
16376,7736.992203297003
16377,4149.298357606892
16378,7953.57904605665
16379,3371.103438905594
16380,3665.754113278061
16381,7849.4694781793505
16382,7169.115269908198
16383,7203.886945804092
16384,9601.806838887424
16385,6848.680325320191
16386,5188.988828018749
16387,7124.873239130294
16388,7288.670153060175
16389,3425.506271065493
16390,2992.654333869114
16391,5721.539189188262
16392,4625.040391855693
16393,4621.748673941497
16394,3337.8386703851697
16395,5524.511668739756
16396,3935.9382185614104
16397,6440.789860173452
16398,6407.329303063898
16399,2896.4401166167745
16400,7139.600417562828
16401,7336.707755401715
16402,3626.4327123366397
16403,6016.570674332204
16404,4312.025822276581
16405,5808.242559467367
16406,1276.903114173408
16407,4354.303393759044
16408,5114.463751564614
16409,7204.004453494733
16410,2982.157800434465
16411,3512.208130722756
16412,14806.83526233292
16413,4130.208401129488
16414,5025.0639838471625
16415,10925.86787145904
16416,6078.667562493877
16417,7592.668497531063
16418,6591.821067711701
16419,5780.879529312797
16420,6449.6832579099955
16421,3018.6628153155325
16422,5045.558092152944
16423,8411.33334286839
16424,5304.746305380291
16425,2986.3406708237058
16426,3990.3449521868156
16427,7515.109216844563
16428,9803.0100514208
16429,6664.198170852839
16430,6292.740637326124
16431,4796.243908857484
16432,2943.598620645694
16433,1996.6913235019683
16434,3751.9688985369207
16435,5865.669286259073
16436,7555.816774413575
16437,4872.994583881031
16438,4561.485447413372
16439,8933.029512418138
16440,7695.973700063823
16441,7380.723020767461
16442,5343.511356748644
16443,8775.613109748314
16444,9103.023858583709
16445,3779.779151759275
16446,6018.702005081088
16447,5350.440195346321
16448,6797.779972941706
16449,3868.253980092621
16450,5554.223192395024
16451,5085.061274827598
16452,8084.010175087168
16453,6237.358947174557
16454,7749.510561268714
16455,7145.917851496451
16456,5240.452364644015
16457,8259.969247895895
16458,19274.11102193227
16459,8717.897607792838
16460,5141.976831560597
16461,3282.2884194000444
16462,6977.854308858627
16463,7622.2525453676435
16464,4716.127161211682
16465,9411.398077732938
16466,17450.301718434348
16467,5379.60338043982
16468,2407.278475621601
16469,10321.948484916227
16470,3394.786531310955
16471,5463.229438907497
16472,3636.0120952723732
16473,6303.667776582276
16474,4835.2876132241945
16475,1403.6958866093053
16476,5209.116181992027
16477,5710.399458568607
16478,9424.498471708846
16479,5985.017276501275
16480,5923.615518843486
16481,9665.687226292495
16482,5391.545650087668
16483,6201.629132406471
16484,6321.276674440705
16485,5445.779227004205
16486,5779.553010420135
16487,4022.326509678978
16488,3618.4116132472423
16489,5811.161828704532
16490,4653.931874706592
16491,4931.5951131007
16492,8349.698498556998
16493,7957.516999324289
16494,7597.319866704376
16495,4383.649000571989
16496,4315.206630162322
16497,4462.334865934718
16498,5655.78271000025
16499,6593.735463476884
16500,3690.3446330765046
16501,7306.789103075496
16502,5613.092548951046
16503,8800.116825328909
16504,6248.771233842138
16505,5619.302023462931
16506,3243.155974867238
16507,2684.195248677994
16508,8195.917217013612
16509,5941.898243634136
16510,5658.5795577748295
16511,12662.351655663775
16512,7952.1635767694415
16513,3820.948865813109
16514,5827.692569081246
16515,2676.2845485054154
16516,4685.790285579616
16517,4300.58353321515
16518,4153.196009724624
16519,9018.881415296257
16520,5325.438952760059
16521,9439.990203109108
16522,8072.954398696029
16523,6868.984283448623
16524,5867.5849516570415
16525,4581.934303269005
16526,5628.211791027026
16527,5450.662889248758
16528,11053.430157824292
16529,6525.817047708139
16530,7951.716631662367
16531,3569.8739558293023
16532,5931.019135650912
16533,6704.480247502497
16534,8479.163375585676
16535,6898.054993090286
16536,5765.65809528612
16537,7179.286462028641
16538,5362.26951848779
16539,7863.465321732231
16540,6489.902182916026
16541,6428.862411599871
16542,9154.99539386959
16543,7077.368571924937
16544,8599.148806352145
16545,3773.842978392016
16546,5776.058933690521
16547,5262.776257369315
16548,9344.594029712247
16549,7119.408493162851
16550,7706.289999598568
16551,6971.680654088286
16552,7614.941555948558
16553,8643.008816804784
16554,7759.832460733708
16555,6338.015299524405
16556,3395.7295054006445
16557,6154.944255491532
16558,18014.259592208444
16559,7426.968884199136
16560,6860.811117988225
16561,7589.304420472501
16562,8477.027734497664
16563,8129.325741815935
16564,3154.5835912047564
16565,4698.217095947739
16566,5856.954675581717
16567,8619.228950864957
16568,2811.2834425531764
16569,4707.220893893687
16570,5922.505252768476
16571,5222.365298189962
16572,4951.837902675673
16573,3115.303766614857
16574,2997.8505731441755
16575,7572.204716861053
16576,4182.751031958237
16577,4732.425863371531
16578,5993.904398771621
16579,5833.5566893898595
16580,9149.171917519385
16581,12173.82770198592
16582,5260.948453519348
16583,7651.891357665638
16584,6299.5344599087075
16585,9957.240676971982
16586,5439.79895960728
16587,3190.042542103179
16588,5340.941314828964
16589,10824.90075955185
16590,4051.4961933049017
16591,8631.749082372693
16592,2005.4348016800454
16593,3727.773790451035
16594,6863.501903040587
16595,6925.071356944227
16596,5360.187301182451
16597,8733.522071086165
16598,8859.202588183143
16599,8464.636559123795
16600,5046.429380950741
16601,3961.152870604068
16602,2049.9106149373506
16603,3941.908500546625
16604,7383.466476842599
16605,4820.314690036431
16606,10504.527489774115
16607,2641.1936165982715
16608,5058.590493128603
16609,5410.131250141387
16610,8900.538036967933
16611,9973.572707110698
16612,5346.704351021526
16613,2845.4329954710324
16614,8643.268924208654
16615,9161.474791580551
16616,4895.551969057902
16617,5465.770297826875
16618,8584.616949929974
16619,6914.66002704567
16620,5003.396110471014
16621,3824.11937114997
16622,7775.200780676889
16623,4563.2418971006355
16624,11099.795135157277
16625,7866.739295838487
16626,14590.868622641246
16627,6811.503376752333
16628,5140.36171741291
16629,2204.506500523491
16630,5459.146853341882
16631,6048.856419668138
16632,5392.54942859918
16633,8930.57081900629
16634,6340.956626644254
16635,3353.333582323725
16636,7268.740627853357
16637,3647.0102745998006
16638,4383.292989944254
16639,9212.463508676225
16640,7053.822092653131
16641,8886.932300553206
16642,4902.006792141681
16643,7297.456207335965
16644,4212.915506142086
16645,5639.59738879748
16646,7088.6520397672775
16647,3325.249844710843
16648,9827.464701408071
16649,6738.97395882798
16650,3661.332966444374
16651,5366.439490266697
16652,8072.172178426108
16653,7051.973322274945
16654,4222.014654926472
16655,5728.047124739403
16656,5545.86763964127
16657,5212.313274245922
16658,5409.033699188067
16659,9709.297369226366
16660,5521.955350275581
16661,3991.4949002262747
16662,6217.926481601733
16663,6105.9971070334905
16664,3521.26726685401
16665,5115.921847906445
16666,8664.81466809111
16667,7126.539467556135
16668,9289.905806633851
16669,8758.237152000263
16670,7433.427791729723
16671,5258.744661996822
16672,4809.168977028387
16673,10781.65415644297
16674,7973.637070833973
16675,7015.302422927908
16676,5286.825381955322
16677,6114.541611826427
16678,4865.3963552142295
16679,2250.5786121787573
16680,4068.309011907583
16681,6825.5391912735495
16682,6225.054829048401
16683,5131.485749647644
16684,1470.637623532351
16685,8567.792815963843
16686,6139.038250483673
16687,5107.6749776684455
16688,3843.5883068754447
16689,5070.3891733201435
16690,5924.379430199146
16691,4230.138474729216
16692,10159.671433919495
16693,4582.413745759958
16694,4655.750023998869
16695,3500.5189262596705
16696,2828.2202934148427
16697,4483.728671625224
16698,14148.555846832087
16699,4007.0139917994175
16700,6068.3649909978085
16701,4997.736925443021
16702,4472.613205636682
16703,3573.9715128122293
16704,6199.665135306064
16705,3266.401169733074
16706,9440.058786671661
16707,6305.447901342123
16708,2725.3704918825747
16709,8299.618905440655
16710,2551.337935558409
16711,4494.923779861186
16712,9020.047036628868
16713,7795.396018386022
16714,9294.925490139634
16715,2415.2575899910216
16716,4535.51253923754
16717,4969.5751308044755
16718,5143.7655846237085
16719,14572.018878917135
16720,12195.279746885295
16721,5409.738374105671
16722,3327.8192856726605
16723,6178.03346115727
16724,6254.165404990865
16725,2513.870397520279
16726,7697.402541624752
16727,5051.558519344777
16728,3070.606655586106
16729,7552.179127067378
16730,5007.701838776419
16731,5501.111217974665
16732,6226.396402111777
16733,6740.833105694656
16734,7122.799329879269
16735,2653.279017085983
16736,3657.590785055072
16737,6933.305259682312
16738,8168.6752046402
16739,6215.82830349634
16740,7274.6765924115825
16741,2309.7349019575195
16742,9854.56990063179
16743,5135.472424954888
16744,2927.231818113432
16745,4404.569343850593
16746,4808.804739177455
16747,4933.740199919361
16748,7219.487067123071
16749,4668.947654241836
16750,5933.328585970557
16751,5424.635531159637
16752,8443.93147631243
16753,8233.059836877172
16754,5461.881741857815
16755,7399.880246091546
16756,6212.5161555621025
16757,2641.8930224066876
16758,10695.93427513589
16759,3115.6102771534033
16760,3051.163663073038
16761,6949.163034174162
16762,10296.546652485245
16763,10442.947691762185
16764,4505.215403468994
16765,4708.510527555555
16766,3721.7916169929313
16767,6619.364994696432
16768,4514.319091427364
16769,8699.649173507047
16770,3079.892129651052
16771,5625.993639669156
16772,3966.165697069269
16773,3286.468780640955
16774,4048.538570368461
16775,7245.351788102594
16776,7057.04541877812
16777,6033.2462006951555
16778,5002.79062056949
16779,8070.978681375816
16780,8258.002768472803
16781,5040.792834355434
16782,5648.719251806244
16783,5671.904715341848
16784,7436.205729536154
16785,6480.08932182197
16786,2005.6305977813035
16787,6613.917059417362
16788,6735.693995055938
16789,6548.053991726592
16790,6139.25466834636
16791,3320.1338328367524
16792,7640.086869764222
16793,3089.1969812798598
16794,9330.286357099443
16795,5012.2614213588695
16796,4602.5098919858065
16797,8263.417498109131
16798,3935.7429181475495
16799,4762.110976918844
16800,8962.435485103239
16801,2934.911136082534
16802,7257.189164499714
16803,10267.171971894119
16804,6658.948758741258
16805,2925.328638546703
16806,5067.325179805125
16807,3804.0411498501508
16808,2275.8198437184165
16809,5168.125226405003
16810,6299.530462235475
16811,5612.227695035489
16812,5259.595263110709
16813,5411.176071374885
16814,4767.438735347986
16815,8406.421048604172
16816,5262.038930533625
16817,6113.568169618782
16818,5620.021532606927
16819,5912.441987031717
16820,5944.837945722664
16821,6562.532014947793
16822,6808.512878226838
16823,8193.24599781183
16824,8329.228660403232
16825,5973.427349033133
16826,5114.093141921357
16827,2978.867537791437
16828,5747.037197989104
16829,8859.385102904793
16830,6016.292978295395
16831,6695.0971788846355
16832,13981.15593524114
16833,3846.845902019978
16834,4639.042608889475
16835,5036.330436286753
16836,8123.658762081069
16837,10111.93877222124
16838,7422.426074681856
16839,7464.555520083848
16840,7638.203485824319
16841,3683.5442589679774
16842,7260.912999777399
16843,5602.310565925581
16844,2406.8935691751067
16845,4948.364073384948
16846,3061.219285960341
16847,3057.0902559879737
16848,8117.535948949605
16849,18564.41752784238
16850,5652.648041710989
16851,3510.3323593549135
16852,5003.638190214198
16853,4744.784468296714
16854,5165.546667714881
16855,2109.1405172254213
16856,6637.741004399664
16857,7131.6433021494095
16858,3475.043009162436
16859,11364.063829462337
16860,12589.100813981813
16861,3476.7324882225603
16862,3719.955236041737
16863,3945.0681770080623
16864,4096.3402765073215
16865,3981.072076062826
16866,8233.88070619087
16867,4236.987288699863
16868,4552.149021610741
16869,2674.003609754624
16870,4725.578731714361
16871,5308.3306186052505
16872,6945.476697112698
16873,3413.183983825816
16874,8152.377781241971
16875,7154.584719225219
16876,5073.617180610455
16877,3902.834761942177
16878,4292.604188713335
16879,4923.934570424879
16880,3619.067885220516
16881,9691.761556377898
16882,4549.294575944409
16883,4052.932255403093
16884,7245.634185037188
16885,5773.855053209046
16886,6049.329040574058
16887,4793.014998846957
16888,6143.868694907217
16889,10606.44752917903
16890,6402.419141224273
16891,5695.8532874806915
16892,3803.5509131232416
16893,4555.159376713155
16894,3497.12875119162
16895,4206.314563001541
16896,5970.509737569619
16897,4807.573137076932
16898,10512.995172179131
16899,7796.405771462659
16900,4600.809481804733
16901,5650.496772543792
16902,6785.220653711056
16903,6518.649251786243
16904,5731.852151121284
16905,9527.099478077134
16906,6488.809316210105
16907,5513.354858516485
16908,5045.92078418393
16909,3934.672525294468
16910,3395.2470731490716
16911,19738.17637455892
16912,2329.3863175004817
16913,5112.618241400754
16914,7121.758194913575
16915,7038.627206771301
16916,7095.551466511345
16917,8602.960320950435
16918,6303.890168448381
16919,7246.2090510360695
16920,2663.384054267414
16921,7864.186619274513
16922,4525.33113379186
16923,6870.584080935405
16924,9967.867998421169
16925,4592.449101934828
16926,7883.11023244652
16927,6829.585607514894
16928,3245.8935578579903
16929,6765.104424570741
16930,6546.676711908159
16931,2782.9334588774223
16932,9019.279249496556
16933,6571.954097395492
16934,5033.862439179052
16935,7198.14622854739
16936,7781.350129620297
16937,6346.77949922698
16938,4574.765086375449
16939,3764.8717096710466
16940,5361.152258997574
16941,3448.847250062847
16942,6417.473471101724
16943,3125.177243975795
16944,5806.0118494776725
16945,2905.2272821557526
16946,5682.9236617393
16947,5550.656335041288
16948,4705.145014312598
16949,5501.335901711851
16950,9644.356838880507
16951,5848.663192103949
16952,7457.282542688304
16953,5546.757823491869
16954,6115.460675421828
16955,9401.295684557606
16956,6696.484911971198
16957,4333.530480055076
16958,2624.0519205601327
16959,5194.397852128443
16960,6208.710848859474
16961,11938.024096597848
16962,6801.282512036983
16963,5731.930481538383
16964,9405.676504186386
16965,6546.505083311296
16966,2271.908454016743
16967,16838.737213311717
16968,8280.077862008835
16969,6379.806943109138
16970,8209.501751304257
16971,5847.174737801411
16972,9078.963505728276
16973,5182.172566457235
16974,4044.088933968896
16975,3404.919420449647
16976,4285.94105050213
16977,7604.544863564454
16978,2990.9622527821325
16979,8353.692349272977
16980,7374.505781114352
16981,4843.4306497252755
16982,7312.810941197686
16983,4952.357179031879
16984,8616.262906118114
16985,4386.164871183813
16986,4776.955415703091
16987,5813.037251146769
16988,3866.239309396561
16989,6080.148971036446
16990,7785.764640987023
16991,8472.076638139639
16992,6320.077946827681
16993,3754.8294651513593
16994,6226.066677350471
16995,6576.7274392993295
16996,7546.468395402843
16997,3387.011875892742
16998,2973.673292596293
16999,8639.94711356261
17000,6379.851514815336
17001,0.0
17002,7439.157161257862
17003,6507.249664066441
17004,6705.1645025844045
17005,5084.01068447876
17006,2060.825240870241
17007,6639.7802263520825
17008,6167.220067660459
17009,5553.093708890695
17010,8798.25830720286
17011,6654.837499002634
17012,3396.1399732391787
17013,6068.591145983432
17014,3157.610995258826
17015,1489.907237806311
17016,7090.480155356305
17017,4812.672359706469
17018,6430.517552563231
17019,4389.622015215418
17020,3357.3422736250686
17021,4935.151947536381
17022,7188.732045257035
17023,6604.018872835498
17024,9003.007800053703
17025,4102.02446346056
17026,5052.662044839471
17027,3615.550255429898
17028,6148.225382582288
17029,3479.1848092416208
17030,2637.3998581696083
17031,4520.452309593185
17032,4090.7296958262323
17033,6599.985004106075
17034,4868.878492499716
17035,5329.550579004328
17036,5394.894326869038
17037,7401.450386370658
17038,5062.714432153802
17039,3624.1610405940382
17040,10487.90410047877
17041,7427.8113790923135
17042,6598.404465947451
17043,2272.303255043976
17044,5600.379053649783
17045,5391.163742923743
17046,4847.600466641201
17047,8817.874159166817
17048,6031.38489277954
17049,6524.3932889262
17050,6164.875373995676
17051,3057.3634218746943
17052,6932.4187064419475
17053,11511.391807858809
17054,4276.458847252892
17055,4154.716236340629
17056,5346.5506300222105
17057,6023.289309307523
17058,5962.909775948339
17059,8355.17047930011
17060,6545.292660799983
17061,6264.611396294882
17062,2853.952251712469
17063,6096.7066411302
17064,6828.865047408555
17065,3410.2792281697043
17066,6816.150646472808
17067,3146.4308102715995
17068,7289.875541916415
17069,6047.289241704375
17070,5720.208145072718
17071,7191.4023725453635
17072,4299.591534176608
17073,5352.752995559997
17074,6581.814244614814
17075,5565.961881424131
17076,8716.438816159334
17077,5950.376642977593
17078,8690.912811073542
17079,5639.376258667072
17080,3940.275781522052
17081,9413.126699687566
17082,3028.5673943574734
17083,9809.109439582475
17084,5752.242888002053
17085,5132.242210361792
17086,7101.871839299674
17087,5035.513834658763
17088,4513.456867371234
17089,6863.591897391609
17090,3742.475803040097
17091,2957.3020264155766
17092,6145.078779662331
17093,6175.571993464867
17094,3544.6479177766687
17095,6376.835832098459
17096,6218.9301068286295
17097,3774.0980503108017
17098,6374.133384564836
17099,3336.303212117131
17100,10197.331521091652
17101,7020.691826645035
17102,1533.627231521403
17103,5650.415117692764
17104,5769.701868828069
17105,8416.076287140106
17106,7628.90407555813
17107,3241.7189046879757
17108,8761.105574385181
17109,5069.251565140743
17110,6510.065539216502
17111,6118.2394272406345
17112,5275.950843986593
17113,3431.1508503540645
17114,5605.39548727743
17115,3738.3231822842195
17116,2713.2205182872685
17117,8303.123383442538
17118,6109.699370137329
17119,22749.706183401522
17120,7829.556321249014
17121,3989.542261792303
17122,6108.126831763823
17123,8375.429970730966
17124,5701.569606240981
17125,6577.94468765428
17126,5745.160135184258
17127,6195.220745004548
17128,6258.150413539446
17129,4343.924064984852
17130,5018.495733092756
17131,6331.884241175491
17132,7344.658172311587
17133,6589.765978474959
17134,6880.942930790701
17135,4602.669471827191
17136,4692.068118742712
17137,4830.530682893904
17138,8392.458970592319
17139,10813.6511598018
17140,7341.281638411511
17141,6926.706987255218
17142,3701.152611019699
17143,6478.561400588926
17144,3746.5949387769087
17145,7217.7681637814785
17146,8724.700654508892
17147,8925.706229387444
17148,4726.935178820222
17149,4671.897815805754
17150,4033.934404652838
17151,5959.836128326781
17152,8885.696100541443
17153,6306.291989851651
17154,4748.871211252799
17155,4312.802825114918
17156,6886.9562504347905
17157,3146.2994452215994
17158,6847.757779791717
17159,3744.8613562650803
17160,6790.044948672243
17161,5980.400771784585
17162,6046.307468339242
17163,6676.958806820371
17164,7075.057899357996
17165,5085.820599585701
17166,6430.071646750332
17167,6832.560086227241
17168,10017.537578120407
17169,5924.018896227956
17170,6686.234849053723
17171,7998.726212201198
17172,8223.05098155521
17173,6426.49989032947
17174,8672.788536157468
17175,3700.4248486847714
17176,4360.251338658074
17177,5478.376160755912
17178,6600.391817657653
17179,8507.413785666175
17180,7160.0315832549395
17181,4880.798363228274
17182,7121.59709016392
17183,6755.22224908352
17184,8046.938263706877
17185,3665.355345206737
17186,8908.442781090236
17187,3768.3254398073555
17188,7314.273268326706
17189,7825.123790822698
17190,3985.7385921227483
17191,5342.877679570432
17192,6709.833704178174
17193,6615.245955337255
17194,5226.067495650594
17195,5972.9732330586085
17196,7013.286036452109
17197,6197.553882770007
17198,6276.824740001827
17199,4780.614666963875
17200,7039.602105199796
17201,9798.897628555225
17202,7102.908928701642
17203,5347.902165423006
17204,6116.7632699958685
17205,6395.779858738483
17206,6611.940582422911
17207,7584.844174587308
17208,3663.6148419044835
17209,6923.530421925912
17210,6156.338444869717
17211,6450.653584103334
17212,6504.77022373969
17213,5093.517566514369
17214,5555.926397720881
17215,4674.096223528008
17216,7287.22974487671
17217,8229.130507229696
17218,4804.270483253921
17219,4096.136190092587
17220,6865.631293724477
17221,5714.93358624137
17222,5408.629569810309
17223,6469.438235261127
17224,6388.988454064333
17225,6777.291242653696
17226,6455.650054681431
17227,4424.021996915397
17228,5648.4535659307985
17229,7102.441793685917
17230,7988.488685657483
17231,7779.879184278306
17232,7392.426440632418
17233,5228.449161497351
17234,7866.191262929264
17235,4792.803629808917
17236,4963.529558371369
17237,7499.78697529374
17238,6600.97246804666
17239,8344.702111287836
17240,8084.060263442444
17241,6803.076959215625
17242,6394.25970537791
17243,7770.850002945352
17244,6795.963358540972
17245,4980.087512852962
17246,3752.5937632174114
17247,5227.455379996128
17248,6607.462922924472
17249,5013.553200907966
17250,4159.337899574627
17251,6952.273605844789
17252,4277.7926678207405
17253,5714.16458524482
17254,5209.37504106583
17255,5975.532193910283
17256,6237.038315190531
17257,6251.09069160552
17258,5637.8088571265325
17259,5416.8470100022505
17260,6140.79232420147
17261,6709.2684538365365
17262,2994.1599030414027
17263,6306.41177752901
17264,4420.716990430689
17265,7915.002084221978
17266,4169.192114572703
17267,4234.559922457185
17268,10318.059435692834
17269,3993.4663077695586
17270,5413.75802579693
17271,10200.729280067157
17272,6597.862330454333
17273,6994.749907537005
17274,7993.07388257853
17275,5872.9518120949415
17276,6476.51098053309
17277,4188.606959165833
17278,6101.798346311497
17279,8566.855355407524
17280,6211.244241746736
17281,2745.0546490238976
17282,5575.908703113693
17283,7518.511207091842
17284,9025.193403424186
17285,5242.108764166387
17286,6252.563075895509
17287,4717.2918955497125
17288,4667.625901117672
17289,3135.0964220713927
17290,4524.763355567419
17291,6620.7666551724515
17292,7230.811314224141
17293,5615.9968710517205
17294,6339.103408278235
17295,8006.497372013609
17296,8402.256029370143
17297,7035.822896310461
17298,4227.366072903404
17299,8893.662524394726
17300,9984.856045598193
17301,5021.747323844456
17302,7586.827481739016
17303,4646.0857777386
17304,6863.8180879353695
17305,3825.07486263736
17306,5642.4249294104175
17307,4550.243244496239
17308,8170.381435999457
17309,6901.256765445338
17310,7501.571283786168
17311,7428.440187071915
17312,6241.427178775743
17313,7195.43197488541
17314,16834.04519209308
17315,9734.974844089475
17316,5145.041473194126
17317,2987.748621975246
17318,6546.12799263383
17319,8449.963379831772
17320,5884.831036616977
17321,11864.690431615898
17322,18893.9294326808
17323,3775.549144972674
17324,4711.663017047505
17325,7776.940001731718
17326,4439.985697274091
17327,5839.75124120324
17328,5323.9110457342795
17329,6791.053037060412
17330,5256.19244489317
17331,3085.9608792318795
17332,5913.555610477285
17333,6850.249562245882
17334,8291.96455526969
17335,6023.056422979798
17336,6593.026190106743
17337,9168.983693174127
17338,5669.64506733106
17339,4617.261039637558
17340,5804.394578687759
17341,5231.552214533321
17342,5103.297303327681
17343,6333.994196459311
17344,5474.104264027186
17345,5510.3715748557
17346,6379.935893454875
17347,5678.566182047889
17348,7958.093746812342
17349,6632.0685585090505
17350,7739.939893690243
17351,6441.079771564815
17352,3905.666363589626
17353,5332.425200632615
17354,6640.612651340605
17355,5424.800638781153
17356,4686.183920017076
17357,7200.431525264422
17358,5808.513892248318
17359,9280.438988240941
17360,5872.895780312653
17361,6398.710558921208
17362,4616.749236487369
17363,5562.925420193122
17364,8391.68826156768
17365,5435.878291843069
17366,8281.158807118534
17367,13273.807362958123
17368,7222.320938226027
17369,5542.105235912135
17370,5413.878320930704
17371,4410.356664002416
17372,7612.196434793964
17373,4907.955669243337
17374,5419.980323263177
17375,8157.2857789204245
17376,5812.49176769975
17377,13671.338395543182
17378,8104.618482278172
17379,5043.01859885753
17380,5829.07847426515
17381,5094.796323223168
17382,6555.447314616439
17383,5293.087653178952
17384,9117.312922084106
17385,6814.350470056087
17386,7960.3750003370815
17387,4115.811434163058
17388,7017.435677988336
17389,6556.685271547898
17390,8262.573216106604
17391,6457.029040077614
17392,5527.559194624091
17393,6831.320162126351
17394,6407.954639519795
17395,7758.313353586988
17396,7864.55442563741
17397,6521.137888123345
17398,9707.804510735521
17399,7067.210090350881
17400,8111.221223364872
17401,4960.435886864278
17402,4450.452397755022
17403,5578.303895707458
17404,7976.725637043513
17405,6998.828373835829
17406,7820.798917901544
17407,5688.017377812217
17408,8250.617484177992
17409,8253.494947251278
17410,7965.749269159759
17411,5899.3438507226365
17412,4232.26242206373
17413,6744.883789893412
17414,15798.958830799094
17415,6208.793192894099
17416,6201.895880643869
17417,7840.853896365888
17418,9213.054891792848
17419,8736.49508623012
17420,5526.399877357291
17421,6716.0511890675525
17422,6642.340974831775
17423,8282.738244362234
17424,4072.17903545449
17425,5233.172705591794
17426,4767.363964666053
17427,5354.078413793451
17428,7343.418385224709
17429,4777.649493181927
17430,3504.83898716798
17431,6442.733819398402
17432,3931.9648401791706
17433,4153.6631856216145
17434,5857.178006130159
17435,5592.9318122988125
17436,8113.702041211673
17437,8545.83565506716
17438,6143.864744085207
17439,6472.6075256816075
17440,7025.683073456931
17441,8798.278124111415
17442,6318.627580780372
17443,5572.894382617385
17444,4941.513226833624
17445,8755.079258025298
17446,4765.799364453582
17447,7861.3082737679
17448,3075.2368210693676
17449,4048.889237921806
17450,6737.087816289918
17451,5717.965631150076
17452,5290.205208567561
17453,7514.97520803636
17454,8869.863172934796
17455,11079.437395546445
17456,7088.6442193358325
17457,4479.854252283664
17458,2782.306183194084
17459,5499.4861949064025
17460,6792.262700155025
17461,3749.230026692509
17462,8211.777637609124
17463,4686.916648459083
17464,4523.162349942455
17465,7820.679247371482
17466,9341.836288065137
17467,7423.655440414162
17468,5252.423823320723
17469,4731.56933805522
17470,7385.1080135758975
17471,7522.345460483535
17472,5194.260808081624
17473,5356.561396979637
17474,6795.69745038295
17475,7859.030292291041
17476,4180.76562434431
17477,5195.848950314592
17478,7418.286410441474
17479,7826.3654782388485
17480,9932.274304897319
17481,6112.649634836761
17482,12516.749876914751
17483,6763.691616513687
17484,6160.8518337145515
17485,3109.2230247883394
17486,5338.525686545576
17487,5710.0467966477945
17488,5448.142294150293
17489,7525.949052866106
17490,6334.274948232323
17491,4347.328021195485
17492,7045.649236900353
17493,4439.534203517296
17494,5082.996630161507
17495,7740.984661838979
17496,6930.2062855954255
17497,8242.23060632178
17498,4643.497085164449
17499,8299.850562218828
17500,5082.601966894217
17501,5064.001782606284
17502,5835.212199147722
17503,4401.081390581642
17504,9419.929344422739
17505,7065.1155368234695
17506,4176.821245088243
17507,6539.652862609614
17508,7632.332754841178
17509,7141.908328889721
17510,5725.261319100017
17511,8253.983204787179
17512,5520.9843862077
17513,6474.048480697408
17514,5672.268116339732
17515,9334.288490574785
17516,5569.764295913278
17517,6045.867471422463
17518,5904.81799123099
17519,4828.156826177091
17520,4562.196428212045
17521,5579.122356064602
17522,8173.750033543255
17523,7657.729040795425
17524,9373.074706805817
17525,9871.746806071938
17526,7619.5528031893655
17527,5507.705425369245
17528,5565.088457867588
17529,10039.246841911357
17530,8755.920124139222
17531,7320.617774414266
17532,7838.845998332143
17533,8879.232558145117
17534,5243.7504097365045
17535,3291.9006409448407
17536,5065.173088765128
17537,6429.759737777778
17538,6007.998297260276
17539,5703.252163530314
17540,1821.1101970514546
17541,9156.973462445538
17542,6009.3180516077055
17543,5697.005763194392
17544,5037.372404142923
17545,5062.721520076672
17546,6761.369457294168
17547,5754.857184027573
17548,6719.16239451235
17549,5202.298085796555
17550,4594.078720208865
17551,3594.4409985535185
17552,3021.760207607471
17553,6939.508969625067
17554,17216.534204740565
17555,5004.273170351708
17556,5891.2433741136765
17557,5861.515212331789
17558,5064.444958931589
17559,5234.481694656894
17560,5653.502290795725
17561,3828.3406568312957
17562,8988.502208692626
17563,6519.28449078046
17564,3531.7813176468626
17565,7159.406981073034
17566,4585.281776101208
17567,4922.788137664724
17568,8000.656418715033
17569,6585.230337054286
17570,9115.919584262832
17571,4397.643918630504
17572,5668.573497144639
17573,4589.888240797645
17574,4266.560184908486
17575,12557.29548135443
17576,10037.823738658404
17577,6773.476446005484
17578,4121.627138320013
17579,5400.3362477973915
17580,6944.635049300373
17581,4082.396532393476
17582,8197.0578961226
17583,4822.999147967356
17584,4475.968304304488
17585,7340.605297312339
17586,4897.495725854168
17587,5957.914624602521
17588,6100.299391372515
17589,6365.997944482013
17590,6498.82544385164
17591,3259.4540739538243
17592,4148.328536144411
17593,6589.6273336406875
17594,7820.099938693141
17595,8178.72361435112
17596,7073.458233284394
17597,3905.8521979411767
17598,7507.51589314455
17599,5114.866404436143
17600,4975.514553132005
17601,7230.408294072196
17602,7300.622543551984
17603,5980.055080702453
17604,6017.636971075721
17605,6834.192294730597
17606,5825.078790534478
17607,5999.896415626987
17608,6511.918215421992
17609,7055.78995017852
17610,5106.730015909744
17611,8122.081106636008
17612,5640.051099673881
17613,4401.5407491548
17614,9767.128964800671
17615,4774.836916230877
17616,3223.109925507949
17617,7523.578562415524
17618,8547.889905834363
17619,9542.015288567645
17620,4720.399072530409
17621,6339.504772143145
17622,4488.38410205644
17623,6577.000402708085
17624,5512.6332670814745
17625,7757.946436179703
17626,3012.288698153971
17627,5532.260584377052
17628,5161.946783897545
17629,4783.798863761642
17630,4588.949471108991
17631,6649.181510718857
17632,7060.515861944428
17633,6669.94936197789
17634,6882.956760754769
17635,5414.503865453992
17636,7552.782092613812
17637,5406.494548402028
17638,5916.456992680931
17639,5954.450068676423
17640,6840.900634119228
17641,9159.7607158795
17642,3319.3616573676823
17643,8767.663074484692
17644,6040.756661053817
17645,7400.569240636212
17646,4911.908719954065
17647,3814.232602972364
17648,7197.134708947914
17649,5071.010249791175
17650,7856.998273439522
17651,5844.387142150001
17652,4816.025689248165
17653,8380.654668378189
17654,5539.482808270629
17655,5425.462740327653
17656,7360.549927774624
17657,4583.329529951751
17658,8390.292366700554
17659,10633.446077926974
17660,6717.628521160127
17661,3943.021116397735
17662,4952.615303804512
17663,3891.9595788167803
17664,2756.7770851180126
17665,8151.436713617263
17666,5678.1320323671425
17667,9273.374817310956
17668,4582.357909797118
17669,6135.061740731189
17670,5802.831241909235
17671,8022.923203006786
17672,5521.594658488273
17673,5726.76691568446
17674,5327.885347138155
17675,6836.009338622825
17676,4557.015945485071
17677,6352.791633053854
17678,7242.537922247686
17679,8104.908394658575
17680,7108.7630597726065
17681,7771.615078350159
17682,6351.297271800771
17683,4437.118224495403
17684,5506.210394491646
17685,9139.254234808608
17686,7849.859874078964
17687,6610.936855524704
17688,15416.793969475782
17689,5000.490750985126
17690,4537.824024218429
17691,5660.130522740331
17692,8362.451614732337
17693,8703.977185182466
17694,6273.770772694613
17695,7179.3516102517515
17696,7773.922703310128
17697,4716.110647882346
17698,6673.633142534752
17699,5946.978187474292
17700,4810.3019526023845
17701,4938.890386749301
17702,3221.3531525974017
17703,4599.649470456184
17704,8059.075701514172
17705,15679.665000195066
17706,6061.259248445623
17707,5101.123208412854
17708,6144.823014780154
17709,4768.570528732277
17710,6711.84913335075
17711,3806.7289133962436
17712,8265.409929678166
17713,6317.223631502315
17714,6316.317589290673
17715,10570.090835039962
17716,13222.416256446988
17717,4617.95320082257
17718,6110.221490017225
17719,3640.696302316233
17720,5005.451829630609
17721,5248.632901246629
17722,8484.741536569607
17723,4519.000521022108
17724,5038.8197997917105
17725,4455.235591928109
17726,4641.906024240253
17727,6405.7639964047385
17728,6264.242797261559
17729,4971.496784710386
17730,7071.3487865753505
17731,7050.173683742039
17732,6328.080974199818
17733,4432.425955048405
17734,3959.872370321749
17735,6800.807697449734
17736,5054.360230332062
17737,9360.985446669072
17738,4126.634368555464
17739,4410.368631339248
17740,6412.1318217556645
17741,5845.831685442752
17742,4887.077790198236
17743,5355.7414295428525
17744,5724.936121567546
17745,9088.632523763186
17746,7607.542630899713
17747,5995.911967872096
17748,3861.4148268413146
17749,4902.104720612717
17750,4531.182733338557
17751,4610.870686006804
17752,5848.737147300953
17753,5654.743377945582
17754,9983.78741606533
17755,6567.132321329812
17756,6113.43357220434
17757,6311.629761736259
17758,5746.323555006655
17759,7872.227605528529
17760,4683.338104953276
17761,11140.495291039844
17762,5866.661774289434
17763,5376.570790598291
17764,5319.310489994827
17765,5277.441804347083
17766,5856.160439093676
17767,16637.013040079208
17768,4110.157451512199
17769,5428.754049756615
17770,9425.002879026168
17771,6724.73962662746
17772,6342.819712468819
17773,7315.722338492789
17774,5948.703863347164
17775,5356.771624776099
17776,4165.795326973549
17777,7858.9307519830845
17778,5354.206835468498
17779,5766.61787697022
17780,7387.309099142688
17781,5230.946888583639
17782,7196.859785450661
17783,6506.96437988978
17784,3605.6062738886067
17785,8084.172846916328
17786,8107.503944512067
17787,3977.330011322827
17788,7703.620751628004
17789,6481.359115727368
17790,6012.019759695755
17791,8804.478176795425
17792,6434.39192789457
17793,7573.8398872782245
17794,4775.972347519318
17795,4818.317790671832
17796,6381.293892459415
17797,3631.3973296104477
17798,7274.476443195529
17799,3923.302650668776
17800,5752.848762535223
17801,4552.524952277959
17802,6072.613789149348
17803,5339.436489074162
17804,6426.783875076375
17805,6207.357479230737
17806,9534.775933668454
17807,5539.144083578186
17808,7335.39354056401
17809,5503.620569982307
17810,7678.699543201742
17811,8054.576770454316
17812,6410.108057533969
17813,3117.5788895280416
17814,4644.922542321156
17815,6778.64465841103
17816,8254.563840923782
17817,8025.100807982556
17818,5918.094702901054
17819,5753.5916154276565
17820,9658.886224704376
17821,6421.018137980481
17822,3772.3651137666493
17823,16589.421477824984
17824,8598.68642617172
17825,6691.9734412600155
17826,7107.845307054018
17827,5855.889053238427
17828,6493.787284250578
17829,5483.182707310837
17830,6391.129200032727
17831,5330.94195461324
17832,4508.714029286541
17833,7352.370902870991
17834,4261.990668190471
17835,6660.53773554305
17836,7142.022534589638
17837,5830.988279971057
17838,7299.559272857862
17839,6257.936002034994
17840,6153.178819520761
17841,4999.883667930367
17842,7406.346104050364
17843,6708.291216526164
17844,6915.163151670777
17845,5448.427998136994
17846,6312.973909998973
17847,8549.09539375628
17848,5979.746755969909
17849,4638.511677942157
17850,5841.580818494372
17851,6779.458344183999
17852,7062.786037242988
17853,5680.442263213432
17854,4747.9641921614675
17855,6375.950482254714
17856,7667.3539928172095
17857,5406.024472119494
17858,6865.792192497049
17859,6593.12430934684
17860,5817.343156392026
17861,4758.5417233012095
17862,3561.4227602797528
17863,6095.897004577123
17864,6728.974576904711
17865,6412.346923595926
17866,7889.083014217164
17867,6947.4804052303925
17868,4567.194816188197
17869,7926.550595278797
17870,3640.255882115047
17871,2661.895743118724
17872,6435.959798868227
17873,5196.672659890074
17874,7109.438112470861
17875,6536.021421807116
17876,3832.433759057627
17877,6105.1961393280335
17878,6438.354778957155
17879,4859.1779112545955
17880,7441.830023802177
17881,4166.894615577785
17882,4628.183334610824
17883,4665.309332611832
17884,5697.030303356002
17885,5571.092590956362
17886,4090.3342055811845
17887,4308.762098623602
17888,4009.719612229603
17889,6372.424551231525
17890,5885.756018128931
17891,4919.807996805095
17892,5669.455765297612
17893,6736.90324516776
17894,4739.572031752561
17895,4705.424688114988
17896,8827.641152004042
17897,6931.996254355941
17898,5628.522795224254
17899,3716.8054727151507
17900,11869.684959075881
17901,5566.523881299255
17902,4886.501416957353
17903,8308.437192597436
17904,5081.613271701124
17905,6737.919114274614
17906,6342.016288425025
17907,3924.0481512751967
17908,5778.930191488249
17909,12023.87393458485
17910,4673.622739375948
17911,4215.753921636113
17912,5166.039400750315
17913,5644.924480186482
17914,5221.728242064309
17915,7507.764460529664
17916,7176.524549191006
17917,6210.8576212818825
17918,3966.4446861357587
17919,5030.641625041626
17920,8081.267314841205
17921,4775.078672751269
17922,7501.26154049137
17923,3578.3430471107968
17924,6712.243495383704
17925,6914.523566614628
17926,6925.4912305320495
17927,8387.538505224353
17928,5591.63260258604
17929,4565.171114133416
17930,6638.283510959947
17931,8277.445900967496
17932,8269.137693000323
17933,6960.734507782576
17934,6972.596555440721
17935,5516.597678616706
17936,5154.695034450861
17937,9669.214894670218
17938,4035.100679855276
17939,10278.37272170885
17940,6272.57199418215
17941,4401.644015301692
17942,6860.454625610495
17943,5211.773648924174
17944,6296.402874766316
17945,8152.855184658734
17946,3785.668381509831
17947,4384.792294480847
17948,6206.238494972348
17949,7383.758411145228
17950,4581.1857116794035
17951,5416.568348595848
17952,5841.601816362559
17953,4768.187045829902
17954,6372.436091450218
17955,4735.153190652485
17956,9631.726022341993
17957,7203.152193435063
17958,3081.197369948034
17959,5792.404712468474
17960,5727.595991197999
17961,10041.743444820704
17962,7621.246936371293
17963,4465.734525674793
17964,8094.911762394769
17965,4611.921224384277
17966,5165.616105977356
17967,4980.28855777311
17968,4414.693675352426
17969,4933.535427097282
17970,5114.641772712923
17971,4682.434940448442
17972,4407.787828131046
17973,7844.054049729682
17974,6690.684124988216
17975,20092.43674266664
17976,6263.633875284848
17977,3622.445715305951
17978,5728.941174957912
17979,8057.059204562157
17980,5728.111274957241
17981,6406.505882907148
17982,5666.720687562437
17983,6109.566205519839
17984,6139.385941264794
17985,4141.724602394337
17986,4538.237109667132
17987,5672.862290459723
17988,7059.042320850575
17989,6087.034476480328
17990,6546.59333420428
17991,3855.3011150059083
17992,4128.462606514693
17993,4453.354963607515
17994,8285.024482293034
17995,8646.272254413092
17996,7249.380954068078
17997,6589.070521335355
17998,3698.06048306432
17999,4847.994985167806
18000,3597.2858708840167
18001,6524.03984500679
18002,8647.918872773513
18003,8674.739710545176
18004,4323.478699124678
18005,4658.229224436382
18006,3974.8686497873914
18007,5443.205052877419
18008,8619.712394247737
18009,5498.598275397618
18010,4176.6515424468025
18011,3883.176807560086
18012,6530.284568780683
18013,3025.0538825409235
18014,6120.727368170073
18015,3309.04974179905
18016,6261.547708133369
18017,5480.286032191501
18018,5221.4771970463935
18019,6401.386909344412
18020,6221.619272402107
18021,5501.197344441163
18022,6098.659315899142
18023,5617.779152120497
18024,8706.344576243202
18025,5233.077463525982
18026,6715.330992870691
18027,7838.3117410473515
18028,8144.078747257645
18029,5450.928533267213
18030,7034.397829946197
18031,3716.9476312127413
18032,4130.311305441292
18033,4650.516638093708
18034,5611.2322779979195
18035,7347.210519724415
18036,6398.330252097901
18037,4395.027131362489
18038,6050.903427719345
18039,6456.5799004599185
18040,7356.89153153219
18041,3115.124216265432
18042,9984.495730456205
18043,3692.775927415451
18044,7079.535091711652
18045,7220.580220179715
18046,3892.8715212293027
18047,5048.153306210603
18048,4904.806524106612
18049,5861.740725713028
18050,4805.533194367467
18051,5216.496486929738
18052,6537.5693294585335
18053,5461.062286072655
18054,6158.743261375536
18055,4613.834454639828
18056,6712.092851610655
18057,10709.346740115365
18058,5630.632365690967
18059,4571.186131580455
18060,5065.496921993812
18061,6223.522152400704
18062,4930.191398352864
18063,6499.115530350251
18064,3165.183493682
18065,6087.477031831962
18066,4998.688446899514
18067,5755.568581568762
18068,7219.851062288992
18069,4160.513448731824
18070,4465.632555637796
18071,4235.141965558595
18072,6754.832180578899
18073,7326.827063809121
18074,4667.411635175496
18075,3998.2499839425277
18076,6385.729167114619
18077,5019.549505978202
18078,4699.566959174819
18079,5880.496606839404
18080,5635.17274912424
18081,6566.123561157287
18082,5659.100771692594
18083,3856.175435099628
18084,4742.129739210136
18085,6840.343877408708
18086,6468.3794533077
18087,6593.728966236785
18088,6189.555499371323
18089,4877.762632492648
18090,7174.400828363269
18091,4251.453619232821
18092,5086.405853409664
18093,7218.227678095234
18094,5558.545552870979
18095,8367.970912553727
18096,6704.589542571077
18097,5586.213102894565
18098,4779.952549456896
18099,6369.332616676016
18100,5556.269817912365
18101,4817.0295618484115
18102,3584.6199103373206
18103,4820.500841823523
18104,6507.642336985728
18105,4435.633842631207
18106,3409.2942538668426
18107,6520.156368887389
18108,4004.8303308799036
18109,5164.493244296189
18110,4877.926012630601
18111,5181.437774168159
18112,5783.76737357659
18113,5970.462787319587
18114,4995.515283932978
18115,4295.094759735849
18116,5513.98020855767
18117,5312.842500465021
18118,3203.4140773064223
18119,5449.648160877817
18120,4259.419337900589
18121,7011.744289383716
18122,3571.7450243302023
18123,3619.9555571443752
18124,9385.598364823456
18125,4007.73127710417
18126,4137.977348320373
18127,8362.17290106127
18128,5007.31484553643
18129,6860.364521751437
18130,6499.657941432034
18131,4650.5012697738275
18132,5805.652610657584
18133,3665.495159463086
18134,6261.861308059089
18135,8474.31462427503
18136,6149.938025090154
18137,2513.88750084914
18138,3801.9492729638996
18139,6637.262980832892
18140,7162.946498785529
18141,4903.557106490731
18142,5599.745401204058
18143,4354.07671421634
18144,4644.876111659761
18145,2932.7457026005036
18146,4509.097610844374
18147,5330.3969468168925
18148,6309.9851844856485
18149,5648.642696688546
18150,5688.0867547972775
18151,6914.37489628825
18152,7153.180562849047
18153,6494.303474665078
18154,3877.9844628484266
18155,8623.340618226934
18156,7391.751968528598
18157,4560.3393976450025
18158,6548.962257381507
18159,4199.97422815828
18160,5765.225038721514
18161,3118.156996763858
18162,5619.905099143503
18163,3854.8532970032456
18164,7871.212241970535
18165,5915.9212667912125
18166,6318.731625044341
18167,7078.509638845614
18168,4743.542706766599
18169,6539.902703904755
18170,16823.036948260895
18171,8256.765776804896
18172,4580.979526827756
18173,2550.029647927236
18174,5224.910144037288
18175,7685.841129938688
18176,5238.515924768987
18177,11537.021900938244
18178,16398.408389235763
18179,3695.720339767259
18180,4554.957218322143
18181,8137.163726524124
18182,4232.566520707335
18183,5626.352283077215
18184,5032.407353356189
18185,6161.933703551186
18186,5123.596651048127
18187,3286.2864106397565
18188,4893.404546951718
18189,5993.313048955402
18190,7701.998486921048
18191,5339.299729100662
18192,5123.907923994907
18193,8957.112497875962
18194,4763.920551073123
18195,4349.726749896362
18196,4508.168809924912
18197,4650.352908751739
18198,4702.270267232914
18199,5767.165102991532
18200,5419.425355397783
18201,5492.522357029407
18202,6274.448951087858
18203,5513.728524544986
18204,7037.255936669305
18205,7374.610435777535
18206,7208.283084503214
18207,4694.287064289999
18208,3119.5543420343847
18209,4923.588290027369
18210,5631.597791897601
18211,4845.109573262171
18212,4115.393358499616
18213,6802.005347091893
18214,5174.944617328243
18215,8198.352538769019
18216,5776.271704650182
18217,5536.633209442085
18218,4549.244707724464
18219,4363.559704238155
18220,8107.710587780536
18221,4605.014181465215
18222,6465.678575460313
18223,12882.99038833389
18224,6674.094476850512
18225,6519.841817392577
18226,4449.72641323739
18227,4089.0327769868995
18228,5778.014169374744
18229,4442.822182285852
18230,5156.457003769643
18231,8383.110567857279
18232,4664.573197497683
18233,12484.023526151956
18234,7664.40628366097
18235,4764.779880014519
18236,5454.246174202645
18237,4902.998344371492
18238,5481.031008086062
18239,4990.85423210465
18240,9113.281390792432
18241,6078.931472047689
18242,7814.328883527418
18243,3831.9349973637463
18244,6594.710516085602
18245,5973.939924668222
18246,7801.038702986385
18247,5399.618774687056
18248,4784.5568877731785
18249,5481.80716307442
18250,6094.41515616109
18251,6467.278726331932
18252,8046.314528868368
18253,6056.688079569945
18254,8054.965606463948
18255,5694.603668872167
18256,7878.371774918064
18257,4658.584846650047
18258,4186.173611250829
18259,4129.81792327732
18260,7282.4211907220315
18261,5334.364842689774
18262,6432.499178253118
18263,5254.153452087455
18264,7524.647047705515
18265,6257.4954761621475
18266,7533.097148785855
18267,5843.354875993346
18268,3508.119700251319
18269,6642.707464996992
18270,14801.344021965775
18271,5014.328060065353
18272,5471.874395951271
18273,7361.783417620521
18274,8597.66348487306
18275,9538.227286872781
18276,4501.017521331131
18277,6531.217103287836
18278,4799.062896336064
18279,6533.872571553855
18280,3556.450510072179
18281,4647.03517692275
18282,4368.390893967919
18283,4894.576298375341
18284,6982.667277134193
18285,4546.757946730959
18286,3342.464343586488
18287,5780.230941559296
18288,3631.840911658604
18289,3937.081299660844
18290,5223.481226035782
18291,4863.934549670102
18292,7280.848366987275
18293,7632.345223061425
18294,6100.001216196429
18295,5470.30987511645
18296,5570.080429465602
18297,9438.093373390864
18298,5625.0106320859295
18299,4198.046224282589
18300,4635.548109708788
18301,7493.307777133343
18302,3668.2291111886097
18303,6794.77605935292
18304,2932.169552822994
18305,3908.407424505686
18306,6601.705019204652
18307,5248.3403533947285
18308,4616.461983936906
18309,7226.804651374709
18310,8300.143370979697
18311,11170.062829154507
18312,5637.728974147458
18313,4497.953245704459
18314,2732.0404431614134
18315,4806.571420431995
18316,4922.2242284611975
18317,3472.5259636681003
18318,6948.626183755611
18319,4262.846115159049
18320,4377.219364196604
18321,7405.469970736558
18322,9208.866915462246
18323,7990.387238531894
18324,4814.743346257959
18325,4210.120542632806
18326,9292.408139510253
18327,6692.22291427006
18328,4559.970214954164
18329,4767.328558571239
18330,5792.0797384337375
18331,7621.91607216966
18332,3709.066180474066
18333,5166.776610371312
18334,6298.679333501006
18335,6515.718051207023
18336,10601.973788320951
18337,4875.832063593469
18338,12238.676252122877
18339,5927.258091274673
18340,4557.387456391238
18341,2778.6361286730803
18342,4908.555125054571
18343,5368.117174301982
18344,4688.514243537489
18345,6133.741569487462
18346,5129.148670052142
18347,4029.7644751197304
18348,5987.343842928258
18349,2965.5919689969423
18350,4130.01458685683
18351,6650.874137217995
18352,6698.526986313008
18353,7271.237044886512
18354,4118.437639166962
18355,7733.536197343501
18356,3914.49294906385
18357,4762.793564855627
18358,5312.418412074973
18359,3950.8232277273387
18360,8632.810183222824
18361,5616.053184854362
18362,4226.062016192141
18363,5716.00370995194
18364,6922.505444942097
18365,6420.026520225106
18366,5468.526604547582
18367,6769.190921315051
18368,5168.065591732555
18369,5546.380119387149
18370,5265.596247495339
18371,7103.429915428738
18372,4958.61801586322
18373,5397.721190607883
18374,4779.460588698323
18375,4331.966318822477
18376,4029.7592050744233
18377,4273.686568524612
18378,7481.97027194455
18379,7477.725945299608
18380,8328.586429737603
18381,8668.538956345128
18382,6384.370040382292
18383,5430.560222618678
18384,4952.046355215719
18385,9389.191561346977
18386,8812.912528498151
18387,5902.623009863077
18388,7301.307036156803
18389,6512.955191274453
18390,5062.7775079639805
18391,3311.7491519763794
18392,4077.459163800123
18393,5710.618489820801
18394,5310.760927928066
18395,5232.717863458916
18396,1858.7413529190228
18397,8743.601283094602
18398,5406.517384776321
18399,4837.057871417174
18400,4251.331308970829
18401,4435.971246748864
18402,5410.721180252955
18403,5602.436011176731
18404,5575.04987364025
18405,5153.075242820087
18406,3680.2238898295273
18407,3031.3281968454116
18408,2759.9168924191517
18409,5559.333787591579
18410,15949.661171117323
18411,4012.9000415819937
18412,5152.022333473403
18413,5288.3910050056165
18414,4330.836669012566
18415,4160.572613254009
18416,4334.939438563948
18417,3400.0160274826853
18418,8906.153858616934
18419,5760.1364622470655
18420,3143.531083963731
18421,6854.982949060707
18422,4262.2109534732235
18423,4280.550055863746
18424,8036.181843829843
18425,5742.715292843636
18426,8273.777629687178
18427,4077.8920827427332
18428,5548.113082473839
18429,4178.1352986592665
18430,3985.601521345743
18431,12512.109647449772
18432,9395.374042968471
18433,5561.029125151201
18434,4022.643244391361
18435,4535.356193564712
18436,5742.089198520127
18437,4174.294584543995
18438,9157.951588471931
18439,4709.244621065338
18440,3948.432679228084
18441,5914.739113082821
18442,3950.2215447368694
18443,5814.890301981655
18444,6265.894655178155
18445,5860.069282060506
18446,5708.165364974077
18447,3253.7667268009764
18448,3715.825709637585
18449,5234.13794950052
18450,7601.9730841291475
18451,6978.653932307045
18452,6081.388725510008
18453,3762.2541079477937
18454,7435.068258254322
18455,4886.509869382873
18456,3869.5065159377673
18457,5949.238204141876
18458,6228.925712569064
18459,5625.3653209498625
18460,5971.039507262227
18461,4878.662150420659
18462,5618.726842301255
18463,4878.115667359788
18464,5997.529319517933
18465,5735.033692458364
18466,5079.717581985825
18467,8006.8100973214105
18468,5067.1296491681205
18469,3763.6635573573676
18470,8738.621273554552
18471,4449.467379993372
18472,2956.980872717153
18473,6403.853775180294
18474,7422.262496508824
18475,8128.977689420878
18476,4666.2001695983745
18477,4721.712174779261
18478,3985.2292695808255
18479,6084.187315016901
18480,4955.054700473554
18481,6584.794101576509
18482,2835.7312915342745
18483,4180.402730787665
18484,4867.020271117575
18485,4731.702128432123
18486,4035.230916220493
18487,5985.595627557332
18488,5783.528131159763
18489,5584.48883522541
18490,6629.226857945976
18491,4914.007702097455
18492,6806.05874894559
18493,4258.104811629448
18494,5508.0346957670945
18495,5841.0025220633415
18496,6370.267139767732
18497,7957.9781162900435
18498,4385.747280517683
18499,8576.037137863308
18500,5978.149947594073
18501,6349.314261218167
18502,4539.231114658303
18503,3669.5216583687634
18504,6253.076077794907
18505,4853.292325526457
18506,7247.310861080965
18507,5414.120555039972
18508,4565.798010008927
18509,6613.9572087329625
18510,5257.480679812709
18511,4467.362694741785
18512,6860.310351670852
18513,4713.217891489669
18514,8060.546101551228
18515,9466.187774113141
18516,6407.994452920448
18517,3846.9821527186477
18518,4558.886279859344
18519,3597.5372475253944
18520,2757.6066428380705
18521,6765.055689647125
18522,4663.140641296814
18523,7257.508271515336
18524,3790.495607723911
18525,5019.7675193215355
18526,5700.656261967608
18527,7469.0058401875895
18528,4403.396779581064
18529,4478.520629332764
18530,4435.176598056826
18531,6450.150756870158
18532,4226.039397720978
18533,6109.856934458654
18534,5919.835490889617
18535,7288.337967678693
18536,6427.4243112668655
18537,6188.61825363321
18538,4987.201249118609
18539,4315.057858323545
18540,4399.893203749541
18541,8580.169864838104
18542,7249.622312963671
18543,7154.698474221713
18544,13620.131294719167
18545,4726.787233613609
18546,4318.6299386765
18547,5486.294273910728
18548,7408.692491367866
18549,8276.502283522037
18550,5587.170596510476
18551,6704.543977226331
18552,6500.036722161272
18553,4222.342799064929
18554,5643.845979901513
18555,4391.829651071557
18556,4048.1672007171132
18557,4281.103735341286
18558,3264.1445074092567
18559,3949.90130993073
18560,6821.535785476556
18561,13965.884062410629
18562,5691.607044825016
18563,4543.966046036235
18564,5578.8544085416
18565,3553.3699468659306
18566,5179.768334676659
18567,3642.0494837376677
18568,7614.619978202354
18569,5733.5200456442535
18570,5358.409795083954
18571,10231.313897682465
18572,11606.464029794512
18573,3904.521496313369
18574,5906.824947005043
18575,3531.732373054233
18576,4801.210644993603
18577,4811.673417303285
18578,7296.086516540244
18579,4094.655497638251
18580,3794.6587253572616
18581,4058.6840007776195
18582,4360.62848029452
18583,5953.309332352859
18584,5422.865537872804
18585,4011.505031988477
18586,5946.643639727832
18587,6867.816005317224
18588,5496.507653774535
18589,3386.7242937142564
18590,3384.710534739956
18591,6368.5006799683315
18592,4539.319707109589
18593,8053.050949193459
18594,3664.126218831373
18595,4287.229412530279
18596,5301.600001902252
18597,5196.797548901569
18598,4297.771508677624
18599,4678.746061834966
18600,5160.491268151301
18601,8065.708624740331
18602,7203.360288489289
18603,4946.486112877855
18604,3587.264754034674
18605,4865.440262626261
18606,4338.6300347381375
18607,4494.345450547818
18608,5268.533781999047
18609,5020.4565705503655
18610,9807.730475995924
18611,5990.781222902649
18612,5134.263002391132
18613,6186.081356658574
18614,5217.513689378002
18615,7561.971689855375
18616,4577.5579355726495
18617,10704.704034096363
18618,4994.257730564864
18619,4309.606869393764
18620,4902.263386409525
18621,4738.4278660148
18622,5812.658769707507
18623,15814.54031854404
18624,3247.662210704122
18625,4189.744707719118
18626,7369.0260786058625
18627,5361.4433102898565
18628,6407.631846574019
18629,6553.884259415455
18630,5207.356847187899
18631,4640.886759192052
18632,3969.8666777892963
18633,7902.53517549184
18634,5136.456592241093
18635,5579.632375174176
18636,7611.071915967203
18637,4325.579845858401
18638,6077.02627826872
18639,5191.179724731149
18640,3609.0635862012946
18641,7512.960357724722
18642,7685.498789486565
18643,3830.3983699666346
18644,6836.624195703898
18645,5219.088672949479
18646,4393.868913815801
18647,7397.842340752255
18648,5570.2252208551245
18649,6271.713488934564
18650,3856.755107608179
18651,3789.0031026248216
18652,5884.771529905696
18653,3408.602342173779
18654,7033.354218389331
18655,3824.6946833721827
18656,5372.391342059126
18657,4165.018741973676
18658,5240.617588988317
18659,5298.317873629824
18660,6014.897729469759
18661,5405.24674083944
18662,7266.699572504293
18663,5050.144808043649
18664,6576.566253363466
18665,5556.103245773965
18666,6269.477792236198
18667,8575.632354041454
18668,6335.519025607563
18669,2761.1289983807037
18670,4115.292544882319
18671,5930.030325208865
18672,8069.115546473953
18673,9720.97915397657
18674,5297.3242779366055
18675,5671.699409184837
18676,9164.195158172954
18677,6246.1717798386235
18678,3268.180387555256
18679,18204.796590295122
18680,8240.301608387215
18681,4974.509818620279
18682,6428.526697492604
18683,5774.288002800305
18684,5290.579830186145
18685,5123.610771031661
18686,5392.785293217562
18687,4832.18768545806
18688,4378.001742904453
18689,5921.752107992515
18690,3980.2404950000146
18691,6351.4060638764395
18692,5842.7456238769255
18693,5591.150986455186
18694,5581.212856120916
18695,5138.2867709533775
18696,5420.89636729995
18697,4820.266813808002
18698,6284.39999341791
18699,5636.756607574225
18700,5057.335118078149
18701,5252.492970559093
18702,6036.581919371482
18703,8163.457548491204
18704,4273.876351640349
18705,4540.834364868651
18706,5387.728378264366
18707,6096.359119402756
18708,6074.152351239446
18709,4068.139105378834
18710,4234.252630138708
18711,6101.801633686617
18712,7433.320260174853
18713,4614.845086853614
18714,6508.5035498776815
18715,5309.642652540383
18716,5300.282983071066
18717,4173.82386818547
18718,2949.2378698061193
18719,5744.603965320529
18720,5277.232720356083
18721,5113.688456636464
18722,7551.846364116701
18723,6384.657767096465
18724,4240.734159866577
18725,7280.739512850494
18726,3716.0525156204303
18727,2741.476357586858
18728,5938.073540672174
18729,4779.275375000991
18730,6667.113358343412
18731,5484.410560931794
18732,3681.0818655180437
18733,5114.4540327009545
18734,6484.573774364527
18735,4614.189221659875
18736,6822.244655914176
18737,3804.4383237384523
18738,4564.961142893551
18739,4504.508606289544
18740,4236.347441884147
18741,4593.399773457109
18742,3860.737866044448
18743,3775.6890506878726
18744,3868.5562123346654
18745,6114.158859671591
18746,5365.48273468754
18747,4355.302572102649
18748,5454.162952830321
18749,5260.921708386303
18750,4577.827420183573
18751,4513.536666127172
18752,7625.743169296392
18753,6373.684096056173
18754,4973.352596954128
18755,3270.3815735546436
18756,9435.254278027527
18757,5226.8204361986855
18758,4358.873263903708
18759,6926.437033236903
18760,4845.048446587407
18761,5806.850444008607
18762,5264.960183865864
18763,3886.2083585401538
18764,5248.423416090443
18765,10831.974248303168
18766,4151.231372571873
18767,3561.4949380480616
18768,4416.120304027241
18769,5572.428871111732
18770,4596.851624544875
18771,7065.639962885798
18772,6843.052201961913
18773,5630.496285334284
18774,3469.4753451935912
18775,4691.527405849114
18776,8188.8835743304235
18777,3749.671617289877
18778,6144.957270356299
18779,3477.9516472051473
18780,5765.695512019844
18781,6742.698019736799
18782,6298.428707968258
18783,6884.601011592551
18784,5223.78866101572
18785,3539.347336111256
18786,4993.707894241792
18787,5928.097196595892
18788,7580.930560771057
18789,6332.377835632866
18790,6384.722890762935
18791,4857.75456901114
18792,3718.9556367782056
18793,9543.520240828615
18794,3910.2554570337393
18795,8735.432538752912
18796,5250.320370429008
18797,3531.415145570743
18798,6191.9535837634585
18799,5030.75345231441
18800,6407.738816047257
18801,8271.05542313079
18802,3689.3615833202757
18803,3879.1997436738807
18804,5833.620114753793
18805,6482.9502998849675
18806,4237.175745163334
18807,5059.9779235394235
18808,5293.412986551459
18809,4697.905629285659
18810,5630.715144657562
18811,4571.4064722834355
18812,8124.567493117989
18813,6805.471443411638
18814,2926.727843466818
18815,5118.49507483448
18816,5142.2048893939755
18817,9942.433860973995
18818,7540.1614025032
18819,3942.0983672626717
18820,8214.488480157152
18821,4183.322989530259
18822,4988.179203509454
18823,4614.894669524917
18824,4227.495902987535
18825,4795.890597020925
18826,4790.5411026003585
18827,4224.556485867118
18828,3991.0098016621073
18829,7298.45396364012
18830,5849.263433222226
18831,19552.506165484836
18832,5745.720092916972
18833,3417.2846029252983
18834,5748.53521977859
18835,7986.708666128369
18836,5298.817505685491
18837,6222.898500073694
18838,5550.095919039292
18839,6140.551114586262
18840,6013.226118120349
18841,3624.63636389346
18842,4483.982806929837
18843,5457.253857059787
18844,7069.08041016213
18845,5729.330252645341
18846,6163.066963211194
18847,3857.5348233939253
18848,4124.517586957452
18849,4415.462980202031
18850,8105.462722649899
18851,8539.296224251691
18852,7186.530614509974
18853,6499.054721469529
18854,3410.8429654805987
18855,4718.155741700266
18856,3680.7807452939214
18857,6487.259003071766
18858,8493.98241380923
18859,8697.466582478797
18860,4326.11452604571
18861,4590.654109089268
18862,3879.5097189548087
18863,5157.521510834495
18864,8861.391686147188
18865,5428.0699593630325
18866,3645.8317742933887
18867,3752.5839361142553
18868,6209.145787624915
18869,2816.339317867761
18870,6067.877719207121
18871,3258.4276568268333
18872,5995.420410303423
18873,5345.6488914790625
18874,5197.426471701733
18875,5802.758249798289
18876,6222.179448657225
18877,5162.337189604984
18878,6183.591954720951
18879,5443.240414626509
18880,8623.96648582137
18881,4804.856690799396
18882,6658.91452064847
18883,7825.828822948293
18884,8029.475222982898
18885,5447.772126708169
18886,6934.170162918782
18887,3431.672366588721
18888,4097.984015501655
18889,4735.831580358328
18890,5551.158164120902
18891,7211.802122658177
18892,6216.444266694909
18893,4392.893335123423
18894,5491.95236254604
18895,6059.825670822296
18896,7290.814758818793
18897,3155.5152737154012
18898,10160.550618329113
18899,3590.353466509352
18900,6628.19721497113
18901,6903.891049231098
18902,3727.562840998913
18903,4661.379098110224
18904,4766.055438635709
18905,5721.455725959727
18906,4533.0013863345075
18907,5103.086381160507
18908,6437.6907841011125
18909,5236.006376428215
18910,5240.945100560858
18911,4542.9785659165545
18912,6587.554091454143
18913,10547.407619143743
18914,5594.927653316804
18915,4563.641756881385
18916,4964.282442128346
18917,6274.846721165272
18918,4935.458427540994
18919,6433.653076820446
18920,3167.6958361990687
18921,6022.4047977621585
18922,4952.499956861773
18923,5833.541258850629
18924,7255.524390797681
18925,4380.682375208941
18926,4333.69674325917
18927,4271.523294940772
18928,6626.0034078491
18929,7207.36833398339
18930,4702.821776252128
18931,3930.8827977821966
18932,6128.287058909794
18933,4832.360721584648
18934,4394.058975887683
18935,5746.4149459545115
18936,5564.46384920798
18937,6464.2725842926375
18938,5540.678552384124
18939,4012.5676908193495
18940,4675.985467245174
18941,6637.484440435302
18942,6343.131413202807
18943,6423.006639082616
18944,6147.003506881234
18945,4845.4219398283385
18946,7040.491918266119
18947,4482.0850824742565
18948,5043.760227036037
18949,6833.483277092464
18950,5474.262328144725
18951,8464.77934190167
18952,6752.963889265447
18953,5232.646847668562
18954,4676.947836961943
18955,6266.633930958957
18956,5470.859838732835
18957,4726.3495479773155
18958,3600.9554354846873
18959,4740.051093009838
18960,6527.473211870819
18961,4320.806996306108
18962,3302.169948590454
18963,6360.323944673318
18964,3864.3152736870966
18965,5067.07310756901
18966,4799.31961824042
18967,5129.313962714041
18968,5607.170310528525
18969,5634.145026621088
18970,4918.720985585255
18971,4117.471557169281
18972,5548.036244050524
18973,5231.700494951888
18974,3138.93792551377
18975,5010.856983205026
18976,4150.851720871482
18977,6995.877730710635
18978,3567.893724315101
18979,3566.743519159944
18980,9379.585422226579
18981,4378.864712457477
18982,4119.308976747502
18983,8387.239412744033
18984,5165.445104600465
18985,6798.067687128099
18986,6334.621390062102
18987,4419.95483708152
18988,5757.601898725682
18989,3514.932118419163
18990,6207.964973769196
18991,8462.61324527647
18992,6129.853790447603
18993,2410.270161827051
18994,4231.476398760512
18995,6629.883727849763
18996,7311.009300025953
18997,4822.264602641639
18998,5580.166267916382
18999,4192.256023462651
19000,4448.136690366821
19001,2874.399999482243
19002,4275.070877720255
19003,5033.29443518647
19004,6137.924257565334
19005,5484.7244229535945
19006,5360.835437729523
19007,6756.049370028836
19008,6977.469382146273
19009,6477.991004498354
19010,3845.7107157233295
19011,8433.027028440985
19012,7287.017792982011
19013,4380.786009627318
19014,6515.582593336401
19015,3990.1233600770147
19016,5589.603695263072
19017,2875.1834733412015
19018,5535.107658238005
19019,3778.0780175197856
19020,7845.236579161851
19021,5721.096709082583
19022,6149.930549021241
19023,6807.4763321406745
19024,4446.066837256421
19025,6537.686784182061
19026,16642.091203866396
19027,8228.140912716366
19028,4329.903322723768
19029,2513.2378672912055
19030,5145.701785908636
19031,7253.0507695417355
19032,4927.607319725209
19033,11102.758138187106
19034,16139.942231476856
19035,3605.83688465048
19036,4518.355068046091
19037,6378.910843506167
19038,4267.374705425784
19039,5554.989039918413
19040,4757.478116610093
19041,6057.752857310366
19042,5109.221526048127
19043,3232.0746159899613
19044,4896.395475341714
19045,5982.776873073451
19046,7682.938604556347
19047,5102.41414078169
19048,5014.782952947064
19049,8333.29885981008
19050,4439.541849183949
19051,4328.815350462675
19052,4358.583985922579
19053,4023.4386987600515
19054,4697.906992053999
19055,5719.485710891767
19056,5274.467992786334
19057,5421.142001891081
19058,6162.364013256521
19059,5496.75146109373
19060,6663.477483555836
19061,7377.370020006535
19062,6767.323095667403
19063,4614.797389484521
19064,2967.961379071908
19065,4845.236949326817
19066,5391.216438745077
19067,4863.979343691355
19068,3819.8838760608733
19069,6777.638754430469
19070,5042.132086446786
19071,7607.896608971671
19072,5245.029704884126
19073,5356.100665271549
19074,4213.478374892265
19075,4243.4541026632605
19076,7817.543524324968
19077,4520.169048654997
19078,6316.751127942964
19079,12309.921013125764
19080,6522.115313225492
19081,5574.100310672171
19082,4190.175452470304
19083,4038.6179068158776
19084,5685.8815137028005
19085,4394.697421612702
19086,4909.341182795005
19087,8207.05817612238
19088,4457.031225414646
19089,12344.65677693819
19090,7473.892068121135
19091,4652.753316556424
19092,5477.208699713899
19093,4879.685414318786
19094,5388.9156973664985
19095,4537.759224932195
19096,9109.152173259965
19097,5949.0406725832645
19098,7487.667882264793
19099,3640.8167510636076
19100,6599.203293273938
19101,5876.470999641697
19102,7879.878466530033
19103,5145.280096681089
19104,4670.916212394344
19105,5326.318047166959
19106,5965.997814863501
19107,6364.1052379379735
19108,7638.477487333808
19109,6017.245255510432
19110,8057.0601645244205
19111,5559.193044012409
19112,7723.0764601682695
19113,4881.819314904014
19114,4151.677701608589
19115,4058.9641023855033
19116,7166.699855071572
19117,5240.233838862704
19118,6018.946119449995
19119,5168.293196020511
19120,7405.377773294939
19121,5840.547204591395
19122,6863.49962879359
19123,5658.504875641699
19124,3426.542081857898
19125,6064.149609386939
19126,13680.130358841925
19127,4981.474196645093
19128,5317.997326672683
19129,7049.081884449443
19130,8204.785992237174
19131,9431.213563555295
19132,4188.065062911284
19133,6567.351235559074
19134,4727.149257964756
19135,6386.50368470171
19136,3337.142465533011
19137,4641.918456253258
19138,4254.242500999775
19139,4643.470566444184
19140,6933.6990956933905
19141,4537.66116237102
19142,3260.9490048388557
19143,5647.493246289826
19144,3464.7555186259824
19145,4020.794725768806
19146,5007.293889587923
19147,4906.945475477954
19148,7215.8456967855545
19149,7304.382402170553
19150,5865.878495469786
19151,5366.402982910492
19152,5520.703439501775
19153,9329.759739791376
19154,5480.902497535691
19155,4181.151095837661
19156,4446.313349424782
19157,7345.463785597103
19158,3685.6631607322906
19159,6523.206337164
19160,2824.6000036229257
19161,4199.658138075861
19162,6513.357722360973
19163,5193.146276859447
19164,4572.5849606113625
19165,7263.450623291679
19166,7895.655567412572
19167,11111.2250248041
19168,5499.524997230392
19169,4341.460937821165
19170,2730.243736395956
19171,4801.6551846258335
19172,4884.667048848792
19173,3427.337868708326
19174,6693.0195199651525
19175,4091.4703404495826
19176,4387.92867032967
19177,7338.352138455048
19178,9095.031336679916
19179,7265.881025001959
19180,4704.889215005504
19181,3803.3136398503466
19182,9493.269644310692
19183,6657.785609221802
19184,4500.9670364308895
19185,4592.546526188306
19186,5886.998141706683
19187,7082.704052744641
19188,3657.126043706422
19189,5229.638427823077
19190,6243.710070409592
19191,6399.770945499709
19192,10260.66109273627
19193,4802.058889868639
19194,12318.926083773253
19195,5385.592312738731
19196,4469.624441095372
19197,2600.7348115456875
19198,4953.908257515945
19199,5129.852696729602
19200,4462.376875034951
19201,6052.561242387047
19202,4853.245742268842
19203,3778.6646136434933
19204,5877.573813736863
19205,2927.597106678705
19206,3981.073793982006
19207,6267.440195345698
19208,6637.491708236509
19209,7004.51245313023
19210,4075.7393028583074
19211,7661.491194007788
19212,3853.6240293307096
19213,4726.609766671925
19214,5221.380435855801
19215,4493.9092372714995
19216,8632.240229606177
19217,5320.659174198352
19218,4204.384995629369
19219,5806.514004466535
19220,6813.543826010591
19221,5965.953000155778
19222,5253.753024191177
19223,6787.788461738457
19224,5188.44499519021
19225,5514.801199834478
19226,5157.902436280971
19227,6836.4363896704135
19228,4369.9668143767985
19229,5376.00681221814
19230,4623.8811010311
19231,4197.980770468052
19232,4031.4160064495186
19233,4083.9885853248065
19234,6959.7016631280885
19235,7205.446927270608
19236,8249.037429272941
19237,8595.698687388593
19238,6223.649954367213
19239,5432.161884837152
19240,4658.364280683402
19241,9976.484088389296
19242,8583.678769550424
19243,5794.174482767474
19244,7223.180182350435
19245,6373.998667514966
19246,4981.663273225861
19247,3310.6822964853786
19248,3975.454427300595
19249,5622.056203348014
19250,5039.4465487486805
19251,5080.43888757601
19252,1874.3538013207665
19253,8699.737466471683
19254,5257.413034970241
19255,4589.924671862993
19256,4265.287780755694
19257,4367.07805174942
19258,5217.493010549424
19259,5415.031155823751
19260,5393.727879947665
19261,5180.130239087709
19262,3624.9421443920173
19263,3460.9032849949576
19264,2601.300310693465
19265,5484.832826846166
19266,15280.337245784436
19267,3902.6074352707546
19268,5078.781808762003
19269,5445.35418802521
19270,4150.748300027062
19271,4052.783055582873
19272,4194.355827193626
19273,3338.7721114347746
19274,8171.195833790337
19275,5611.03872346622
19276,3260.60310861871
19277,6860.646862231794
19278,4063.7690042666823
19279,4116.8367146037335
19280,8026.519827235327
19281,5685.459067607429
19282,8168.243202840333
19283,3980.940935150207
19284,5325.690638136511
19285,4155.151048850157
19286,3928.4746700067226
19287,12942.51615041903
19288,9061.471039527465
19289,5189.9016221003685
19290,3992.6221674544095
19291,4364.306119191015
19292,5419.096468344257
19293,3638.514457460888
19294,8260.368528179026
19295,4674.856845424312
19296,3768.6391121138954
19297,5782.601539149447
19298,3857.5663775091343
19299,5716.646860952914
19300,6244.116117951493
19301,5814.571396907994
19302,5651.907760467472
19303,3166.180171814296
19304,3535.703965574458
19305,4970.625788758783
19306,7426.195576909501
19307,6551.140788251597
19308,6030.843037793838
19309,3788.793298744328
19310,7322.577506602381
19311,4799.973455056458
19312,3865.388939360658
19313,5879.404349501466
19314,5938.478837400869
19315,5537.63309653991
19316,5942.297977133352
19317,4824.4950010968505
19318,5433.419271068436
19319,4740.864489226969
19320,5890.170532101311
19321,5399.489350811804
19322,5047.303214825207
19323,7865.4358712974345
19324,5009.591680884632
19325,3712.9618229184184
19326,8680.356121651013
19327,4312.239861912043
19328,3023.650732228556
19329,6062.828563692436
19330,7318.945620912201
19331,8134.576843792651
19332,4621.95848967862
19333,4692.113997251743
19334,4005.072624585813
19335,6223.356369885001
19336,4765.064776151932
19337,6315.240708878267
19338,2787.503088404071
19339,4197.241713610398
19340,4732.953827155279
19341,4603.219762463289
19342,4039.1558519491427
19343,5871.505403787768
19344,5718.77141108215
19345,5599.34761995843
19346,6596.267871404739
19347,4678.893283934169
19348,6687.38035313964
19349,4065.0233410332503
19350,5570.33814577838
19351,5783.069794277239
19352,6242.565147981741
19353,6751.208130360808
19354,2808.990143801946
19355,8603.233797314968
19356,5648.408592025621
19357,6124.03743638124
19358,4533.674738201426
19359,3662.101030703945
19360,5887.783580925399
19361,4822.0538172065235
19362,7350.356131768645
19363,5157.800128608765
19364,4536.025476293891
19365,6073.149386736036
19366,4927.510549536385
19367,4164.33543902455
19368,6536.155163651739
19369,4605.69526782226
19370,8259.768282631843
19371,9139.771636084504
19372,6334.594600412272
19373,3814.435636705382
19374,4488.236480228417
19375,3461.3874803678436
19376,2745.3375539408567
19377,6470.945319593007
19378,4420.436831592659
19379,7186.607716017044
19380,3743.73101994535
19381,4922.114293436311
19382,5398.148345009565
19383,7568.979729671473
19384,4379.191532256156
19385,4461.796086597721
19386,4272.398265872671
19387,6279.837384233418
19388,3984.9420371343667
19389,6131.313671965688
19390,5501.919498358794
19391,7111.430069229918
19392,6262.833864327367
19393,6190.290389749143
19394,4887.591615285799
19395,4272.423285266973
19396,4160.171996630809
19397,8300.028938083917
19398,7206.749956619189
19399,7087.839439563707
19400,12766.1620811672
19401,4223.57595707861
19402,4087.486019905728
19403,5316.610253887454
19404,7312.69353937986
19405,8199.472490079366
19406,5523.558326220389
19407,6602.3135919827155
19408,6337.100046360732
19409,4081.549156193432
19410,5223.047081594708
19411,4301.573263788325
19412,3996.966544506633
19413,4152.16684209809
19414,3188.763500194249
19415,3846.976025392649
19416,6178.927250294163
19417,13943.849274531838
19418,5739.4906343953535
19419,4415.147377038566
19420,5568.252946465728
19421,3420.12586555798
19422,5038.76419988926
19423,3569.359620832599
19424,7578.569862221114
19425,5645.486936024277
19426,5258.770980252751
19427,10183.333488880156
19428,11423.762975507292
19429,4127.288803392686
19430,5635.249291708511
19431,3511.9185768365614
19432,4901.12721678738
19433,4658.99932725118
19434,6991.044878653621
19435,4011.4674912764963
19436,3665.490226948507
19437,3938.748737313554
19438,4276.756675776847
19439,5296.195836038501
19440,5235.674239877353
19441,3935.2057451796277
19442,5788.05680060888
19443,6728.406745780527
19444,5347.279020097654
19445,3344.554098086687
19446,3266.394594301951
19447,6242.395036115094
19448,4135.517760540992
19449,7895.610141830355
19450,3193.5553456646217
19451,4252.687175905791
19452,5118.7627591448145
19453,4613.839585998099
19454,4169.162926188048
19455,4509.746816493088
19456,4967.805191920537
19457,8051.68860385334
19458,7204.40948491786
19459,4898.096373335669
19460,3436.7648891941762
19461,4798.628115134863
19462,4215.2697273334525
19463,4198.0869852353535
19464,4757.831331085581
19465,4712.984772165743
19466,9680.227166965084
19467,5666.234436357495
19468,5009.458618130052
19469,6094.82429401814
19470,5396.88041891807
19471,7493.921429741479
19472,4385.911247145155
19473,10128.490350794631
19474,4942.545720185422
19475,4137.173257755403
19476,4574.645181269465
19477,4532.139152630146
19478,5710.638349655335
19479,15823.819878983597
19480,3335.862058857546
19481,4083.7455146841216
19482,7204.500535576866
19483,5357.748244092167
19484,6082.524159941208
19485,6468.34152332071
19486,4952.101382166851
19487,4424.169504695704
19488,3652.5947370177514
19489,7877.859525976219
19490,5076.562948301699
19491,5520.212775520372
19492,7200.961161079932
19493,4202.64995961964
19494,6018.452923082496
19495,5129.269952327094
19496,3579.407043729061
19497,7271.20131997765
19498,7412.58560753585
19499,3771.9707201350416
19500,6488.366201710545
19501,4957.55332048381
19502,4286.678526920509
19503,7318.46405857756
19504,5535.566251715155
19505,6080.750728633686
19506,3846.611621656151
19507,3717.8509466289415
19508,5991.3247322497855
19509,3353.8677796888783
19510,6917.0187496861945
19511,3738.2164012515263
19512,5254.153298278026
19513,4176.66004453686
19514,5182.181401511794
19515,5330.7247824513925
19516,5918.967673827434
19517,5316.400786951793
19518,6917.367670443935
19519,4849.381607370141
19520,5914.484844166452
19521,5548.888400894128
19522,6312.032977548687
19523,8525.51909982345
19524,6191.339796759612
19525,2707.2873840407965
19526,3827.3445303769154
19527,5702.22452701969
19528,7539.861843226219
19529,9617.307257807255
19530,5042.134911989448
19531,5551.580262614785
19532,9013.202463791662
19533,5402.7656925027595
19534,3255.130284448499
19535,18204.796590295122
19536,7916.821382514129
19537,4911.090775154741
19538,6343.069593417033
19539,5685.841449846234
19540,5094.649756887497
19541,5074.124229783919
19542,5304.8516513442555
19543,4612.04771108955
19544,4357.398576951985
19545,5903.224371709627
19546,3931.2627283996453
19547,6439.811718277592
19548,5695.667936980038
19549,5405.984119396857
19550,5313.1023871101315
19551,5012.413343507941
19552,5439.020702581012
19553,4736.200875424747
19554,6088.171018284795
19555,5631.007941471754
19556,4853.17175007936
19557,5351.596304639745
19558,6133.672353485571
19559,7855.864293853573
19560,4116.347441859197
19561,4476.291458685655
19562,5064.203555214307
19563,5998.13575305367
19564,5834.341903416499
19565,4048.6679737792238
19566,4114.501694289426
19567,7471.753461760463
19568,7451.635030120593
19569,4514.569076433128
19570,6181.0188239550225
19571,5276.103720032737
19572,5480.140903740268
19573,4047.536589350003
19574,2924.404534501789
19575,5733.652462251044
19576,5173.548589001466
19577,4572.876698852155
19578,7515.111510789475
19579,6625.39841131336
19580,4149.018140446455
19581,6454.814045746058
19582,3689.6285220714954
19583,2700.583132215007
19584,5635.681321689618
19585,4798.485495232065
19586,6073.5468437722
19587,5459.307652154768
19588,3551.622276973859
19589,5127.5600889268235
19590,6390.807057761684
19591,4651.384601072129
19592,6648.639587868359
19593,3836.962742076484
19594,4636.540077539013
19595,4294.73620349789
19596,3965.2947474031134
19597,4617.71686160997
19598,3772.666584315628
19599,3470.524026390146
19600,3819.2755979057833
19601,6070.75410196247
19602,5258.039130619008
19603,4249.051007697755
19604,5280.308529764353
19605,5212.682300044137
19606,4600.470916597291
19607,4501.946551134323
19608,7396.687293849128
19609,6176.224458041194
19610,4542.467462081778
19611,3257.987662411226
19612,9243.66672077922
19613,4948.143737258008
19614,4160.500022187092
19615,6564.089925680182
19616,5032.939535405219
19617,5459.321389416141
19618,5208.372304203859
19619,3821.612826231775
19620,5236.812143155046
19621,10870.142515924434
19622,4040.937293399411
19623,3469.9909631340875
19624,4008.3522576927808
19625,5224.020613182569
19626,4495.998296830923
19627,7037.662878101472
19628,6673.006930556029
19629,5423.68877355195
19630,3286.797087004884
19631,4584.761138851319
19632,8033.847886983739
19633,3757.4896296247643
19634,5846.470407412803
19635,3282.660065249091
19636,5419.62176806527
19637,6612.364070106022
19638,6185.915176813168
19639,6761.234903346451
19640,5380.160765630121
19641,3499.93224571969
19642,4943.528639983068
19643,6002.766045136239
19644,7207.328222005249
19645,6214.070109075476
19646,6285.209203125447
19647,4746.094168709588
19648,3740.2152984351624
19649,8132.278175055335
19650,3739.9194302136166
19651,8723.011468391087
19652,5257.521841335294
19653,3494.456242919953
19654,5827.553545886863
19655,4912.661247435957
19656,6401.472725195127
19657,8233.59203934954
19658,3456.278541678008
19659,3820.095309233322
19660,5714.071066629363
19661,6324.8986414600595
19662,4188.407206776067
19663,5081.273343992608
19664,5038.413146431998
19665,4556.466490249749
19666,5501.064678063045
19667,4550.5682730431345
19668,8016.975764735262
19669,6717.120177469915
19670,2772.8484725844323
19671,4925.61697846353
19672,4715.553887757456
19673,9918.069053739564
19674,7533.37284356214
19675,3959.6435132132815
19676,7769.580584101208
19677,4158.543300047907
19678,4860.820290385269
19679,4222.791270465832
19680,4119.955220674236
19681,4349.927831643246
19682,4761.47495374921
19683,4098.21580338899
19684,3949.1848225455883
19685,6797.7397868601975
19686,5695.503153409267
19687,20004.211881990548
19688,5490.241832843712
19689,3435.5581004532537
19690,5739.908098746844
19691,8258.68749760245
19692,5396.754710687191
19693,6277.727089128557
19694,5769.427909465535
19695,6017.3862414038895
19696,5933.8737497914035
19697,3610.6951893289884
19698,4514.71628545428
19699,5317.657963034697
19700,7066.862915137122
19701,5697.112535475538
19702,6093.3577154556815
19703,3810.725717827923
19704,4079.6583853388092
19705,3898.460121010074
19706,8006.73359450027
19707,8517.524782419549
19708,7140.360347970958
19709,6527.370706545856
19710,3434.7492343175822
19711,4625.162118860492
19712,3630.8537588432787
19713,6461.965041176599
19714,8415.43784706311
19715,8641.688807378896
19716,4309.781519730949
19717,4593.033407091103
19718,4033.804909660903
19719,5074.567695288929
19720,8461.129817990663
19721,5456.776688814139
19722,3545.7780791218147
19723,3722.670608477023
19724,6142.141239713203
19725,2857.8098989198793
19726,6000.099401444871
19727,3069.5920916273258
19728,5751.713603078655
19729,5310.472072645119
19730,5187.50182216528
19731,5812.389909899598
19732,6142.113689216411
19733,5048.5414358016
19734,6112.947755014872
19735,5266.486248123351
19736,8364.593577299336
19737,4742.0249165728055
19738,6647.349108904984
19739,7798.09536984584
19740,7931.137380669984
19741,5444.614862396316
19742,6924.94443073838
19743,3495.7711974589306
19744,4134.219672110568
19745,4589.176444834961
19746,5515.05069358564
19747,7276.150110280835
19748,5771.419199433038
19749,4432.207120979987
19750,5435.845405659157
19751,5978.917103095819
19752,7286.650992630733
19753,3120.361587715743
19754,9816.576986280788
19755,3555.1569424920935
19756,6573.242998573063
19757,6765.857722351836
19758,3733.94285579933
19759,4533.213430225477
19760,4795.863865330746
19761,5517.661880647141
19762,4524.0076746468485
19763,4967.048571234324
19764,6403.53456223964
19765,5111.013848574043
19766,5173.400721998631
19767,4471.833083149321
19768,6619.9693581319125
19769,10226.443142384393
19770,5531.953987398595
19771,4549.176378573702
19772,4837.469648324976
19773,6295.324905952709
19774,4796.88506516261
19775,6316.128357140242
19776,3136.668553159656
19777,5958.637273891841
19778,4865.01183326315
19779,5575.48238122417
19780,7057.377643842757
19781,4462.719154579425
19782,4292.773233900945
19783,4056.3894548539683
19784,6408.284205798579
19785,7359.918844727168
19786,4510.045093856978
19787,3926.0018766054204
19788,5956.891738497997
19789,4739.920438456321
19790,4692.084415254259
19791,5598.815483040793
19792,5675.604103630844
19793,6325.60185489975
19794,5413.3161448135215
19795,3951.1872431914603
19796,4598.8483035220725
19797,6707.004948234052
19798,6408.64576550204
19799,6302.452128117327
19800,5999.150864134396
19801,4742.970694599122
19802,6810.394244730362
19803,4436.434648952283
19804,5049.451392926005
19805,6860.284416747817
19806,5226.123666951343
19807,8533.329699310343
19808,6465.057256240493
19809,5372.290758267222
19810,4639.345757156794
19811,6305.483673770711
19812,5440.563878118159
19813,4655.926393916508
19814,3564.1857107640167
19815,4707.504806328381
19816,6478.422981503234
19817,4288.18138094761
19818,3361.976687386574
19819,6511.444564823875
19820,3821.956844560667
19821,5121.800205199406
19822,4737.493682731484
19823,4672.270795623908
19824,5549.270699750413
19825,5505.021720983326
19826,4949.841904201727
19827,3940.160927415149
19828,5095.85960588371
19829,5197.854705631156
19830,3251.629956893511
19831,5672.070310963192
19832,3948.6821164071525
19833,6821.072049823437
19834,3546.588719182806
19835,3499.1656222008646
19836,9208.954220998068
19837,3961.5223281507333
19838,4033.939542316435
19839,8304.165737939262
19840,4973.945107218762
19841,6606.546893829488
19842,6342.3662357330995
19843,4330.544560662034
19844,5754.930834187902
19845,3597.499999872677
19846,6184.795957169238
19847,8488.042579141682
19848,6000.696011990508
19849,2379.723554863796
19850,3750.7266287191633
19851,6616.01855455084
19852,7323.446699376604
19853,4513.838649983186
19854,5564.204373487623
19855,4072.9337867769486
19856,4502.5741709379
19857,2899.401777761454
19858,4319.650731404301
19859,5211.734454886851
19860,5962.227913093436
19861,5628.657171304616
19862,5309.375514257376
19863,6707.48686337851
19864,6807.011276995035
19865,6170.594077655681
19866,3701.9824070875206
19867,8406.678786443217
19868,7147.387434538909
19869,4461.743170032273
19870,6393.775499174029
19871,3857.6351354331946
19872,5496.881716003767
19873,2877.7410402628407
19874,5505.570310203687
19875,3715.03572551124
19876,7905.891021511168
19877,5695.107168845044
19878,6053.553112128636
19879,6874.418085248781
19880,4543.921606160241
19881,6501.478995290398
19882,16310.287329601762
19883,8012.347392973857
19884,4327.8155655248265
19885,2468.7715405068793
19886,4856.847082069284
19887,6453.934906298768
19888,5061.568081102034
19889,11363.122125249065
19890,16405.629716269843
19891,3535.97117496809
19892,4576.2596373826655
19893,6446.952554808752
19894,4254.7426493650555
19895,5553.839273892772
19896,4884.701836932675
19897,6054.602292822337
19898,5103.295692714793
19899,3330.9557584808126
19900,4870.222129512423
19901,5908.3625964692665
19902,7373.983279997204
19903,5052.812705754557
19904,4917.604504979156
19905,8145.461216529041
19906,4443.641744806501
19907,4318.628157775574
19908,4337.758385372341
19909,3713.2638208587364
19910,4540.212762192043
19911,5761.28432638081
19912,5435.953649403972
19913,5463.182175176128
19914,6148.3109463796545
19915,5513.104580261918
19916,6665.755808565941
19917,7601.635076726456
19918,6941.750190642173
19919,4643.739653883165
19920,2953.635390467376
19921,4845.843846028558
19922,5498.102600317197
19923,4727.550646431957
19924,3794.492753403458
19925,6796.639580506353
19926,5004.893806364703
19927,7455.544279719354
19928,5264.174843178837
19929,5266.347027831373
19930,4324.828588747037
19931,4230.2003259435305
19932,7946.642622484606
19933,4468.601063640058
19934,6183.772168638592
19935,12720.779377714607
19936,6366.334674833088
19937,5538.451192054677
19938,4180.039406896208
19939,3965.400718334533
19940,5538.183533271468
19941,4381.712566703722
19942,5138.452958180525
19943,8211.51116002396
19944,4292.48549286071
19945,12576.251351780018
19946,7457.274553498819
19947,4458.955228076762
19948,5465.896600008625
19949,4871.220511610383
19950,5418.521814363474
19951,4564.52335869825
19952,9150.521700008068
19953,5746.752744955336
19954,7781.644433838219
19955,3691.0017340298573
19956,6577.215096469876
19957,5791.082487016335
19958,7981.950770732365
19959,5016.988127187861
19960,4769.228900380322
19961,5279.054812490941
19962,6077.993352756162
19963,6316.038668001375
19964,7846.398341658333
19965,5889.204266970078
19966,7740.868069438946
19967,5244.600807840677
19968,7652.33935794125
19969,4662.82917293543
19970,4069.1122095153805
19971,4011.996711156363
19972,7172.75790269062
19973,5045.064610034973
19974,5848.724632899783
19975,5108.670961653773
19976,7347.586417796106
19977,5808.968474660381
19978,7427.783337943922
19979,5718.75301203764
19980,3355.620423521853
19981,5912.050816474226
19982,13685.454949015031
19983,4897.218844696029
19984,5320.820342555063
19985,7100.780178290408
19986,8576.838090801131
19987,9569.753872435023
19988,4291.582770998948
19989,6200.5701066782385
19990,4641.721503318272
19991,6230.732227833222
19992,3352.8920348338743
19993,4547.83150683503
19994,4147.523108181336
19995,4802.7829158097275
19996,6883.150968079069
19997,4514.019215451272
19998,3249.076430805586
19999,5645.385865554333
20000,3476.805171231546
20001,3950.210970995197
20002,5082.136404337169
20003,4607.861377919466
20004,7005.488799382513
20005,7191.616073653646
20006,5817.191109671375
20007,5335.39609699845
20008,5535.067592754319
20009,9317.58224985981
20010,5409.186827180408
20011,4140.740302449804
20012,4419.892210726879
20013,7250.011181540212
20014,3633.9294759691365
20015,6324.756346880385
20016,2907.3255231034445
20017,3974.378798138749
20018,6459.55600793814
20019,5126.159009853658
20020,4506.99772481826
20021,7138.11762468571
20022,7903.431752734918
20023,11125.860108137436
20024,5560.122096521407
20025,4373.839325983142
20026,2717.063695894791
20027,4777.33685054355
20028,4838.56340621656
20029,3380.698162075906
20030,6738.719110182947
20031,4150.406065835307
20032,4398.32895394883
20033,7131.785032649744
20034,9087.247118820162
20035,7074.127782292054
20036,4684.446342738874
20037,4033.5116330165783
20038,9454.781431387326
20039,6638.051323699506
20040,4552.828927138223
20041,4549.037106398001
20042,5610.082505477497
20043,7291.823424602318
20044,3601.260731431581
20045,5230.176448870549
20046,6183.636662934216
20047,6397.597011552397
20048,10613.663362100295
20049,4788.830650836004
20050,12261.736533036412
20051,5518.421654083059
20052,4463.9303161395
20053,2726.625666470415
20054,4940.733068942491
20055,5085.125445148444
20056,4431.831189442766
20057,5997.661672292581
20058,4862.73588152463
20059,3595.801731992488
20060,5758.7066230590735
20061,2919.347121927345
20062,3961.326187204308
20063,6151.399211557593
20064,6649.789952048254
20065,6968.245630938327
20066,3786.6750628685036
20067,7688.543685286116
20068,3833.5324017725034
20069,4688.167983577826
20070,5189.859393600542
20071,3906.0795785464557
20072,8626.841396411595
20073,5297.412258946207
20074,4218.461435023309
20075,5584.916394152721
20076,6408.067898203919
20077,5882.442708886528
20078,5331.4141887888345
20079,6765.442877752519
20080,5183.491808409987
20081,5563.283026452305
20082,5117.693655682184
20083,6791.3129874727665
20084,4514.810759990009
20085,5382.541509379773
20086,4534.8346988035455
20087,4071.9726868404223
20088,4029.056874627092
20089,4027.2072705905202
20090,6919.228239513469
20091,7272.730302804445
20092,8163.6528446385355
20093,8472.177029422375
20094,6285.026240012803
20095,5438.970118512068
20096,4658.822948114948
20097,10059.592876767583
20098,8642.198274898836
20099,5359.427092729407
20100,7087.94452971164
20101,6663.435372835536
20102,5005.797245649755
20103,3394.5549724850325
20104,3965.4645239708175
20105,5578.179201004848
20106,4938.175408041349
20107,5188.753638423799
20108,1857.3575364679607
20109,8498.439905139214
20110,5152.196228816786
20111,4608.357400137257
20112,4267.905242040936
20113,4286.786941845435
20114,5348.506656142392
20115,5450.181930068295
20116,5267.581894647019
20117,5169.328158418377
20118,3635.0705328174295
20119,2916.1457071288687
20120,2749.697785348407
20121,5477.762368788627
20122,15572.255498789644
20123,3896.7024200180254
20124,5011.31210134922
20125,5226.836467845063
20126,4279.6863121832075
20127,4029.6138659493304
20128,4162.735093755865
20129,3352.6040367960004
20130,8012.246464090592
20131,5494.12728420006
20132,3163.435008634429
20133,6791.813767203799
20134,4088.431682065847
20135,4109.206636211853
20136,8041.583585022085
20137,5629.826848974871
20138,8181.22738232588
20139,4057.5626164492223
20140,5622.148156824771
20141,4121.207637455996
20142,3889.150510608114
20143,12440.662029563575
20144,8480.6672506913
20145,5231.980775143208
20146,3956.7459463347104
20147,4321.26460103509
20148,5344.408807754159
20149,3643.6817854148685
20150,8336.389252808149
20151,4665.394900619118
20152,3725.337765536841
20153,5571.649287242168
20154,3816.1082813090684
20155,5714.382488117416
20156,6303.944460844711
20157,5785.768387769947
20158,5508.875061642604
20159,3254.100041167166
20160,3572.4416334915086
20161,4654.674233420479
20162,7391.040286443432
20163,6648.189956356018
20164,6026.375654777353
20165,3785.979820729423
20166,7212.589140171106
20167,4735.086601957449
20168,3831.0380790053273
20169,5974.746456795317
20170,6006.24255351741
20171,5548.966792666011
20172,5908.198818403193
20173,4754.778077159677
20174,5129.751057177983
20175,4709.863937362333
20176,5883.52024318716
20177,5401.553648674458
20178,4995.478408035223
20179,7906.458954214518
20180,5040.995561195083
20181,3705.4146693808166
20182,8594.362510002265
20183,4281.989012844445
20184,2849.870775992904
20185,6344.500742970672
20186,7107.630499752657
20187,8179.148929000744
20188,4602.706915086545
20189,4661.245222754145
20190,3974.282721905487
20191,6134.867862615153
20192,4848.003954731011
20193,6125.120485269999
20194,2809.2121516512816
20195,4206.338237423186
20196,4742.944568865283
20197,4686.486888149109
20198,3975.7237534815977
20199,5898.96041729145
20200,5572.289245183379
20201,5615.718611855423
20202,6622.191980878599
20203,4550.267518608952
20204,6453.616890004424
20205,4015.488732532918
20206,5625.167247334611
20207,5829.867721877419
20208,6269.532570910259
20209,6750.743746719123
20210,2841.193678274359
20211,8563.952316638783
20212,5339.711646686646
20213,6078.989435606179
20214,4535.106027537091
20215,3671.877574408606
20216,5743.616178765042
20217,4838.3109591859575
20218,7120.157940001415
20219,5245.729341720563
20220,4512.983211918298
20221,6096.019364693527
20222,5189.510197269685
20223,4185.5443055121395
20224,6464.102924577903
20225,4496.908028964799
20226,7854.297822788321
20227,8917.59214107659
20228,6448.7099248880195
20229,3817.6047158636215
20230,4336.913691563651
20231,3391.0894950099355
20232,2752.4965572292344
20233,6546.297976549612
20234,4309.741730429934
20235,7268.760820400553
20236,3595.3038085513504
20237,4988.017534507803
20238,5534.187253420598
20239,7039.709746557362
20240,4295.639481230428
20241,4376.504198791083
20242,4241.59180483371
20243,6219.519847521163
20244,4033.692149298648
20245,5803.418098648674
20246,5343.172661925711
20247,7138.77244728242
20248,6261.854579341302
20249,6180.273436479438
20250,4869.763712688036
20251,4222.386554294242
20252,4224.986938433104
20253,8316.574287209467
20254,7198.301056670943
20255,7121.9159072884195
20256,13261.017714549344
20257,4204.991624550028
20258,3972.6491467805295
20259,5335.285214163288
20260,7280.906917303837
20261,8036.186419330672
20262,5521.402946910605
20263,6645.315496332075
20264,6344.7114393552965
20265,3994.84537859603
20266,5168.186366051388
20267,4227.371659807982
20268,4066.838969867883
20269,4105.523054665751
20270,3240.369741522367
20271,3844.0256031330064
20272,6171.615526510654
20273,13834.409769056922
20274,5676.2633457888605
20275,4362.827602258101
20276,5459.635577795615
20277,3241.934583712779
20278,5009.611576553657
20279,3593.598788738223
20280,7534.858432345436
20281,5548.886642089225
20282,5269.73554702541
20283,9879.735107331147
20284,11546.410732084049
20285,3862.0726606212834
20286,5897.433453118812
20287,3407.953957733443
20288,4877.9848523568535
20289,4633.021459521688
20290,7015.347214854267
20291,3917.29480733262
20292,3517.021799105109
20293,4053.0643205539295
20294,4276.889344995572
20295,5635.537477954589
20296,5115.42632676298
20297,4011.801442161637
20298,5745.003240392395
20299,6769.066782534257
20300,5273.701267921942
20301,3346.933924796282
20302,3086.747918246042
20303,6304.844581131927
20304,4186.603731428377
20305,7884.159290093596
20306,3244.6904107277833
20307,4150.778324866307
20308,5060.039844736454
20309,4617.119716416044
20310,4137.072423817735
20311,4507.199632378999
20312,4932.403247504573
20313,8015.480966626188
20314,7160.968839031248
20315,4865.8263943646625
20316,3579.556802903992
20317,4818.168439921188
20318,4240.3604047720255
20319,4146.199049450548
20320,4931.51180514257
20321,4742.217875479096
20322,9386.922049705385
20323,5469.990579154825
20324,5005.694069147446
20325,6163.342988518649
20326,5009.561771367907
20327,7452.871635966627
20328,4444.0025590694
20329,10208.310921917953
20330,4947.387690817078
20331,4063.320370503765
20332,4480.755874777613
20333,4580.622827014843
20334,5722.714307863794
20335,15865.161182013899
20336,3174.519815662543
20337,4000.8325549822725
20338,7419.131193861523
20339,5291.061788519957
20340,5868.623346119407
20341,6318.256350962586
20342,4659.372277912446
20343,4201.707255405039
20344,3860.8788621994063
20345,7869.684151866547
20346,5072.120220362971
20347,5518.778449591246
20348,6842.505008302973
20349,4206.519140874906
20350,6008.855431606747
20351,5206.978099140689
20352,3528.202099090367
20353,7101.898115425367
20354,7758.7428077554105
20355,3797.2093570424663
20356,6245.393334183002
20357,4901.669008548431
20358,4230.415109860913
20359,7346.93086494375
20360,5467.248612617299
20361,6056.128051961126
20362,3861.019411322736
20363,3678.463841599554
20364,5862.178739047584
20365,3302.131609192707
20366,7008.5012555969515
20367,3634.893555356408
20368,5321.547445826498
20369,4259.823751380911
20370,5171.887704292127
20371,5278.964747838946
20372,5974.598813459043
20373,5217.655059180467
20374,6771.772219719607
20375,4836.290001613153
20376,5864.0796683063645
20377,5529.366488124322
20378,6176.450271470023
20379,8545.233977723328
20380,6333.753335353373
20381,2692.424335266042
20382,3823.970601781001
20383,5755.858127813633
20384,8018.98702992106
20385,9399.344296891959
20386,4903.981838967548
20387,5597.507243420468
20388,8954.09144814291
20389,6031.747333735709
20390,3231.807536663091
20391,18276.594923628454
20392,7628.745011472209
20393,4885.6495888242425
20394,6379.671665455792
20395,5594.6234259575585
20396,4901.261920025361
20397,5427.218898354812
20398,5343.253481865146
20399,4619.118609990486
20400,4379.57376724029
20401,5819.323384148508
20402,3918.0971677958705
20403,6633.563445813131
20404,5378.357481405318
20405,5338.509180105199
20406,5235.468079688847
20407,4985.388419052477
20408,5505.40431544746
20409,4745.500109057781
20410,6213.716056908451
20411,5606.038026185063
20412,4788.966147983795
20413,5286.824431657334
20414,6082.663392512719
20415,8187.839741056264
20416,3978.844702429516
20417,4484.927798817744
20418,5023.812963325803
20419,5745.743862482569
20420,5810.739138409543
20421,4011.4916631920846
20422,4148.104244565949
20423,6078.848041683806
20424,7479.717516862608
20425,4544.730340339176
20426,5967.787540605516
20427,5286.524747609255
20428,5094.942935827459
20429,3737.8909577436243
20430,2940.7130087371784
20431,5547.161822200898
20432,5166.230074582494
20433,5113.272827708921
20434,7476.683364727205
20435,6366.1884977269465
20436,4202.709243773683
20437,6426.953991865224
20438,3657.195389204362
20439,2781.873883810634
20440,5629.768501930428
20441,4703.43712080747
20442,6169.524095970164
20443,5431.270401026915
20444,3559.7174761720944
20445,5122.468610427962
20446,6377.83358318071
20447,4497.561457798736
20448,6551.289564240112
20449,3800.307534219287
20450,4668.295714950578
20451,4410.716247095322
20452,3887.409486288766
20453,4574.325077100643
20454,3788.7244934620376
20455,3441.073837023958
20456,3816.056497727563
20457,6056.135147855475
20458,5288.268112521393
20459,4137.775566138498
20460,5509.171134731753
20461,5137.4483335996665
20462,4572.946096028969
20463,4497.657704381446
20464,6474.55390359559
20465,5598.830737452958
20466,4522.281463746779
20467,3253.050874354399
20468,9353.568382617379
20469,4980.813724559104
20470,4136.648919178989
20471,6412.166579528445
20472,4955.163621896945
20473,5348.788686202686
20474,4848.011164176272
20475,3937.9881871421076
20476,5160.081300081454
20477,10613.101168433688
20478,4040.0460608411195
20479,3530.182836455211
20480,3950.1449286887096
20481,5108.58642304084
20482,4387.197122771066
20483,6772.866266492326
20484,6590.948657242745
20485,5280.658038261167
20486,3366.5223619284893
20487,4571.165096191193
20488,8212.791824279762
20489,3748.0073566036676
20490,5807.884209754761
20491,3320.02920886644
20492,5450.162543761794
20493,6604.493168940195
20494,6127.48479459745
20495,6697.886624861736
20496,5103.66068527639
20497,3468.8346952949137
20498,4879.453840502445
20499,6365.2864977879035
20500,6899.940590428151
20501,6134.224702565087
20502,6200.631708759266
20503,4699.897623893305
20504,3675.013267074366
20505,8074.779056368466
20506,3723.5498091665354
20507,8789.747175158995
20508,5232.059825539339
20509,3435.396912075431
20510,5766.3423964230215
20511,4986.0799688636525
20512,6379.440408275934
20513,8198.126849113592
20514,3397.542553519108
20515,3807.8182070160947
20516,5464.645445208727
20517,6441.517289339957
20518,4127.792828640315
20519,4993.657806915305
20520,5151.34782939794
20521,4530.691546432257
20522,5517.59853602964
20523,4556.556774513886
20524,8098.589575785323
20525,6682.955967746687
20526,2981.1226709499642
20527,4858.010433474205
20528,4678.797894484901
20529,9946.465973236733
20530,7580.518624239796
20531,3975.858076133248
20532,8091.740697374235
20533,4236.151213430277
20534,4890.5365925740925
20535,4020.5887803372375
20536,4108.182213098477
20537,4466.7508705252
20538,4786.021512052019
20539,4184.485163393022
20540,4041.32664314684
20541,6477.931318855983
20542,5602.04787319938
20543,19813.569878077793
20544,5362.79458555995
20545,3776.389175518927
20546,5729.819643178719
20547,8502.686940007008
20548,5384.86727713463
20549,6590.594926743664
20550,5744.963804126429
20551,6130.72316195775
20552,6066.176857573603
20553,3420.675368929273
20554,4800.390740012208
20555,5598.909073305886
20556,7248.548787687789
20557,5842.501691795414
20558,6325.257907991088
20559,3904.5610471056702
20560,4105.672777504649
20561,4496.62144035095
20562,8052.286620113545
20563,10301.582057085816
20564,7395.833511038288
20565,6701.585270629063
20566,3245.576325842458
20567,4803.639118416983
20568,3980.242446553446
20569,7421.365367196529
20570,8504.58062211812
20571,9060.923441072817
20572,4613.758621838171
20573,4655.750469721283
20574,3958.768011377555
20575,5243.076608217504
20576,8554.676449917213
20577,5627.357993095957
20578,4097.841564098352
20579,3863.909108610343
20580,6586.534811807646
20581,3252.45995940841
20582,6088.587670664639
20583,3254.2295614630466
20584,6209.701949416596
20585,5485.777715229655
20586,5373.953038898595
20587,5961.730470565269
20588,6476.882436851779
20589,5172.913857726895
20590,6550.015861193464
20591,5386.8256812604595
20592,8620.474212122846
20593,5242.406004710973
20594,6759.507224261848
20595,7921.607340805436
20596,8054.792038041205
20597,5641.933541916423
20598,6991.229787706576
20599,3563.9240169961045
20600,4308.718063649585
20601,4796.091070060215
20602,5760.2850920728515
20603,7566.765281035099
20604,6415.866236565722
20605,4590.821324735723
20606,6036.026421335695
20607,6209.001891507571
20608,7319.606224844599
20609,3517.8833057099273
20610,10111.610393148252
20611,3689.27656874607
20612,6818.53381579016
20613,6937.875578810996
20614,3780.546136731688
20615,4686.890562176858
20616,4883.489053753262
20617,5758.308097643159
20618,4683.739286867961
20619,5151.218264513265
20620,6947.084827537186
20621,5275.101727158313
20622,5192.855733234471
20623,4659.248639865549
20624,6828.284766602526
20625,10481.57791908636
20626,5936.682739048597
20627,5050.1832233156165
20628,5107.516015844737
20629,6698.487855574978
20630,5207.392597074769
20631,6718.846026561764
20632,3535.878052796175
20633,6380.793945105759
20634,5477.894107666525
20635,6062.67939325257
20636,7664.763770670681
20637,4463.336159054181
20638,4400.618781684625
20639,4330.702238929016
20640,6573.057898590276
20641,7491.7760947973575
20642,4991.958802147496
20643,4112.654293040292
20644,6285.609252284072
20645,4964.1543559009115
20646,4616.3050900202825
20647,6153.382774997591
20648,6273.110513569765
20649,6634.467237697008
20650,5596.069318429936
20651,4290.41147594133
20652,4869.921112098371
20653,6901.845839346079
20654,6661.09329814342
20655,6423.409005867256
20656,6366.583416709499
20657,5182.973913823164
20658,7359.327467028115
20659,4610.282469646969
20660,5079.786065269185
20661,7391.558838760853
20662,5757.020766455951
20663,8507.794171300602
20664,6784.72019905142
20665,5690.492653467605
20666,4794.332255531948
20667,6550.190256898845
20668,5567.586294682597
20669,4939.633845614096
20670,3764.1095416770636
20671,4798.836445723231
20672,6536.054437791955
20673,4555.519561272061
20674,3383.1259621570307
20675,7123.199819839518
20676,4165.683930433127
20677,5333.0781562797365
20678,4973.537292015174
20679,4703.196433590637
20680,5572.44480094905
20681,5856.577060538838
20682,5138.2092524171085
20683,4267.949390598107
20684,5299.63789214972
20685,5359.646127316487
20686,3391.8550495847035
20687,5628.4602489700155
20688,4261.666309817198
20689,7243.697195864157
20690,3747.4578874595377
20691,3669.051592098278
20692,10149.742052869886
20693,4128.028321801914
20694,4211.278863631042
20695,8748.081559038184
20696,5230.910058760684
20697,6994.123019375265
20698,6809.886345820746
20699,4521.158570098504
20700,5844.087244925544
20701,3661.0731782841344
20702,6294.887041325822
20703,8886.172566934109
20704,6270.8605177086465
20705,2450.222768876048
20706,4115.6558883679545
20707,6681.060480541517
20708,7520.029581022735
20709,4850.643045714906
20710,6107.00562592881
20711,4158.0619328392195
20712,4595.801502788879
20713,3181.585305264093
20714,4479.733178489911
20715,5352.479569509733
20716,6103.277347083852
20717,6064.084024857498
20718,5522.7901664781275
20719,6962.576530612258
20720,6993.632964133651
20721,6879.896401613382
20722,3884.110975349814
20723,8874.42175594422
20724,7524.272574693701
20725,4613.080089862917
20726,6925.78724642759
20727,4168.023464932127
20728,5532.594103948339
20729,3277.2219616739485
20730,5558.73805379343
20731,3931.275257633311
20732,8332.18465251123
20733,6431.913035747147
20734,6325.165716926616
20735,7012.047515060458
20736,4676.6721121133305
20737,7042.951789099531
20738,16476.43655362774
20739,8435.989645242014
20740,4657.146271568344
20741,2507.473213901509
20742,5125.833928274813
20743,6290.469687280859
20744,5226.3648679785565
20745,11692.798170292086
20746,17020.16347951395
20747,3876.558427512976
20748,4656.2550008176295
20749,7337.048266079555
20750,4320.657689980488
20751,5695.285434385059
20752,4982.031150324229
20753,6249.176536223016
20754,5143.21516890527
20755,3471.658573394227
20756,5089.45754922733
20757,6365.434038316756
20758,7727.029462673222
20759,5305.261464519699
20760,5052.950509522626
20761,8302.251148745725
20762,4583.587559621352
20763,4514.959819914952
20764,4937.607029390084
20765,4494.472544043204
20766,4820.763143786851
20767,5834.076755578558
20768,5548.025672217656
20769,5535.163827038155
20770,6324.105928853062
20771,6018.111891968773
20772,7582.7651873651075
20773,8448.554421408538
20774,6984.272173760362
20775,4727.226919930014
20776,3052.2441911805513
20777,5002.1223516887485
20778,5920.874306474306
20779,5010.208462416547
20780,4037.5707937090133
20781,6792.867007496846
20782,5111.8206694583805
20783,7780.1064210063
20784,5763.965635995151
20785,5903.977844146549
20786,4416.771367105932
20787,4887.65074274312
20788,8144.27558594089
20789,4904.629968503448
20790,6516.8872021032785
20791,13362.64321607559
20792,6598.6889735913755
20793,5478.40954480242
20794,4444.49977035791
20795,4183.520025933002
20796,5799.957178345349
20797,4520.416458021555
20798,5318.279042296664
20799,8586.342009107628
20800,4563.328063672358
20801,12673.364548328567
20802,7637.723583807101
20803,4718.926934446881
20804,5925.496207394877
20805,4976.386389102176
20806,5571.786725782685
20807,4676.164233124078
20808,9825.226936889647
20809,5943.569838500681
20810,7928.187478773675
20811,4070.870482670106
20812,6719.500106354873
20813,5993.402777134597
20814,8063.028624981057
20815,5300.216177640546
20816,4874.420412125745
20817,5399.029618521647
20818,6325.864760268241
20819,6914.431890924436
20820,7994.652074503133
20821,6142.244960846562
20822,8174.389153506732
20823,5806.203769855285
20824,9113.591912353044
20825,4903.018372203561
20826,4256.057336640134
20827,4153.137808670996
20828,7227.102609473858
20829,5418.050296951976
20830,6180.115634519079
20831,5254.463858686782
20832,7507.3252230301905
20833,6307.448777245053
20834,7431.88767741409
20835,5784.906966204997
20836,3508.4422558238048
20837,6021.839372589701
20838,14813.880927790342
20839,5405.070261291612
20840,5478.285130714057
20841,7281.044818009605
20842,8696.238362042901
20843,9830.041491061693
20844,4387.468191571065
20845,6573.167949537696
20846,4827.819296819479
20847,6477.571559000257
20848,3616.214547457163
20849,4610.093648311201
20850,4563.393587604368
20851,4989.147393224852
20852,6987.832261326631
20853,4603.048899726974
20854,3318.5282613874233
20855,5821.366532714916
20856,3586.3773911183844
20857,4098.128765413666
20858,5116.3685109546195
20859,4927.622304551657
20860,7308.416388937302
20861,8279.620773725459
20862,6497.189116030211
20863,5647.837923899748
20864,5647.779961319083
20865,9283.475015147453
20866,5602.673738278859
20867,4225.826975970524
20868,4593.964942304426
20869,7552.255117200138
20870,4113.104705054926
20871,6507.88904769546
20872,2997.3548646222193
20873,4138.296418995833
20874,6651.360996754706
20875,5305.6732303079125
20876,4658.238797585194
20877,7521.2730768969395
20878,8124.340680097206
20879,11231.28379037221
20880,5720.9310300059
20881,4366.763165586435
20882,3036.8956009292974
20883,4936.428475423057
20884,5070.16959014259
20885,3438.3726184007455
20886,6998.75738018199
20887,4169.253732357512
20888,5135.910629677514
20889,7305.106010265425
20890,9374.506910214785
20891,7148.053598012281
20892,4855.207802726196
20893,3989.027129011297
20894,9565.46983753008
20895,6676.021190948131
20896,4906.116850153115
20897,4700.356893945536
20898,5962.634492019628
20899,7382.761826970415
20900,3676.652821971459
20901,6005.571265067193
20902,6282.639912341997
20903,6471.597426210866
20904,10550.016065344491
20905,4933.155279269459
20906,12321.028638837039
20907,6053.096540884701
20908,4763.7855057164525
20909,2738.984607165991
20910,5068.897954629069
20911,5299.13633211139
20912,4657.53814847502
20913,6092.32741739984
20914,4985.678367719482
20915,3801.192893690741
20916,5874.054194243611
20917,3261.213082113917
20918,4291.568628356369
20919,6740.194205511951
20920,6737.570244523451
20921,7187.196042775878
20922,4124.098405603957
20923,7865.33599691811
20924,4088.7148322061944
20925,4997.848684045815
20926,5547.289693586909
20927,3998.845767857145
20928,9182.239310168592
20929,5803.926848137972
20930,4300.740598637472
20931,5776.051745544454
20932,6865.385696260225
20933,5991.2443266897
20934,5505.966291719716
20935,6857.544292778647
20936,5429.870793488052
20937,5636.742512799292
20938,5244.7869455589735
20939,7080.898937240861
20940,4603.029567292184
20941,5410.538784311444
20942,4748.386735522645
20943,4542.901468391065
20944,4171.914084795061
20945,4134.27433823856
20946,7849.631057865524
20947,7830.831822144175
20948,8364.409177869982
20949,8739.897637544645
20950,6371.257479788754
20951,5484.512614565896
20952,5091.711726413546
20953,10729.186261820438
20954,8765.732655046688
20955,5701.984716696943
20956,7266.625037856567
20957,6630.9303597076705
20958,5143.577354796605
20959,4169.123416995585
20960,4298.875317396605
20961,5783.768059971731
20962,5259.259456356205
20963,5458.256082350869
20964,1829.888281138679
20965,8772.754123100185
20966,5619.4942911930775
20967,4847.481758719432
20968,4529.124860691589
20969,4396.803213629208
20970,5787.298579364912
20971,5595.8129600383245
20972,5990.913254663638
20973,5212.5874479344175
20974,3725.985130135293
20975,3066.0926243846793
20976,2744.391603753132
20977,5521.317847376687
20978,16032.73127279832
20979,4257.290960733841
20980,5037.351133764728
20981,5438.514242387515
20982,4527.633324345589
20983,4426.045867060913
20984,4392.76823655307
20985,3444.998551555751
20986,8178.1709867384025
20987,5653.124224887184
20988,3289.605111227146
20989,7232.393327317979
20990,4173.09872139194
20991,4298.927229078818
20992,8706.225552012978
20993,5993.311624559982
20994,9621.999295065227
20995,4150.402517705995
20996,5599.294517861808
20997,4226.657542489258
20998,4087.085741950301
20999,12833.41279748111
21000,9396.35193672749
21001,5579.455006598895
21002,4130.25834618486
21003,4554.359689023718
21004,5609.572220837211
21005,3728.4836155168205
21006,8597.845937721862
21007,4696.4970568335175
21008,3800.108812188516
21009,5983.898093750073
21010,3973.1361543498315
21011,5836.683465052358
21012,6259.018603008103
21013,6096.873160648367
21014,5686.957326873289
21015,3336.0363965756464
21016,3649.2073937655487
21017,5272.593749055823
21018,7904.861855317883
21019,6750.016143749149
21020,6081.253011990526
21021,3938.315354060226
21022,7705.4749161398595
21023,4784.831021087195
21024,4289.218216350551
21025,5997.821569497316
21026,6139.780263623639
21027,5569.536888554398
21028,5985.623160676888
21029,5444.522990114758
21030,5907.615538783641
21031,4930.613824617164
21032,6211.051089536724
21033,5681.021848757021
21034,5084.397746571239
21035,8137.6328437694065
21036,5084.648563351203
21037,3690.6511124950507
21038,8860.53141713287
21039,4371.629653353182
21040,2686.431694737452
21041,6450.633378534456
21042,7663.259393583971
21043,8230.467976689166
21044,4792.021256929342
21045,4883.428895636918
21046,4100.690206407096
21047,6813.414362207874
21048,5019.50294976698
21049,6907.36946339515
21050,2849.0353362985065
21051,4468.721670256049
21052,4851.658059209128
21053,5040.54172313895
21054,4105.667124742689
21055,6094.919936648965
21056,6002.3651497081355
21057,5762.503727468986
21058,6812.311217276188
21059,5231.452143229413
21060,7459.671742177901
21061,4258.831521044144
21062,5835.515202094473
21063,6067.619727367024
21064,6385.580358842632
21065,6980.401142370975
21066,2838.532745556977
21067,8530.054770851235
21068,5826.713304834054
21069,6174.684242156234
21070,4599.056164054083
21071,3672.8219175345203
21072,6087.615635135705
21073,4838.212161816594
21074,7721.227883107885
21075,5483.73235927187
21076,4811.796950871578
21077,6353.194889264219
21078,5279.965472437329
21079,4327.938908617369
21080,6917.122354225027
21081,4503.091684158339
21082,8771.19306261794
21083,9189.297492029214
21084,6500.998560183281
21085,3866.3428969549364
21086,4549.666713446567
21087,3540.043738996943
21088,2772.3738804780105
21089,6695.4281772224585
21090,4581.8344386863555
21091,7279.675718899034
21092,3770.624657946237
21093,5032.158870664638
21094,5672.1154096948785
21095,7075.519728243763
21096,4413.77228598313
21097,4704.979053979581
21098,4376.814637600144
21099,6588.245196497946
21100,4982.496187663213
21101,6197.724909053503
21102,5647.473248179333
21103,7413.664719793451
21104,6435.650856063217
21105,6234.690192808501
21106,5047.448323586508
21107,4302.606267539648
21108,4553.184014482851
21109,8558.382287776141
21110,7242.529839673072
21111,7949.281353547211
21112,13764.327658851633
21113,4202.452538191943
21114,4479.3416421797165
21115,5418.2440665331405
21116,7435.355654652294
21117,8203.92822799423
21118,5702.2320521153115
21119,6662.128933172042
21120,6431.244478757755
21121,4160.531021060332
21122,5143.327941967971
21123,4300.559712048272
21124,4265.225393497357
21125,4297.960754917468
21126,3355.509102647353
21127,3970.870934156873
21128,6609.821580070219
21129,14233.450577340145
21130,6275.721050808579
21131,4481.954366666016
21132,5542.950641705559
21133,3571.500814462964
21134,5126.467689766841
21135,3629.408712353007
21136,8223.160372537594
21137,5694.83335961619
21138,5655.016913851819
21139,10300.904680936386
21140,11597.980947410391
21141,3803.250851569225
21142,5894.106803781232
21143,3583.3627896017388
21144,5378.338886955083
21145,5493.8409481720555
21146,7325.473859686559
21147,4017.5600510138916
21148,3847.3922197349602
21149,4071.435089437823
21150,4745.059761604409
21151,5301.132089944726
21152,5407.635011325046
21153,4130.257691004937
21154,6032.637946328579
21155,6791.270070267014
21156,5410.069528162613
21157,3433.955618428413
21158,3069.297793062008
21159,6425.228366795022
21160,4155.262872016214
21161,8333.886499259323
21162,3637.4941444473106
21163,4431.903972119382
21164,5422.5467577903155
21165,4880.730745131609
21166,4328.987681988533
21167,4645.848672224575
21168,5095.613515975355
21169,8822.652435673144
21170,7225.2359388879095
21171,4997.3397847494825
21172,3936.117010456426
21173,5967.083867827434
21174,4340.532878444269
21175,4182.618318386678
21176,5194.175542499169
21177,5277.782101947073
21178,10080.673127736967
21179,5739.792847483872
21180,5122.98091142886
21181,6216.674247559339
21182,5184.216779506827
21183,7774.162099481111
21184,4634.020214166872
21185,10587.725638041698
21186,5087.483340817143
21187,4225.194753898149
21188,4805.385316955673
21189,4672.444733347667
21190,6381.864841023532
21191,16236.018632230347
21192,3374.682828151761
21193,4131.994119720752
21194,7514.260696589359
21195,5313.051082281753
21196,6067.899723790444
21197,6571.884543067155
21198,5027.762116696214
21199,4693.236748626714
21200,3920.8390305218427
21201,7924.919299616224
21202,5207.796751833135
21203,5788.613659500964
21204,7154.993214526487
21205,4532.422505389787
21206,6430.667227444843
21207,5561.510700221364
21208,3542.8223332957896
21209,7485.7085848852
21210,7962.4572406682555
21211,3968.6925324618614
21212,6830.530114481975
21213,5252.959790047299
21214,4472.922784726712
21215,7783.0924895129365
21216,5679.020326266785
21217,6479.434840624662
21218,3975.620919207571
21219,3769.9636311000595
21220,5952.416221578914
21221,3350.0985148564882
21222,7218.672347448566
21223,3690.3219913974917
21224,5545.879296162795
21225,4547.97677983925
21226,5603.506562390025
21227,5513.416214768402
21228,6072.037717230281
21229,5482.787681508219
21230,7513.218184559122
21231,5168.742783972692
21232,6436.356326687199
21233,5621.394818634499
21234,6246.951609874357
21235,8900.176047494682
21236,6534.777185295096
21237,2755.7594532477324
21238,4032.8264390552254
21239,6276.458103355897
21240,8003.353119922562
21241,10570.611063744509
21242,5216.931623604597
21243,5793.636488515684
21244,9273.554617655627
21245,5798.156436851162
21246,3356.1819970021415
21247,19280.268376579006
21248,8739.599271335645
21249,4973.559329527074
21250,6434.1520423124275
21251,6005.991700283376
21252,5541.89259733733
21253,5463.8036693153335
21254,5404.188988706388
21255,5113.946334389468
21256,4584.227170028218
21257,6085.124666370881
21258,4009.0754619409777
21259,6420.678320536445
21260,5896.187842313318
21261,5554.712846348653
21262,5360.998966301688
21263,5077.659015377585
21264,5683.2673982089855
21265,4800.519190312954
21266,6385.560317673178
21267,5747.366472625461
21268,5047.0645867694475
21269,5821.160508158509
21270,6237.597162944087
21271,8634.100631255675
21272,4516.153684400127
21273,4738.395358864218
21274,5186.965516421959
21275,6022.205608645495
21276,6246.615317708858
21277,4167.982245475807
21278,4374.443558241603
21279,6030.7931439426575
21280,7499.808105097901
21281,4992.68971205222
21282,6391.686822830333
21283,5386.190856190486
21284,5259.571082718151
21285,3927.780453266825
21286,3055.3514060390653
21287,5751.856945008015
21288,5277.87033952253
21289,5163.115125741848
21290,7696.9001476701405
21291,6543.553890306589
21292,4658.855090284716
21293,6956.370963767552
21294,3677.07010292047
21295,2976.1411460483955
21296,5775.419703186518
21297,4775.797180470029
21298,6359.053170142725
21299,5486.871665187534
21300,3719.889337864466
21301,5261.3706013966885
21302,6419.920189220911
21303,4528.102625297904
21304,6890.884071222727
21305,3961.874495168298
21306,5100.585198730408
21307,4635.655033630302
21308,4559.083227216624
21309,5223.725003963555
21310,3870.5543881388508
21311,3887.5362664548215
21312,3927.704482440009
21313,6158.77256429138
21314,5453.448509879366
21315,4351.003908187056
21316,5433.712168213967
21317,5281.600411960233
21318,4660.666166014542
21319,4743.417721730069
21320,7428.896299568896
21321,6395.163184801612
21322,4918.364446451424
21323,3295.941765636254
21324,9274.688777861029
21325,5051.667855886842
21326,4385.570860673768
21327,6864.343585005262
21328,5392.240562470423
21329,5494.802254051506
21330,5191.494033249914
21331,3946.5194808206497
21332,5179.207877809281
21333,10913.755166232464
21334,4086.0981105055066
21335,3815.5092308371454
21336,3970.486466756035
21337,5310.638511641137
21338,4540.194716698637
21339,6750.6564360179755
21340,6669.207252125801
21341,5624.618750013057
21342,3515.898635494793
21343,4947.131821741227
21344,8610.963601191315
21345,3908.1267080447087
21346,5890.163171284213
21347,3381.154409846015
21348,5822.5177346672945
21349,6751.332370442939
21350,6330.918195818122
21351,6825.851627853199
21352,5341.297410638381
21353,3616.724896166111
21354,5070.543080684328
21355,6137.9170029708885
21356,6986.960249391736
21357,6328.722960726108
21358,6357.316238039081
21359,4852.478509087404
21360,4083.046681711284
21361,8217.895292424075
21362,3865.7457150292507
21363,9677.046560450171
21364,5324.34873089729
21365,3569.5358837966005
21366,6023.050134867586
21367,5680.317867691133
21368,6543.9634680845475
21369,8489.692149335142
21370,3910.492967300674
21371,3915.754958127428
21372,5903.400727409749
21373,6610.4291474891625
21374,4477.852636079607
21375,5068.4967335891215
21376,5591.98818007564
21377,4669.236178537833
21378,5646.1498428972045
21379,4606.146034564292
21380,8115.836729936726
21381,6985.740510327
21382,2976.211136627047
21383,5077.66490433178
21384,4812.32396666393
21385,10246.764503644232
21386,8215.539948463775
21387,3932.8038798217494
21388,8426.916061413041
21389,4413.8668748649025
21390,4912.675168872793
21391,4670.143528554779
21392,4187.4098663063805
21393,4692.644488899129
21394,4874.367619389125
21395,4370.475356995988
21396,4138.785940933362
21397,7014.384074672877
21398,5587.2635261725145
21399,20507.51478079355
21400,5525.173730973359
21401,0.0
21402,0.0
21403,0.0
21404,0.0
21405,0.0
21406,0.0
21407,0.0
21408,0.0
21409,0.0
21410,0.0
21411,0.0
21412,0.0
21413,0.0
21414,0.0
21415,0.0
21416,0.0
21417,0.0
21418,0.0
21419,0.0
21420,0.0
21421,0.0
21422,0.0
21423,0.0
21424,0.0
21425,0.0
21426,0.0
21427,0.0
21428,0.0
21429,0.0
21430,0.0
21431,0.0
21432,0.0
21433,0.0
21434,0.0
21435,0.0
21436,0.0
21437,0.0
21438,0.0
21439,0.0
21440,0.0
21441,0.0
21442,0.0
21443,0.0
21444,0.0
21445,0.0
21446,0.0
21447,0.0
21448,0.0
21449,0.0
21450,0.0
21451,0.0
21452,0.0
21453,0.0
21454,0.0
21455,0.0
21456,0.0
21457,0.0
21458,0.0
21459,0.0
21460,0.0
21461,0.0
21462,0.0
21463,0.0
21464,0.0
21465,0.0
21466,0.0
21467,0.0
21468,0.0
21469,0.0
21470,0.0
21471,0.0
21472,0.0
21473,0.0
21474,0.0
21475,0.0
21476,0.0
21477,0.0
21478,0.0
21479,0.0
21480,0.0
21481,0.0
21482,0.0
21483,0.0
21484,0.0
21485,0.0
21486,0.0
21487,0.0
21488,0.0
21489,0.0
21490,0.0
21491,0.0
21492,3500.707415045223
21493,0.0
21494,0.0
21495,0.0
21496,0.0
21497,0.0
21498,0.0
21499,0.0
21500,0.0
21501,0.0
21502,0.0
21503,0.0
21504,0.0
21505,0.0
21506,0.0
21507,0.0
21508,0.0
21509,0.0
21510,0.0
21511,0.0
21512,0.0
21513,0.0
21514,0.0
21515,0.0
21516,0.0
21517,0.0
21518,0.0
21519,0.0
21520,0.0
21521,0.0
21522,0.0
21523,0.0
21524,0.0
21525,0.0
21526,0.0
21527,0.0
21528,0.0
21529,0.0
21530,0.0
21531,0.0
21532,0.0
21533,0.0
21534,0.0
21535,0.0
21536,0.0
21537,0.0
21538,0.0
21539,0.0
21540,0.0
21541,0.0
21542,0.0
21543,0.0
21544,0.0
21545,0.0
21546,0.0
21547,0.0
21548,0.0
21549,0.0
21550,0.0
21551,0.0
21552,0.0
21553,0.0
21554,0.0
21555,0.0
21556,0.0
21557,0.0
21558,0.0
21559,0.0
21560,2708.7917420512495
21561,0.0
21562,0.0
21563,0.0
21564,0.0
21565,0.0
21566,0.0
21567,0.0
21568,0.0
21569,0.0
21570,0.0
21571,0.0
21572,0.0
21573,0.0
21574,0.0
21575,0.0
21576,0.0
21577,0.0
21578,0.0
21579,0.0
21580,0.0
21581,0.0
21582,0.0
21583,0.0
21584,0.0
21585,0.0
21586,0.0
21587,0.0
21588,0.0
21589,0.0
21590,0.0
21591,0.0
21592,0.0
21593,0.0
21594,0.0
21595,0.0
21596,0.0
21597,0.0
21598,0.0
21599,0.0
21600,0.0
21601,16826.776565033862
21602,26650.91874231323
21603,0.0
21604,0.0
21605,0.0
21606,0.0
21607,0.0
21608,0.0
21609,0.0
21610,7588.65504582754
21611,0.0
21612,0.0
21613,0.0
21614,0.0
21615,0.0
21616,0.0
21617,0.0
21618,0.0
21619,0.0
21620,0.0
21621,0.0
21622,0.0
21623,0.0
21624,0.0
21625,0.0
21626,0.0
21627,0.0
21628,0.0
21629,4047.6949026316843
21630,0.0
21631,0.0
21632,0.0
21633,0.0
21634,0.0
21635,0.0
21636,0.0
21637,0.0
21638,0.0
21639,2767.215708210906
21640,0.0
21641,0.0
21642,0.0
21643,0.0
21644,0.0
21645,0.0
21646,0.0
21647,0.0
21648,0.0
21649,0.0
21650,0.0
21651,0.0
21652,0.0
21653,0.0
21654,0.0
21655,0.0
21656,0.0
21657,8067.533818360563
21658,0.0
21659,0.0
21660,0.0
21661,0.0
21662,0.0
21663,0.0
21664,0.0
21665,0.0
21666,0.0
21667,0.0
21668,0.0
21669,0.0
21670,0.0
21671,0.0
21672,0.0
21673,0.0
21674,9173.139847053271
21675,0.0
21676,0.0
21677,0.0
21678,0.0
21679,0.0
21680,0.0
21681,0.0
21682,0.0
21683,0.0
21684,0.0
21685,0.0
21686,0.0
21687,0.0
21688,0.0
21689,0.0
21690,0.0
21691,0.0
21692,0.0
21693,0.0
21694,0.0
21695,0.0
21696,0.0
21697,0.0
21698,0.0
21699,0.0
21700,0.0
21701,0.0
21702,0.0
21703,0.0
21704,0.0
21705,0.0
21706,0.0
21707,0.0
21708,0.0
21709,0.0
21710,0.0
21711,0.0
21712,0.0
21713,0.0
21714,0.0
21715,0.0
21716,0.0
21717,0.0
21718,0.0
21719,0.0
21720,0.0
21721,0.0
21722,0.0
21723,0.0
21724,0.0
21725,0.0
21726,0.0
21727,0.0
21728,0.0
21729,0.0
21730,0.0
21731,0.0
21732,0.0
21733,0.0
21734,0.0
21735,0.0
21736,1665.0429412474778
21737,0.0
21738,0.0
21739,0.0
21740,0.0
21741,0.0
21742,0.0
21743,0.0
21744,0.0
21745,0.0
21746,0.0
21747,0.0
21748,0.0
21749,0.0
21750,4600.7431851373185
21751,0.0
21752,0.0
21753,0.0
21754,0.0
21755,0.0
21756,0.0
21757,0.0
21758,0.0
21759,0.0
21760,0.0
21761,0.0
21762,0.0
21763,0.0
21764,0.0
21765,0.0
21766,0.0
21767,0.0
21768,0.0
21769,0.0
21770,0.0
21771,0.0
21772,0.0
21773,0.0
21774,0.0
21775,0.0
21776,0.0
21777,0.0
21778,0.0
21779,0.0
21780,0.0
21781,0.0
21782,0.0
21783,0.0
21784,0.0
21785,0.0
21786,0.0
21787,0.0
21788,0.0
21789,0.0
21790,0.0
21791,0.0
21792,0.0
21793,7952.358480042746
21794,0.0
21795,0.0
21796,0.0
21797,0.0
21798,0.0
21799,0.0
21800,0.0
21801,0.0
21802,0.0
21803,2299.5071261663184
21804,0.0
21805,0.0
21806,0.0
21807,4785.870289224407
21808,0.0
21809,0.0
21810,0.0
21811,0.0
21812,0.0
21813,0.0
21814,0.0
21815,0.0
21816,0.0
21817,0.0
21818,0.0
21819,0.0
21820,0.0
21821,0.0
21822,0.0
21823,0.0
21824,0.0
21825,0.0
21826,0.0
21827,0.0
21828,0.0
21829,0.0
21830,0.0
21831,0.0
21832,0.0
21833,0.0
21834,19342.632568337707
21835,0.0
21836,0.0
21837,0.0
21838,0.0
21839,0.0
21840,0.0
21841,0.0
21842,0.0
21843,0.0
21844,0.0
21845,0.0
21846,0.0
21847,0.0
21848,5493.397057573145
21849,0.0
21850,0.0
21851,0.0
21852,0.0
21853,0.0
21854,0.0
21855,0.0
21856,0.0
21857,0.0
21858,0.0
21859,0.0
21860,0.0
21861,0.0
21862,0.0
21863,0.0
21864,0.0
21865,0.0
21866,0.0
21867,0.0
21868,0.0
21869,0.0
21870,0.0
21871,0.0
21872,0.0
21873,0.0
21874,0.0
21875,0.0
21876,0.0
21877,0.0
21878,0.0
21879,0.0
21880,0.0
21881,0.0
21882,0.0
21883,0.0
21884,0.0
21885,0.0
21886,0.0
21887,0.0
21888,0.0
21889,0.0
21890,0.0
21891,0.0
21892,0.0
21893,0.0
21894,0.0
21895,0.0
21896,0.0
21897,0.0
21898,0.0
21899,0.0
21900,0.0
21901,0.0
21902,0.0
21903,0.0
21904,0.0
21905,0.0
21906,0.0
21907,0.0
21908,0.0
21909,0.0
21910,0.0
21911,0.0
21912,0.0
21913,0.0
21914,0.0
21915,0.0
21916,0.0
21917,0.0
21918,0.0
21919,0.0
21920,0.0
21921,0.0
21922,0.0
21923,13726.550693691932
21924,0.0
21925,0.0
21926,0.0
21927,0.0
21928,0.0
21929,0.0
21930,0.0
21931,0.0
21932,0.0
21933,0.0
21934,0.0
21935,0.0
21936,0.0
21937,0.0
21938,0.0
21939,0.0
21940,0.0
21941,0.0
21942,0.0
21943,0.0
21944,0.0
21945,0.0
21946,0.0
21947,0.0
21948,0.0
21949,0.0
21950,0.0
21951,0.0
21952,0.0
21953,0.0
21954,0.0
21955,0.0
21956,0.0
21957,0.0
21958,0.0
21959,0.0
21960,0.0
21961,0.0
21962,0.0
21963,0.0
21964,0.0
21965,0.0
21966,0.0
21967,3354.1159896690447
21968,16065.948293222345
21969,0.0
21970,0.0
21971,0.0
21972,0.0
21973,0.0
21974,0.0
21975,0.0
21976,0.0
21977,0.0
21978,0.0
21979,0.0
21980,0.0
21981,0.0
21982,0.0
21983,0.0
21984,0.0
21985,0.0
21986,0.0
21987,0.0
21988,0.0
21989,0.0
21990,0.0
21991,0.0
21992,0.0
21993,0.0
21994,0.0
21995,0.0
21996,11723.13260146059
21997,0.0
21998,0.0
21999,0.0
22000,0.0
22001,0.0
22002,0.0
22003,0.0
22004,0.0
22005,0.0
22006,0.0
22007,0.0
22008,0.0
22009,0.0
22010,0.0
22011,0.0
22012,0.0
22013,0.0
22014,0.0
22015,0.0
22016,0.0
22017,0.0
22018,0.0
22019,0.0
22020,0.0
22021,0.0
22022,0.0
22023,0.0
22024,0.0
22025,0.0
22026,0.0
22027,0.0
22028,0.0
22029,0.0
22030,0.0
22031,0.0
22032,0.0
22033,0.0
22034,0.0
22035,0.0
22036,0.0
22037,0.0
22038,0.0
22039,0.0
22040,0.0
22041,0.0
22042,0.0
22043,0.0
22044,0.0
22045,0.0
22046,0.0
22047,0.0
22048,0.0
22049,0.0
22050,0.0
22051,0.0
22052,0.0
22053,0.0
22054,0.0
22055,0.0
22056,0.0
22057,0.0
22058,0.0
22059,0.0
22060,0.0
22061,0.0
22062,0.0
22063,0.0
22064,0.0
22065,0.0
22066,2442.3829511955078
22067,0.0
22068,0.0
22069,0.0
22070,2294.0327049192642
22071,0.0
22072,0.0
22073,0.0
22074,0.0
22075,0.0
22076,0.0
22077,0.0
22078,0.0
22079,0.0
22080,0.0
22081,0.0
22082,0.0
22083,0.0
22084,0.0
22085,0.0
22086,0.0
22087,0.0
22088,0.0
22089,0.0
22090,0.0
22091,0.0
22092,0.0
22093,0.0
22094,0.0
22095,0.0
22096,0.0
22097,0.0
22098,0.0
22099,0.0
22100,0.0
22101,0.0
22102,0.0
22103,0.0
22104,0.0
22105,0.0
22106,0.0
22107,0.0
22108,0.0
22109,0.0
22110,0.0
22111,0.0
22112,0.0
22113,0.0
22114,0.0
22115,0.0
22116,0.0
22117,0.0
22118,0.0
22119,0.0
22120,0.0
22121,3009.0853599074658
22122,0.0
22123,0.0
22124,0.0
22125,0.0
22126,0.0
22127,0.0
22128,0.0
22129,0.0
22130,0.0
22131,0.0
22132,0.0
22133,0.0
22134,0.0
22135,0.0
22136,11405.80895679523
22137,0.0
22138,0.0
22139,0.0
22140,0.0
22141,0.0
22142,0.0
22143,0.0
22144,0.0
22145,0.0
22146,0.0
22147,0.0
22148,0.0
22149,0.0
22150,0.0
22151,0.0
22152,0.0
22153,0.0
22154,0.0
22155,0.0
22156,0.0
22157,0.0
22158,0.0
22159,0.0
22160,0.0
22161,0.0
22162,0.0
22163,0.0
22164,0.0
22165,0.0
22166,0.0
22167,0.0
22168,0.0
22169,0.0
22170,0.0
22171,0.0
22172,0.0
22173,0.0
22174,0.0
22175,0.0
22176,0.0
22177,0.0
22178,0.0
22179,0.0
22180,0.0
22181,0.0
22182,0.0
22183,0.0
22184,0.0
22185,0.0
22186,0.0
22187,0.0
22188,0.0
22189,0.0
22190,0.0
22191,0.0
22192,0.0
22193,0.0
22194,0.0
22195,0.0
22196,0.0
22197,0.0
22198,0.0
22199,0.0
22200,3882.726729562103
22201,0.0
22202,0.0
22203,0.0
22204,0.0
22205,0.0
22206,0.0
22207,0.0
22208,0.0
22209,0.0
22210,0.0
22211,0.0
22212,0.0
22213,0.0
22214,0.0
22215,0.0
22216,0.0
22217,0.0
22218,0.0
22219,0.0
22220,0.0
22221,0.0
22222,0.0
22223,0.0
22224,0.0
22225,0.0
22226,0.0
22227,0.0
22228,0.0
22229,0.0
22230,0.0
22231,0.0
22232,0.0
22233,0.0
22234,0.0
22235,0.0
22236,0.0
22237,0.0
22238,0.0
22239,0.0
22240,0.0
22241,13569.541299974531
22242,5014.123821413879
22243,0.0
22244,0.0
22245,0.0
22246,0.0
22247,0.0
22248,0.0
22249,0.0
22250,0.0
22251,0.0
22252,0.0
22253,0.0
22254,0.0
22255,0.0
22256,0.0
22257,4399.53485619923
22258,4269.960022892957
22259,6377.705574211835
22260,3600.7770136407703
22261,5941.777298658954
22262,5089.761441482946
22263,5798.712851473784
22264,6033.852260281165
22265,4472.682531344472
22266,3496.581901518477
22267,5610.933971558668
22268,5572.579586096075
22269,4467.114530541681
22270,5997.5165034352885
22271,6053.4038970425
22272,3325.576101424472
22273,4294.321758911453
22274,7384.512045306004
22275,8223.086802906246
22276,6398.291750399927
22277,7085.440666425658
22278,3065.0100359044554
22279,5118.275387479537
22280,2416.91480520563
22281,7320.89624547919
22282,7931.1330729140145
22283,9147.385096406133
22284,6058.4652842998485
22285,3425.3327101162076
22286,4671.341941572401
22287,5635.489243513023
22288,7657.9609499404105
22289,4178.775551599545
22290,5677.683502632
22291,3826.7787788631126
22292,5636.558817618204
22293,2619.0635222595597
22294,7590.804157911009
22295,4086.5999775206733
22296,7519.658663108135
22297,6167.822994482075
22298,3956.4277631966265
22299,7137.842155609916
22300,6720.858274378398
22301,4444.739144988999
22302,3753.965594747599
22303,7418.962940440279
22304,10697.476653206311
22305,5805.265921464372
22306,5650.07442696081
22307,8428.332261571759
22308,7574.792267839184
22309,5610.197169194828
22310,6254.951251276501
22311,2408.3780456292075
22312,2606.2727510365453
22313,4547.848647963536
22314,5927.287338439538
22315,8108.922600725115
22316,7118.857010748403
22317,4315.3736037642875
22318,8581.505925745008
22319,5984.7507300616035
22320,4752.54934813471
22321,2752.3219673467793
22322,9760.770425658126
22323,3390.169155310601
22324,6603.936642149514
22325,6963.369562548276
22326,3917.128362216043
22327,5377.214856197721
22328,2878.4934049882863
22329,5773.320121504035
22330,5385.513078330168
22331,5683.047956797675
22332,8736.964885946225
22333,5553.968578590854
22334,5213.987177401846
22335,3373.5952708187006
22336,7111.49098990715
22337,12945.887098209316
22338,5401.631458243616
22339,3316.4450662217223
22340,6216.836949705566
22341,5799.353406366103
22342,6429.90627166355
22343,9803.751634477756
22344,2584.3761390697455
22345,6986.618534149451
22346,4718.18680758186
22347,5804.412072727456
22348,7187.468134451044
22349,2592.148805212762
22350,4006.206765259862
22351,5193.500441111176
22352,7348.5375617164755
22353,7517.525698066638
22354,4274.206546271538
22355,4735.167977547436
22356,7397.468621257635
22357,6042.695146830508
22358,3932.950233446291
22359,5109.175695956823
22360,4693.779603609625
22361,6538.978792447596
22362,5746.357585168914
22363,2964.5821335853675
22364,5838.512483692558
22365,6016.555975200517
22366,6434.693386274242
22367,7151.723272553018
22368,7324.65801067711
22369,4021.128387756099
22370,7548.159203463297
22371,3109.1183510425985
22372,3872.3801818345046
22373,7481.490303366453
22374,7030.298523669958
22375,7008.628486101775
22376,9596.564930977518
22377,6791.127653419115
22378,4985.106627094639
22379,6650.7964317138985
22380,6984.0801702077615
22381,3336.8124435457908
22382,2846.740627633484
22383,5114.8385828103355
22384,4653.556158648153
22385,4463.412827311655
22386,3077.770501070824
22387,5520.33196653025
22388,3647.4386442460195
22389,6479.89375271147
22390,5691.348660465782
22391,2934.8278521253983
22392,6124.1032489038735
22393,6950.235064273825
22394,3477.567093564623
22395,5375.055625166502
22396,3882.3888986030306
22397,5355.440870857358
22398,1240.641713650728
22399,4359.631154786466
22400,4915.954435196488
22401,7002.555091334533
22402,2695.5971793371987
22403,3306.8038451158513
22404,14313.529967641502
22405,4137.551103363529
22406,4992.437480087851
22407,9794.575363634343
22408,5504.398613623305
22409,7346.531017417767
22410,6011.546845277101
22411,5562.178475628058
22412,6201.9668278813515
22413,2911.4890264180267
22414,4834.885361836396
22415,7577.747714810346
22416,5255.62022836009
22417,2877.189539525834
22418,3449.9355867059303
22419,7402.943977510236
22420,9773.734977355974
22421,6333.651473554222
22422,6162.483409930755
22423,4214.311799186108
22424,2179.9956662169525
22425,2039.2920191437922
22426,3663.5845150919345
22427,5478.059043480544
22428,7129.236748634007
22429,4865.674936694883
22430,4455.851844191452
22431,8612.978959221333
22432,7229.422506660006
22433,6914.455859172446
22434,5246.889363376819
22435,7657.766125521363
22436,8549.180871927392
22437,3526.00863319283
22438,5102.92355569349
22439,4986.999680860807
22440,6119.584205676676
22441,3773.0307598684
22442,5388.364509000804
22443,4581.270707513524
22444,8180.47800509067
22445,5705.754994349133
22446,7035.151975908505
22447,6670.147096460204
22448,4860.013775549146
22449,7925.578945975593
22450,15788.43101679779
22451,8411.790658639564
22452,4284.594092431425
22453,3503.030005078256
22454,6668.003679298373
22455,6404.3426075693305
22456,4626.243115867321
22457,9119.926856912096
22458,16288.313959378864
22459,5386.837935384876
22460,2186.790088172818
22461,9797.35306894984
22462,3005.3733173228497
22463,5405.139057622931
22464,3353.944143166473
22465,5888.919121081524
22466,4821.514279890861
22467,1356.7075469840618
22468,5060.560470104258
22469,5267.483479604615
22470,9530.346208858953
22471,5854.053192005364
22472,5734.496859857511
22473,8618.221874505396
22474,4973.81569756342
22475,6154.7797709774995
22476,6103.371818771082
22477,5162.128851411175
22478,5662.118888260432
22479,3970.7363723401727
22480,3403.4215081564935
22481,5744.605465466463
22482,4603.907757738434
22483,4921.8826205007035
22484,8301.058044456218
22485,8057.406844063193
22486,6746.566368650954
22487,4024.0037115857845
22488,4208.966691341339
22489,4342.425499877531
22490,4863.097178101973
22491,6046.176835535722
22492,3627.5412040493907
22493,6799.766706330431
22494,5514.572664977001
22495,7535.269739722269
22496,5428.36944553404
22497,5523.098933376546
22498,3116.8858730815105
22499,2616.513068306669
22500,8061.725135462491
22501,5865.139961112277
22502,5369.192042325321
22503,11223.733979652696
22504,7714.250252065562
22505,3750.3737824797754
22506,5728.50314865909
22507,2444.9499874974954
22508,4177.354591038862
22509,3908.0722404025723
22510,3809.700700853068
22511,8409.796654232165
22512,4755.32945556421
22513,8449.646571221261
22514,7344.208378314856
22515,6660.650552677756
22516,5530.397552081337
22517,4058.711537572642
22518,5182.409904742799
22519,4597.24558857407
22520,11030.631670089804
22521,6019.262492485586
22522,7197.737532908184
22523,3374.556952179356
22524,5533.250482191228
22525,6383.0892719502735
22526,8803.834946098495
22527,6431.683634571225
22528,5502.720985187198
22529,6430.212618319262
22530,5136.342370052891
22531,7448.439070857289
22532,6308.041571821139
22533,6448.070618186436
22534,8398.46245557586
22535,6761.4594928647975
22536,7986.942925893381
22537,3658.185108957723
22538,5369.797143230982
22539,4909.6807139129
22540,8590.104466422468
22541,6858.372283179215
22542,7144.595601806817
22543,6824.951683265809
22544,7407.3510805258575
22545,8295.86569630176
22546,6819.097254718322
22547,5897.273526317051
22548,3166.0367206274113
22549,5659.581700865603
22550,15551.089675699308
22551,7376.756596375848
22552,6148.113311356948
22553,6616.053117763815
22554,7990.355678336329
22555,7700.646736730972
22556,2760.647638603565
22557,4564.242038849548
22558,5386.500967182689
22559,8292.584536355804
22560,2759.035141594488
22561,4452.412904257051
22562,5473.300280372405
22563,5082.4298176004195
22564,4753.5634493807975
22565,3080.352510214348
22566,2954.3747552117975
22567,7547.372029761275
22568,4170.277996709173
22569,4576.016916411487
22570,5492.424612972537
22571,5084.799572658076
22572,8988.53490136363
22573,12541.228854791452
22574,4999.911964837581
22575,7242.058881665178
22576,6146.367409051893
22577,9386.468316902898
22578,4706.675607266374
22579,2856.3988237091917
22580,5111.901276528296
22581,9878.050720418598
22582,3854.8168837993867
22583,7156.434196026427
22584,1976.2180039785637
22585,3626.511918985855
22586,6647.438120088242
22587,6696.485570641684
22588,5245.8417018564905
22589,8601.044803322715
22590,8650.402435100255
22591,7953.299511060748
22592,4767.664276073898
22593,3570.161172454181
22594,1979.8601954401806
22595,3714.756709804171
22596,6855.779837404812
22597,4786.1663907980865
22598,10281.595986720577
22599,2614.3036108540155
22600,4864.472967626327
22601,5213.243412162985
22602,7818.191321109447
22603,9582.371802791162
22604,5081.741395709683
22605,2835.0320849871664
22606,8759.980657821885
22607,8707.194651094393
22608,4297.919136057055
22609,5357.92624998189
22610,8515.040654988805
22611,5796.04449491805
22612,4923.217704318344
22613,3636.12511664424
22614,7587.1624115252625
22615,4179.826118793703
22616,10800.47451003394
22617,7101.586947250667
22618,13377.621673951051
22619,6698.12282683493
22620,4564.246383025799
22621,2084.502020878952
22622,5354.554791576093
22623,6123.986719541468
22624,5276.180026917526
22625,8477.589162700682
22626,5563.96325368139
22627,3092.068717152726
22628,7088.003715244725
22629,3340.0023553991005
22630,4200.7581941475255
22631,8667.359828315408
22632,7084.391899371124
22633,8055.860905675081
22634,4916.759537778569
22635,6938.825547432144
22636,4023.7473875162964
22637,5086.683656862746
22638,6927.891506672039
22639,3310.1531752397914
22640,8837.536932329924
22641,5594.853970291402
22642,3824.3422958423157
22643,4897.059231275173
22644,7906.422563990059
22645,5703.45510636295
22646,4025.959168193927
22647,5549.9002894354835
22648,5310.9804312885135
22649,5049.857929368578
22650,4964.132322858841
22651,9575.366758437638
22652,4513.396876649492
22653,4010.593815991268
22654,6070.541807476103
22655,5712.6506526651465
22656,3301.582932227853
22657,4977.5510129595295
22658,8755.497303171716
22659,6809.828736912355
22660,9361.243746438984
22661,8191.859870644066
22662,6995.1868463761775
22663,5313.45282283486
22664,4567.376198301371
22665,10424.38941797311
22666,7834.742386528222
22667,6847.841294117177
22668,5247.835159327224
22669,5305.142481258465
22670,4744.276828205078
22671,2253.5022122869823
22672,3977.012013545447
22673,6709.652808765853
22674,5425.4008935995635
22675,5155.96431336683
22676,1408.2802168665523
22677,7797.272565696388
22678,5887.734761534354
22679,4867.390379494491
22680,3620.0609398374118
22681,4961.133187177419
22682,5027.714295812379
22683,4011.145745391947
22684,10051.377767721657
22685,4593.8078508982835
22686,4196.284390852648
22687,3303.83325505125
22688,2576.9344286191467
22689,4345.389352982941
22690,12523.243663464462
22691,3672.0305020351293
22692,5919.687727366621
22693,5051.41238803212
22694,4041.073870073555
22695,3098.525927377743
22696,5917.862437423108
22697,2851.5950549964123
22698,8437.313948357196
22699,5742.967024866688
22700,2589.2898354508784
22701,8141.549777562351
22702,2467.615356066006
22703,3887.3729888371868
22704,9041.302586672315
22705,7142.483367891908
22706,8384.975037088727
22707,2354.3324628361847
22708,4469.234618436121
22709,4675.05917119258
22710,3734.794918482661
22711,14537.72246382784
22712,11714.514437702644
22713,5101.639030117015
22714,2992.6854798289937
22715,6018.462026309874
22716,5440.943340995415
22717,2372.120113907856
22718,7102.156942987557
22719,4978.587562093694
22720,2798.776170893985
22721,6689.451260155179
22722,4802.272464682549
22723,4764.623570883178
22724,6179.637952561329
22725,6434.906664552884
22726,6924.035681794468
22727,2640.1299424398694
22728,3602.431428454715
22729,6487.6915155083
22730,7972.305678888177
22731,5442.633717846795
22732,6998.342396005972
22733,2292.165955187184
22734,9648.483865660222
22735,5055.4013776680185
22736,2822.6734768483952
22737,4005.3732352354523
22738,4840.347637770808
22739,4771.889798874328
22740,7013.536682678944
22741,3717.3964482888136
22742,5794.233855867327
22743,4714.686948755125
22744,7603.009431070523
22745,8155.231656948184
22746,5308.549111300465
22747,7526.7333739498
22748,6146.339095972324
22749,2406.967838801869
22750,10176.57266926594
22751,2960.2734385353215
22752,2928.212114288489
22753,5671.904240028375
22754,10079.115899692628
22755,9587.051254970997
22756,4504.318211531846
22757,4548.012991665741
22758,3528.2954423375213
22759,6534.382213516829
22760,4263.454485709553
22761,7901.660005658082
22762,2961.5111705312675
22763,4314.109783503914
22764,3779.4397022887256
22765,3210.4249586468572
22766,3806.5263722642767
22767,7154.3171306599115
22768,6272.44640283328
22769,5865.811013919172
22770,4924.791062290349
22771,7794.24099200391
22772,7436.142755588391
22773,4867.574706745869
22774,5524.793321948519
22775,5753.8560777261955
22776,7035.254737686687
22777,4999.92319511764
22778,1904.5965163284432
22779,6456.888766714967
22780,6278.498010040954
22781,5885.423801832015
22782,5428.328696237242
22783,3237.768334798843
22784,7339.604592184776
22785,2855.7777073710527
22786,8605.046640033228
22787,4973.814626875253
22788,4302.645644210248
22789,7515.641296001383
22790,3833.732653331286
22791,4453.4495256462615
22792,8571.08073025476
22793,2771.6107272597346
22794,6992.830699418229
22795,9163.382718921599
22796,6718.985485409583
22797,2902.0208738706306
22798,4926.578510529956
22799,3819.455317862693
22800,2268.3013627925225
22801,4606.346477175376
22802,6016.534943622446
22803,4937.098961564229
22804,5041.077615916399
22805,5073.671767026457
22806,4781.435621711622
22807,8043.47497871573
22808,5220.719053006305
22809,5966.7902864371
22810,4468.31009270163
22811,5607.88531241226
22812,5973.3787430404545
22813,6081.8327210188345
22814,6324.830112623919
22815,7080.000898582625
22816,8250.927209568936
22817,5620.198699212537
22818,4948.924146567813
22819,2894.270136951184
22820,5600.741669334987
22821,8394.941327487017
22822,5889.384989225396
22823,6654.734067479547
22824,13013.473669646532
22825,3074.111293504311
22826,4456.929628948665
22827,3915.8091354340104
22828,7896.606484123636
22829,10228.501890442885
22830,7140.203118918754
22831,7111.519100742586
22832,7074.1118496953195
22833,3496.871169385991
22834,6623.272110951687
22835,5112.687008639144
22836,2155.22492932993
22837,4745.976645498723
22838,3115.426022844801
22839,2900.16085480213
22840,6439.293540726338
22841,16883.552136526614
22842,5665.420493024151
22843,3317.2674283186816
22844,4639.521492385065
22845,4308.386839032694
22846,4980.806764267959
22847,2103.77350573691
22848,6483.981861707389
22849,7016.017298655572
22850,3534.087101759896
22851,10230.757413339732
22852,11586.595845984037
22853,3064.7485133616387
22854,3649.343044364948
22855,3661.431837694986
22856,3923.932976707004
22857,3751.7500200126674
22858,8234.601835220337
22859,3753.3513342308975
22860,4436.334582160774
22861,2538.3700545817273
22862,4697.325065625892
22863,4493.12265687094
22864,6640.647543094328
22865,3376.052872291558
22866,7600.248820072058
22867,6593.8140382301735
22868,4675.76088060541
22869,3759.095160573
22870,3724.462972676352
22871,4877.31117710387
22872,3261.669113528156
22873,8855.727813440113
22874,4457.407114308006
22875,3841.9671220438054
22876,6584.361908149528
22877,4856.379331215353
22878,5712.301210910432
22879,4365.0547692016025
22880,5515.106952623359
22881,10208.019001154076
22882,6276.401055333554
22883,5761.149545447814
22884,3510.7087835251455
22885,4606.498170048905
22886,3225.1660580138823
22887,3734.8401011668084
22888,5059.3853147334685
22889,4702.347153296822
22890,10564.954415408123
22891,6794.357043674439
22892,4264.059176109664
22893,5195.997700645871
22894,5750.98935867031
22895,6185.587624824789
22896,5282.818372822786
22897,8296.471160324973
22898,6338.2930108127985
22899,4761.52052059052
22900,4143.78452619917
22901,3678.8032046858198
22902,3280.342420491272
22903,19894.90812565504
22904,1948.7956916704734
22905,4828.490270812778
22906,5983.157294803238
22907,6285.969564971922
22908,5578.564754825239
22909,7887.010364434859
22910,5472.405351631427
22911,6341.6920306444235
22912,2551.2198628564856
22913,7844.708202119775
22914,4123.448196448977
22915,6332.375001709805
22916,9633.1872660689
22917,4100.2546835702415
22918,7645.744225538349
22919,6227.416251224237
22920,3253.951215821029
22921,5702.545878529252
22922,6291.431324562602
22923,2684.849305119588
22924,8515.210078910924
22925,6432.332195853519
22926,4805.619958797086
22927,6838.198579754189
22928,7714.349585155125
22929,6003.879970223299
22930,4469.915145250041
22931,3754.84460112196
22932,5144.116304725788
22933,3365.6026955054754
22934,6144.995888999307
22935,2501.23766971264
22936,5695.735738554367
22937,2737.394817721223
22938,5750.979885461843
22939,5297.4535757531885
22940,4526.080959831831
22941,5301.272038281162
22942,8320.47920405609
22943,5773.733963096889
22944,6098.511355195273
22945,5438.329700273154
22946,6026.439491755263
22947,9287.109674160734
22948,6199.716466436343
22949,4066.0498916573624
22950,2453.5028177128165
22951,4894.421064005531
22952,6053.502394861675
22953,12352.447824403855
22954,5820.1504666026285
22955,5625.828156041783
22956,8943.918438786199
22957,6402.671708787945
22958,1994.9756506629335
22959,18517.948411016063
22960,7476.719664969443
22961,6138.510247470538
22962,7648.941651882345
22963,5416.804643554159
22964,8473.894613655091
22965,4958.557433139574
22966,3994.8944366937676
22967,3226.736309092394
22968,4026.2580049890007
22969,7378.855151044131
22970,2550.759005083882
22971,7843.743073756311
22972,6629.189603022239
22973,4417.709835072778
22974,6611.706673999655
22975,4564.250147227329
22976,6780.427150383861
22977,4120.028405621597
22978,4726.86129280611
22979,4846.126250357975
22980,3645.518602675725
22981,6005.13196496559
22982,7666.603657742326
22983,7830.96717783605
22984,5749.071704602589
22985,3642.259987898609
22986,5974.040531389853
22987,6479.852403260028
22988,7192.885628760128
22989,3087.1263223457368
22990,2788.69759926185
22991,8341.427103521479
22992,6282.2868239706195
22993,3946.2278376776508
22994,6747.011335066079
22995,6332.836855734708
22996,5589.6957652637175
22997,4728.418651826118
22998,1748.7632399244633
22999,6600.603950761658
23000,5587.259815136415
23001,5026.791679767988
23002,8581.923314930427
23003,6552.509858804597
23004,3440.6476983196535
23005,5489.893546592466
23006,3184.476463140618
23007,1404.7729658144142
23008,5453.0514953227
23009,4389.371446026668
23010,5662.92737279469
23011,4288.553502989123
23012,2920.191021824581
23013,4935.386860396181
23014,6901.165951935404
23015,5592.005580767015
23016,8717.333103989964
23017,3817.3873295528006
23018,4704.341910237308
23019,3446.7180950732272
23020,5732.133891688377
23021,3156.1992094263223
23022,2584.5557546179316
23023,4339.49723772796
23024,3997.327683116719
23025,6616.428838650614
23026,4591.369947539774
23027,4963.704254218003
23028,5256.7355676659945
23029,7077.876665128014
23030,4606.866002148436
23031,3501.771307498703
23032,9644.842818243465
23033,6482.008863346465
23034,6319.736846178333
23035,2108.8279658516867
23036,4526.673856248886
23037,5228.193568522801
23038,4039.7952661366407
23039,7981.141279214687
23040,5864.396298622368
23041,5883.782466517141
23042,5658.843857357173
23043,2897.8745022168673
23044,5932.8028054347615
23045,10315.07497990898
23046,3396.547780383918
23047,3852.3386463317397
23048,5231.672620235429
23049,5165.863521622983
23050,5655.346133979196
23051,7751.238634385223
23052,6238.981519229436
23053,5888.879339102074
23054,2595.000456755791
23055,5751.6780857983185
23056,6929.419331307165
23057,3222.0222388632606
23058,6244.9391935838685
23059,2981.788260654549
23060,6595.969414889333
23061,5607.429199551267
23062,5262.959215644847
23063,6052.754757827267
23064,3975.295331637352
23065,5176.641389372882
23066,6356.883507918343
23067,4609.172039228745
23068,8099.066036889584
23069,5321.626568862432
23070,8502.094307044177
23071,5259.142945142363
23072,3559.410174286791
23073,8083.7449195469535
23074,2823.0714269410755
23075,9512.097152411317
23076,5645.047145157412
23077,4975.548343030907
23078,6796.42884403587
23079,4581.837605888175
23080,4358.991706557375
23081,6863.563511686098
23082,3250.702488036473
23083,2775.253145606028
23084,5833.433063557791
23085,6008.599497356444
23086,3404.3842464471813
23087,5970.269017801645
23088,5190.937649406149
23089,3703.034648088024
23090,5926.595939863439
23091,3222.1299545870784
23092,8929.88986160086
23093,6802.185011386292
23094,1513.312784128926
23095,5323.864660212336
23096,4599.948189256043
23097,8424.02196992954
23098,7547.818081966755
23099,3115.5903236864933
23100,8276.577656165877
23101,4576.838678491444
23102,6101.8085811288365
23103,5826.0670773960355
23104,4445.255684433216
23105,3139.6138445231545
23106,5205.886602582059
23107,3611.1207308935914
23108,2685.3093808703375
23109,7299.083133365819
23110,5488.8540911873515
23111,22135.897910878597
23112,7296.863144935131
23113,4504.555123775877
23114,8100.113379007429
23115,9821.250039054028
23116,6442.828084443745
23117,8006.958235507138
23118,5911.891012429239
23119,7736.298721449517
23120,8460.73867027678
23121,7311.858283113817
23122,6020.661241333828
23123,7800.831603630416
23124,8355.48580371076
23125,7598.667069152733
23126,7751.079800214315
23127,6967.041532873986
23128,5055.509006097247
23129,6111.336608530358
23130,10795.118654748032
23131,11249.032387907027
23132,10498.969767946757
23133,8460.999926398763
23134,4220.230853448837
23135,6256.278940230632
23136,4976.715717284627
23137,8804.912468567856
23138,11857.688591425733
23139,10065.605758519256
23140,6566.577978496993
23141,7074.421149100081
23142,4615.523623599054
23143,6000.928128984151
23144,10865.388553821354
23145,7709.240030168232
23146,5800.240139066816
23147,5952.2400252492625
23148,8129.569657598935
23149,3855.5141829431127
23150,8418.36728530001
23151,4933.762034993428
23152,7948.873711901147
23153,7693.762380864439
23154,5933.224174874506
23155,8831.42974375586
23156,7882.739226273722
23157,6297.270792503125
23158,7151.266063201133
23159,8355.000170715186
23160,12805.911931561905
23161,6447.563582715708
23162,8881.145969809604
23163,7912.604027148764
23164,9913.67964466601
23165,7031.001274005136
23166,10169.60871949129
23167,4707.331806017845
23168,5040.712290170613
23169,6207.242095454231
23170,6572.059798481605
23171,9891.05392748954
23172,8233.562918932019
23173,5860.397935075918
23174,8072.404793158454
23175,7471.509656619505
23176,10362.822097469521
23177,4246.9842475926325
23178,13320.99380174093
23179,5017.411982450276
23180,6361.490726468656
23181,8706.035664074487
23182,4996.816695487025
23183,6988.835561502758
23184,7175.453974962084
23185,7952.338098568443
23186,6376.074860377369
23187,6021.6103932941005
23188,8499.820845083701
23189,8783.050704151834
23190,7570.486443141549
23191,5922.609154469712
23192,7562.857358923241
23193,12977.591177627926
23194,7561.629403954784
23195,4773.379724372985
23196,7850.384500448007
23197,6459.529016890077
23198,6154.433805689681
23199,8741.495901121989
23200,4848.727882130577
23201,8458.215137433883
23202,6108.154372183112
23203,7711.518092330767
23204,7530.638475854391
23205,5320.86842980634
23206,6447.998461659715
23207,5795.919417849164
23208,9057.613586319821
23209,9061.246281125135
23210,5194.517105223175
23211,4950.9485237394965
23212,8033.855314273457
23213,6428.140634392329
23214,6372.033434963177
23215,8276.921171820932
23216,7261.131388165049
23217,7678.936600855308
23218,6076.018632254463
23219,4851.308237607134
23220,7026.936332955876
23221,8671.142626228615
23222,8091.123639413092
23223,8286.867409537357
23224,8288.414561402096
23225,6258.451801929216
23226,9463.254415412548
23227,6017.380495726668
23228,7576.241101083128
23229,9123.013048598184
23230,7556.46400124137
23231,10290.904712094904
23232,8938.151334357355
23233,8479.719578007522
23234,6558.528936593368
23235,8011.361295445621
23236,8537.84088207086
23237,6816.843078778677
23238,4282.100525916778
23239,6007.836451786629
23240,8082.992754372093
23241,6301.33633501864
23242,4876.48675877253
23243,9146.98351031389
23244,7224.062134174492
23245,6450.0181155429045
23246,6456.675240611907
23247,5918.092430284998
23248,7238.771377516273
23249,7727.880301966771
23250,7327.706691840505
23251,5761.482593134216
23252,5328.27496248744
23253,7242.239017228694
23254,4304.486448978309
23255,6978.980190567603
23256,6111.998746324712
23257,9098.345764326978
23258,7904.320152812055
23259,6631.861070614013
23260,13707.96939977424
23261,5213.991356908505
23262,5666.703525395357
23263,11276.945529529426
23264,7755.284687791262
23265,8677.484533245208
23266,7820.264211125531
23267,5979.720972008381
23268,6659.2741104144825
23269,5925.400624115073
23270,8356.839445746511
23271,11097.18712758363
23272,6820.040904756405
23273,3966.778445498945
23274,5048.166940128935
23275,9249.680335478733
23276,10110.018318436873
23277,7412.069137889888
23278,7311.818145491865
23279,4862.528911512608
23280,5483.666870073644
23281,3385.3745470625367
23282,5297.590767859686
23283,6872.887750856951
23284,8351.603858487199
23285,6723.391669255539
23286,6938.9317354525265
23287,8985.073729418162
23288,10149.905682019218
23289,7734.507420049665
23290,5984.675103693436
23291,9184.537353691758
23292,12099.269989574503
23293,6411.080243334591
23294,7918.294698932454
23295,5490.372434546794
23296,7224.263090554873
23297,4695.295311871671
23298,7432.898830180851
23299,6141.554006632612
23300,9282.854588477096
23301,7484.219201320591
23302,9154.73750207962
23303,7958.595425156069
23304,5967.93688968909
23305,9308.20676782851
23306,19436.247665665996
23307,10972.37496112548
23308,5983.425769751491
23309,3483.5905273443873
23310,7178.477937111906
23311,8151.41573417269
23312,6225.150422986971
23313,13184.087840149617
23314,21052.62696596459
23315,4415.526731210656
23316,5752.34837476175
23317,8615.110188845709
23318,5355.714568676123
23319,8351.30166373659
23320,7418.09875601235
23321,7887.2163671226
23322,5773.965971631339
23323,7258.299652789818
23324,7237.3909402603085
23325,7489.020462792738
23326,11532.313740650947
23327,7243.044571298324
23328,6862.135295249554
23329,7571.520350907641
23330,5791.976895615362
23331,5621.35720479163
23332,8485.371628210676
23333,6283.83354358299
23334,6499.575640883086
23335,7917.130899945778
23336,6357.41075398459
23337,7021.147410328079
23338,7645.706864983055
23339,7533.709055313677
23340,9751.728052583043
23341,7322.317407678941
23342,8134.212822948421
23343,6433.284528014552
23344,5151.886045496172
23345,6868.411630048869
23346,7186.181736815813
23347,6504.424492094906
23348,5135.4682724222275
23349,9590.198289478492
23350,7959.872897121245
23351,10516.601933530905
23352,6453.444579212456
23353,6397.6526186022875
23354,5703.730044745935
23355,4695.341606764166
23356,11047.216159033991
23357,6238.466436826923
23358,8483.74889312137
23359,14566.162302955001
23360,8411.753047419781
23361,6354.941767948514
23362,6582.662778341042
23363,5019.52020280316
23364,8593.432714715023
23365,4525.986291067899
23366,5614.016843699948
23367,9530.56156601538
23368,5974.6934228435575
23369,15936.18449093146
23370,12291.003903980523
23371,5903.122525347887
23372,7648.724589879839
23373,8013.353788118931
23374,7437.570328111561
23375,5995.255471579193
23376,12413.451584562494
23377,8371.21349963925
23378,10040.280495373006
23379,5997.6991391622105
23380,7756.033861645929
23381,6383.943882076257
23382,9343.23733828508
23383,7829.656105935783
23384,6864.248009559949
23385,7625.576118412112
23386,7013.290879870128
23387,9613.144189284398
23388,9013.077437277743
23389,6894.987066864462
23390,10836.938930289594
23391,7011.322670011096
23392,9601.885755794043
23393,5626.570029748031
23394,6097.455859141912
23395,6133.9762112790195
23396,11568.200146448327
23397,7122.319477901099
23398,8876.373373334613
23399,7377.09404657836
23400,9973.417403351552
23401,6281.528119422245
23402,8764.099241322274
23403,6722.596135677272
23404,4162.363953985325
23405,15021.846929676185
23406,17068.72979858459
23407,8259.731785975986
23408,7699.084137500038
23409,9995.26135428613
23410,11287.236508962716
23411,11115.225921738858
23412,6404.2696222715485
23413,8177.259037769977
23414,6587.192751490141
23415,9290.742464381434
23416,4354.43810625581
23417,6659.447817269419
23418,6267.06532608328
23419,6277.1278687196655
23420,7845.088703840311
23421,6719.723255402716
23422,5032.868745651029
23423,11095.79951926179
23424,4659.629153123642
23425,5561.91632361212
23426,7383.8374952068625
23427,7775.002754505683
23428,9747.418532510826
23429,9712.329855814736
23430,7387.095534946436
23431,7358.402499257097
23432,7018.85434962729
23433,11413.095820999411
23434,7504.094690848968
23435,6424.044473964426
23436,6255.092002577016
23437,10059.418979256854
23438,5178.909040891768
23439,7400.067215650972
23440,3376.327875304433
23441,5457.4652546244915
23442,7909.166646669636
23443,6863.250852069543
23444,6592.152479939486
23445,9191.350536132662
23446,9977.418101959269
23447,12713.343971223216
23448,6874.874965148638
23449,11148.6429733838
23450,3505.7827314757405
23451,6510.637369404349
23452,7455.872362594026
23453,5300.685295959703
23454,8534.834945830944
23455,5591.797438013376
23456,5432.216736400855
23457,9025.654714527054
23458,10955.542625097125
23459,9179.797916399912
23460,6181.104420231288
23461,5550.468648548649
23462,8744.65777423518
23463,7979.42582274955
23464,5888.312650086239
23465,6285.914961614838
23466,7877.442595711822
23467,9310.45420871713
23468,5618.2986960230455
23469,6599.283885419719
23470,8379.53263997086
23471,9035.11790544586
23472,12600.294125720424
23473,6202.840994648299
23474,13733.814841692018
23475,7678.953650461635
23476,5938.53486963892
23477,3983.0912210117776
23478,6527.07881066584
23479,7045.764690136451
23480,6182.256974323304
23481,8609.355041279177
23482,5604.567641514531
23483,4999.435135817759
23484,8171.026261389259
23485,4410.424870384351
23486,7761.7640563656405
23487,7898.662976496875
23488,8184.007818579994
23489,9627.623480298367
23490,6413.317689466069
23491,10043.193304104521
23492,6514.703137134999
23493,6782.84749845885
23494,7320.894023487777
23495,5499.485914357401
23496,10320.57736106807
23497,6579.528417523997
23498,5249.876911508078
23499,7857.115397727821
23500,9068.32306748083
23501,7815.106263097067
23502,6911.651376341857
23503,9021.471039651231
23504,5825.073916204015
23505,6961.176114040459
23506,6937.878447886069
23507,10836.211461448598
23508,6238.016518849874
23509,6361.80453869236
23510,6871.584034451252
23511,6238.045412286185
23512,5523.453657055993
23513,6070.46569608741
23514,9633.668009758985
23515,8643.234202638627
23516,10986.425556104921
23517,11681.86656004861
23518,8726.896263970768
23519,5713.248222394026
23520,5649.943474270874
23521,11602.629918985163
23522,11136.294937577595
23523,8742.821288326557
23524,9062.058499197563
23525,9115.941235729766
23526,6479.532786999003
23527,4503.528323329449
23528,10658.625122848625
23529,8049.504732450401
23530,6894.253335124685
23531,6652.04077428386
23532,3314.639540449747
23533,12459.222616362862
23534,7092.00248069404
23535,5985.884739964393
23536,5870.738066820435
23537,6249.798771796832
23538,6517.151163259384
23539,8588.831002188666
23540,7384.803915637312
23541,5413.2741507161145
23542,5448.711216926646
23543,4072.072083769965
23544,3526.781567133597
23545,7829.97136141393
23546,18053.69050196966
23547,4634.882341495365
23548,6408.797534694925
23549,7175.523698888529
23550,6232.127590604429
23551,5613.262472322909
23552,6233.6499059381895
23553,4224.067678812256
23554,8927.647683511965
23555,7622.947578717852
23556,4683.735979721507
23557,10164.342265775951
23558,6110.201555771129
23559,5434.770713868684
23560,9943.681600548205
23561,8726.489932458167
23562,9811.776443692273
23563,5840.192404952579
23564,7430.191356965045
23565,5183.85021702003
23566,5301.018742747965
23567,15125.362398157402
23568,11449.362281348265
23569,6948.144539228987
23570,5996.363358817096
23571,5804.475316260275
23572,6823.9686376835625
23573,4870.096263732005
23574,9083.477722172027
23575,5332.9239093998585
23576,5857.013131647861
23577,8566.149981230328
23578,5828.738873959644
23579,7289.076288044722
23580,8061.453465864204
23581,8462.257342176215
23582,8870.237949690218
23583,4705.232393059557
23584,6169.3874590163305
23585,7753.993593914255
23586,9429.770081874009
23587,8636.483956251244
23588,7665.093535053757
23589,5231.902306032974
23590,8827.906614091831
23591,6533.094356949587
23592,5008.0810602718575
23593,7785.634677004796
23594,7780.790270963297
23595,6603.394144326057
23596,6868.078428129965
23597,6347.149489928413
23598,6861.499068192893
23599,6513.0652515161
23600,6560.885451600084
23601,8421.104603128475
23602,7577.853483261517
23603,10027.77771596296
23604,7143.105593553043
23605,4831.233420745062
23606,12508.75654475026
23607,5608.579494351574
23608,3826.0988048724157
23609,8266.212714992416
23610,10080.17697988108
23611,11537.967184963429
23612,5270.561762758482
23613,6408.048261281602
23614,6610.197707253239
23615,7951.457943365653
23616,6646.1221582014205
23617,8732.168843950758
23618,3727.7553583352915
23619,7115.986555885765
23620,6534.576121427419
23621,5418.509404638476
23622,5989.555892179321
23623,6881.8286351918205
23624,9368.307685724492
23625,6668.412311543847
23626,8572.16590961292
23627,8004.0134264354865
23628,9006.277765612438
23629,6094.98375204062
23630,7015.070083124745
23631,7778.600839125789
23632,8800.087812682415
23633,9482.501754376157
23634,3955.4008925192948
23635,8980.290268777664
23636,7592.358316407731
23637,7917.256350791254
23638,7017.650566840756
23639,5453.9861954703265
23640,9013.035553103191
23641,6599.961543009612
23642,9041.81252529656
23643,7445.572648142655
23644,6124.837771714091
23645,9053.484342076315
23646,6741.150040395467
23647,7537.812911832122
23648,8569.376225308124
23649,6939.4541497613955
23650,9691.874528078133
23651,12194.585626980457
23652,8651.085432369884
23653,5484.7087206337055
23654,6364.0748067624645
23655,4565.546665695418
23656,3512.1132763460455
23657,8375.483845789735
23658,6419.845342466189
23659,8852.042384311195
23660,5215.572853094578
23661,6553.5406818010415
23662,6705.461126067763
23663,9583.163716677927
23664,8259.583903583347
23665,5969.976794874327
23666,6313.396273978523
23667,7734.399368921026
23668,5882.478960649646
23669,7695.684947965429
23670,8224.347787937799
23671,10041.067824530543
23672,8552.050762896115
23673,7483.538636704951
23674,6395.985387879391
23675,5161.684695400712
23676,5968.439501619565
23677,11602.963520117548
23678,9658.151434919706
23679,7510.9659539973545
23680,15806.672003545476
23681,6409.9425573740355
23682,5517.621853031838
23683,7091.024815197519
23684,8982.974454681313
23685,11803.79556837525
23686,7265.966855356768
23687,8082.870290954567
23688,8256.166837782825
23689,7776.484285016735
23690,7629.513191869766
23691,6483.555471019046
23692,5183.824178596835
23693,5683.562308396689
23694,4164.916402311138
23695,5474.301666213627
23696,8510.62549784886
23697,17354.46654456002
23698,7383.988589294895
23699,5244.695264610765
23700,8328.793208686584
23701,6202.916636873124
23702,6682.658462575671
23703,4948.722932920838
23704,9592.89546485622
23705,7057.613388017735
23706,7048.816386315551
23707,13906.281865441873
23708,13131.136882384048
23709,5775.168896134913
23710,7550.356764455934
23711,4148.224499021404
23712,5768.774396745994
23713,5256.811350308189
23714,9580.220899661956
23715,5133.177686279134
23716,8937.723868449362
23717,6276.882026333961
23718,6097.775192984649
23719,7741.791876529717
23720,7883.833080308088
23721,3805.58382954527
23722,8089.369666646779
23723,8687.33393903248
23724,8443.597218489573
23725,5433.965163734803
23726,5003.536073404334
23727,8305.29515662918
23728,5255.0577675186305
23729,9624.991970841284
23730,5042.248159270123
23731,5211.561752353511
23732,7518.358133209183
23733,6375.401487277671
23734,5689.888228208181
23735,6645.8838525363535
23736,7904.639130909252
23737,10215.854047416246
23738,10974.077525918885
23739,6429.667589054198
23740,3889.7629071998276
23741,6486.683958166835
23742,6780.715759980214
23743,5220.595501247144
23744,7003.143448483795
23745,6485.311311527709
23746,12137.279369873544
23747,8043.551010185567
23748,6862.078090492059
23749,7500.342912374456
23750,5112.2629211376
23751,9389.545112795664
23752,5985.441289928411
23753,12949.899655412964
23754,7263.808538144919
23755,6029.346089908369
23756,6333.005997423114
23757,5612.381203093016
23758,6990.4353433450815
23759,17429.91342608536
23760,4856.661455211312
23761,5681.754409458953
23762,10525.89840521449
23763,6573.120393491009
23764,8099.442715503109
23765,8291.005527759646
23766,6226.907209052029
23767,5947.2490627612115
23768,4787.770675729759
23769,9933.64836492916
23770,6707.455243761061
23771,7861.549340953731
23772,8351.156750739028
23773,5746.14966323475
23774,8090.671943272523
23775,7200.511111491452
23776,4858.2731744970715
23777,9746.79212382174
23778,9842.82893694781
23779,4849.776851423834
23780,8219.418496575112
23781,7946.420381017097
23782,5261.0493878612
23783,10147.812112685519
23784,7238.171062219856
23785,8579.134221452603
23786,5198.208230702221
23787,5568.678853087016
23788,6275.612927019397
23789,4602.704506009515
23790,8358.938976285153
23791,4442.209462676213
23792,6571.385151613318
23793,5008.2426561721795
23794,6812.935719364469
23795,6275.182800883499
23796,7342.807408767166
23797,7419.013796946517
23798,8441.14311376729
23799,6613.584718127524
23800,7088.613455083316
23801,6638.528518599648
23802,10561.992768326394
23803,9787.782697081098
23804,7170.865989686658
23805,5267.487863997113
23806,6633.251537412322
23807,7653.254854407655
23808,4628.2331341077215
23809,12502.700082202266
23810,6550.883862899114
23811,7034.12628024826
23812,8850.973866276063
23813,7223.075508819616
23814,4761.806430243834
23815,10091.568040265289
23816,10141.161056446983
23817,6197.441640325178
23818,9355.860641781637
23819,9839.668912342559
23820,7408.451942584004
23821,9324.461203107858
23822,7485.798049567463
23823,6102.89510329369
23824,6514.511090373533
23825,8589.45205343812
23826,5224.309230676143
23827,7513.335598320628
23828,8611.983276467054
23829,6704.811060232313
23830,8540.897637965798
23831,6361.084382154764
23832,6835.61471930217
23833,4738.089509234358
23834,8655.775447379538
23835,7905.331325358283
23836,6419.575480474781
23837,7032.170238178723
23838,8453.963621085615
23839,9715.902737080702
23840,6804.029290447335
23841,5121.190887354206
23842,7327.320288632549
23843,7637.945799150932
23844,8058.210977637678
23845,5203.46020498896
23846,4975.610804475751
23847,7820.653769147041
23848,8060.138426212461
23849,6142.668940956111
23850,7943.039030330861
23851,7362.778670118971
23852,7001.419844893663
23853,5480.795579482779
23854,3396.6534142657924
23855,7554.006197140881
23856,7245.73398796691
23857,7305.085401223548
23858,9927.48224574935
23859,8404.2985284293
23860,5191.324393086692
23861,8417.917743025964
23862,6867.577912329215
23863,3672.8427638701205
23864,7666.10033766374
23865,12532.115174345008
23866,8475.09764537724
23867,7432.951565067001
23868,4866.737981475179
23869,7147.154524914397
23870,9643.026866366605
23871,7485.118092505743
23872,9017.604107323234
23873,5268.61758913039
23874,4890.726324546283
23875,5677.108226654536
23876,6353.745577558779
23877,6061.985059850846
23878,5668.441280467369
23879,5638.283021084092
23880,4807.215311223967
23881,7509.602321049997
23882,8135.213400777221
23883,6588.980524551195
23884,6241.323754396172
23885,7841.980752784676
23886,6516.536763726038
23887,5202.328333655509
23888,10093.189517098954
23889,7822.506154423322
23890,6296.586162866458
23891,4208.175136451089
23892,12443.7457023032
23893,7196.66469814907
23894,6203.891007084417
23895,9784.320874910138
23896,6937.0699139452645
23897,7789.9222074135005
23898,6490.773935638451
23899,5670.62461479767
23900,10100.94120932438
23901,14531.85120098219
23902,5832.146914242276
23903,5150.2131080153495
23904,5914.014327452177
23905,6876.305907873603
23906,6329.734573287823
23907,8859.863816877565
23908,9066.922689256819
23909,6543.114412382566
23910,4167.8396485480025
23911,6254.036939015236
23912,8861.955973309237
23913,5584.644553952358
23914,8560.463377585304
23915,4304.63494042507
23916,8020.590556722688
23917,8713.846130876474
23918,7758.017099186351
23919,9104.873233646978
23920,6681.247834905334
23921,5305.0708178610475
23922,7042.518823663144
23923,8308.133680015244
23924,9091.675990461703
23925,8038.22826873292
23926,8548.400238533686
23927,6923.297696838292
23928,5003.5096458854405
23929,10219.966480791265
23930,4848.606197787156
23931,11184.017407702075
23932,7061.78015532642
23933,5267.470260267512
23934,7490.108591165369
23935,6542.102179563059
23936,8132.8327321363195
23937,9313.259157638113
23938,3598.1826154678656
23939,5066.196316337637
23940,7807.765053496094
23941,9324.073102370625
23942,11250.016323708713
23943,6637.109183290737
23944,6310.932910439372
23945,6816.391715546601
23946,6501.798311614513
23947,5796.657923699337
23948,11166.680365918022
23949,8927.665276308122
23950,13054.620113344046
23951,4730.520193791398
23952,6346.001294882391
23953,11052.038910739846
23954,7764.889540042475
23955,6188.055413741732
23956,11063.760784030033
23957,6632.549237517909
23958,6782.9980743014285
23959,6117.5043829365095
23960,5757.679244089243
23961,5556.957082114782
23962,6767.846094897014
23963,5383.63441698652
23964,5343.296234473117
23965,10261.482779484399
23966,6764.207855049479
23967,23629.912348858663
23968,7572.355329360118
23969,4478.261203062604
23970,8208.893065426406
23971,9720.243640435836
23972,7255.336056055223
23973,7887.63559544622
23974,5894.766188034359
23975,7746.200424260597
23976,8418.766157857008
23977,6311.772731748513
23978,5953.498880826486
23979,7556.864514939113
23980,8333.76297037743
23981,7374.739212733035
23982,8635.453309116325
23983,6121.635390946042
23984,4962.375973343231
23985,6074.3880121104385
23986,10142.674708263958
23987,11685.448363926105
23988,10795.042509966215
23989,8576.706097779672
23990,4819.687721786382
23991,5888.8573971830765
23992,4883.000767386487
23993,8327.92237317737
23994,11827.237207611017
23995,9996.128985861362
23996,6233.899615341528
23997,7090.817868449356
23998,4822.616743690949
23999,6242.947096181426
24000,10860.836983402394
24001,7336.345104179241
24002,5642.752724603233
24003,5832.129211163021
24004,8224.57674730988
24005,3695.420351365292
24006,7800.498147515111
24007,5017.756437626916
24008,7300.229435935106
24009,7545.522467464762
24010,5917.731461617015
24011,8031.059935285527
24012,7741.579460736627
24013,6098.008476433609
24014,7133.886217160055
24015,8262.45879295406
24016,12317.694744695666
24017,6546.5222987464895
24018,8953.745376278954
24019,7850.516863576224
24020,9795.755044339046
24021,6933.330274140903
24022,10013.453485864624
24023,4678.146633373953
24024,5102.774060869686
24025,6461.617678826697
24026,6336.628975822227
24027,9693.197889907346
24028,8069.817837262057
24029,5833.244337303247
24030,7936.8305094314655
24031,7243.20567941202
24032,10321.926887463023
24033,4085.753624808388
24034,13380.403828514847
24035,5040.178555819716
24036,6267.997087410883
24037,8803.925149403702
24038,5001.433284524341
24039,6971.490912637952
24040,6685.359851200272
24041,7889.874059285548
24042,6289.749720891855
24043,6004.50730796981
24044,8320.38139494453
24045,8631.6584513967
24046,7617.612797320052
24047,5579.779864939798
24048,7494.06948176251
24049,12857.880007478627
24050,7526.709809274561
24051,4800.220794183893
24052,7196.741518174386
24053,6358.787435335252
24054,5966.241507238135
24055,8117.596643184998
24056,4657.659027945859
24057,8443.206751597498
24058,6177.985293324838
24059,7348.265317170195
24060,7479.301036308641
24061,4535.560028362781
24062,6184.926888213173
24063,5479.520816479058
24064,8934.919900812698
24065,9036.417263268599
24066,5118.572435588725
24067,4943.4207769363
24068,7965.499956035619
24069,6441.518112318774
24070,6273.715037224464
24071,8314.740039783912
24072,7231.810775911777
24073,7747.171158076224
24074,6002.403047882859
24075,4768.206327344943
24076,6941.877834976526
24077,8631.157184918711
24078,8244.54902864967
24079,7784.862886272251
24080,8148.378986188227
24081,6140.993876296905
24082,9330.336249438667
24083,5939.073995881523
24084,7626.089260923285
24085,9121.551970893554
24086,6850.55731228592
24087,10307.172236408172
24088,8485.406697610304
24089,8200.435887893655
24090,6232.504309445834
24091,7880.934336852992
24092,8282.675803989032
24093,6692.353615375638
24094,3905.798811716268
24095,6101.785703337322
24096,8067.002707436843
24097,6051.436129810289
24098,4781.842836424796
24099,9161.2688954285
24100,7108.7173176562565
24101,6412.565471893676
24102,6313.198070058873
24103,5880.178709880273
24104,7876.816168206789
24105,7681.932596769368
24106,7321.41681070318
24107,5719.206104815687
24108,5263.170846423155
24109,7237.154084854045
24110,4024.981973989762
24111,6061.864500228345
24112,5913.372489574085
24113,9030.482467069625
24114,7791.72023248075
24115,6406.87608594635
24116,13125.270246178312
24117,5720.9336818060465
24118,5384.286314015542
24119,11153.134047835683
24120,7054.380913303476
24121,8489.355507783923
24122,7832.303078343263
24123,5899.296385082236
24124,6679.335941444439
24125,5789.071380021188
24126,8581.291088451027
24127,11365.541453926062
24128,6932.257216614483
24129,3599.424898171984
24130,4979.038711809762
24131,8970.215128611435
24132,8868.007935834561
24133,7142.253411819609
24134,7235.551496612964
24135,5053.433660699053
24136,5586.085050981753
24137,3402.9023980103316
24138,5283.025243311052
24139,6699.693649966892
24140,8038.763404371942
24141,6798.874858878051
24142,6704.523438504159
24143,8582.822404448223
24144,10007.20163191328
24145,7719.292832228167
24146,5728.749196233506
24147,9310.33037075699
24148,10742.548137996751
24149,6372.786394728783
24150,7950.410311389683
24151,5440.155088954477
24152,6884.168091505717
24153,4531.954761782426
24154,7602.724388348243
24155,5837.086963861616
24156,9071.615860942979
24157,7434.800519049284
24158,9002.417323246198
24159,8161.009536807489
24160,5787.275210496956
24161,8990.08015539009
24162,19668.70814037756
24163,10997.294882844282
24164,6110.484388367352
24165,3337.5090161263315
24166,6927.627551060049
24167,8407.709875966353
24168,6192.394251772221
24169,12807.094064052175
24170,20244.274367122252
24171,4312.819873443424
24172,5747.508359383858
24173,9147.500029164194
24174,5092.92610557777
24175,8459.56481290931
24176,7399.331312983157
24177,7882.746847426411
24178,5677.461488336857
24179,6938.4291634613055
24180,6636.14609512382
24181,7471.523272621798
24182,11146.187813501298
24183,6956.787781958235
24184,6618.831371930592
24185,7976.503062290486
24186,5523.420294913763
24187,5087.647703413186
24188,8193.055631763722
24189,6299.46530501369
24190,6467.513410941105
24191,7535.917666407704
24192,6395.510249695399
24193,6689.452100845894
24194,7653.173358636571
24195,7447.990024352208
24196,9089.514888761776
24197,7244.214688107663
24198,8006.217388706882
24199,6243.849354362182
24200,4952.153585998151
24201,6827.267105907164
24202,7192.2574447281
24203,6417.763146907531
24204,5046.650453386968
24205,9444.635662739218
24206,8063.942165426148
24207,10152.218367181018
24208,6537.048109304912
24209,6176.832545404808
24210,5677.6067633532775
24211,4658.350648291224
24212,10853.558523105605
24213,5763.172379590942
24214,8042.375606687502
24215,14801.634633319383
24216,8102.806485892439
24217,8309.586199064825
24218,5717.4231617006635
24219,4967.258667524772
24220,7746.168925276848
24221,4600.655733850408
24222,5833.478694540026
24223,9612.647394922535
24224,5881.099883808697
24225,16649.675793549035
24226,12488.452704974557
24227,5499.203301812771
24228,7293.375867959545
24229,7647.86212674642
24230,7414.107415774381
24231,5950.51146993683
24232,12329.443140839552
24233,8342.545177807486
24234,10656.566810569333
24235,6004.470962746282
24236,7750.72540263044
24237,5961.366836960424
24238,9172.738870274503
24239,7562.478733892673
24240,6683.622795501796
24241,7356.276909938285
24242,6693.791291908527
24243,8622.968060443167
24244,9308.14230553579
24245,6527.159774940703
24246,10714.49908935582
24247,6984.409806595546
24248,9883.310154284569
24249,5482.505558118781
24250,6017.037910048621
24251,6118.224336592302
24252,11375.46406140837
24253,6952.833027507946
24254,8723.950566461273
24255,7309.898357993725
24256,9845.40212592065
24257,5439.374676293736
24258,8781.890279742185
24259,6826.318033425722
24260,4192.967967819391
24261,14564.104431432774
24262,17535.694079404264
24263,7893.011268545151
24264,7247.977019085141
24265,10023.243384551883
24266,11266.261351908663
24267,11176.229342882934
24268,6066.05096969761
24269,8150.245370423676
24270,6476.8591199894145
24271,8506.026950881469
24272,4095.1437197477076
24273,6729.6206896715275
24274,6181.495144700133
24275,6093.798477036792
24276,7588.2741248566435
24277,6589.421499138231
24278,5086.2024190699585
24279,10986.015002677066
24280,4490.632041539063
24281,5201.914034068329
24282,7202.266979553696
24283,7557.723344443736
24284,9514.070404991418
24285,9443.826414428762
24286,7579.964240605843
24287,7054.145445508225
24288,6920.584054704143
24289,11656.147844591667
24290,7595.92024425411
24291,5743.0776050434915
24292,6199.164919913251
24293,9782.518978951603
24294,5018.017065830505
24295,7315.737553013688
24296,3417.82083508648
24297,5465.471210858128
24298,7890.39882722833
24299,6636.241158081203
24300,6156.1649540332855
24301,9052.771639535518
24302,9994.688145493063
24303,12860.130155245077
24304,6883.372601040078
24305,10195.38112859803
24306,3368.915491359131
24307,5801.34051061657
24308,6895.016053837304
24309,5161.761591519217
24310,8208.789645829507
24311,5575.539672542327
24312,5358.535718654712
24313,8792.662651461458
24314,11582.623978210511
24315,10795.666868646316
24316,5788.534518358631
24317,5832.626957262376
24318,8866.272216795322
24319,7855.697427250732
24320,6483.10645738983
24321,5727.102284498999
24322,6993.382044188989
24323,9713.528787047704
24324,5153.14396501706
24325,6602.01204247546
24326,8159.907156629655
24327,8610.897881999745
24328,13867.203177764955
24329,5951.5315382347835
24330,13373.267947461847
24331,7240.699900493597
24332,5786.184951639813
24333,4103.732252313787
24334,6501.301824618695
24335,6896.139166808176
24336,6110.4672409339055
24337,7673.647322604999
24338,5693.551021842535
24339,5118.372051733889
24340,7913.32590336289
24341,4187.658253939921
24342,7650.015933443954
24343,7692.70105926916
24344,8115.069994421869
24345,9305.577875912259
24346,6327.656205397925
24347,9474.475650309743
24348,6414.648399221907
24349,6372.387053197619
24350,6995.655314918739
24351,5644.668252614215
24352,10392.382491866365
24353,6576.32105861317
24354,5341.417101741863
24355,7807.141800744251
24356,9428.234475029898
24357,7788.8267986759065
24358,6826.310208599706
24359,8790.452961146435
24360,5802.892462912863
24361,6424.429767683752
24362,6762.974928099678
24363,9607.813102960858
24364,6949.98020426843
24365,6420.330980216489
24366,6368.313275467542
24367,6253.762753933372
24368,5445.040810971522
24369,6346.279805350696
24370,9314.884637766743
24371,8931.614810194815
24372,10349.994767361002
24373,11550.590583075422
24374,8334.09223227173
24375,5746.276707099809
24376,5664.48296698772
24377,11536.273714467461
24378,11336.78722827589
24379,8723.901427517641
24380,9311.509434560781
24381,8219.890780759302
24382,6405.970004169116
24383,4528.379007839384
24384,10194.95843530881
24385,8016.061831494736
24386,7009.868311316797
24387,6682.809942374765
24388,3351.1782959589436
24389,12633.155716803725
24390,6650.17069652003
24391,5954.60037444395
24392,5105.993270194676
24393,6099.634308362218
24394,6665.546173476506
24395,8647.645793541835
24396,7320.548813831939
24397,5380.978305422518
24398,5304.592487503829
24399,4125.931414958331
24400,3462.7631064907323
24401,7826.564998852915
24402,18223.942546064445
24403,4755.681791151342
24404,6259.5840055008675
24405,7058.405618326848
24406,6119.365605844722
24407,5615.282879615723
24408,5714.715480527576
24409,4266.008511489242
24410,7988.739569407327
24411,7458.935027770948
24412,4139.314587189678
24413,9337.48752928308
24414,6142.011576572961
24415,5482.889028972662
24416,9817.128853078306
24417,8672.416590618668
24418,10209.658938074183
24419,5837.528206537787
24420,7507.366598515777
24421,5167.0004877175015
24422,5277.648493857964
24423,15225.22641889564
24424,11287.383297110284
24425,6574.5810675127195
24426,5976.308704583901
24427,5271.777905932299
24428,6265.078948034872
24429,4843.853704420396
24430,11055.607243400067
24431,5393.362190329371
24432,5864.699642950652
24433,8295.96040454317
24434,5053.969258378132
24435,7517.09445477591
24436,8448.851933413811
24437,8243.763569512892
24438,8035.764423818854
24439,4724.3792721817845
24440,5940.297000118801
24441,7141.570466628474
24442,9368.34341217116
24443,8494.434784618516
24444,7234.300423150949
24445,5234.590620749513
24446,8675.765697841414
24447,6451.163351194608
24448,4877.608878475283
24449,7566.891619235481
24450,7703.925579306164
24451,6530.452264742384
24452,6775.973022043827
24453,6456.194566220545
24454,6603.535507071995
24455,6410.305268671044
24456,6144.147558797771
24457,7302.492304557057
24458,7387.243885053036
24459,10172.448372885983
24460,6562.180348948996
24461,4772.461677484486
24462,12177.112583405768
24463,6325.312197055443
24464,3799.446994155356
24465,7978.239091300278
24466,8554.561437395267
24467,11724.06237634588
24468,5292.214311924228
24469,6224.708466124397
24470,6205.958693496471
24471,7659.584724229032
24472,6362.31082628611
24473,8708.031691752309
24474,3490.566000390133
24475,7108.8903886224725
24476,6504.4391148784125
24477,5699.003705303499
24478,5930.638799888394
24479,6685.67492237849
24480,8882.178972983715
24481,6430.460493171669
24482,8606.869455816717
24483,7910.339041298696
24484,8989.85850551123
24485,5918.020552848995
24486,6877.841947343838
24487,7761.602269528717
24488,8524.996624622927
24489,8286.613526694178
24490,5735.172737294168
24491,8906.375137242532
24492,7614.861842931389
24493,7883.585507125451
24494,7034.843549466591
24495,5237.036536282293
24496,8953.795732575833
24497,6565.882459321617
24498,9054.84751914311
24499,7119.007366520111
24500,6181.569003434428
24501,8890.91918567309
24502,7475.725061069651
24503,7496.069709141892
24504,8465.101796431753
24505,6985.672872557691
24506,9874.203881189074
24507,12092.533424322819
24508,8454.742033484648
24509,5432.439512078535
24510,6316.229187986719
24511,4343.681300829267
24512,3442.7841864290453
24513,8296.051192619898
24514,5955.189112571276
24515,8557.058521913848
24516,5187.325329117848
24517,6757.972156812141
24518,6369.98375874801
24519,9765.187076290536
24520,7947.298666579334
24521,5814.904346880467
24522,6367.8121606776085
24523,7441.477720284969
24524,5745.447162074855
24525,7572.587233589123
24526,7628.000039492872
24527,10092.341671348757
24528,8389.821126532093
24529,7481.211057656549
24530,5962.951389920466
24531,5053.830333310757
24532,5678.666436803838
24533,11341.037702925198
24534,9533.429120626277
24535,7517.574379322029
24536,14600.229091067564
24537,6445.6697450599
24538,5463.603093644167
24539,7132.444467798209
24540,8729.030607790475
24541,11894.554045954861
24542,7201.496994573133
24543,8074.259495957567
24544,8172.75778792416
24545,7157.6893591791895
24546,7302.6171871720835
24547,6291.466592490013
24548,4821.019994445956
24549,5881.230170558241
24550,4502.26070296207
24551,5702.849125053348
24552,8398.61161033809
24553,17316.20639369291
24554,7393.231076606553
24555,5306.17935086982
24556,8259.284703135614
24557,6259.213571131425
24558,6540.444608423047
24559,4918.478612186016
24560,9623.748172723474
24561,6566.802691722659
24562,6280.548849546555
24563,13858.479647493157
24564,12291.094893135461
24565,5792.158979225023
24566,7609.610630628856
24567,4107.653220342566
24568,5672.508975149985
24569,5263.681841619981
24570,9465.092029134608
24571,5111.542444933714
24572,8653.064434438927
24573,6292.69676873127
24574,5948.756826454981
24575,7255.654089261429
24576,7644.944291523346
24577,3774.152391857956
24578,7445.025141168518
24579,8777.897993104581
24580,8698.74846294495
24581,5368.532943691637
24582,4913.268094942892
24583,8422.487603113203
24584,5256.454266427946
24585,9458.881003486124
24586,4990.381729208979
24587,5169.187450011244
24588,7490.397479847165
24589,6428.2437806514745
24590,5577.135809870886
24591,6682.196929195806
24592,7812.096789099788
24593,9504.419185203747
24594,10799.810278975889
24595,6092.133523077747
24596,3907.861493363663
24597,6476.983475094352
24598,6527.2216830620355
24599,5206.955497823968
24600,6824.6809642480175
24601,6488.810989128789
24602,11856.257935414256
24603,7917.435250932856
24604,6692.284259365825
24605,7600.52795581475
24606,5050.839437815366
24607,9330.201276257436
24608,6045.620549377276
24609,14010.96382908058
24610,6529.052669078311
24611,5934.650280096095
24612,5759.500794499289
24613,4780.80735015797
24614,7268.153329313663
24615,16271.27469548099
24616,4573.902718713273
24617,5271.478749185789
24618,10252.434542226567
24619,6519.825425986295
24620,8066.002016056313
24621,8159.186186898895
24622,6170.0046801428425
24623,5740.131836424918
24624,4804.458608531191
24625,9826.654069360427
24626,6624.316344307245
24627,7828.620535592427
24628,7859.775461500917
24629,5551.345491720221
24630,8013.1903268723
24631,6956.891762398421
24632,4748.043921860819
24633,9704.909618836531
24634,9446.208255368354
24635,4926.112442401545
24636,8184.201663296669
24637,7418.153701683706
24638,5176.244035352894
24639,9294.528982636186
24640,6511.010286718357
24641,8221.069703600071
24642,5147.8328115711765
24643,5341.399993813086
24644,6213.435037587089
24645,4524.613714324077
24646,8308.863808641157
24647,4507.288914575621
24648,6274.166627936149
24649,4865.074837220452
24650,6702.712583346442
24651,6317.115170066602
24652,7198.825058723287
24653,7279.72156698367
24654,8232.4108555586
24655,6352.418743454154
24656,7271.816077581734
24657,6735.166439074155
24658,10218.142836997724
24659,9780.426372516986
24660,7165.114922959008
24661,5249.651704323454
24662,6449.295663737406
24663,7662.329363064617
24664,4594.621669249052
24665,11691.310224439816
24666,6601.815314311454
24667,7134.287821236903
24668,8863.040929163339
24669,7280.934035135619
24670,4575.487413482648
24671,10033.930929584305
24672,9800.1626951293
24673,6135.132464041581
24674,9469.127564505303
24675,10533.19080479462
24676,6469.380220789542
24677,9114.458852158412
24678,7259.967114857869
24679,6201.9121391889175
24680,6271.95683207905
24681,7695.467772418387
24682,5019.984706785737
24683,7160.509320674424
24684,8077.266015736789
24685,7105.388600944399
24686,8398.30175083903
24687,6332.490966774328
24688,6922.492675311031
24689,4750.13864256508
24690,8723.070433184677
24691,7198.622116683046
24692,6419.567220842257
24693,7113.841839364457
24694,8149.168133761948
24695,9663.121973413812
24696,5915.047539247203
24697,5386.197611339045
24698,7271.996832458457
24699,7399.213801626002
24700,8025.794700164395
24701,5064.624143084366
24702,4832.355333745076
24703,7423.277449275434
24704,7797.017288910437
24705,6086.534608798435
24706,7757.553475444522
24707,7080.166099376437
24708,7005.053957031525
24709,5404.399575333166
24710,3680.47629481906
24711,7359.533807330421
24712,6697.992903607876
24713,7071.4734013651705
24714,9925.158078749684
24715,8516.719976786499
24716,5088.74062139343
24717,9145.711902469546
24718,6794.593900452204
24719,3695.8955480280415
24720,7768.731805741327
24721,12362.259034870103
24722,8560.58961026718
24723,7176.279058267282
24724,4865.181411128859
24725,6997.285720536258
24726,9501.350475255917
24727,7290.364549534008
24728,9140.089444083696
24729,5282.891115338434
24730,4956.890662740768
24731,5577.238548958848
24732,5753.39928198594
24733,5896.946759622224
24734,5496.375025875139
24735,5565.74583820325
24736,4743.31928369292
24737,7469.010331382677
24738,7934.566899538955
24739,6211.770061089049
24740,6246.691736774321
24741,7526.522629781142
24742,6548.25642093236
24743,5184.222218770394
24744,9941.13573551139
24745,7522.016552847625
24746,5945.9562826074725
24747,4182.8619563659495
24748,12167.72887963159
24749,7073.176338010027
24750,6150.383652608052
24751,9008.764018892087
24752,6715.869423177566
24753,7803.515804599816
24754,6399.065819446635
24755,5726.245694873426
24756,9152.074573454533
24757,14397.410463774957
24758,5780.5705278544965
24759,5137.7905384737805
24760,5398.267391732749
24761,7173.322048361771
24762,6077.084749936467
24763,8709.76196731618
24764,9149.508747787342
24765,6161.505175944215
24766,4212.274704817446
24767,6308.694658008658
24768,8898.261789869868
24769,5425.080863983238
24770,8550.145214952556
24771,4264.023699383949
24772,7395.7566102924875
24773,8713.092750867594
24774,7583.2091719569025
24775,9052.390063656198
24776,6730.813032384667
24777,5075.537771890549
24778,6858.472699220496
24779,7654.500647019649
24780,8529.712714479792
24781,7941.394649017797
24782,8451.921925642966
24783,6722.993799981885
24784,4990.094074999022
24785,10082.701623913665
24786,4726.600145375234
24787,10985.799266976981
24788,7061.711458613238
24789,4851.024420149295
24790,7461.553572225977
24791,6424.662278756118
24792,7940.599682578851
24793,9407.776860740565
24794,3696.752541028417
24795,4894.047735421602
24796,7640.318913963785
24797,9297.700560920246
24798,10415.863874842393
24799,6302.386464126729
24800,6380.192273259213
24801,6855.754597060619
24802,6460.820245947726
24803,5661.344828567273
24804,10320.503528910287
24805,8684.38970250415
24806,12739.440045404588
24807,4661.037139319015
24808,6059.750104902665
24809,10988.502345693782
24810,7835.233116546037
24811,5817.993768077511
24812,11063.38584793981
24813,6454.293580117846
24814,6451.263760262484
24815,5945.503740476025
24816,5410.774297313798
24817,5594.5045738313975
24818,6483.688786630823
24819,5229.580645844697
24820,5328.786429979934
24821,10150.326776393193
24822,6917.297100199037
24823,23209.26974775225
24824,7073.2545717307685
24825,4626.938146764584
24826,8618.156636337519
24827,9613.568565490314
24828,7145.066250095485
24829,7978.456938852813
24830,5919.422035039098
24831,8486.384507175568
24832,9041.49025865333
24833,7283.4899767732295
24834,6079.234456613258
24835,7553.079535497331
24836,8386.01761180238
24837,7441.130725366052
24838,8228.787537737506
24839,6132.686193837596
24840,5020.723978864221
24841,6139.93155345798
24842,10785.649467409228
24843,11527.282021629515
24844,11161.148392975572
24845,8602.349732328947
24846,4429.637999609867
24847,6004.884322503677
24848,5052.453415695136
24849,8495.629969867492
24850,12059.734482231823
24851,10098.095571719949
24852,6617.139821598336
24853,7211.456059105924
24854,4723.167891015848
24855,6328.463155715588
24856,11160.918555193346
24857,7296.108922864913
24858,5342.63262697868
24859,6030.9436437998265
24860,8495.758123965088
24861,3710.379193638686
24862,8325.587802316975
24863,5056.057475174164
24864,7300.080969433469
24865,7503.624719268513
24866,5971.419856258496
24867,8089.089109289873
24868,7887.541333808
24869,6453.902953712951
24870,7159.2172045187235
24871,8261.349006862416
24872,11945.863372134405
24873,6489.192775683344
24874,9152.343967075538
24875,7868.800176584296
24876,9915.864962162239
24877,7004.129513697051
24878,10022.959597680097
24879,4761.919023284238
24880,5008.484163844325
24881,6612.7762177977265
24882,6336.893036306374
24883,9790.529224672888
24884,8074.190500470615
24885,5848.365105563755
24886,7807.877803040991
24887,7360.901886145317
24888,10309.752720421735
24889,4162.487425513852
24890,14627.07974071041
24891,5104.880805853436
24892,6354.692074748266
24893,8993.833886029002
24894,5078.991182352389
24895,6949.62355277559
24896,6727.218669201713
24897,7695.473642880655
24898,6275.441424549308
24899,6087.12075056355
24900,8483.152824886038
24901,8715.041395952354
24902,7922.028620876832
24903,5724.239199605134
24904,7529.57353731764
24905,12915.551167568541
24906,7540.334945039122
24907,4812.3407389613385
24908,7202.806478624846
24909,6444.359389314777
24910,6129.508504083396
24911,8210.939246315756
24912,4729.385778767561
24913,8462.126952764893
24914,6502.832967616235
24915,7333.525007380368
24916,7599.110710173992
24917,4765.08306164862
24918,6284.270907209946
24919,6041.399307304739
24920,8980.509221073957
24921,9121.2255885628
24922,5183.7307893207635
24923,4965.500884600858
24924,7834.503204978971
24925,6438.614236129524
24926,6333.9378058429
24927,8030.031467887231
24928,7477.838000195575
24929,7793.169348357697
24930,6134.723426661387
24931,4732.999860323202
24932,7110.865745363934
24933,8498.436795085523
24934,8238.451894572148
24935,8470.317892708448
24936,8318.00500630351
24937,6397.938169967317
24938,9455.42948066095
24939,6679.396611497654
24940,7720.275460460676
24941,9221.664081422232
24942,6959.5117544726245
24943,10478.628610537568
24944,8606.824051808559
24945,8289.965788598487
24946,5969.180470412908
24947,7990.465883657159
24948,8251.941710695253
24949,6867.301090188835
24950,4214.090805927863
24951,6136.6332131290865
24952,8550.15691293863
24953,6180.8912062778045
24954,4808.810050275315
24955,9180.660858262809
24956,7166.494549335581
24957,6517.711607921822
24958,6347.745093546008
24959,5921.86146358911
24960,8008.3271397630115
24961,7714.084491424171
24962,7335.139844981296
24963,5677.574808300094
24964,5310.304792611281
24965,7276.531171292736
24966,4062.0475558917783
24967,6097.542598260808
24968,6175.737788233419
24969,9200.81053855921
24970,8026.929879791774
24971,6628.5209324298685
24972,13257.990808279952
24973,6741.148702284165
24974,5517.278650459327
24975,11274.425733523965
24976,7736.885699020948
24977,8528.757629302629
24978,7860.756240030271
24979,5588.199155165265
24980,6660.463988665716
24981,5805.016706595672
24982,8488.250833526658
24983,12627.538671843982
24984,6925.123474546264
24985,3788.025381112245
24986,5747.946628275498
24987,9317.34781292887
24988,9583.03785989679
24989,7265.47497027096
24990,7332.339366271086
24991,5269.890747731504
24992,5557.386778969229
24993,3439.8255031498447
24994,5297.747080953996
24995,6707.189156881801
24996,8164.428155792903
24997,6902.14194142867
24998,6880.321887869102
24999,8604.497280851716
25000,10116.887540784637
25001,7769.564556713137
25002,5839.768286837349
25003,9409.969036764958
25004,12213.36907921589
25005,6293.025744138524
25006,8020.184403046297
25007,5268.37573837858
25008,7057.112312643239
25009,4375.166558150361
25010,7776.995584939094
25011,6114.0737886747065
25012,9344.22685232436
25013,7463.503001667912
25014,9189.663615634367
25015,8161.724388530708
25016,5719.662282870341
25017,9322.795805622263
25018,19813.697955265285
25019,11034.365896192046
25020,6399.989218461278
25021,3297.6053936646435
25022,7086.34743573828
25023,8488.256717467173
25024,6219.12438765513
25025,12432.13361960997
25026,20159.395893040783
25027,4324.03940545308
25028,5860.69918454959
25029,8396.591760744539
25030,5575.467462950046
25031,9014.609077087942
25032,7497.726797221138
25033,7901.629624482688
25034,5665.797357902074
25035,7265.066055229924
25036,6864.431579182672
25037,7492.966551414017
25038,11327.029164880309
25039,6793.919959516786
25040,6663.300207384123
25041,7676.442563361641
25042,5823.837263887776
25043,5581.876382252198
25044,8194.78395717279
25045,6326.868390148652
25046,6503.957364727826
25047,7875.363507590326
25048,6445.642287367875
25049,7062.476554456295
25050,7662.764235121195
25051,7564.671920793768
25052,9092.625402333393
25053,7273.519871811412
25054,7961.129730342371
25055,6255.1305864324
25056,5053.457058914126
25057,6866.614808427682
25058,7225.560439235284
25059,6473.8859925602455
25060,4998.186445089424
25061,9636.228584317641
25062,7867.1155441263345
25063,10536.433086658826
25064,6997.741958456579
25065,6071.602854782374
25066,5684.781002971746
25067,4665.232492391568
25068,10639.723489439199
25069,5909.654772070924
25070,7985.062137594926
25071,14619.356661364867
25072,8181.35585351087
25073,6537.112416329589
25074,5664.872878337415
25075,4963.609690107909
25076,7704.8164870206565
25077,4586.505549044952
25078,5869.937715999216
25079,9597.382794383215
25080,5903.7032898691405
25081,17685.099786770425
25082,12453.627056962281
25083,5356.460061918164
25084,7598.358561718792
25085,7845.6470684247115
25086,7434.695560463024
25087,6076.870606229887
25088,12330.106010775171
25089,8224.886175824175
25090,10569.092478568
25091,6038.684197016937
25092,7779.12962449191
25093,5838.061890926067
25094,9287.411692595973
25095,7499.19333617122
25096,6602.150082166322
25097,7408.973820755087
25098,6661.1624746482
25099,8649.290755948732
25100,9110.754441659508
25101,6780.416305705688
25102,10935.455440207454
25103,6941.723567949218
25104,9905.440820232056
25105,5466.9719151367635
25106,6351.656842337959
25107,6124.508609042971
25108,11723.268905643385
25109,6926.483216781613
25110,7947.2162478435275
25111,7403.497822789542
25112,9925.541924455447
25113,5478.641448939951
25114,8721.2184191722
25115,6872.471889625079
25116,4340.892224881371
25117,16373.890958759632
25118,16414.280453230505
25119,8123.583009132333
25120,7572.774534616541
25121,10071.34768534459
25122,11366.200408306511
25123,11209.76929142473
25124,6109.106646759418
25125,8325.49122269164
25126,6471.987113424468
25127,8413.894254627707
25128,4124.0995857938005
25129,6742.509460095546
25130,6392.410494114401
25131,6076.312502525188
25132,7751.626038181629
25133,6691.076387733327
25134,5191.628042344897
25135,11140.54481224903
25136,4433.678164320181
25137,5610.1695567123525
25138,7318.782622092065
25139,8076.490922841047
25140,9457.51516515488
25141,9499.540989593655
25142,7407.298441497231
25143,7188.617860603596
25144,6945.998697278531
25145,11635.61743240501
25146,7649.779441584558
25147,5853.242988992982
25148,6162.414470552668
25149,9781.775405996781
25150,5074.332258329886
25151,7458.994864587885
25152,3409.2204923042627
25153,6091.75121606795
25154,8038.9892335295435
25155,6706.6547674261055
25156,6186.808708348414
25157,9113.30703305023
25158,9863.68096901395
25159,13129.775070057389
25160,7058.422162078412
25161,10154.378912648368
25162,3557.1964780894195
25163,6046.056728774142
25164,6881.829900250582
25165,5235.213114260366
25166,8478.225465326504
25167,5596.854357146938
25168,5598.362472702137
25169,8968.220822633828
25170,11783.478569513818
25171,9157.21502274089
25172,5912.939925748053
25173,5448.862200978953
25174,9171.617060850072
25175,8002.863989118995
25176,6547.741700591075
25177,5805.478001936361
25178,7104.822152799332
25179,9664.578088306087
25180,5637.674865574659
25181,7100.8091368584355
25182,8373.222439692545
25183,9133.798449789663
25184,13844.768122841466
25185,5996.042996922222
25186,13737.921129190463
25187,7308.01240856166
25188,5868.972153914941
25189,3843.054523025292
25190,6591.024831929501
25191,6873.54663045661
25192,6122.747754513705
25193,7603.814914653801
25194,5565.387511448518
25195,4975.409064340611
25196,7881.839917703985
25197,4434.319851994846
25198,7811.573283550044
25199,7731.195244570432
25200,8402.127382987055
25201,9406.9860410166
25202,6188.90433384376
25203,9548.284446627804
25204,6565.821523381858
25205,6810.719795341096
25206,6704.891995672628
25207,6652.013126500951
25208,10406.18123542982
25209,6623.105657892762
25210,5339.0809215732015
25211,8071.455956947627
25212,9347.25595283207
25213,7808.096491677129
25214,7006.544861880521
25215,9012.651509357964
25216,5825.9410393544185
25217,6411.887661795076
25218,6847.223270976372
25219,9489.405935635563
25220,6911.500649489874
25221,6415.243532566915
25222,6473.48853595833
25223,6321.360935459894
25224,5497.329657055993
25225,6185.100307244225
25226,9275.104496606431
25227,8658.250114635799
25228,10527.20919276015
25229,11547.62060121333
25230,8319.261713602897
25231,5762.85755432203
25232,5686.601520159025
25233,11523.025437300184
25234,11340.703478275891
25235,8799.78996744701
25236,9271.519736675335
25237,8234.304745551046
25238,6478.502762245785
25239,4555.077087886788
25240,10529.78635925153
25241,8129.900190242715
25242,7111.521763003997
25243,6699.977143430342
25244,3446.988398044251
25245,12637.83113347039
25246,6704.0924681013885
25247,6025.322744512651
25248,5124.275556977338
25249,6221.124903957796
25250,6676.88504132705
25251,9302.715215180324
25252,7337.930117766078
25253,5590.630409512872
25254,5283.276483865013
25255,5042.508747073596
25256,3373.0720815989566
25257,7784.799977397395
25258,18286.51079136082
25259,4755.417215825889
25260,6238.406600972388
25261,7545.1965189859175
25262,6094.285785644552
25263,5759.974174393018
25264,5837.443238036723
25265,4408.337561004031
25266,7773.175862717817
25267,7273.0646373443815
25268,4611.675622223233
25269,9877.078722983117
25270,6237.90878624907
25271,5500.819139005903
25272,9804.743521681869
25273,8662.069427806666
25274,10053.63764519631
25275,6062.227770167827
25276,7468.961217591147
25277,5246.1716429282815
25278,5430.693648251774
25279,16851.69640472027
25280,11383.763340580701
25281,6552.133268372022
25282,6108.880175514289
25283,5196.967323850061
25284,6499.644092102532
25285,4740.511240093045
25286,9187.603051223998
25287,5462.209719731342
25288,5957.833023393834
25289,8191.8243132700645
25290,5193.3616111844385
25291,7240.27983831149
25292,8488.829032203908
25293,8200.140419389765
25294,7972.001904486297
25295,4790.742360186917
25296,6255.198578543354
25297,7171.2108760229985
25298,9778.364549926384
25299,8452.805972045568
25300,7223.836906827953
25301,5373.421063044133
25302,8740.070989965958
25303,6569.9161800014845
25304,4834.29352377443
25305,7712.230247136618
25306,7714.723201306761
25307,6664.090553564648
25308,6897.084084229544
25309,6507.983440497413
25310,6669.452314926959
25311,6466.497700484452
25312,6521.849062533096
25313,7237.154788146997
25314,7626.995864513788
25315,10099.861876854236
25316,6563.232477222726
25317,4808.448802692283
25318,12298.29816759209
25319,5940.1682620373185
25320,4214.01958301421
25321,7991.798704373158
25322,8755.312931763412
25323,11909.196957015209
25324,5317.26423539618
25325,6285.9720962694155
25326,6407.105297345922
25327,8021.026027022332
25328,6337.478117215766
25329,8809.369762614928
25330,3520.3531808363223
25331,7152.867886638345
25332,6535.028786933608
25333,6199.490939992888
25334,6027.459210294361
25335,6738.540815745743
25336,9452.483054237991
25337,6636.484270369996
25338,8762.529691118996
25339,8010.351908630841
25340,8999.612771296644
25341,5980.480813246278
25342,6971.050135293802
25343,7772.087100780799
25344,8649.706826427659
25345,8671.649950922
25346,3934.4386322721907
25347,8970.352162245306
25348,7624.6066481459175
25349,7985.7984899052235
25350,7238.25278322457
25351,5307.014027083159
25352,8952.492220100487
25353,6660.947507417302
25354,9173.015067664552
25355,6989.785625952948
25356,6252.351860465716
25357,8491.90365938252
25358,7526.659767418858
25359,7494.550649116811
25360,8487.328511720454
25361,6993.25309840752
25362,10148.987834846524
25363,12409.564846555088
25364,8537.83016588398
25365,5487.950732217873
25366,6433.839694014284
25367,4397.058962560119
25368,3474.224067329359
25369,8470.864211924538
25370,5974.5152672915565
25371,9042.420837749067
25372,5144.848287082269
25373,6656.289178170685
25374,6391.640145474379
25375,10919.472449190509
25376,7877.563622015242
25377,5936.445402095033
25378,6524.2874888575925
25379,7823.443680821757
25380,5741.943326879005
25381,7696.8490131984045
25382,7578.99057886759
25383,10157.47031778226
25384,8623.503471069991
25385,7449.309832449206
25386,5887.751122689282
25387,5099.626857348073
25388,5571.727362783917
25389,11618.843383920956
25390,9741.676801311312
25391,7519.398009913661
25392,14703.692105594571
25393,6539.73459234408
25394,5451.239083980148
25395,7271.503639480816
25396,8659.672100483891
25397,11929.302841825658
25398,7333.927167971582
25399,8162.679280008627
25400,8228.604916868508
25401,7900.442251605443
25402,7513.832959315291
25403,5931.281366885095
25404,4942.871411895225
25405,5882.682653849856
25406,4649.983647158398
25407,5791.239020207536
25408,8430.680227474979
25409,17956.65670297105
25410,7478.236974352813
25411,5318.670235707205
25412,8575.362524579758
25413,6280.0563864060205
25414,6462.907901949275
25415,4832.473041950695
25416,9658.69504924195
25417,6713.044297592618
25418,6303.261916577591
25419,13875.186876673293
25420,12453.828310162882
25421,6108.725914787829
25422,7593.995297912314
25423,4140.786526453121
25424,5866.181663156459
25425,5331.585164176852
25426,9443.953755791938
25427,5156.309296554768
25428,8662.625255562249
25429,6361.191707798738
25430,6022.232388448541
25431,7375.457203674797
25432,7747.320840281985
25433,3729.5332217273603
25434,7380.227901919162
25435,8874.468194834266
25436,8941.567444907432
25437,5444.139532689014
25438,5179.418025757565
25439,8376.684504146693
25440,5256.618877562385
25441,9652.358490174365
25442,4938.463935780052
25443,5139.474438615777
25444,7527.209683890429
25445,6514.662020432161
25446,5541.266898866184
25447,6734.197120213122
25448,8172.098171637272
25449,10169.278366368815
25450,11181.376715933204
25451,6061.9979143627315
25452,3912.8815532482236
25453,6459.916961385839
25454,6517.258214120845
25455,5088.960003066507
25456,6939.850672918652
25457,6538.011012216811
25458,12231.455650428816
25459,8164.104967159007
25460,6692.507730925688
25461,7827.318908257446
25462,5096.212911255326
25463,9325.767961118101
25464,6103.725138189104
25465,14345.400156102674
25466,6693.508371508921
25467,5977.74792458559
25468,5906.622391415335
25469,4615.747896236177
25470,7557.29953444187
25471,16989.52421680036
25472,5001.417589441038
25473,5249.622518701465
25474,10072.827741820274
25475,6635.526059436178
25476,8137.71342553645
25477,8271.15379932943
25478,6154.895437056458
25479,5698.616811899708
25480,4840.7658286052765
25481,10073.114575629217
25482,6699.000818905362
25483,7878.511279290904
25484,8289.396104597587
25485,5686.726139847834
25486,8196.389426621688
25487,6844.943605316434
25488,4921.338578995352
25489,9815.977484444737
25490,9408.648323033209
25491,5091.832292160753
25492,8152.748819631114
25493,7396.517282955768
25494,5173.816683748615
25495,9096.173062631357
25496,6510.9981722401735
25497,7915.647580815259
25498,4970.490920604017
25499,5406.547605851066
25500,6957.052166295246
25501,4455.3695146087575
25502,8276.098394598643
25503,5165.777213946571
25504,6436.592099940819
25505,4890.490734611626
25506,6746.02095106128
25507,6422.78556280209
25508,7182.3194870719835
25509,7222.751560565253
25510,8258.47891944772
25511,6313.8764568840825
25512,7300.494926350097
25513,6899.418810821882
25514,10727.167114238477
25515,9911.72053479228
25516,7066.902780529543
25517,5318.569152916528
25518,6494.221675514844
25519,7663.946168416544
25520,4666.050936555273
25521,11888.158477583504
25522,6558.128643612871
25523,7300.24572621947
25524,9018.906161013916
25525,7079.097236660401
25526,4761.490610176551
25527,10285.14912603938
25528,10143.33109518314
25529,6161.227816204853
25530,9542.668420412778
25531,9886.610397216346
25532,6084.268141903912
25533,9401.640282026487
25534,7298.575797684541
25535,6269.546102088672
25536,6269.932451643112
25537,7719.678271308385
25538,5078.507486561412
25539,7330.061348383301
25540,8325.59381924171
25541,7152.729636686585
25542,8609.429721840253
25543,6415.448543749812
25544,7080.513063623245
25545,4731.938482260472
25546,8797.672369803613
25547,7450.76568003289
25548,6372.82094799011
25549,7097.543067731362
25550,8077.055522635635
25551,9659.334904094245
25552,6013.7528327911405
25553,5592.274830845937
25554,6783.3352552662955
25555,7431.628003669283
25556,8109.22245486101
25557,5142.442372741592
25558,5024.212469775627
25559,8960.27228381341
25560,7858.864005665903
25561,6087.460460516546
25562,7939.9639175505845
25563,7138.098842577821
25564,7929.7401064226
25565,5296.910774753025
25566,3642.2471323203285
25567,7531.041778699095
25568,6704.596883348479
25569,7079.696753696014
25570,9995.548400927504
25571,9991.866603723076
25572,5390.860396159222
25573,8442.471955120045
25574,6557.629977516482
25575,3695.2120691304776
25576,7907.670940941753
25577,12608.922259482091
25578,8113.323369851468
25579,7411.91130971296
25580,4932.8155070566545
25581,7086.124401295669
25582,9684.035391398042
25583,7560.161165570749
25584,9215.825346015097
25585,5453.456579157503
25586,4902.463473430079
25587,5773.400801060784
25588,5747.962879763154
25589,6100.540406773309
25590,5781.184877858551
25591,5429.146406691134
25592,4801.373141889649
25593,7569.668319233402
25594,8141.3187695808065
25595,6356.14978270588
25596,6244.7231613762215
25597,7665.912056551406
25598,6591.794044364482
25599,5210.650614036893
25600,9964.66293464559
25601,7819.553972875378
25602,5972.423604086645
25603,4317.137422019817
25604,12337.295336999214
25605,6937.607180375177
25606,6305.300431190296
25607,9132.984780516084
25608,7029.045119941882
25609,8108.272318407084
25610,6384.089191033383
25611,5899.942404380452
25612,9348.093376399098
25613,14788.342744495692
25614,5837.4563017195205
25615,5335.37859383457
25616,5447.715257045928
25617,6997.6670185255925
25618,5716.67313275613
25619,9294.237572982056
25620,9023.715039420546
25621,6338.189606503707
25622,4211.787129216512
25623,6453.107104104232
25624,8711.157059357096
25625,5444.03301461622
25626,8495.1060589884
25627,4446.770023224323
25628,7338.720215725451
25629,8902.76536122211
25630,7736.441853056628
25631,9889.408591628115
25632,7080.478741719451
25633,5142.201137386165
25634,6659.128744509569
25635,7806.190516021559
25636,8739.875204093574
25637,7908.38541885969
25638,8358.045196589612
25639,6814.734696226289
25640,4948.578336912248
25641,10197.346572730372
25642,4713.281178879008
25643,11012.225296380371
25644,7025.961947154203
25645,5042.833332580002
25646,7555.4791868703205
25647,6457.8586919334475
25648,8264.404492310787
25649,9732.313860865184
25650,3728.0314995698755
25651,4888.73583741829
25652,7836.583090223766
25653,9462.847082787266
25654,11185.557542019258
25655,6285.647458325987
25656,6213.146706809668
25657,6885.080175639205
25658,6537.551644758708
25659,5659.8097013135375
25660,10295.431503412907
25661,8854.782975964059
25662,12994.541317002446
25663,4668.53788553685
25664,6083.256772615182
25665,10998.261026249334
25666,7955.460555748992
25667,6002.687215507776
25668,11056.630014606475
25669,6607.518554121876
25670,6210.080063875537
25671,5511.932172198587
25672,5623.021373182373
25673,5526.246621143563
25674,6669.409887326806
25675,5342.446846894068
25676,5387.893459730972
25677,10257.939932713181
25678,6652.445360469777
25679,23408.73005605506
25680,7430.623896166072
25681,5072.097922465133
25682,9100.914268308317
25683,11013.3213015127
25684,7962.493432138388
25685,8443.02716042046
25686,6208.41752464368
25687,8678.816970102054
25688,9112.843519654549
25689,7150.689878552003
25690,6436.306782675658
25691,7795.683894384475
25692,8783.952245521627
25693,7789.242280502811
25694,8844.359158567702
25695,7162.037882643206
25696,5437.060462561133
25697,6322.280338203463
25698,10984.355821803196
25699,11999.447798949586
25700,11739.953286297037
25701,8997.448095012829
25702,5614.6291290629315
25703,6124.229126255114
25704,4860.599445201856
25705,9195.883911672865
25706,12567.255851793634
25707,10486.89329452492
25708,7026.382727607357
25709,7819.304046842048
25710,5145.618156348511
25711,6408.39456774147
25712,11209.826125959997
25713,8067.041225741227
25714,5682.346807397934
25715,6084.035729289075
25716,8453.086473088897
25717,3910.3362816421227
25718,8524.782486450302
25719,5035.715236577964
25720,7437.398899508278
25721,7873.294257672919
25722,6236.570189042755
25723,8210.095101772084
25724,8260.0972789906
25725,6540.095661741036
25726,8134.539366530634
25727,8302.950000390945
25728,12636.09057282733
25729,6809.629312889322
25730,10449.584444049415
25731,7899.4678804204905
25732,10278.450930676825
25733,7150.279380055644
25734,11058.164181047025
25735,6077.198670163171
25736,5885.255822427568
25737,7263.527010974321
25738,6301.650533040815
25739,10178.490563441012
25740,8653.467156776822
25741,6395.162292255119
25742,8228.292866684957
25743,7724.632076420801
25744,11042.268460351057
25745,4353.844777632449
25746,14976.973169392335
25747,5438.873146082677
25748,6645.605937749386
25749,9631.85201991146
25750,5722.900748410388
25751,7538.388252556269
25752,7582.634035880785
25753,8404.564370741313
25754,6340.379988949776
25755,6389.212087558168
25756,8379.035953358345
25757,8764.46588706804
25758,8593.722822478174
25759,5743.313776833459
25760,8069.7934456605
25761,13085.26678997241
25762,7677.465639530927
25763,5042.103524023365
25764,7485.542686150214
25765,6453.976011239991
25766,6413.9337818595395
25767,8511.510279025286
25768,5133.50745014572
25769,8836.350247906941
25770,6729.8651593145405
25771,7957.803232187305
25772,7818.658810098126
25773,5310.721780347218
25774,6511.506151150855
25775,6234.294691740837
25776,9067.143319653243
25777,10269.968020077466
25778,5540.894430821266
25779,5113.371330789393
25780,8228.21417776602
25781,6707.65210169991
25782,6806.664267461589
25783,8573.027541142856
25784,7420.587069587828
25785,8005.457971596368
25786,6682.611843098179
25787,4942.056551984886
25788,8235.683476372458
25789,8424.609296264853
25790,9102.648107572977
25791,8601.141330386787
25792,8445.54767237352
25793,6651.9022110763835
25794,9549.378379456879
25795,6942.208477094526
25796,8175.641155389929
25797,9435.301973150044
25798,7181.693736835221
25799,11295.1794160946
25800,8572.938504406544
25801,8816.477600954062
25802,6472.028336699902
25803,8053.8575137820035
25804,8663.313496185776
25805,7826.772144041418
25806,4507.457167890932
25807,6404.488912885531
25808,9417.42465899378
25809,6602.519219775952
25810,5170.249697277991
25811,10365.349872365716
25812,7477.723676048324
25813,6602.99709851044
25814,6393.047211178789
25815,6139.766710765732
25816,8901.53472320494
25817,7836.291076599363
25818,7760.352544804748
25819,6330.554459841577
25820,5874.8941192079665
25821,7438.917793772544
25822,4840.06233530032
25823,7773.914439146079
25824,6626.269056348333
25825,9500.331809417867
25826,8199.882487413464
25827,7003.849679809435
25828,13756.936538303196
25829,6807.9487105149265
25830,5578.9539645618925
25831,11617.657718038627
25832,7628.0148540416085
25833,9215.123191479313
25834,8151.805336369411
25835,5707.638938838939
25836,6690.953855506232
25837,6266.434486554428
25838,8952.430537862723
25839,13352.193739816474
25840,7043.227534127034
25841,3852.3076180942176
25842,5235.9349239556705
25843,9576.783998504332
25844,10362.530398795241
25845,7906.5824441669465
25846,8020.202580950093
25847,5158.599015029931
25848,6254.712334153092
25849,3820.6985795164924
25850,6083.699615005091
25851,6736.885324320644
25852,8293.83539020701
25853,8164.595457926875
25854,7063.741053957858
25855,8684.28341817697
25856,10328.002130305496
25857,7744.504539702191
25858,5885.5096841769355
25859,10797.168378572269
25860,12798.950539641259
25861,6976.678011690488
25862,8597.024022663609
25863,5664.887646972309
25864,7325.848768660261
25865,4684.403029872091
25866,8886.948279409185
25867,6292.317744986446
25868,9827.193538774822
25869,7586.13900453322
25870,9892.487622790608
25871,8351.364328230595
25872,5882.609582111213
25873,10381.33060490662
25874,20695.02653540431
25875,12945.3628273907
25876,7189.6223524645275
25877,3604.233559928375
25878,7054.815528582527
25879,9975.801629598345
25880,7096.552523833108
25881,12311.318135170384
25882,20170.44831311335
25883,4649.162687408867
25884,6277.431898975854
25885,8904.182662301753
25886,5595.859661811708
25887,9655.283076463853
25888,8015.4694006863
25889,8376.756751729006
25890,5521.828754875874
25891,8130.147549734581
25892,7420.1579654721845
25893,7720.050105435766
25894,11548.662856775014
25895,7073.302929481466
25896,6624.5812031515725
25897,7679.471545694503
25898,6600.545870736914
25899,5638.397656131544
25900,8604.238121809154
25901,6321.22267450387
25902,6628.620660686811
25903,8992.991040033723
25904,8060.435056986723
25905,8376.300041062006
25906,8483.009579288733
25907,8463.297244269179
25908,9385.781119119969
25909,7677.792305337119
25910,9089.583640229048
25911,6336.953176865386
25912,5163.931195725844
25913,7505.851240406652
25914,8110.624266183029
25915,6702.525535404096
25916,5357.072155218732
25917,10001.534345612423
25918,8286.518152838591
25919,10631.586300056539
25920,7863.839592295691
25921,6747.747378391566
25922,6084.046871651065
25923,4810.188553890605
25924,11633.179828154305
25925,6075.772827060576
25926,8079.300161621138
25927,15529.640461494388
25928,8451.764410214235
25929,7490.634587357092
25930,5680.1476398066325
25931,5661.8729497476625
25932,8357.153901923175
25933,4666.966088874747
25934,6543.927147185204
25935,10185.877509416725
25936,5918.638598333311
25937,18956.97590516918
25938,14310.9079828309
25939,5404.971235928655
25940,7778.037252189368
25941,8101.260377599616
25942,7697.920936781285
25943,6622.833558018323
25944,12857.34591065879
25945,8506.051131923632
25946,11828.04682423132
25947,7057.571713439296
25948,8122.137817563285
25949,6008.759954031261
25950,9724.176272476061
25951,8079.050384451646
25952,7104.954648782536
25953,7646.118225803478
25954,6407.258866644276
25955,9475.212417477129
25956,9605.310232972064
25957,6963.53633718977
25958,11391.990491934534
25959,6937.1268998112555
25960,10635.99742645233
25961,6285.060218163372
25962,5864.367167302224
25963,6204.7376971906015
25964,11995.495155440152
25965,7115.605305625212
25966,8779.387998870625
25967,7627.346831831507
25968,10149.459431082805
25969,5602.967597200187
25970,9336.545139311153
25971,7909.648107049384
25972,4424.18844767295
25973,16825.41136300464
25974,17724.431552641807
25975,8543.12434852481
25976,7731.9618096132435
25977,11315.739598664573
25978,11848.731473596525
25979,11856.471442198224
25980,6682.0163118962055
25981,8712.037931862256
25982,6820.089757519002
25983,9030.611395201651
25984,4662.380552416823
25985,7612.452834010589
25986,6471.212667379016
25987,6304.6748199091535
25988,8383.187939631202
25989,6916.771819366846
25990,5993.9646102578445
25991,11426.0731073363
25992,4559.957789365864
25993,5614.134071732777
25994,7481.7144359368485
25995,8544.41006448505
25996,9677.13658788319
25997,9851.682233680445
25998,7720.505018905113
25999,7315.2859336177635
26000,7248.968352151339
26001,11865.302990436343
26002,8562.852300846595
26003,6635.130477644852
26004,6390.21019190403
26005,9870.16661111111
26006,5078.442824372999
26007,7544.187258484064
26008,3549.799741935351
26009,6335.649751582024
26010,9496.169332367279
26011,6855.348123679668
26012,6426.88232949116
26013,9302.393187394626
26014,9908.677017198828
26015,13308.546263589265
26016,7197.251420920115
26017,10161.713362832428
26018,3583.095002827239
26019,6236.576896736689
26020,7029.8043103655855
26021,5491.392751090699
26022,8659.639685138234
26023,5840.050726469336
26024,5914.642001443002
26025,9172.410700032917
26026,12281.087754363283
26027,9117.10599900074
26028,6299.604519788908
26029,6657.257245281766
26030,9395.95670290597
26031,7974.629938644078
26032,7547.681680332739
26033,6019.856857153512
26034,7709.179756146997
26035,11329.50600407762
26036,5690.640761996111
26037,7337.536437221856
26038,8821.01263522604
26039,9586.524485630272
26040,15026.452412494375
26041,6219.038518407731
26042,14115.330737564289
26043,7546.962210937935
26044,5944.044742610012
26045,4200.706465902519
26046,7239.953980154347
26047,7256.576608313729
26048,6639.545341228218
26049,7537.120416169237
26050,5965.6750843356
26051,5218.668478872529
26052,7925.389313727326
26053,4573.731387993708
26054,7806.091007962539
26055,8317.695452395934
26056,9142.150729706464
26057,9966.86669680212
26058,6512.332488464348
26059,10296.023534783026
26060,6765.108459346116
26061,6811.64065247579
26062,7011.463198563131
26063,5933.983630761396
26064,11576.895269384207
26065,6861.531357488099
26066,5948.447262126762
26067,8469.210019514016
26068,9688.298754261028
26069,8273.349636225426
26070,7488.0231815289535
26071,9258.287613297387
26072,6274.348047078164
26073,6247.56967137484
26074,7695.079607481159
26075,9578.382199588845
26076,7642.476449045278
26077,7167.210297222396
26078,6905.980583628949
26079,6381.000288084119
26080,5597.096219772402
26081,6452.61020648306
26082,9402.903488762007
26083,9326.79458808903
26084,10924.8749963794
26085,13033.550815574086
26086,8511.848965015202
26087,6008.654180660685
26088,5890.349633794108
26089,11809.739465475317
26090,11422.974534868603
26091,8798.44952578104
26092,9828.41708169846
26093,10047.23078645413
26094,6892.614164610292
26095,4936.610204323454
26096,10793.462622557994
26097,8434.4774884623
26098,7721.909254296358
26099,7152.440015003573
26100,3943.483854527782
26101,13137.610001984127
26102,6713.244334068755
26103,6547.864310186062
26104,5210.108724997226
26105,6378.809319787068
26106,7356.854505453698
26107,10211.08377187978
26108,7364.1116474540195
26109,5436.152793080285
26110,5245.426112630084
26111,4741.947665246558
26112,3529.526458694085
26113,8164.248405005283
26114,18907.56296547162
26115,5601.958893386774
26116,6300.694422639283
26117,8072.791437307791
26118,6341.949503081557
26119,5968.246434553868
26120,5947.51786491055
26121,4907.273429663432
26122,8477.544511100012
26123,7504.612476386876
26124,5075.997215554203
26125,10342.327290908519
26126,7579.568016301673
26127,5592.86128668717
26128,9683.905368711805
26129,8941.59155449664
26130,10182.676385376873
26131,7297.749118006908
26132,8517.556248121868
26133,5542.8699193266775
26134,5483.600790063393
26135,16781.473289738038
26136,11457.470917420527
26137,6687.507880706153
26138,6514.219911633298
26139,5253.431584331125
26140,6868.764706312703
26141,5044.144147484196
26142,10359.521286519792
26143,6326.6015793609995
26144,6312.300965546947
26145,8458.751239575782
26146,5656.918397120667
26147,7838.471084790783
26148,9196.413995127677
26149,8519.387304272313
26150,8613.867626387699
26151,4893.347704653191
26152,6403.576536650615
26153,7418.194725456461
26154,11051.490435427313
26155,9044.767572876774
26156,7500.981323180598
26157,5637.741882268575
26158,8711.682439285383
26159,6918.833967235379
26160,4893.110111853017
26161,8268.69490255192
26162,7914.035077230862
26163,7659.711275233746
26164,6992.8678649386575
26165,6796.31069012197
26166,7109.047370505305
26167,6923.014791280111
26168,7641.587471804387
26169,7507.051031592104
26170,8281.949019874603
26171,10190.98049660948
26172,6712.725154273162
26173,5224.419724462226
26174,12654.874488046758
26175,6873.736813503772
26176,4254.916816557626
26177,8950.7489561117
26178,9134.243646191546
26179,12929.497377659105
26180,5388.276730803552
26181,6545.932515931217
26182,7178.615463063117
26183,8472.483749444395
26184,6994.939087150411
26185,8981.456523049617
26186,3704.015590883575
26187,7514.674379155975
26188,6741.88026542648
26189,6713.246065039976
26190,6933.778129562245
26191,7469.919775028895
26192,10631.489005286381
26193,6968.04977747358
26194,10435.146479256038
26195,8347.625399186847
26196,9233.170674378423
26197,6050.412745641498
26198,7452.947321717199
26199,8536.49041047111
26200,8912.734717593548
26201,8839.373481088709
26202,4593.150168691093
26203,8976.047162245308
26204,7907.568638220217
26205,8256.682223331407
26206,6771.128459711637
26207,5567.374375512506
26208,9809.33641535092
26209,7917.056194509138
26210,9273.480784731313
26211,7994.336885225289
26212,6852.068518828455
26213,9188.802570230026
26214,8328.657996822452
26215,8906.689981696029
26216,9055.90070044896
26217,7415.249539867053
26218,9696.974908925222
26219,12373.127380726475
26220,9728.097140812804
26221,5759.668766672811
26222,7185.528289706094
26223,4345.070409332107
26224,4134.65916716342
26225,9033.3310516296
26226,6286.618759169103
26227,9970.2863176801
26228,5393.76386937103
26229,6954.365235867073
26230,6897.6712204734
26231,10562.290786527796
26232,8112.084795980164
26233,6429.628395122774
26234,6697.278255072526
26235,8329.858564024302
26236,5774.6522589599945
26237,7924.445235735832
26238,7722.342851303983
26239,10455.666065781441
26240,8579.82531811184
26241,7548.764250332202
26242,6156.486772694036
26243,5901.906110118638
26244,5781.544261644787
26245,12512.300866801015
26246,10257.256396742145
26247,7722.325696192017
26248,15142.027570387947
26249,7475.8991095917545
26250,6163.314074315047
26251,8389.138074427763
26252,9017.111807025667
26253,12078.1887842721
26254,8045.534284353306
26255,9046.186593889905
26256,8677.863519379476
26257,8060.182065198476
26258,7823.8495372010275
26259,6484.3263094737285
26260,5427.442419312163
26261,5763.96308620387
26262,4754.299705507728
26263,6314.389660133433
26264,9191.104320302806
26265,18093.228516483516
26266,7811.194084876816
26267,5577.287274751978
26268,9443.295836104096
26269,6378.324234869036
26270,6599.642680335382
26271,4997.339859827263
26272,10348.398095543685
26273,6744.7004817817315
26274,6861.961144595582
26275,15207.648799890962
26276,12584.972172324027
26277,6302.329410090731
26278,7878.726784962844
26279,4131.122969393353
26280,5732.764239790123
26281,5994.45624847375
26282,9449.535370783973
26283,5653.884499375438
26284,9037.16554997617
26285,7129.165914605817
26286,6302.161962045996
26287,8074.530090664477
26288,8259.945393254511
26289,4464.696099418642
26290,7631.22569138614
26291,9765.1861297582
26292,9342.161053431048
26293,6268.131934274058
26294,5586.933246823597
26295,9105.455447352813
26296,5454.123763282469
26297,9956.262279398747
26298,5260.238470173072
26299,5960.247780152125
26300,7641.707496914026
26301,6651.951510374346
26302,5990.654274628081
26303,6755.128975371852
26304,8520.192870563345
26305,10401.862516878171
26306,11668.320206655682
26307,6248.436301313348
26308,4093.6116813643857
26309,6708.590437484902
26310,7124.853470431527
26311,5569.34721278395
26312,7841.201146849069
26313,6780.726499509474
26314,13374.479732086538
26315,8583.838682912294
26316,6834.480610732408
26317,8262.47589522026
26318,6042.451204323455
26319,9793.46375296171
26320,7129.19209172506
26321,16152.19284808161
26322,7351.67545114224
26323,6261.89466071496
26324,6316.44541808987
26325,4931.319022121796
26326,8630.513632142367
26327,17341.69245224302
26328,4964.583469555727
26329,5429.797974509034
26330,11724.179515242924
26331,7376.751697717618
26332,8527.835428947732
26333,8531.575830639878
26334,7401.815481202246
26335,5986.523677259622
26336,5673.744301327177
26337,10962.676989914793
26338,7096.620133072303
26339,8181.232972352239
26340,8522.0507209695
26341,6034.137572116912
26342,8363.582092136376
26343,7242.718085191052
26344,5031.844261396283
26345,10278.112229348824
26346,10008.558165953193
26347,5337.496670971947
26348,8315.700226868898
26349,7585.720854728445
26350,5276.395304489952
26351,9678.496563007513
26352,6537.4842179435645
26353,8198.01010445541
26354,5120.02749476177
26355,5838.876436742232
26356,6842.77904047293
26357,4483.167098264182
26358,8692.094732968115
26359,5528.963273230037
26360,6987.793467256539
26361,5432.221491600496
26362,6888.744613450348
26363,6618.749595117816
26364,7606.782542669745
26365,8052.837572773632
26366,7854.614978029003
26367,6870.630048482334
26368,7634.522602156832
26369,7039.336584939947
26370,10555.393196719953
26371,10032.694875794694
26372,7372.856681596184
26373,5446.311034600204
26374,7364.19390055614
26375,8187.005177972057
26376,4869.193176008631
26377,12092.940339723667
26378,6636.194190074581
26379,7892.820599524661
26380,9318.397571568139
26381,7565.301391303141
26382,4819.47772569669
26383,12363.725114377457
26384,10298.034470824188
26385,6178.8608578450585
26386,11310.15442466765
26387,11119.75473812544
26388,6817.40916495813
26389,9656.241798754354
26390,7781.178859621477
26391,6853.516778095333
26392,6929.973103949413
26393,8181.911410618753
26394,5640.264475037855
26395,7844.25171697094
26396,8541.370123917497
26397,7720.733023805445
26398,9260.20173391349
26399,6794.841804061721
26400,7668.585835181974
26401,4785.400038121277
26402,9435.889129076806
26403,7968.915915042498
26404,6428.979880838155
26405,7770.401258770785
26406,8576.66487201723
26407,10816.890756586085
26408,6376.4031345479625
26409,6384.507886786468
26410,7681.242132673443
26411,7467.532488940584
26412,8995.2456053132
26413,5078.830959633933
26414,5221.248544275168
26415,8351.241540829058
26416,7891.584217204364
26417,7218.907132393785
26418,8311.025296822505
26419,7343.8990516442
26420,7849.907075933053
26421,5406.862107126704
26422,3981.126139380744
26423,8627.517165917568
26424,7109.890339023611
26425,8256.882401537765
26426,10264.156540186124
26427,10221.650495714252
26428,5710.900769599597
26429,9031.670833170416
26430,7030.671705376812
26431,3895.368272408148
26432,8351.02196937527
26433,13042.724701800389
26434,8487.545165136333
26435,8007.867220313081
26436,6020.966849367387
26437,7934.604703263545
26438,9954.792259321304
26439,8203.8742558275
26440,9240.809363331115
26441,5877.8168465047165
26442,4937.566013146984
26443,6144.7458277686355
26444,5934.586093833454
26445,6559.163811900246
26446,6168.036474841338
26447,5772.411138282256
26448,5049.1008007044165
26449,7818.243896474871
26450,9245.79035544147
26451,6794.480275647859
26452,7199.997764363253
26453,7764.5059729938275
26454,6773.866933806389
26455,5795.758481165078
26456,9944.792292065946
26457,8135.279195524567
26458,6102.204155338756
26459,4823.340703804806
26460,13456.354829341411
26461,7222.750719434158
26462,7281.355757651659
26463,10077.186451019174
26464,8030.4802486105655
26465,8460.169340575358
26466,6893.227325057209
26467,7428.558020558692
26468,10521.132725401789
26469,13512.647372960371
26470,6802.142247905627
26471,6049.76327296611
26472,5509.675096652014
26473,7211.321327783328
26474,6740.135884806371
26475,9342.389755859638
26476,9807.158295662455
26477,6815.031672436226
26478,4627.534253470502
26479,7374.840391578193
26480,9371.369153932385
26481,6065.783372996886
26482,8750.349409590412
26483,4716.043979783331
26484,7436.617914284247
26485,9971.880542915416
26486,8370.351173648522
26487,10782.797716889105
26488,7541.737869753786
26489,5224.368257173383
26490,6818.939604254576
26491,9389.57379077295
26492,9174.833009910846
26493,8295.176304618819
26494,8436.12718442778
26495,7760.513851132527
26496,5184.939983344303
26497,10917.11690573771
26498,4623.650494450292
26499,12057.085465091926
26500,7415.032515505631
26501,5115.408526566572
26502,8326.089846029785
26503,7223.693435445864
26504,8664.043548139773
26505,10023.988217325246
26506,3792.896780982907
26507,5600.870545829986
26508,8355.814889910169
26509,10740.377466531278
26510,11336.384366372193
26511,6442.075027342927
26512,7091.881365971832
26513,8070.180145843536
26514,7092.142559612859
26515,6167.700411290098
26516,10989.345732245694
26517,9228.28499256685
26518,13494.788307311155
26519,4959.703342608798
26520,6568.774202596748
26521,11130.318774445586
26522,8019.63704195886
26523,7157.345866867078
26524,11444.007399438548
26525,7349.0007665088215
26526,6905.499196478315
26527,6140.37312256939
26528,6078.923929923834
26529,5969.892378968645
26530,8114.640283087012
26531,5873.814021553758
26532,6028.635642498208
26533,11306.539623034643
26534,6772.652323874625
26535,23369.556889388394
26536,7685.057604731439
26537,5469.099234894555
26538,10117.340744290797
26539,12568.25793089336
26540,9438.119381396384
26541,11454.78348146298
26542,7284.243948544018
26543,9766.72634919627
26544,11168.109717037862
26545,7288.53673402028
26546,7797.03588971731
26547,9000.075847367538
26548,10831.803647249819
26549,10149.632667856651
26550,10841.578231031222
26551,7981.4509837246105
26552,7024.005732489432
26553,8905.936662744936
26554,13733.245590281185
26555,14405.611188492065
26556,13922.948476593154
26557,12499.776262095189
26558,6405.602840716474
26559,7476.748616779109
26560,5974.032168326558
26561,10982.207158945179
26562,18075.115566492335
26563,12214.469595178381
26564,9818.902836389103
26565,9222.186400226661
26566,5037.687078484319
26567,8086.876288976162
26568,14143.320205971488
26569,9716.574149394472
26570,7496.573908496732
26571,8173.063856124653
26572,9860.948267982018
26573,4910.703987504077
26574,10713.289276126647
26575,7121.0857493617505
26576,9379.057671211141
26577,9883.006666426754
26578,7449.553880649994
26579,10032.778180640456
26580,10860.05469940028
26581,8907.098581723832
26582,9237.698380671414
26583,9983.553607126532
26584,15679.200526197574
26585,8298.292255966258
26586,12188.139570074532
26587,8574.25456028204
26588,11648.256258154426
26589,9771.547562910153
26590,14435.577245343111
26591,8120.03307853176
26592,6666.374013994171
26593,8548.971903984904
26594,7816.620538576921
26595,11927.05224774572
26596,11307.455549336742
26597,8528.378792463009
26598,10806.491310552194
26599,9144.909889496927
26600,13524.46010935981
26601,5494.468634591716
26602,17720.490332274552
26603,6698.303242790081
26604,8427.725915073755
26605,12037.318979695143
26606,7169.003444304881
26607,10055.029893270124
26608,9001.828745824441
26609,11244.820492030842
26610,7820.283696148625
26611,7635.209002313858
26612,10564.708744644546
26613,10157.727926033935
26614,10257.583000467415
26615,7912.993054324076
26616,9385.546137597654
26617,16161.203024003777
26618,8631.41877603655
26619,6294.657131233229
26620,9222.51688163067
26621,7215.1510034829
26622,7179.45591495884
26623,8910.473641705576
26624,6366.643528707971
26625,13199.313646280229
26626,8535.420501423774
26627,10399.112878273892
26628,10403.005832003713
26629,5447.516497743063
26630,7999.042400120719
26631,8022.920316736109
26632,11768.329177072927
26633,12197.00913630183
26634,6752.2893765720655
26635,6806.1578940342415
26636,9604.390067439912
26637,8632.16626343359
26638,8471.560268981017
26639,9966.428790008194
26640,9719.587366145803
26641,9559.499335024455
26642,7860.3630839411235
26643,6100.443447458727
26644,10297.054591383287
26645,10109.643991008872
26646,10516.419691277679
26647,12258.868980281679
26648,11895.320576831698
26649,8231.751654667316
26650,12629.15788526496
26651,8513.159048763926
26652,9724.935898349198
26653,13032.815953010218
26654,9264.010995194845
26655,14275.371382145635
26656,9177.000044496353
26657,11753.664316136008
26658,7837.829470146139
26659,10196.844410184312
26660,12453.572135710689
26661,9852.873493045701
26662,5494.675787352396
26663,7244.1649011047875
26664,11578.47616902899
26665,8802.322359779108
26666,6590.793445795219
26667,14221.555247663286
26668,8476.190871838946
26669,7759.190417194227
26670,7415.617647109426
26671,8565.656302817966
26672,10578.200404353001
26673,10223.75182720874
26674,10362.625649128975
26675,8106.12790534792
26676,8163.974529257463
26677,9415.729051721724
26678,6848.2598361385335
26679,8567.223230620528
26680,8080.706017275818
26681,11203.042386391386
26682,10040.874098836477
26683,8648.803622136127
26684,15270.633118703581
26685,8359.550687322282
26686,6520.601735855647
26687,14018.978435961091
26688,8703.954314211649
26689,12138.338831936035
26690,9477.381297664826
26691,6829.379667002932
26692,8592.529010696655
26693,7838.204022846064
26694,11691.097877522938
26695,18510.754983731862
26696,9134.358031581598
26697,4694.359600390837
26698,6164.873176087964
26699,11874.992699502296
26700,12823.079740311974
26701,9075.7564982191
26702,9391.229095396433
26703,5603.198350543977
26704,7215.946531385283
26705,4517.727225388946
26706,6842.688232354546
26707,8282.132420049837
26708,11123.430880021855
26709,9469.027626885369
26710,8822.174414338371
26711,10971.135680478017
26712,12587.460330585045
26713,9614.088381101637
26714,6859.744067799891
26715,12083.661537956668
26716,18574.80215373253
26717,9164.060822190822
26718,9707.905711715573
26719,7446.0825813653555
26720,8987.243917397147
26721,7034.78094285453
26722,10864.011060458846
26723,9444.244035275267
26724,11279.899967718145
26725,9029.641973867287
26726,12487.514975406988
26727,10135.42940792704
26728,7199.214938717775
26729,13779.405321067821
26730,24296.416713655497
26731,16092.577748944332
26732,9397.687052984857
26733,4458.679269509903
26734,8852.311796300706
26735,12092.448036684078
26736,8001.578636713002
26737,13165.617638056392
26738,19964.216145046128
26739,5826.187569194693
26740,8544.923784648154
26741,11216.705310755216
26742,6953.362345204563
26743,13192.929939997606
26744,9603.57468471935
26745,11455.555898515639
26746,8886.389895233035
26747,9713.081940239586
26748,8861.029437954161
26749,9839.76361386547
26750,15873.557985200254
26751,8764.941637916905
26752,7979.855474666692
26753,10690.0352356153
26754,8706.299216265274
26755,6631.287669497386
26756,10231.788225863751
26757,9247.158754009799
26758,8501.014742891482
26759,10859.702967643469
26760,8146.168012085141
26761,8819.714976417634
26762,9894.502061885785
26763,10577.368746978469
26764,11324.997033495101
26765,10206.390352057208
26766,9790.100426580899
26767,6938.304214292509
26768,7968.032128649129
26769,8656.506182882218
26770,9001.995257467332
26771,9187.166038997308
26772,7300.403882191517
26773,12716.986522943556
26774,11109.519639257644
26775,14147.32175459998
26776,9076.864914359336
26777,8837.347626172344
26778,7768.6675929512585
26779,6005.452373487626
26780,14821.418917565274
26781,7515.2334267150445
26782,9610.325038888013
26783,19462.45249259074
26784,9809.67957261074
26785,8233.678303417346
26786,7179.914139404711
26787,6355.779818959249
26788,10537.321143042282
26789,5680.86254470465
26790,7743.2109632984175
26791,12677.953967826294
26792,7763.323071517267
26793,22398.15982492263
26794,12779.40507325354
26795,9374.221523245546
26796,9348.5636286374
26797,8467.786162525383
26798,9641.279984658213
26799,7780.321199565443
26800,15031.549272935395
26801,11328.571668091108
26802,13863.45052031401
26803,7366.8975274480445
26804,9691.267152444578
26805,8054.132309670723
26806,11452.525376374437
26807,10567.926670182627
26808,9121.806072066642
26809,8803.746462299137
26810,7267.489080592154
26811,12165.537295514943
26812,11753.222739431974
26813,10980.42246577034
26814,15333.488980296668
26815,8601.819512323513
26816,13013.50079293294
26817,7300.081961048539
26818,7425.363891639409
26819,8553.344388956388
26820,16830.789638143728
26821,8537.859253978222
26822,11456.65828392915
26823,10571.697626044726
26824,13346.546864370108
26825,5841.01076067968
26826,10796.673535751139
26827,8900.55243637732
26828,5739.300646633047
26829,17670.700653596403
26830,20101.829013806415
26831,11220.232420532424
26832,10200.59436206359
26833,13386.27059773324
26834,14875.564584157837
26835,14662.18845991795
26836,8645.13106025293
26837,12110.601473973922
26838,8496.760999613522
26839,11936.134478591484
26840,5767.490130525797
26841,9688.990435513835
26842,8023.657808665746
26843,8238.337540344415
26844,10547.570913108795
26845,8575.979969090547
26846,8227.535524307727
26847,12080.131989005282
26848,5740.373937812188
26849,6556.882712980648
26850,8679.098785823995
26851,10195.473717119481
26852,13500.44612883074
26853,10425.926197001227
26854,10007.533581033344
26855,8882.643345173958
26856,9189.941316606319
26857,15090.229564575176
26858,9772.663274946115
26859,8336.473293840405
26860,7137.307970360049
26861,11520.257463120215
26862,5671.828121385116
26863,9980.037223716918
26864,4711.257884930644
26865,7396.288523248809
26866,11994.313548127486
26867,9177.721786246822
26868,7952.113400885877
26869,11302.60177619817
26870,12531.338810585357
26871,15057.368730083055
26872,8294.926644683539
26873,13241.032963147962
26874,4436.374186313143
26875,7175.370603467005
26876,8530.709770986825
26877,6340.829635542821
26878,9928.032429742429
26879,7025.512718639203
26880,7021.94811133556
26881,12191.844020605531
26882,15538.383492001418
26883,11152.699567310137
26884,7755.7303680687355
26885,7625.918971737411
26886,11859.454711424585
26887,8974.326643733966
26888,8625.89845782812
26889,8255.279773907505
26890,9792.138674500662
26891,12721.044656386272
26892,6480.678764374515
26893,9136.59034922214
26894,11556.053296260163
26895,11505.098164936893
26896,16306.702710867987
26897,7743.280783704937
26898,16113.436021279678
26899,9410.856649905649
26900,7374.634269381536
26901,5075.822848282437
26902,8774.083603313906
26903,9180.188565398126
26904,8803.062734763393
26905,9231.290248759504
26906,7061.80983785414
26907,6687.810819130489
26908,9301.193068886867
26909,5431.126580601966
26910,9852.42716044196
26911,10513.33831321561
26912,10991.451705288982
26913,12619.14773091288
26914,8346.938091685111
26915,11409.445887488871
26916,8226.652776132041
26917,8947.876145782
26918,8426.467406850503
26919,7039.266070958452
26920,13878.815281417115
26921,8565.054129399561
26922,7608.1392480875165
26923,11454.794146765273
26924,13151.735046342548
26925,11282.296497100118
26926,9589.946584595962
26927,11495.527455486681
26928,6715.956884774946
26929,7835.258925534433
26930,9164.36238881625
26931,11881.025303090695
26932,9564.969710466004
26933,9064.803243661572
26934,9630.185143970797
26935,7848.7214056392895
26936,6799.491003149629
26937,6914.443637802511
26938,11327.987730049363
26939,11325.818861726555
26940,13442.013635825546
26941,16391.99979558315
26942,10746.914043320576
26943,7164.43397241144
26944,6424.483593210411
26945,13577.249958400367
26946,16108.087488318537
26947,12948.77007009657
26948,11632.880794335906
26949,11097.92463961039
26950,8478.049881798013
26951,5769.522599179419
26952,13469.00247243769
26953,11171.477830680486
26954,10113.659883200953
26955,8875.81237759626
26956,4687.022040502798
26957,16214.577172535794
26958,8147.962785880785
26959,8627.829646777043
26960,5912.8854352798335
26961,7745.124388927248
26962,8125.476183693033
26963,13610.281683920644
26964,8771.228885613635
26965,6992.419595410498
26966,8475.898655676841
26967,6421.736694402003
26968,4163.67152739091
26969,10056.900562620236
26970,20772.66559903658
26971,6292.599252602099
26972,7637.548212867789
26973,9722.471116131415
26974,7441.026441528806
26975,7500.24112643103
26976,7398.780015596893
26977,5913.041658852973
26978,10529.333739455966
26979,10075.5331547921
26980,6274.0068737652855
26981,12859.484107320926
26982,10440.754744259822
26983,6843.326814171938
26984,12264.115752724223
26985,11692.872530513017
26986,11843.967790020439
26987,8688.613432052014
26988,10005.76206404814
26989,7012.029051365301
26990,6605.085549458711
26991,19501.37556137734
26992,14712.641797472956
26993,8240.733614868157
26994,8758.789989068902
26995,6826.360778431907
26996,7805.427845665001
26997,5929.880893842932
26998,11784.627122537175
26999,6956.219333422469
27000,7125.448621695297
27001,10424.228391308858
27002,6985.324543553667
27003,8796.454987137233
27004,11013.066036708393
27005,11302.468300504566
27006,11066.402777566384
27007,7102.214871499587
27008,7854.596494867509
27009,10117.01558802309
27010,13029.737197584413
27011,11330.636458746321
27012,9737.090191745492
27013,6940.370083774715
27014,9580.415450318345
27015,7898.727928404929
27016,5886.371417047062
27017,9104.457494873988
27018,10484.924226531224
27019,8989.90538617247
27020,9681.48270518127
27021,8326.681801433951
27022,9088.467861168123
27023,8324.25098906606
27024,9546.573368774205
27025,9246.738610250857
27026,12336.788392371522
27027,12482.70930871906
27028,7838.003322249558
27029,6801.019025131292
27030,16116.66396739183
27031,8321.440387291299
27032,4937.282463678478
27033,10135.372864303185
27034,11331.408030224678
27035,13994.442716384105
27036,6795.457105851665
27037,8698.027447165401
27038,8137.559683938618
27039,10131.747196562423
27040,8392.209096285293
27041,13010.978073169477
27042,4240.903813802899
27043,8776.532270746067
27044,8803.565132162168
27045,7851.068968616351
27046,8781.872365657939
27047,8807.1966189541
27048,12730.556986025293
27049,7772.313343945998
27050,11259.487767276838
27051,11013.057253861634
27052,13190.309848857778
27053,6934.702824841007
27054,9672.145906518283
27055,9204.337124851028
27056,11102.410699962615
27057,11513.52539150259
27058,5612.2243105366015
27059,9524.061616078361
27060,9689.55647720215
27061,11396.657545189977
27062,5843.389852773261
27063,5225.735276034375
27064,13190.64739945349
27065,9572.393438016745
27066,11620.326185300331
27067,9896.784189165242
27068,7576.72732404034
27069,12065.885473182043
27070,10250.248992781728
27071,12873.820198044605
27072,10658.424492326705
27073,10001.963348627953
27074,11151.276748035467
27075,14784.05178798571
27076,9854.463477605726
27077,6977.5580486432045
27078,9286.277501935429
27079,6696.400788361146
27080,4801.829341178685
27081,12999.700995206424
27082,7759.665721488051
27083,11720.620082184392
27084,7126.045158456736
27085,8274.281352855476
27086,8132.117762671967
27087,12968.58307047141
27088,8402.57279607892
27089,7360.184802503052
27090,8661.221848805597
27091,10143.319228253089
27092,7472.230267778871
27093,9891.640448535936
27094,9258.675348432182
27095,11687.519124556002
27096,10951.17963530239
27097,8920.089193645394
27098,7509.868513899194
27099,6482.72080230416
27100,6892.1407951195715
27101,15370.602039084728
27102,13164.727355197696
27103,9854.0568330558
27104,16268.985906580992
27105,8977.882347680144
27106,7049.7864369688605
27107,9095.466918484293
27108,11367.19159012841
27109,15353.291173471951
27110,10477.0454869609
27111,10647.633508366538
27112,11573.696303459556
27113,8976.374681812706
27114,10196.83332703244
27115,8683.667169608805
27116,6992.071713106657
27117,7144.649642468641
27118,6007.681874042626
27119,9213.06075832124
27120,12304.920550419565
27121,21203.22192832739
27122,9718.037313349474
27123,6816.007347577168
27124,11042.749284818254
27125,7972.218042552217
27126,8493.569771488423
27127,5823.552693184265
27128,12360.268599780933
27129,8922.686779251027
27130,8977.935543679154
27131,19074.446325037425
27132,13378.579875263627
27133,8477.84323177803
27134,9948.296645973125
27135,4712.873059423145
27136,6714.7953722747825
27137,7280.952717681828
27138,12558.37989165084
27139,7617.277286041569
27140,7954.8492087634595
27141,8332.844894095388
27142,7496.1924535072785
27143,10776.094139372986
27144,11576.177937775396
27145,5427.287517131252
27146,9973.83495646835
27147,11988.583910879599
27148,11076.39838145738
27149,9138.025599203522
27150,7450.088139774201
27151,11682.713105600325
27152,7006.94439312417
27153,12791.302723963794
27154,6977.240438349232
27155,7922.617797333985
27156,10152.57659474431
27157,8840.307975424756
27158,6907.930007167668
27159,8613.063151178329
27160,10548.921433998188
27161,12166.824998413194
27162,15207.242508287885
27163,7556.656820801494
27164,5366.530844479608
27165,7936.328804176601
27166,8673.90021146853
27167,6359.255357238693
27168,9373.11266876027
27169,7670.021409564892
27170,13785.496718693068
27171,11476.832944955371
27172,8448.771602426048
27173,9476.800843377703
27174,7201.605029649928
27175,12014.545728288309
27176,7611.04826869454
27177,17976.230841068165
27178,9203.696937113187
27179,7763.980108278975
27180,8035.163291729534
27181,5832.954260209676
27182,9074.759231471511
27183,24871.814576065266
27184,6754.3802369028035
27185,6751.109151059037
27186,13635.15121516882
27187,8432.91792301571
27188,10253.372963825388
27189,10881.743970182772
27190,10084.654259973046
27191,6885.417053813628
27192,6792.419575757574
27193,12833.868726354094
27194,8565.439326184653
27195,9447.453091976779
27196,10339.92883186911
27197,6978.937892480611
27198,10070.900512548062
27199,8245.72036630312
27200,6281.956598931532
27201,11256.12210911474
27202,11152.334057500068
27203,6357.38193902421
27204,10057.176044754566
27205,9399.969782449578
27206,6934.375150159984
27207,13141.765805954368
27208,8587.29131497546
27209,10310.756597981479
27210,6234.717872335345
27211,7681.195648659362
27212,7992.27369852871
27213,6619.875639925435
27214,10851.493145201075
27215,6384.59916048494
27216,8120.562215855221
27217,6777.274998010898
27218,9086.535265432683
27219,7355.870906910084
27220,9486.278991270347
27221,10874.251461796244
27222,10153.381870502682
27223,8808.092375353945
27224,9410.577814618971
27225,8271.990308039181
27226,12632.918710857344
27227,12670.279966460743
27228,8774.39129302934
27229,5682.283504127408
27230,8629.93215198384
27231,10957.227760594978
27232,6890.505550824176
27233,14739.278617839469
27234,8313.58792303603
27235,10196.353087340767
27236,10904.922242173376
27237,7882.669839491353
27238,6744.48696558752
27239,13425.586711902479
27240,13165.239777921846
27241,7121.020153135885
27242,12476.030836320457
27243,11999.675030794226
27244,7802.091579839923
27245,8489.975945741351
27246,9552.03111189004
27247,8234.804617968635
27248,8133.431351998212
27249,9959.99853929505
27250,7018.41053692528
27251,7914.712556230531
27252,11177.057056360303
27253,10123.828730513931
27254,12855.500391774893
27255,7825.830454013151
27256,9083.531565655148
27257,5833.849139655282
27258,10431.108924914139
27259,9957.753995280316
27260,8167.4125524946885
27261,8997.116971279258
27262,10959.70367713251
27263,12828.174636400336
27264,8743.255654613065
27265,7847.420634346681
27266,9416.317785800798
27267,9011.128213315982
27268,10037.24834217377
27269,5931.889287316005
27270,7207.422924043872
27271,9623.928442832581
27272,8615.362036177272
27273,8482.769543509825
27274,11214.555269406792
27275,7861.665800533112
27276,10112.994558564213
27277,7489.071096558759
27278,4869.655901159297
27279,10261.306365978791
27280,8846.098113590204
27281,10521.566405275282
27282,12240.187158639435
27283,12240.4787962797
27284,6545.27947955181
27285,10910.520549123265
27286,7198.436619392046
27287,4470.371670863449
27288,10321.272858500566
27289,14295.902134866768
27290,10672.211505331614
27291,10660.312168567294
27292,8055.096638967236
27293,10310.235884070828
27294,12466.747268229321
27295,10166.18875538024
27296,10154.459309185911
27297,7463.662379978079
27298,6234.393806507218
27299,7482.778158312835
27300,7515.825069939343
27301,7858.21991071379
27302,8597.328717544968
27303,8205.06950157767
27304,6407.512798990228
27305,9008.078264226195
27306,11405.55038208837
27307,8562.946119352053
27308,8262.708490591554
27309,10045.061702325858
27310,8115.359664740314
27311,8087.31844582052
27312,12513.729321879917
27313,10460.457545607815
27314,7613.4754817127305
27315,5983.561571493008
27316,17651.204511904765
27317,8689.165397611374
27318,9620.185852051198
27319,14280.704381762025
27320,10696.082636609392
27321,11244.749093305809
27322,7785.846719840183
27323,8921.360564279576
27324,12402.28930182597
27325,20178.44377419021
27326,8349.767828477075
27327,7819.228980205506
27328,7020.997229111733
27329,8837.612612248864
27330,8077.558337620864
27331,10328.005840209626
27332,13401.096827576832
27333,8144.46211924406
27334,5516.202928411288
27335,9142.321082681934
27336,11483.692272373093
27337,7210.028243339996
27338,11637.175216637937
27339,5281.253586129211
27340,9858.913611012356
27341,10601.329456752399
27342,10715.462607503609
27343,12556.770444604415
27344,9360.751935425686
27345,8178.132036521396
27346,8253.054018203038
27347,10748.636606786058
27348,11218.50068773879
27349,10133.933660640834
27350,10655.015719951152
27351,9367.319739366456
27352,6777.7443610649
27353,12444.275297064689
27354,5928.226256077256
27355,13869.69186180548
27356,8973.548910521913
27357,7261.859239389692
27358,10316.310468735557
27359,8295.145339825209
27360,10703.415540852124
27361,13073.946530828818
27362,5775.594926388627
27363,6760.3052949003595
27364,10984.149679464323
27365,13102.400915559108
27366,12837.278272979474
27367,7789.021941985173
27368,7722.866588370779
27369,10497.171263347765
27370,8550.691174179305
27371,7587.662786670851
27372,13515.190115293466
27373,12557.907101037668
27374,14500.647632952494
27375,6334.115287267725
27376,8758.719514384646
27377,11444.141112256719
27378,11264.394101911974
27379,8583.650604713997
27380,15054.77354041502
27381,8640.240064274734
27382,8347.597957905657
27383,7501.1263578194685
27384,8667.671167391432
27385,7657.115272043316
27386,10476.350277923793
27387,7825.738380564696
27388,8348.21272800136
27389,14977.167789685804
27390,7738.708476461334
27391,25077.038437821986
27392,10238.669210761462
27393,0.0
27394,0.0
27395,0.0
27396,0.0
27397,0.0
27398,0.0
27399,0.0
27400,0.0
27401,0.0
27402,0.0
27403,0.0
27404,0.0
27405,0.0
27406,0.0
27407,0.0
27408,0.0
27409,0.0
27410,0.0
27411,0.0
27412,0.0
27413,0.0
27414,0.0
27415,0.0
27416,0.0
27417,0.0
27418,0.0
27419,0.0
27420,0.0
27421,0.0
27422,0.0
27423,0.0
27424,0.0
27425,0.0
27426,0.0
27427,0.0
27428,0.0
27429,0.0
27430,0.0
27431,0.0
27432,0.0
27433,0.0
27434,0.0
27435,0.0
27436,0.0
27437,0.0
27438,0.0
27439,0.0
27440,0.0
27441,0.0
27442,0.0
27443,0.0
27444,0.0
27445,0.0
27446,0.0
27447,0.0
27448,0.0
27449,0.0
27450,0.0
27451,0.0
27452,0.0
27453,0.0
27454,0.0
27455,0.0
27456,0.0
27457,0.0
27458,0.0
27459,0.0
27460,0.0
27461,0.0
27462,0.0
27463,0.0
27464,0.0
27465,0.0
27466,0.0
27467,0.0
27468,0.0
27469,0.0
27470,0.0
27471,0.0
27472,0.0
27473,0.0
27474,0.0
27475,0.0
27476,0.0
27477,0.0
27478,0.0
27479,0.0
27480,0.0
27481,0.0
27482,0.0
27483,0.0
27484,5100.534869660052
27485,0.0
27486,0.0
27487,0.0
27488,0.0
27489,0.0
27490,0.0
27491,0.0
27492,0.0
27493,0.0
27494,0.0
27495,0.0
27496,0.0
27497,0.0
27498,0.0
27499,0.0
27500,0.0
27501,0.0
27502,0.0
27503,0.0
27504,0.0
27505,0.0
27506,0.0
27507,0.0
27508,0.0
27509,0.0
27510,0.0
27511,0.0
27512,0.0
27513,0.0
27514,0.0
27515,0.0
27516,0.0
27517,0.0
27518,0.0
27519,0.0
27520,0.0
27521,0.0
27522,0.0
27523,0.0
27524,0.0
27525,0.0
27526,0.0
27527,0.0
27528,0.0
27529,0.0
27530,0.0
27531,0.0
27532,0.0
27533,0.0
27534,0.0
27535,0.0
27536,0.0
27537,0.0
27538,0.0
27539,0.0
27540,0.0
27541,0.0
27542,0.0
27543,0.0
27544,0.0
27545,0.0
27546,0.0
27547,0.0
27548,0.0
27549,0.0
27550,0.0
27551,0.0
27552,5582.926195585889
27553,0.0
27554,0.0
27555,0.0
27556,0.0
27557,0.0
27558,0.0
27559,0.0
27560,0.0
27561,0.0
27562,0.0
27563,0.0
27564,0.0
27565,0.0
27566,0.0
27567,0.0
27568,0.0
27569,0.0
27570,0.0
27571,0.0
27572,0.0
27573,0.0
27574,0.0
27575,0.0
27576,0.0
27577,0.0
27578,0.0
27579,0.0
27580,0.0
27581,0.0
27582,0.0
27583,0.0
27584,0.0
27585,0.0
27586,0.0
27587,0.0
27588,0.0
27589,0.0
27590,0.0
27591,0.0
27592,0.0
27593,17060.207879191927
27594,27224.756632305598
27595,0.0
27596,0.0
27597,0.0
27598,0.0
27599,0.0
27600,0.0
27601,0.0
27602,7592.066038418282
27603,0.0
27604,0.0
27605,0.0
27606,0.0
27607,0.0
27608,0.0
27609,0.0
27610,0.0
27611,0.0
27612,0.0
27613,0.0
27614,0.0
27615,0.0
27616,0.0
27617,0.0
27618,0.0
27619,0.0
27620,0.0
27621,5944.043796384989
27622,0.0
27623,0.0
27624,0.0
27625,0.0
27626,0.0
27627,0.0
27628,0.0
27629,0.0
27630,0.0
27631,6113.135533970893
27632,0.0
27633,0.0
27634,0.0
27635,0.0
27636,0.0
27637,0.0
27638,0.0
27639,0.0
27640,0.0
27641,0.0
27642,0.0
27643,0.0
27644,0.0
27645,0.0
27646,0.0
27647,0.0
27648,0.0
27649,8336.995250123242
27650,0.0
27651,0.0
27652,0.0
27653,0.0
27654,0.0
27655,0.0
27656,0.0
27657,0.0
27658,0.0
27659,0.0
27660,0.0
27661,0.0
27662,0.0
27663,0.0
27664,0.0
27665,0.0
27666,8929.272640412688
27667,0.0
27668,0.0
27669,0.0
27670,0.0
27671,0.0
27672,0.0
27673,0.0
27674,0.0
27675,0.0
27676,0.0
27677,0.0
27678,0.0
27679,0.0
27680,0.0
27681,0.0
27682,0.0
27683,0.0
27684,0.0
27685,0.0
27686,0.0
27687,0.0
27688,0.0
27689,0.0
27690,0.0
27691,0.0
27692,0.0
27693,0.0
27694,0.0
27695,0.0
27696,0.0
27697,0.0
27698,0.0
27699,0.0
27700,0.0
27701,0.0
27702,0.0
27703,0.0
27704,0.0
27705,0.0
27706,0.0
27707,0.0
27708,0.0
27709,0.0
27710,0.0
27711,0.0
27712,0.0
27713,0.0
27714,0.0
27715,0.0
27716,0.0
27717,0.0
27718,0.0
27719,0.0
27720,0.0
27721,0.0
27722,0.0
27723,0.0
27724,0.0
27725,0.0
27726,0.0
27727,0.0
27728,4163.287679074193
27729,0.0
27730,0.0
27731,0.0
27732,0.0
27733,0.0
27734,0.0
27735,0.0
27736,0.0
27737,0.0
27738,0.0
27739,0.0
27740,0.0
27741,0.0
27742,6501.914254230119
27743,0.0
27744,0.0
27745,0.0
27746,0.0
27747,0.0
27748,0.0
27749,0.0
27750,0.0
27751,0.0
27752,0.0
27753,0.0
27754,0.0
27755,0.0
27756,0.0
27757,0.0
27758,0.0
27759,0.0
27760,0.0
27761,0.0
27762,0.0
27763,0.0
27764,0.0
27765,0.0
27766,0.0
27767,0.0
27768,0.0
27769,0.0
27770,0.0
27771,0.0
27772,0.0
27773,0.0
27774,0.0
27775,0.0
27776,0.0
27777,0.0
27778,0.0
27779,0.0
27780,0.0
27781,0.0
27782,0.0
27783,0.0
27784,0.0
27785,8036.081592456135
27786,0.0
27787,0.0
27788,0.0
27789,0.0
27790,0.0
27791,0.0
27792,0.0
27793,0.0
27794,0.0
27795,5051.959094510752
27796,0.0
27797,0.0
27798,0.0
27799,5317.252784576536
27800,0.0
27801,0.0
27802,0.0
27803,0.0
27804,0.0
27805,0.0
27806,0.0
27807,0.0
27808,0.0
27809,0.0
27810,0.0
27811,0.0
27812,0.0
27813,0.0
27814,0.0
27815,0.0
27816,0.0
27817,0.0
27818,0.0
27819,0.0
27820,0.0
27821,0.0
27822,0.0
27823,0.0
27824,0.0
27825,0.0
27826,19376.641755314125
27827,0.0
27828,0.0
27829,0.0
27830,0.0
27831,0.0
27832,0.0
27833,0.0
27834,0.0
27835,0.0
27836,0.0
27837,0.0
27838,0.0
27839,0.0
27840,9033.629651430396
27841,0.0
27842,0.0
27843,0.0
27844,0.0
27845,0.0
27846,0.0
27847,0.0
27848,0.0
27849,0.0
27850,0.0
27851,0.0
27852,0.0
27853,0.0
27854,0.0
27855,0.0
27856,0.0
27857,0.0
27858,0.0
27859,0.0
27860,0.0
27861,0.0
27862,0.0
27863,0.0
27864,0.0
27865,0.0
27866,0.0
27867,0.0
27868,0.0
27869,0.0
27870,0.0
27871,0.0
27872,0.0
27873,0.0
27874,0.0
27875,0.0
27876,0.0
27877,0.0
27878,0.0
27879,0.0
27880,0.0
27881,0.0
27882,0.0
27883,0.0
27884,0.0
27885,0.0
27886,0.0
27887,0.0
27888,0.0
27889,0.0
27890,0.0
27891,0.0
27892,0.0
27893,0.0
27894,0.0
27895,0.0
27896,0.0
27897,0.0
27898,0.0
27899,0.0
27900,0.0
27901,0.0
27902,0.0
27903,0.0
27904,0.0
27905,0.0
27906,0.0
27907,0.0
27908,0.0
27909,0.0
27910,0.0
27911,0.0
27912,0.0
27913,0.0
27914,0.0
27915,13623.036320176556
27916,0.0
27917,0.0
27918,0.0
27919,0.0
27920,0.0
27921,0.0
27922,0.0
27923,0.0
27924,0.0
27925,0.0
27926,0.0
27927,0.0
27928,0.0
27929,0.0
27930,0.0
27931,0.0
27932,0.0
27933,0.0
27934,0.0
27935,0.0
27936,0.0
27937,0.0
27938,0.0
27939,0.0
27940,0.0
27941,0.0
27942,0.0
27943,0.0
27944,0.0
27945,0.0
27946,0.0
27947,0.0
27948,0.0
27949,0.0
27950,0.0
27951,0.0
27952,0.0
27953,0.0
27954,0.0
27955,0.0
27956,0.0
27957,0.0
27958,0.0
27959,5604.7752028437235
27960,16740.332058392476
27961,0.0
27962,0.0
27963,0.0
27964,0.0
27965,0.0
27966,0.0
27967,0.0
27968,0.0
27969,0.0
27970,0.0
27971,0.0
27972,0.0
27973,0.0
27974,0.0
27975,0.0
27976,0.0
27977,0.0
27978,0.0
27979,0.0
27980,0.0
27981,0.0
27982,0.0
27983,0.0
27984,0.0
27985,0.0
27986,0.0
27987,0.0
27988,11872.835038272358
27989,0.0
27990,0.0
27991,0.0
27992,0.0
27993,0.0
27994,0.0
27995,0.0
27996,0.0
27997,0.0
27998,0.0
27999,0.0
28000,0.0
28001,0.0
28002,0.0
28003,0.0
28004,0.0
28005,0.0
28006,0.0
28007,0.0
28008,0.0
28009,0.0
28010,0.0
28011,0.0
28012,0.0
28013,0.0
28014,0.0
28015,0.0
28016,0.0
28017,0.0
28018,0.0
28019,0.0
28020,0.0
28021,0.0
28022,0.0
28023,0.0
28024,0.0
28025,0.0
28026,0.0
28027,0.0
28028,0.0
28029,0.0
28030,0.0
28031,0.0
28032,0.0
28033,0.0
28034,0.0
28035,0.0
28036,0.0
28037,0.0
28038,0.0
28039,0.0
28040,0.0
28041,0.0
28042,0.0
28043,0.0
28044,0.0
28045,0.0
28046,0.0
28047,0.0
28048,0.0
28049,0.0
28050,0.0
28051,0.0
28052,0.0
28053,0.0
28054,0.0
28055,0.0
28056,0.0
28057,0.0
28058,4514.666171578066
28059,0.0
28060,0.0
28061,0.0
28062,3869.975531256827
28063,0.0
28064,0.0
28065,0.0
28066,0.0
28067,0.0
28068,0.0
28069,0.0
28070,0.0
28071,0.0
28072,0.0
28073,0.0
28074,0.0
28075,0.0
28076,0.0
28077,0.0
28078,0.0
28079,0.0
28080,0.0
28081,0.0
28082,0.0
28083,0.0
28084,0.0
28085,0.0
28086,0.0
28087,0.0
28088,0.0
28089,0.0
28090,0.0
28091,0.0
28092,0.0
28093,0.0
28094,0.0
28095,0.0
28096,0.0
28097,0.0
28098,0.0
28099,0.0
28100,0.0
28101,0.0
28102,0.0
28103,0.0
28104,0.0
28105,0.0
28106,0.0
28107,0.0
28108,0.0
28109,0.0
28110,0.0
28111,0.0
28112,0.0
28113,5879.620635748671
28114,0.0
28115,0.0
28116,0.0
28117,0.0
28118,0.0
28119,0.0
28120,0.0
28121,0.0
28122,0.0
28123,0.0
28124,0.0
28125,0.0
28126,0.0
28127,0.0
28128,11414.282744493641
28129,0.0
28130,0.0
28131,0.0
28132,0.0
28133,0.0
28134,0.0
28135,0.0
28136,0.0
28137,0.0
28138,0.0
28139,0.0
28140,0.0
28141,0.0
28142,0.0
28143,0.0
28144,0.0
28145,0.0
28146,0.0
28147,0.0
28148,0.0
28149,0.0
28150,0.0
28151,0.0
28152,0.0
28153,0.0
28154,0.0
28155,0.0
28156,0.0
28157,0.0
28158,0.0
28159,0.0
28160,0.0
28161,0.0
28162,0.0
28163,0.0
28164,0.0
28165,0.0
28166,0.0
28167,0.0
28168,0.0
28169,0.0
28170,0.0
28171,0.0
28172,0.0
28173,0.0
28174,0.0
28175,0.0
28176,0.0
28177,0.0
28178,0.0
28179,0.0
28180,0.0
28181,0.0
28182,0.0
28183,0.0
28184,0.0
28185,0.0
28186,0.0
28187,0.0
28188,0.0
28189,0.0
28190,0.0
28191,0.0
28192,5873.927442011418
28193,0.0
28194,0.0
28195,0.0
28196,0.0
28197,0.0
28198,0.0
28199,0.0
28200,0.0
28201,0.0
28202,0.0
28203,0.0
28204,0.0
28205,0.0
28206,0.0
28207,0.0
28208,0.0
28209,0.0
28210,0.0
28211,0.0
28212,0.0
28213,0.0
28214,0.0
28215,0.0
28216,0.0
28217,0.0
28218,0.0
28219,0.0
28220,0.0
28221,0.0
28222,0.0
28223,0.0
28224,0.0
28225,0.0
28226,0.0
28227,0.0
28228,0.0
28229,0.0
28230,0.0
28231,0.0
28232,0.0
28233,13581.775061879292
28234,4990.825684190809
28235,0.0
28236,0.0
28237,0.0
28238,0.0
28239,0.0
28240,0.0
28241,0.0
28242,0.0
28243,0.0
28244,0.0
28245,0.0
28246,0.0
28247,0.0
28248,0.0
28249,5707.78126880636
28250,5653.861304054608
28251,8226.838578495852
28252,5076.692291975181
28253,7602.073521409317
28254,5864.215392146254
28255,7064.211591238826
28256,7214.388800832335
28257,0.0
28258,5213.617733705021
28259,7874.95405980758
28260,7128.143607303003
28261,6504.977376096943
28262,0.0
28263,6893.945817152405
28264,0.0
28265,6240.365466963588
28266,7701.561614954489
28267,11530.40738377137
28268,8834.01513213532
28269,8727.667764533797
28270,4163.983845753104
28271,7380.015273088024
28272,0.0
28273,10433.873503166082
28274,8518.529315793297
28275,0.0
28276,6685.820507749602
28277,4512.838790956119
28278,5729.305306916122
28279,0.0
28280,9220.046280964953
28281,6590.823913650806
28282,6674.587511526056
28283,0.0
28284,8152.184532459371
28285,3685.109436529974
28286,8996.35203694809
28287,5839.620617966316
28288,0.0
28289,0.0
28290,5822.581656688084
28291,9126.149186272876
28292,6179.042241770486
28293,6225.360016016881
28294,5766.407961108334
28295,8507.2368911692
28296,10445.774062996767
28297,7221.355784233654
28298,7740.482705385303
28299,10277.449282754524
28300,8519.228692403789
28301,7539.142277460585
28302,8280.177804708446
28303,3932.50770111098
28304,4034.568296703469
28305,6263.928271250239
28306,8228.770901837928
28307,5730.646512954107
28308,8833.940376673769
28309,5470.098035046653
28310,9370.893287869034
28311,0.0
28312,6411.927004951193
28313,4442.299342991976
28314,9768.524508355207
28315,4767.849744402657
28316,0.0
28317,9685.527411269284
28318,5871.58935667175
28319,6643.966986142939
28320,4943.790022235932
28321,7115.82923317504
28322,7147.467593226216
28323,0.0
28324,0.0
28325,8028.220650609798
28326,7072.9585207847695
28327,4206.517405873537
28328,8394.779466871907
28329,0.0
28330,7398.1541443582655
28331,5794.471024277195
28332,8524.655537471386
28333,7283.333860695678
28334,0.0
28335,0.0
28336,4920.108033705673
28337,8386.214444826714
28338,6772.086618048791
28339,7409.431743432006
28340,9587.067697013772
28341,4276.178647134727
28342,6228.640987274034
28343,6389.232323831828
28344,7988.973162947949
28345,0.0
28346,5738.746707899162
28347,5691.14270926704
28348,0.0
28349,7861.349946586913
28350,0.0
28351,0.0
28352,0.0
28353,6658.858274094368
28354,6771.948117256885
28355,4486.385744116993
28356,7261.025909215957
28357,0.0
28358,0.0
28359,8669.680018847981
28360,9648.175562687313
28361,0.0
28362,9763.163088602574
28363,5074.8931794402715
28364,5118.356982320784
28365,9051.493999895247
28366,8604.79475985504
28367,8238.888175991664
28368,11083.188266867935
28369,8572.762142207508
28370,7500.9238919684985
28371,8307.562152182141
28372,8568.135646780378
28373,5817.118898605479
28374,0.0
28375,8413.68392933822
28376,6429.1634017705555
28377,5744.283672798607
28378,5101.368410869703
28379,7695.02664991163
28380,0.0
28381,0.0
28382,7434.438255084784
28383,4712.401819388945
28384,7887.103186312827
28385,8443.341918135098
28386,5319.455486097493
28387,7841.586425013668
28388,0.0
28389,8067.930331443498
28390,0.0
28391,6706.463512354476
28392,6123.443146256306
28393,8581.752116666827
28394,0.0
28395,0.0
28396,0.0
28397,5295.512188828716
28398,7571.181722901815
28399,12530.426325757573
28400,7974.385162855119
28401,8390.23355194629
28402,8434.077521880892
28403,7405.994759750057
28404,7395.614360152099
28405,0.0
28406,6145.587175130424
28407,9964.13557510871
28408,5756.935026607378
28409,3329.340917790544
28410,6464.857376399915
28411,8929.928590870819
28412,8632.012976151302
28413,0.0
28414,7969.71128841467
28415,6400.6360996651265
28416,0.0
28417,3130.9660599123094
28418,4894.8234790976985
28419,7492.1821619312095
28420,8755.290851832806
28421,6513.478394000815
28422,7253.139538159285
28423,10045.865305387422
28424,9864.192343326993
28425,8317.47138030769
28426,0.0
28427,10030.775839855134
28428,10701.124087260607
28429,5199.222062171745
28430,7178.825664933405
28431,7011.012583480246
28432,7560.388562267803
28433,4610.738069525248
28434,7059.981848377111
28435,5937.689335286445
28436,9376.35970150601
28437,8250.602823853429
28438,9365.3535044397
28439,9306.382893951335
28440,7539.0727734818065
28441,9619.788640730098
28442,21889.20062608388
28443,10977.536183721204
28444,7226.754704165934
28445,4119.695065648405
28446,8337.469120340964
28447,10226.846532469766
28448,0.0
28449,9495.755969582062
28450,18681.426687395946
28451,0.0
28452,4902.288539730695
28453,11988.391014973586
28454,4854.043483501148
28455,6605.859076217899
28456,4936.14435869441
28457,7024.504193667616
28458,4847.500171832253
28459,0.0
28460,0.0
28461,6676.060501450516
28462,7997.404746621198
28463,7944.073241306339
28464,7662.389173458982
28465,0.0
28466,0.0
28467,7292.018459068974
28468,0.0
28469,0.0
28470,6935.622801004681
28471,6928.984729895104
28472,5844.144701327268
28473,6373.704353366147
28474,6366.865518366439
28475,7066.238264867349
28476,0.0
28477,8970.175680165423
28478,9014.138003707594
28479,7938.730220682095
28480,7530.260824539193
28481,6133.009685383327
28482,7226.5406832413255
28483,6753.014942278308
28484,0.0
28485,8397.510775154928
28486,7178.539629676607
28487,7225.936219823476
28488,7310.208516019113
28489,6119.500864238833
28490,4539.43311320787
28491,5569.8564401472695
28492,9904.643477018897
28493,0.0
28494,6434.293016707964
28495,16381.689159003317
28496,8447.958775263478
28497,4913.421346859837
28498,7505.250157953161
28499,4565.891824872925
28500,6095.473841859935
28501,6067.359122946496
28502,5024.149819154701
28503,8625.287121327203
28504,6677.083927873596
28505,9482.616078658268
28506,9720.385518476618
28507,7356.521509630891
28508,6743.283888550991
28509,5453.440543603455
28510,7080.683388160695
28511,6352.651813898664
28512,0.0
28513,7473.709782638113
28514,9355.696929831134
28515,0.0
28516,7132.843854999413
28517,8242.778183162683
28518,0.0
28519,8044.037738062632
28520,6769.3213722591045
28521,8395.272729159167
28522,6915.95921019258
28523,10061.994016402841
28524,8480.403399930952
28525,8070.288082335148
28526,10855.553238096058
28527,8647.373859757203
28528,10528.31105773943
28529,4671.636011453418
28530,0.0
28531,7235.284811372452
28532,9411.97641147578
28533,8243.994755241576
28534,8316.042787048736
28535,7750.064636044513
28536,8019.19148372504
28537,8470.914395687088
28538,8959.912509399439
28539,7610.090214506085
28540,5695.860026613548
28541,8016.470519247698
28542,20596.945142833476
28543,0.0
28544,7839.89611813638
28545,8836.44338034923
28546,9835.801482571615
28547,8802.077709998339
28548,5054.810877442002
28549,7074.00364649524
28550,7188.3914414507035
28551,8777.77661505501
28552,4474.352012470697
28553,6508.767269462567
28554,7296.587167214923
28555,0.0
28556,6800.9083195276935
28557,4687.202050089617
28558,4719.491712038007
28559,8249.080912695152
28560,0.0
28561,5611.133701837163
28562,6821.1311666772735
28563,6419.14198168498
28564,10688.156359877052
28565,0.0
28566,0.0
28567,9026.59661534978
28568,8589.23491271229
28569,9457.641363442115
28570,6135.071163054268
28571,4886.4184698912195
28572,0.0
28573,10217.941112483106
28574,6109.361820555262
28575,8848.835235075041
28576,3755.311580188602
28577,4966.822719311833
28578,7350.013908322884
28579,0.0
28580,0.0
28581,0.0
28582,9967.043801563761
28583,10713.718478705676
28584,6968.91072702298
28585,0.0
28586,3242.885878122093
28587,5666.917437562435
28588,8229.166823064981
28589,5658.691550274674
28590,11800.123074719399
28591,3676.733172025687
28592,6980.187303030306
28593,7287.286297637999
28594,10933.020776172443
28595,9943.24679577367
28596,5748.844080822516
28597,4724.208434212844
28598,10911.655003799306
28599,10810.870935314684
28600,6353.219003873577
28601,0.0
28602,10357.152085261961
28603,8210.468541012095
28604,7128.739132862323
28605,5778.282006798193
28606,9426.22746905971
28607,6810.71360005909
28608,12532.055298707828
28609,9067.209733061058
28610,16664.890041874794
28611,0.0
28612,7524.916412531913
28613,3480.4056196581205
28614,7940.007994227994
28615,0.0
28616,6961.2897816081
28617,9838.996917504719
28618,0.0
28619,4525.7380607169325
28620,8164.008875465308
28621,6343.228527014651
28622,0.0
28623,8531.080835257062
28624,9027.807282455416
28625,8712.58432930202
28626,6525.023394090557
28627,9294.053026346204
28628,0.0
28629,7429.929928172316
28630,0.0
28631,0.0
28632,11192.409222418877
28633,7412.002885029191
28634,5260.039010249511
28635,6652.469245574686
28636,8557.611433297097
28637,7773.2259354599655
28638,5541.597664736365
28639,6853.798852256462
28640,6579.269314534049
28641,6388.267296266644
28642,0.0
28643,10592.0520056153
28644,5989.019444486068
28645,6421.641694756445
28646,7788.371663951719
28647,7783.465449864464
28648,4383.4512417296755
28649,6873.447260683761
28650,8376.444204492878
28651,9560.377082318826
28652,10298.173860516934
28653,9896.79188256201
28654,8680.372636448521
28655,7720.231421794114
28656,6529.534813549637
28657,11713.131972652345
28658,8473.145738795998
28659,7895.512142044231
28660,7128.025178981966
28661,7422.446521414045
28662,5866.623468503722
28663,3781.0192190864686
28664,0.0
28665,0.0
28666,7624.85344112832
28667,0.0
28668,2779.012843362091
28669,7469.791847116121
28670,0.0
28671,6729.384924130135
28672,5284.4632459929135
28673,7195.5340076467655
28674,7131.396533073137
28675,5788.635720167044
28676,11672.030519841266
28677,5300.241054382708
28678,0.0
28679,4968.543438513971
28680,4191.17566704619
28681,7220.338521191358
28682,15678.00650776417
28683,5075.870498723499
28684,7770.097751106738
28685,6736.841090127191
28686,5300.4701820978735
28687,4825.406393051392
28688,7295.992775491149
28689,4609.980727888944
28690,0.0
28691,7898.635489872872
28692,0.0
28693,10062.60138100689
28694,4296.7391682484185
28695,5497.378432175669
28696,9174.91935312413
28697,9605.575229291517
28698,11385.340225464595
28699,4730.5898487618115
28700,6299.147176513847
28701,5737.261249661887
28702,5923.149088588697
28703,20612.734402834092
28704,0.0
28705,7590.322113540871
28706,4461.968526254792
28707,7293.704181262794
28708,5814.998954445068
28709,4291.005051946378
28710,10088.080620947678
28711,6208.872079767283
28712,0.0
28713,8594.018586732154
28714,6417.9436062409795
28715,6120.466707861583
28716,7014.397994713617
28717,0.0
28718,8398.789360318604
28719,4532.153458272334
28720,0.0
28721,8211.748591615558
28722,10080.484385043059
28723,7308.44097585421
28724,9343.963739375948
28725,0.0
28726,0.0
28727,6021.018233993947
28728,5250.323037839955
28729,6033.289303162268
28730,6439.214893870627
28731,5522.492960106885
28732,7220.255513841385
28733,5731.473559656717
28734,0.0
28735,7609.18521825234
28736,8742.473944306508
28737,0.0
28738,5730.520417727697
28739,0.0
28740,0.0
28741,4189.7302665763655
28742,11128.018018905243
28743,5265.198512529139
28744,6112.502211884521
28745,8111.850586633139
28746,0.0
28747,11926.50651856803
28748,0.0
28749,6677.397472472581
28750,0.0
28751,8281.883120306164
28752,7577.082311885486
28753,8783.684544220485
28754,4126.164499678428
28755,8710.197992994106
28756,6644.423652050565
28757,5161.1863916952925
28758,0.0
28759,8285.644109633487
28760,8585.148766878545
28761,6847.3373841163275
28762,6767.171626259362
28763,8968.258415276332
28764,8560.880074246103
28765,0.0
28766,0.0
28767,0.0
28768,7823.453077099905
28769,6663.938435453434
28770,3571.7226294604097
28771,6837.191880332086
28772,0.0
28773,8702.206127471041
28774,7348.059937890328
28775,3716.3154763463663
28776,0.0
28777,4479.444854906058
28778,9399.48711516773
28779,6856.15490199969
28780,5797.793958319458
28781,9198.175989081183
28782,6742.307615473578
28783,5818.095170371296
28784,0.0
28785,4537.164425072003
28786,8094.093896639266
28787,11829.662339064535
28788,8347.330536862648
28789,4046.4516203412604
28790,0.0
28791,0.0
28792,3320.8332202037727
28793,6700.138394858409
28794,0.0
28795,7230.347286234671
28796,0.0
28797,7038.300165742882
28798,0.0
28799,10244.618445470465
28800,7386.957642307859
28801,0.0
28802,5484.52114470007
28803,7782.466760545826
28804,0.0
28805,6514.961437144555
28806,8074.671814238869
28807,10510.165863288157
28808,8632.666328144074
28809,8957.365152963226
28810,7055.3513947517495
28811,4227.3652582621635
28812,7491.871587016871
28813,10032.514541137094
28814,7475.833084163643
28815,8777.546406013107
28816,16396.321112550853
28817,5840.8815764113315
28818,0.0
28819,5493.123678705279
28820,8883.462888723248
28821,0.0
28822,8439.829408135165
28823,9031.810922694136
28824,9276.208493400563
28825,0.0
28826,8237.762542844579
28827,6264.860815385597
28828,6273.93320377825
28829,0.0
28830,4433.638467110719
28831,4424.931581787491
28832,8153.598601648356
28833,22885.0346092882
28834,6856.811446527975
28835,5995.994901501534
28836,6457.17090774503
28837,6623.704678617135
28838,7811.834432144912
28839,5023.965175865802
28840,9028.94440353764
28841,0.0
28842,5616.767760504458
28843,11050.87903832279
28844,13056.376623600425
28845,6213.588960527219
28846,0.0
28847,4821.544242495251
28848,5260.896280115311
28849,5775.751288343965
28850,0.0
28851,4932.120042429793
28852,7112.684241955756
28853,0.0
28854,6900.2989762085745
28855,5251.372680147469
28856,8245.788219181146
28857,5342.348239092049
28858,9599.266647430359
28859,7424.6128535645585
28860,6830.237559351722
28861,5497.7747577188475
28862,5378.292519565317
28863,6609.002282281701
28864,0.0
28865,10973.281135517263
28866,5866.649465972232
28867,5734.51387146187
28868,7828.012804008084
28869,6308.857239908483
28870,0.0
28871,0.0
28872,0.0
28873,10274.31039135821
28874,8304.501576453134
28875,7817.203647106463
28876,5040.581043636016
28877,5689.0301234459985
28878,0.0
28879,5299.709677580246
28880,6120.681761031451
28881,6179.046251450303
28882,0.0
28883,8291.090839167367
28884,6084.742959468892
28885,6795.27561328114
28886,0.0
28887,7699.386128202936
28888,6911.268642993446
28889,11280.572807955123
28890,7687.479298628654
28891,7011.967305078092
28892,5711.560543024784
28893,5927.810490736385
28894,6163.095986940345
28895,0.0
28896,3273.339093564932
28897,6339.6509528307915
28898,8008.748561134268
28899,8977.618177639355
28900,7767.283051417534
28901,8744.449587323408
28902,6401.6902017255625
28903,0.0
28904,4127.070608964006
28905,9478.274526338038
28906,5269.0523736990135
28907,7591.299091445317
28908,9706.525423285048
28909,0.0
28910,0.0
28911,8334.203212346132
28912,5570.881295958127
28913,7621.671408417564
28914,7625.001325913723
28915,3827.886532304512
28916,9287.543628364458
28917,8039.42522337668
28918,7035.799838207846
28919,8731.9771068825
28920,9220.16192159964
28921,8467.78161410764
28922,5572.0087872136055
28923,5565.274570209289
28924,7811.843199583913
28925,0.0
28926,7617.41721969478
28927,3734.348106907799
28928,7292.271639152516
28929,4892.7435317901045
28930,0.0
28931,6144.9443164817185
28932,6356.464281716092
28933,7651.5843885844515
28934,10372.301752693384
28935,0.0
28936,9442.296831707506
28937,0.0
28938,8574.634413952876
28939,9100.043552394758
28940,8362.792586829839
28941,6305.261082181703
28942,0.0
28943,7665.800112246672
28944,0.0
28945,0.0
28946,0.0
28947,7944.672726069252
28948,10371.347657596789
28949,8218.686404298103
28950,3284.153124431125
28951,0.0
28952,8905.886790156994
28953,7939.230641959044
28954,8456.480199938951
28955,7421.328206383489
28956,0.0
28957,8109.134812035187
28958,6378.843087569852
28959,0.0
28960,0.0
28961,8336.415554784271
28962,4399.384917279359
28963,9107.599418128697
28964,7566.170698466568
28965,6853.172555500056
28966,7782.205065691658
28967,6423.738954111508
28968,8675.982254574978
28969,5799.169102520029
28970,6588.075420549476
28971,7155.773611371614
28972,6428.684958303007
28973,7450.70301905284
28974,7579.926489738329
28975,8957.398627252609
28976,7312.550092585519
28977,0.0
28978,7646.535095230619
28979,8115.394346652246
28980,10383.394182915124
28981,5439.700810214984
28982,4656.255211603454
28983,9247.95088956958
28984,6779.256770881895
28985,5431.488081414976
28986,8026.71425393075
28987,0.0
28988,6132.120036227663
28989,6728.785647092288
28990,3038.179536061162
28991,7625.9805917941685
28992,8319.361865360948
28993,6637.9271749280115
28994,9892.196497545581
28995,8578.943230149749
28996,5163.452575851436
28997,7200.055542717903
28998,4726.224476037852
28999,2947.154241714383
29000,7510.634099237364
29001,0.0
29002,7549.39327606966
29003,6579.753138268875
29004,4166.041645116924
29005,6833.011318411446
29006,8367.881576396428
29007,7412.950185122326
29008,9311.291350160076
29009,5007.208616835779
29010,6611.97053673777
29011,0.0
29012,7578.034053013981
29013,5129.501970584973
29014,3400.454478915692
29015,7345.761530435941
29016,4922.784515070146
29017,0.0
29018,6453.165235022329
29019,0.0
29020,6926.436674487703
29021,8556.44094744926
29022,5673.77995223069
29023,0.0
29024,9239.557813088055
29025,8041.689941953471
29026,0.0
29027,4098.863936839649
29028,7427.5864515484545
29029,7864.631440379452
29030,6430.647967474518
29031,8408.334406293056
29032,10034.898268362871
29033,9030.992400752113
29034,7704.863630816548
29035,6329.606250492153
29036,9411.655788133692
29037,14653.666752442003
29038,5717.376520960247
29039,4996.110619262575
29040,6400.599005241879
29041,7667.075714135538
29042,0.0
29043,9457.172824236222
29044,7426.694774443691
29045,0.0
29046,3861.7544538669817
29047,6802.840387399364
29048,8371.576700427839
29049,4501.182478551362
29050,7912.159448910567
29051,0.0
29052,8415.512217758167
29053,6496.220321903973
29054,6887.213716126195
29055,8490.272071035992
29056,5416.583568690297
29057,6800.096935691328
29058,7987.712601912833
29059,6201.19448065823
29060,9977.103772599947
29061,6859.289595233198
29062,9642.468585997334
29063,6731.560645661528
29064,6251.299779485994
29065,9866.174542601575
29066,0.0
29067,12650.314342807527
29068,0.0
29069,6441.330651586546
29070,8073.279477828455
29071,5936.731363853469
29072,6365.402311572416
29073,6691.733344079938
29074,4321.413257411707
29075,3744.5549698781606
29076,7879.405908980078
29077,7789.652347596846
29078,0.0
29079,6761.593560245527
29080,6477.498874724131
29081,5987.233587899845
29082,7936.966935727667
29083,4803.819592923975
29084,12522.444000154519
29085,8166.299184926703
29086,0.0
29087,0.0
29088,6482.779333883436
29089,10345.264565969117
29090,8153.618466267907
29091,4495.733501486602
29092,8939.742855024871
29093,0.0
29094,7003.448938549025
29095,0.0
29096,5496.880615417261
29097,4951.386674089799
29098,5814.085115251709
29099,0.0
29100,4393.761749688221
29101,8720.59464186325
29102,8089.773129371146
29103,26943.64879746642
29104,8856.478376318126
29105,3694.3190997107054
29106,5936.206293023969
29107,8599.442039717635
29108,5815.101684829058
29109,6048.454792508922
29110,5828.91949606654
29111,6575.302720993766
29112,6523.365579601526
29113,4142.268154492565
29114,4787.995909260674
29115,6037.656809091492
29116,6803.625130701266
29117,6171.610828914849
29118,6439.82294449277
29119,4646.057827741703
29120,4439.422367903901
29121,4985.431549284051
29122,8678.785350962762
29123,10546.80064747662
29124,7434.0974474691975
29125,6015.589877694201
29126,3707.676999424123
29127,5665.3238585134095
29128,3947.124811001906
29129,7051.122358707082
29130,8981.960727294763
29131,9408.452559997195
29132,4829.397372469076
29133,5117.524748988671
29134,4218.655455377956
29135,6041.635761466776
29136,8519.205757733025
29137,5665.566487379451
29138,4832.817072397802
29139,4450.061005507564
29140,6702.1969661338835
29141,3105.9534981543698
29142,6809.458008747872
29143,3532.3898330264515
29144,7173.791512192053
29145,6091.669093638386
29146,5067.2406196887905
29147,6922.532789243651
29148,6757.885520704914
29149,5075.299266108721
29150,6709.296545718432
29151,6204.555298151195
29152,9640.371244996833
29153,5623.074053548921
29154,6886.371211885379
29155,7784.844957911371
29156,8256.889465624243
29157,5534.899598095714
29158,7748.269602748647
29159,3568.1018717031625
29160,4630.289220222761
29161,5573.921230052257
29162,5876.074951544867
29163,8511.388241364353
29164,7062.41064621408
29165,4873.3326738678
29166,6710.985106113654
29167,6326.414960365785
29168,7698.233717426366
29169,3540.8636138273496
29170,11086.775134744212
29171,3892.135850142819
29172,6865.828087377531
29173,7682.019104615156
29174,4038.669340365699
29175,5152.549053169054
29176,6132.884293458175
29177,6094.117502929909
29178,5174.002549506049
29179,4863.261838018883
29180,8340.412295159906
29181,6772.702755570774
29182,5347.9329455634215
29183,4739.6680071711235
29184,7000.738511122049
29185,10980.70347301533
29186,6165.334973694895
29187,4286.329326839828
29188,5923.085731834685
29189,6563.693474983349
29190,5598.676200147075
29191,7250.261691852651
29192,3572.0983389943385
29193,6489.177197693996
29194,5119.994069284472
29195,6153.471617800571
29196,7094.1874925017755
29197,4492.275199985474
29198,4781.350093490173
29199,4332.500443066736
29200,7068.194877933941
29201,8301.062011832939
29202,4936.956370183643
29203,4313.7776527818605
29204,6868.596303247709
29205,5646.925701400636
29206,4760.78366494795
29207,6475.464255355925
29208,6389.000069004949
29209,6800.469667766783
29210,4861.707664896773
29211,4408.177798516027
29212,5567.52995124496
29213,7745.097806131268
29214,6647.1850042261685
29215,7280.7706664933185
29216,7072.781615940119
29217,5058.128782141019
29218,7755.271387992102
29219,5008.156359912491
29220,5419.3526313457805
29221,7610.45469846218
29222,5994.374646728085
29223,8266.526676938078
29224,7841.379277210532
29225,6410.635915037577
29226,5085.337373166805
29227,6723.676031191963
29228,6522.97621480274
29229,5866.020040712556
29230,4157.949994774015
29231,4798.897075020567
29232,6976.215272241862
29233,4859.164619190191
29234,3817.3584079890697
29235,7796.021919318425
29236,4408.644200105451
29237,5828.489155988919
29238,5049.422172800242
29239,4761.139165746906
29240,6137.776179485548
29241,6284.976448621211
29242,5692.083151029269
29243,5123.810513836312
29244,4685.575631606207
29245,5728.0630505493955
29246,2865.1200702124665
29247,6176.129324939964
29248,4366.869675469796
29249,7589.889473393135
29250,3987.470493860715
29251,4053.168998855521
29252,10642.213339001755
29253,4065.518449595974
29254,4677.179979806428
29255,9360.075768163726
29256,5964.717361590079
29257,6889.060011172401
29258,7322.611775393725
29259,5099.400865622125
29260,5823.192275376077
29261,3912.702075874289
29262,6588.792977745425
29263,9752.413276184736
29264,6268.741325034628
29265,2800.2960594608776
29266,4193.147915472919
29267,7210.8423838864965
29268,9125.182076571302
29269,5308.260804360758
29270,6434.255297701483
29271,4473.827690310421
29272,4892.680517934128
29273,3244.354141783302
29274,4276.9539811707045
29275,5721.573128933963
29276,6804.256067222662
29277,5394.951600945624
29278,5768.0040835457485
29279,7812.669181775738
29280,7831.883142298877
29281,6702.253521262393
29282,4056.655756220088
29283,8940.44087499377
29284,9280.09952320147
29285,4941.489119503047
29286,6730.440578702514
29287,4650.094709667782
29288,6422.031178238429
29289,3761.926084191393
29290,5551.427789297562
29291,4235.643012459786
29292,8047.2463194338325
29293,6512.946246223332
29294,7073.390315162338
29295,7326.713155712252
29296,5085.322405186449
29297,7450.30651703362
29298,17689.872486527875
29299,8466.268171647407
29300,4584.440564383329
29301,2638.1770587606834
29302,5882.626336624976
29303,7151.682998337826
29304,5627.572844710846
29305,12174.82519067779
29306,18604.531943029197
29307,3923.416802246773
29308,4797.879755892394
29309,7923.998286378095
29310,4591.332645346382
29311,5713.543687049061
29312,5572.371836941653
29313,5821.435926356806
29314,5536.879552604086
29315,2942.1867368791327
29316,6116.980641508602
29317,6361.663020895129
29318,7986.049091496698
29319,6071.399392827762
29320,5763.77769256298
29321,8613.05046594874
29322,5619.353725295945
29323,4683.654338463585
29324,5409.949591218759
29325,5113.6733368216765
29326,5451.75384743241
29327,6599.343532096741
29328,5409.131705949668
29329,5514.069197913199
29330,6630.223400673825
29331,5931.718094364752
29332,8324.522063103896
29333,6975.957774784855
29334,7161.845566406333
29335,5300.493823398666
29336,3301.678433614588
29337,5547.770718578934
29338,6417.979125759888
29339,5010.844242743001
29340,4327.094502821525
29341,6987.315708990874
29342,5907.82597644001
29343,8378.69972374835
29344,5586.157697080697
29345,4856.6957900235475
29346,4597.676198412698
29347,4324.9591257215
29348,8628.103775648191
29349,5105.31189204876
29350,7495.093857361939
29351,13648.343115071808
29352,6889.555093288957
29353,5626.964338236281
29354,5048.413908842791
29355,4424.903393432509
29356,6517.9851899681435
29357,3704.3788006224936
29358,5192.636437638348
29359,8067.439783421457
29360,5012.161930940655
29361,12230.38330871906
29362,11021.739732185944
29363,5129.162996757848
29364,5533.821119624327
29365,4937.951691726075
29366,5921.137282498497
29367,4881.288656516821
29368,9945.071765867575
29369,6895.865906579529
29370,7785.491262846629
29371,4267.165687937064
29372,6533.9812281597615
29373,5262.364414336394
29374,8490.242512839284
29375,6209.960402855644
29376,5285.35894046736
29377,6162.928987448292
29378,6277.911558894321
29379,7120.640282212198
29380,8196.404212623662
29381,5929.248423084397
29382,8944.328248244534
29383,6156.75047879891
29384,8419.275888144193
29385,4904.024953283577
29386,4791.739305160384
29387,4460.140449628285
29388,8197.490461736794
29389,6167.821565628171
29390,6588.972259581105
29391,5500.9528141517685
29392,7657.417458737344
29393,4899.293312741293
29394,8596.38912869973
29395,5639.47123745209
29396,3662.8432311550696
29397,6903.685815702009
29398,15023.725076048826
29399,6011.495185231433
29400,5981.676735394509
29401,7653.7027963922055
29402,9178.48379924431
29403,9071.521968251163
29404,4798.4794212431
29405,6955.672203129778
29406,5211.686678568452
29407,7299.733978988924
29408,4032.485334010431
29409,4860.945779839313
29410,5168.443356852298
29411,5144.862172323152
29412,6892.705225540806
29413,4515.727086621917
29414,3499.3477069136984
29415,6191.702438488607
29416,3811.806425432669
29417,4306.957570128288
29418,5460.185605504273
29419,4934.123757950383
29420,7955.755389282588
29421,8526.025396857232
29422,6226.517528793919
29423,5959.1482578233445
29424,5861.793915836877
29425,8935.508713639614
29426,5775.4424216764155
29427,5233.552113187907
29428,4665.720934272942
29429,8498.001727839972
29430,4403.779849984071
29431,7498.008840720684
29432,3128.879198329448
29433,4248.070298951675
29434,6657.382688757492
29435,5778.7372274232885
29436,5318.88425494802
29437,7980.049779221486
29438,8326.699894468
29439,11110.9858386997
29440,6670.4853332405355
29441,4374.13286852226
29442,3155.6302748672892
29443,5446.903933864219
29444,5643.609983423509
29445,3663.65719608831
29446,8124.419942736392
29447,4611.145711206278
29448,4918.609961924212
29449,7652.253821530925
29450,9813.45260915229
29451,7132.943019645384
29452,5344.8465672446
29453,4184.649127517907
29454,8455.352831820446
29455,7086.2272398431305
29456,4863.371657891129
29457,5490.864905399951
29458,6796.855137911107
29459,7992.221319680321
29460,4338.435456709956
29461,5443.743292495917
29462,6812.663955537381
29463,7075.276836711212
29464,11274.803854829726
29465,5561.540553118148
29466,10238.318392893054
29467,6241.639847689935
29468,5047.721688427306
29469,3119.7976035244747
29470,5335.910211068814
29471,5619.2317654720755
29472,5161.918374183007
29473,7530.035753705061
29474,4996.2395314172645
29475,4214.4264130675465
29476,6597.665558878985
29477,3516.829583186966
29478,4724.380631952187
29479,6083.007540278593
29480,7207.208930882842
29481,7824.588512182264
29482,4576.89464394837
29483,8417.908371191717
29484,4743.628261973831
29485,4959.803848494644
29486,5808.882314678293
29487,4451.678291489556
29488,9019.071685384059
29489,6421.381503343879
29490,3926.207966215972
29491,6560.801199736536
29492,7498.88449503962
29493,6920.290095723722
29494,5174.573211213623
29495,7731.622003037357
29496,5606.853306126336
29497,6951.34756211517
29498,5537.51577623493
29499,8721.303271061457
29500,4596.160513545277
29501,5118.808193816225
29502,5372.010343172566
29503,5075.896981307909
29504,4402.038780138328
29505,4688.754518032623
29506,8380.898130430845
29507,7867.940701302519
29508,9903.571962768468
29509,9364.933397432638
29510,7451.892201467537
29511,5462.174044273836
29512,4811.382384192399
29513,10085.730856035307
29514,9214.771341581562
29515,6747.765785958281
29516,7567.770552531284
29517,7779.253755261399
29518,5425.741048234445
29519,4133.4395801837045
29520,4441.3499460244875
29521,6416.0213140160895
29522,5679.1788870557575
29523,5788.55550103573
29524,2007.3631507564612
29525,9585.916361571657
29526,5898.958312192013
29527,5537.943923877261
29528,4741.095167910145
29529,5448.9415066881
29530,5747.7722349692785
29531,6229.304568577836
29532,6347.947081862581
29533,5325.131298500518
29534,4111.489529478071
29535,3204.10754532517
29536,2917.715064365026
29537,6240.838447935884
29538,16947.301325167486
29539,4324.4949005956305
29540,5570.534588778995
29541,5913.464515596333
29542,4994.224857919856
29543,4463.2830442458335
29544,4986.101448467822
29545,3649.484816118283
29546,8419.63038808216
29547,6149.728665607986
29548,3504.321335905047
29549,7763.377423495385
29550,4258.778878467084
29551,4409.897122380768
29552,8987.021569247485
29553,6755.553212100807
29554,8621.795988788988
29555,4299.498233451662
29556,5819.231760479056
29557,4309.464212699846
29558,4273.042592717739
29559,13298.77798633775
29560,9974.086801175948
29561,6360.044075799424
29562,4408.881655863873
29563,5143.415597146392
29564,5659.68382574733
29565,4224.986183104475
29566,7978.232982481796
29567,4808.8547974919375
29568,4158.051551997391
29569,6954.491469336219
29570,4365.762474727069
29571,5714.549179866702
29572,6282.429528296264
29573,6939.537454305261
29574,6195.607446477541
29575,3680.969264065999
29576,3880.3574241240794
29577,5612.250514074375
29578,7747.258333175636
29579,7552.780438066322
29580,6432.332801829554
29581,3959.730226606857
29582,7908.563669881652
29583,5182.0563058462
29584,4363.600410950602
29585,6480.315209850178
29586,6766.216560506786
29587,5552.053358530358
29588,5457.668748745765
29589,5691.682669715906
29590,5517.329809144111
29591,5086.724256111255
29592,6803.200392498736
29593,6693.292306407642
29594,5166.659474654061
29595,8679.135235584678
29596,6056.689108906806
29597,4353.590875107634
29598,9765.731426830447
29599,4594.763516902213
29600,2903.028007178279
29601,7154.207620897891
29602,8657.085303892181
29603,8814.131631034084
29604,4801.842083216619
29605,5402.889192768878
29606,4364.271054652047
29607,6659.4651339001675
29608,5326.714733234302
29609,7206.204778853497
29610,2845.375940317035
29611,4711.077926573941
29612,5195.367431281172
29613,4214.3209340504245
29614,4333.92024876027
29615,5934.816555900798
29616,7241.035051331022
29617,5514.745612624009
29618,6903.510503924181
29619,5526.1699420252935
29620,7234.553420214634
29621,4744.142755350783
29622,6345.274609388197
29623,6102.572678701201
29624,6900.457091646509
29625,8030.496870913402
29626,3485.3588247227935
29627,8927.87719319197
29628,6200.967402455386
29629,6533.655860045272
29630,4627.790065746344
29631,3932.023525721011
29632,7292.069319401723
29633,5296.376188868708
29634,7251.658233298105
29635,6022.86475026123
29636,4769.361886665692
29637,7397.598263506922
29638,5384.451754488305
29639,4746.733543702385
29640,7443.624729559357
29641,4676.6050237411655
29642,9402.362478325382
29643,9451.903119436121
29644,6619.922120113074
29645,4100.164083701025
29646,4650.330695648305
29647,3975.1133144118958
29648,2848.4806783465087
29649,7435.652303537621
29650,5258.1350628219825
29651,8065.4254777933165
29652,4250.825520479521
29653,5353.283473240812
29654,5757.879359556206
29655,7834.4505207219245
29656,5079.967667676451
29657,5133.482448914972
29658,4323.184689144189
29659,7164.037381481393
29660,5213.877544885669
29661,6398.903939385046
29662,7167.655415575403
29663,8158.194152213859
29664,6852.370826487147
29665,6540.0048758100775
29666,5706.180767946889
29667,4394.024406093089
29668,4864.996792577177
29669,9517.198799617274
29670,7931.481149695847
29671,6715.751098665859
29672,15669.05662920658
29673,4367.59920173046
29674,4899.380469727986
29675,5459.068667874611
29676,8004.034032701938
29677,9155.231103805681
29678,6173.511998209795
29679,6587.279215628618
29680,7035.823809387954
29681,4449.360677876047
29682,6130.391564154802
29683,4912.208744709095
29684,4471.935632086982
29685,4491.625938273329
29686,3676.557367916397
29687,4241.831038006908
29688,7054.66561669603
29689,14453.323987827273
29690,5688.955675158359
29691,4382.516996642527
29692,6192.23145979021
29693,3966.964625863836
29694,5927.456723155763
29695,3975.796207262509
29696,7813.781099012098
29697,5895.496117801107
29698,6001.905080919247
29699,10743.88093552118
29700,12834.893333208458
29701,4596.46398378462
29702,6128.137023665943
29703,3806.410921811033
29704,5132.8621711735
29705,5082.984805757884
29706,8388.886631293542
29707,4312.532493125137
29708,4389.790446886447
29709,4286.218772383361
29710,5149.00524328183
29711,6034.91225680284
29712,5892.096496400399
29713,3764.387247115156
29714,6745.666409699598
29715,7144.836046920192
29716,5896.849452100187
29717,3935.397937490958
29718,3374.918595325641
29719,6474.615285777093
29720,4679.570821608946
29721,9080.879874877386
29722,3960.7656830604037
29723,5102.269341591414
29724,7172.405654277097
29725,4647.536314138185
29726,4420.524585862693
29727,4757.150593462092
29728,5823.262173080573
29729,8848.534227219629
29730,7756.749369576773
29731,5443.155709831357
29732,3664.0816737142536
29733,4967.601572088042
29734,4340.14332747726
29735,4621.853023248852
29736,5076.7859237747525
29737,5540.409697128035
29738,10571.933465270675
29739,7865.415504037027
29740,5641.271805057241
29741,6392.013569533163
29742,5560.530322722599
29743,7779.832123734314
29744,4923.699083879943
29745,10760.790654208879
29746,5489.421200635597
29747,4730.658631683677
29748,4972.108884070951
29749,4372.837934068702
29750,6354.041664421497
29751,18988.178470286253
29752,3812.4038520732797
29753,4990.297387945988
29754,8547.580308683151
29755,5925.768387603411
29756,9214.326454540558
29757,6802.409610995016
29758,5095.561288816575
29759,5030.96691264732
29760,4116.741848410576
29761,8217.681552137781
29762,5726.184709049979
29763,6065.6173788009455
29764,7056.640523978471
29765,5071.875315207667
29766,6913.421766885422
29767,5756.575622199244
29768,3946.327684207132
29769,8197.204154349782
29770,8626.454439297237
29771,3875.982665240676
29772,6691.197720178145
29773,6197.943083538196
29774,4505.196927021961
29775,9101.658249755143
29776,5782.159639194523
29777,6817.063678968489
29778,4336.750487511199
29779,4339.445463913956
29780,5713.89331951144
29781,3825.793363590743
29782,6850.32357851549
29783,3901.5488997367
29784,5615.397155364785
29785,4553.896692117639
29786,5281.309386735351
29787,5314.265929119899
29788,5975.63276152699
29789,5798.1846809478775
29790,8273.712227369851
29791,5507.96316641365
29792,6841.894435522808
29793,5780.420919247075
29794,7457.066833522861
29795,8371.928023586868
29796,6785.486434558515
29797,4318.23099455773
29798,4320.6535996364755
29799,6196.95930342723
29800,8225.55826609583
29801,10379.6448620636
29802,6639.298469823478
29803,5532.521404485246
29804,9541.207155463138
29805,6238.578531679921
29806,3728.0073330653277
29807,17104.257382707772
29808,8946.256217154825
29809,5069.984629119307
29810,6896.71466748241
29811,8028.823197340241
29812,6229.3047520451655
29813,5382.007153040182
29814,6171.201921893902
29815,5688.647676665697
29816,4459.834278963917
29817,6824.300686565023
29818,4292.119432817181
29819,6757.558585253795
29820,6515.391479136748
29821,7892.12155980825
29822,6213.739977064084
29823,5305.441307261097
29824,5649.549830064821
29825,4891.631118361472
29826,7102.3988520286875
29827,6383.30650077292
29828,5484.936863526195
29829,5921.887542348991
29830,6367.814178252304
29831,8601.576762925859
29832,5274.685426965577
29833,4597.540508680503
29834,5727.783134886272
29835,6609.457529826454
29836,6719.189717472071
29837,4484.933789652087
29838,4694.588934145104
29839,6214.845787247236
29840,7666.471736734284
29841,4960.5560382504955
29842,6810.223132648397
29843,6411.232396963333
29844,5645.699042044126
29845,4600.030078573388
29846,3133.246296387823
29847,5854.548726916566
29848,6204.922869290411
29849,5431.177726755038
29850,7750.39127952547
29851,7220.143485420624
29852,4396.7764997817785
29853,7630.912606820099
29854,3671.1379235467402
29855,2603.141577540838
29856,6188.959859806861
29857,5145.772659798534
29858,6777.333574910685
29859,6268.390858510738
29860,3747.3721188375894
29861,5657.190717839146
29862,6974.384041887851
29863,4720.631729742481
29864,7413.874423049905
29865,3869.1805715745786
29866,4374.372317554994
29867,4921.885400413312
29868,5005.105567410531
29869,5514.122127031413
29870,4139.185233024716
29871,4175.3264447847905
29872,3999.7276288497674
29873,6316.985122157284
29874,5837.956919290332
29875,4648.292713224425
29876,5606.505763144536
29877,6117.990890091643
29878,4679.549356258937
29879,4827.822778689448
29880,7941.638588312314
29881,6336.510426805841
29882,6045.8615735245185
29883,3570.9436081554436
29884,10325.43779529049
29885,5718.4359628974835
29886,4388.745777250528
29887,7362.506752618302
29888,7281.610788497322
29889,6396.064455974582
29890,5330.643113442114
29891,6404.464534712838
29892,7823.794106290255
29893,10569.270533905634
29894,4393.027322883814
29895,3832.2194342945904
29896,5113.880449373261
29897,6106.045649742416
29898,5434.092784802912
29899,7289.414201156298
29900,7565.777237076646
29901,6225.799623619416
29902,3848.2453865137677
29903,4929.984408161282
29904,8018.81994378781
29905,4620.2398000342455
29906,6461.358987403293
29907,3292.596294328836
29908,6542.476421993857
29909,6792.969321934864
29910,7025.194319258673
29911,7677.534393024329
29912,5606.1171236963155
29913,4038.992375013961
29914,5890.5793213626575
29915,7064.795256450251
29916,7537.510617201598
29917,7057.5296175992235
29918,6480.951133362838
29919,5647.86534606484
29920,3782.0975269235305
29921,8868.522056710832
29922,4041.3356138485688
29923,10001.532141442707
29924,5692.579951298199
29925,3979.9925157302705
29926,6512.0548712839445
29927,5465.357550687876
29928,6625.153555053478
29929,8316.941592600497
29930,3750.222866749952
29931,4169.988079681112
29932,6732.318085972809
29933,7290.49807519441
29934,4649.626809437295
29935,5534.88822432607
29936,5223.623966856237
29937,5147.309129190254
29938,5579.844953064093
29939,4700.582762198244
29940,8941.22104959828
29941,7200.047397018798
29942,2829.3250414601735
29943,5646.716629846031
29944,5344.754066756129
29945,11206.683325071172
29946,7667.622290593906
29947,4329.066343350361
29948,8651.889292846223
29949,4679.506647470219
29950,5328.072971183787
29951,4887.68308230903
29952,4739.027536844692
29953,4973.8391598055805
29954,4914.950328691777
29955,4628.071213280142
29956,4340.895044507507
29957,6988.710116742733
29958,5851.855622005972
29959,20166.076222062246
29960,5959.033272454581
29961,3625.2905088772172
29962,5952.128298296474
29963,8662.72718013281
29964,5788.552860565259
29965,6476.167171085449
29966,5744.835911847656
29967,6488.212381686332
29968,6365.941393567088
29969,4031.2601946060477
29970,4723.896930157686
29971,5781.814939716162
29972,7487.113383750838
29973,6055.0873540858875
29974,6268.45749283822
29975,4115.74124635903
29976,4293.841024669746
29977,4771.265204503678
29978,8349.109771068801
29979,10272.231085366957
29980,7188.228705974581
29981,6499.423815930122
29982,3621.5597492714983
29983,5390.664235884491
29984,3602.094345162189
29985,6868.467034634613
29986,8692.917715052963
29987,9472.085543402676
29988,4562.254800402746
29989,5001.683537131083
29990,4129.909485569985
29991,5710.095170644714
29992,8599.414911246175
29993,5516.783212454212
29994,4636.216800119641
29995,4401.121602200173
29996,6724.218544843916
29997,3071.8001026901848
29998,6534.02168308889
29999,3574.1628692679865
30000,6725.246616197529
30001,5907.931709148288
30002,5266.671987576099
30003,6939.981043706441
30004,6488.014836372779
30005,5355.153071561267
30006,6134.169469296485
30007,6049.357282213329
30008,9272.183391003733
30009,5579.858016303141
30010,6953.762105952096
30011,7910.814541987426
30012,8188.069650037052
30013,5758.038306557446
30014,7441.748817259628
30015,3763.2542777328867
30016,4558.743905065696
30017,5286.666591883796
30018,5765.508793046527
30019,7784.416051298316
30020,6863.489832235087
30021,4827.594630277617
30022,6533.045078681174
30023,6088.24291207258
30024,7630.573069275495
30025,3413.591026455557
30026,10849.563017096698
30027,3714.7080678177053
30028,6652.061894129484
30029,7600.305594178694
30030,4009.0724906043492
30031,4784.794943344496
30032,5446.260641592067
30033,6040.5318525124285
30034,5058.665163180774
30035,4894.1710903552075
30036,8340.459102803245
30037,6792.849393716875
30038,5297.018698494316
30039,4711.894959478191
30040,7055.965656636255
30041,10582.838164228346
30042,6156.496071615476
30043,5263.724937286707
30044,5521.604776480971
30045,6510.723842823844
30046,5404.387951651222
30047,6628.9696417575515
30048,3510.3528009627485
30049,6412.575194294597
30050,5654.680810078809
30051,5802.887060572129
30052,8130.0953275495585
30053,4377.562002220818
30054,4585.395311706992
30055,4384.732192466049
30056,6980.416222627167
30057,8210.456635672335
30058,4739.706878475844
30059,4143.054716267566
30060,6345.393337462109
30061,5461.020507518366
30062,4664.265177792364
30063,6464.607789210787
30064,6317.914677161889
30065,6862.171371717666
30066,4845.898839989971
30067,4030.3687724418855
30068,5488.998652357999
30069,7205.559774525839
30070,6613.32593698785
30071,6864.338285312921
30072,6777.503929758515
30073,5087.002771240144
30074,7615.332973928262
30075,4491.839467464655
30076,5217.447151375457
30077,7526.632172808399
30078,5842.371188913856
30079,8581.006261005277
30080,7252.202692321353
30081,6376.354105146843
30082,5156.901780088229
30083,6524.485137816943
30084,6110.359920828291
30085,5786.634693966279
30086,3802.28390530303
30087,4811.682227358425
30088,6900.784936300027
30089,4805.226898698968
30090,3539.863615823933
30091,7291.47786712363
30092,4127.6886422706975
30093,5634.297790873341
30094,4686.890652407621
30095,4682.113387999514
30096,6175.07052122714
30097,6361.337430884859
30098,5514.616309174743
30099,4538.900214439642
30100,4692.322752573921
30101,5856.007993504853
30102,3269.71272630474
30103,5671.384869664719
30104,4268.564048367125
30105,7844.398346304841
30106,3826.2732948940993
30107,3855.8116390062564
30108,10261.013940206645
30109,4169.301913183943
30110,4530.771804935888
30111,9010.187504525102
30112,5743.594236398835
30113,7133.8001451147165
30114,6926.326889030706
30115,5046.074073904837
30116,6110.615105646821
30117,3940.1120717031504
30118,6496.1355087484035
30119,9337.49518218214
30120,6379.017827258054
30121,2573.201965280763
30122,4294.563438956253
30123,7132.06463682151
30124,8357.561261741266
30125,4918.619487306554
30126,6002.0947887119755
30127,4334.288562714246
30128,4977.037600344101
30129,2956.2726156041654
30130,4237.651925177134
30131,5500.6541899879685
30132,6487.428937093954
30133,5488.09568974395
30134,5456.959088601158
30135,7676.047284276179
30136,7580.191005527615
30137,6746.878205209312
30138,4098.525940580319
30139,8844.872236114374
30140,8359.524807989277
30141,4746.194414986185
30142,6648.494942813722
30143,4583.593208485958
30144,5996.038305577779
30145,3244.804404406309
30146,5606.200228852289
30147,3993.6206536542727
30148,7843.686094577805
30149,6392.112815864692
30150,6819.034048682804
30151,7391.654187791282
30152,5091.754753246655
30153,6842.402813576483
30154,17542.405759210596
30155,8702.863095912258
30156,4477.071996968689
30157,2522.1709234295117
30158,5526.904456825329
30159,6975.084195118821
30160,5492.78624247974
30161,11710.856236617956
30162,17959.83379726998
30163,3837.010938377799
30164,4674.528671964967
30165,8710.573627821868
30166,4292.598238615919
30167,5599.765362429237
30168,5395.350977107039
30169,6388.063818462803
30170,5415.715881642008
30171,3401.517104010368
30172,5431.022850695643
30173,6381.873219335826
30174,7527.020854797895
30175,5749.2049752592175
30176,5363.887431418166
30177,8286.89115205622
30178,5319.516685956944
30179,4457.058950780087
30180,5002.709367307211
30181,5189.958982382854
30182,5312.378020152944
30183,6077.4920821891255
30184,5459.791184710265
30185,5501.701297730049
30186,6407.347627939159
30187,5959.895463897987
30188,7623.57551306053
30189,8119.285888529145
30190,7219.268110609677
30191,5441.598171475904
30192,3142.2369777028525
30193,5405.439649052358
30194,6506.614645087782
30195,5028.293459632343
30196,4253.85190793357
30197,7004.914702639553
30198,5810.817048612619
30199,8163.046076182903
30200,5560.014064071893
30201,4734.8136405409305
30202,4441.761853660227
30203,4828.735216471603
30204,8335.121287288786
30205,4944.565825179126
30206,7229.879626504045
30207,13341.08226577834
30208,6734.248137469498
30209,6538.664026164195
30210,4774.529299723152
30211,4251.848556836089
30212,6230.762457237209
30213,3507.7944766898895
30214,5170.498334916674
30215,8429.232197407428
30216,4790.819940143182
30217,12322.732524558776
30218,11056.860195250658
30219,4972.52545824859
30220,5512.363204109288
30221,4964.067419231638
30222,6007.858899827893
30223,4801.618093777401
30224,10079.957568968537
30225,6856.923255794856
30226,7825.921252745619
30227,3955.8248467932995
30228,6779.780713041927
30229,4887.709273721377
30230,8699.913641872015
30231,5959.832102441375
30232,5013.7761728312325
30233,5717.395995538678
30234,6117.418064230489
30235,7210.73134898873
30236,8188.806485774932
30237,5802.258317782061
30238,8814.081992007941
30239,6259.388722747698
30240,8065.273996551479
30241,4817.91928202606
30242,4670.9106164304985
30243,4323.156698191573
30244,8038.831409894844
30245,5836.950726703218
30246,6727.0681708324355
30247,5439.241034428
30248,7302.4291028266425
30249,4511.995085315076
30250,8525.929977129079
30251,5980.38983222782
30252,3699.9438677556423
30253,7260.1986284026425
30254,15047.460114261945
30255,5922.473458161968
30256,5666.468656161646
30257,7569.59825075266
30258,8828.789971078228
30259,9508.368558483116
30260,4747.650447942452
30261,6759.573468299619
30262,5450.322487946617
30263,6881.984905362074
30264,3910.6738444840034
30265,4657.273302993885
30266,4871.170662872257
30267,5108.16304454672
30268,6779.999877251081
30269,4510.331558400449
30270,3295.899136414121
30271,6086.685459902076
30272,3855.547817650744
30273,4198.5674572511
30274,5354.121676050764
30275,4649.6208657037405
30276,7960.960447178134
30277,8024.250112803049
30278,6295.369343257232
30279,5630.583106405523
30280,5871.306905556405
30281,9505.989899918082
30282,5746.139801835221
30283,4548.995513691075
30284,4435.639534208825
30285,8270.056260395177
30286,4270.702082204149
30287,6591.791143255828
30288,3007.776914987231
30289,4142.6718034481155
30290,6712.486064548368
30291,5658.899310302897
30292,4961.37989574812
30293,7898.097257646145
30294,8387.265054686566
30295,10953.328637291028
30296,5878.728911661477
30297,4692.232501823599
30298,2721.5718383709504
30299,5007.931502733377
30300,5504.314861325232
30301,3612.9913774643837
30302,7120.492878638917
30303,4476.664757576575
30304,4808.656441913522
30305,7560.614074956454
30306,9553.099213563657
30307,8055.946943352398
30308,4906.389647549581
30309,4225.637519972373
30310,10992.759959967563
30311,7020.4309770861155
30312,4766.337036722264
30313,4968.127689841246
30314,6654.848572835061
30315,7879.240544788543
30316,3765.6157221944723
30317,5457.163043138721
30318,6440.150322978221
30319,6804.748975588008
30320,11506.888022902953
30321,5317.87481360873
30322,10083.266911950794
30323,6333.085477544188
30324,4700.488230291252
30325,2989.232200841968
30326,5115.980265419352
30327,5577.405451188662
30328,4976.377272370495
30329,6570.820863182698
30330,4560.331260980413
30331,4018.4094351416556
30332,6229.324851009284
30333,3272.855156052787
30334,4545.254047993736
30335,5765.863226550221
30336,7159.069207162118
30337,7545.626580444066
30338,4397.834704007164
30339,8180.401633245024
30340,4471.924173496577
30341,4931.986106481239
30342,5608.636541355463
30343,4236.35065601392
30344,8963.7545787407
30345,6042.511920966589
30346,3976.102823677955
30347,6319.066673524233
30348,7018.321029379244
30349,6384.491481516989
30350,4989.112989747953
30351,7059.681151021032
30352,5459.348232994655
30353,6222.712568399737
30354,5522.804937576857
30355,8119.285716455115
30356,4807.12942429629
30357,5473.7827995111
30358,4969.468639282394
30359,4782.409958441068
30360,4250.675905053237
30361,4620.246160406587
30362,7969.094159148358
30363,8025.087541285394
30364,8739.400080707179
30365,8895.519030792739
30366,6615.313459086818
30367,6515.5103348942785
30368,4999.92712567035
30369,9380.066823455785
30370,9350.920621646106
30371,5913.453352934478
30372,7717.71784099541
30373,7273.032041333291
30374,5433.159739573165
30375,4153.858071248195
30376,4484.273040596967
30377,6113.411410913387
30378,5640.443273576098
30379,5581.53386353493
30380,2043.6683610148027
30381,9467.63089573472
30382,5787.372229806035
30383,5275.0291482268085
30384,4297.246538843012
30385,5292.327763199564
30386,6010.376245038596
30387,6326.6538234265745
30388,5941.7070084058105
30389,5288.676906142876
30390,3987.0738764272082
30391,3288.078499654206
30392,2874.7617919259455
30393,5911.837867728176
30394,16091.655893133868
30395,4181.689938483425
30396,5351.161581812818
30397,5889.4738784761
30398,4835.254412324004
30399,4410.198180836025
30400,4493.61771438194
30401,3545.017524815777
30402,8260.347085135107
30403,5772.754911472916
30404,3156.5204143209326
30405,7486.10367863484
30406,4176.776566376262
30407,4370.76261240981
30408,8951.206409944472
30409,6698.686780885782
30410,8743.140744366743
30411,4317.6120428714485
30412,5733.461489682085
30413,4336.931594591645
30414,4208.718353595752
30415,12819.949616485635
30416,9810.896641192141
30417,5812.144115280255
30418,4415.926894500966
30419,4683.942972361492
30420,4992.568514542511
30421,4181.505667087654
30422,9323.760574003622
30423,4790.754519654494
30424,3990.1975015301014
30425,6265.376841062534
30426,4130.710568826655
30427,5802.8788844676565
30428,6349.592631054617
30429,6435.502743926931
30430,5927.369851290049
30431,3630.3043874287478
30432,3979.208206126475
30433,5621.91697192985
30434,7639.141821195961
30435,7498.759490746335
30436,6223.261642369274
30437,3785.1369697917767
30438,7888.833089994686
30439,5086.283316507434
30440,4125.636648870155
30441,5914.2465867175915
30442,6232.277224824838
30443,5408.163679650195
30444,5912.978737955403
30445,5882.001150467089
30446,5428.930504863392
30447,5101.6955637778665
30448,6539.663657719823
30449,6115.690322440803
30450,5118.291174906586
30451,8265.983929403928
30452,5470.228893089119
30453,3984.5782048349993
30454,9299.896586025
30455,4591.374047163621
30456,2901.015001427537
30457,7041.008584568208
30458,8184.240726488378
30459,8697.756513595967
30460,4786.810927380626
30461,5166.344238202243
30462,4304.906121339224
30463,6288.566109663699
30464,5097.23224490727
30465,7035.364234624845
30466,2710.5630937004166
30467,4598.907269447975
30468,5145.812988019578
30469,4209.7959119393645
30470,4209.057752821236
30471,6333.102440429644
30472,6506.793817971813
30473,5655.851998421198
30474,6897.690043581806
30475,5244.249020210854
30476,7353.153613418782
30477,4623.423357919601
30478,5804.815948587242
30479,6056.572902532926
30480,6955.086423203544
30481,7089.8640833019335
30482,4457.383401140325
30483,8838.685093393075
30484,6140.196577749736
30485,6716.800544528917
30486,4627.85557434559
30487,3916.142736781193
30488,7070.186082266931
30489,5092.606453761792
30490,7526.920803783313
30491,5805.0800710995145
30492,4736.771717960574
30493,7079.157115348125
30494,5392.2283723062565
30495,4729.558963997563
30496,7263.842420685414
30497,4714.970786968803
30498,9237.047816392283
30499,9492.99511746587
30500,6609.605826854947
30501,4132.621893642584
30502,4773.681390859496
30503,3924.5448933909215
30504,2820.689738073584
30505,7359.8693529742995
30506,4793.702769380513
30507,7649.099342900448
30508,3927.3688505216096
30509,5614.012643094478
30510,5691.346874633449
30511,7826.6831823519615
30512,4735.817392699414
30513,4992.005808713854
30514,4219.470146449954
30515,6723.7336316805395
30516,4843.291545299472
30517,6384.572657657767
30518,7085.03955641544
30519,8148.273334839137
30520,6815.008187802937
30521,6543.990374195227
30522,5356.511654104808
30523,4345.301067944311
30524,4838.709685994267
30525,9046.831479853643
30526,8134.689457783508
30527,8245.716375320186
30528,14489.811633435189
30529,4266.732495407373
30530,4649.322897498484
30531,5467.193224974372
30532,7771.949089915445
30533,8795.56964567721
30534,5789.237459415632
30535,7065.070530266318
30536,6951.731488708348
30537,4395.593611043483
30538,5854.674897650798
30539,4708.5132986666395
30540,4284.506099697936
30541,4504.486234579146
30542,3628.1315040996583
30543,4013.217218578409
30544,6939.065520151333
30545,14785.081339233868
30546,5941.9593424604645
30547,4554.857275529772
30548,5797.944318355406
30549,3817.5855542522772
30550,5637.500981243073
30551,3948.4993940675345
30552,8100.665935155531
30553,5788.91237242028
30554,5666.646033889386
30555,11101.692703900837
30556,11713.32119039539
30557,4187.599063462681
30558,6045.279612010247
30559,3646.4444513093126
30560,4867.110702032707
30561,5049.879387677425
30562,8280.539909658199
30563,4080.6514235487666
30564,4086.912753782329
30565,4254.031444205818
30566,4943.834528459251
30567,5550.014846104699
30568,5801.361499741267
30569,3990.2767579501206
30570,6334.118488294051
30571,7113.666305364583
30572,5809.370576504504
30573,3678.985080584694
30574,3176.9779873418975
30575,6641.282498824181
30576,4462.690691138567
30577,8693.187475257939
30578,3768.462815998935
30579,4998.596262099011
30580,6745.001356709305
30581,4660.27610129143
30582,4486.423348107698
30583,4624.677669596485
30584,5832.132129135782
30585,8421.578612561734
30586,7489.101732673166
30587,5283.287486290728
30588,3638.941716622692
30589,4944.699055604526
30590,4279.921232600698
30591,4588.849033238864
30592,5060.79377728399
30593,5403.544297424798
30594,10435.38240157571
30595,7705.822960452113
30596,5316.279011028797
30597,6388.4161946016175
30598,5360.413906957806
30599,7827.74402372861
30600,4847.966471064286
30601,10647.299488909764
30602,5150.23576810809
30603,4742.329229146757
30604,4609.021220002041
30605,3961.00870220419
30606,6326.095786993368
30607,18757.84931875216
30608,3566.6105614063235
30609,4326.822350060928
30610,8049.72082341515
30611,5680.8873156081545
30612,9230.896126761289
30613,6827.3137593243655
30614,4984.260077377645
30615,5037.978698303745
30616,4054.5805442027563
30617,8088.694999320548
30618,5201.962072163948
30619,5995.9011547574055
30620,7486.513331509992
30621,4664.358121211574
30622,6772.135728750568
30623,5521.6789271268635
30624,3714.2322778912267
30625,8149.4603050531705
30626,8368.250606783735
30627,3844.6420176791726
30628,6741.497180251454
30629,5762.230095183135
30630,4687.693085152737
30631,7810.924955009815
30632,5611.547026347973
30633,6530.56003627175
30634,4205.86864262893
30635,4121.800635537057
30636,6165.7322427454355
30637,3696.9000428346167
30638,7088.723089741414
30639,3879.1300500031007
30640,5316.83845621935
30641,4296.902174277588
30642,5341.770899941663
30643,5296.453903839625
30644,5795.216060157329
30645,5717.713459036069
30646,7640.960364441113
30647,5264.163888760219
30648,6888.473035641929
30649,5758.976030144177
30650,6744.046246220578
30651,8691.550549053745
30652,6759.903415077994
30653,3087.4272202699253
30654,4203.780282101068
30655,6431.159484628724
30656,8139.472469669218
30657,10015.116676048856
30658,6369.646666849476
30659,5458.3551009962985
30660,9440.86099374925
30661,6168.867380650394
30662,3453.4982772383537
30663,17273.865007142158
30664,8632.98738853402
30665,5421.289473094404
30666,6759.052176702195
30667,8311.245955910106
30668,5686.883216724718
30669,4982.8321508939025
30670,5903.393430623963
30671,4958.646266047677
30672,4505.610185161635
30673,6384.724155578591
30674,4181.402176356414
30675,6530.701272667218
30676,5738.855935432716
30677,7480.928854865243
30678,5962.700136248343
30679,5567.747303999858
30680,5454.904768574992
30681,4904.39673579696
30682,6878.288120232111
30683,5773.290669370958
30684,5779.267328389719
30685,5779.5596679358205
30686,6111.919825840829
30687,8603.436540105437
30688,4925.769958532531
30689,4485.3811950963045
30690,5464.316991509609
30691,6374.694946991633
30692,6647.810151835908
30693,4462.942190953751
30694,4191.191198521295
30695,6111.919604430054
30696,7524.939089657461
30697,4857.792320589536
30698,6771.440613487002
30699,5941.992198660493
30700,5517.5428892663485
30701,4244.850203319682
30702,3211.2093985623437
30703,5930.504668333386
30704,6140.935684249941
30705,5105.673680013378
30706,7775.716501966428
30707,6953.311609430343
30708,4186.9496363515655
30709,7676.096021406705
30710,3711.327731988299
30711,2769.1810700451515
30712,6186.945840173716
30713,5143.988585568844
30714,6797.401322122322
30715,5983.026714192416
30716,3653.779067426429
30717,5611.97441867403
30718,7047.237309009618
30719,4643.693259366451
30720,7161.746236371858
30721,3811.5711254801918
30722,4454.546715859306
30723,4586.206138983112
30724,4782.586007096047
30725,5317.9493340491745
30726,3965.5231416747156
30727,3951.3135339497107
30728,3921.5864942410394
30729,6212.786789978131
30730,5497.598888255191
30731,4424.391937181753
30732,5545.81067182787
30733,5865.644532969643
30734,4652.527827537659
30735,4794.141785270285
30736,7759.367474345101
30737,6264.727942068357
30738,5728.23953427959
30739,3399.067995149907
30740,10468.324017063002
30741,5529.4620231354465
30742,4450.526009920633
30743,7247.162295437569
30744,6959.495752061534
30745,6342.375448981571
30746,5597.309272351746
30747,6463.358768285848
30748,7243.3139836968585
30749,10912.517330549352
30750,4223.673382872244
30751,3805.0685201799815
30752,4800.514395466292
30753,6003.795948984837
30754,5077.420053778739
30755,6960.823034101133
30756,7309.20333461473
30757,5823.534188498721
30758,3718.9463218857313
30759,4793.179571565689
30760,9500.17924123017
30761,3940.1415060772556
30762,6510.158663752006
30763,3285.2243032643455
30764,6260.241598790099
30765,6817.9497396837805
30766,6630.146308824012
30767,7384.725383771971
30768,5500.408129883557
30769,3999.913633411318
30770,5772.258754102273
30771,5823.827682373184
30772,7534.16177150554
30773,6651.523253039613
30774,6437.586522816096
30775,5324.129785495936
30776,3919.0260501289135
30777,8781.408202093227
30778,3949.013991415447
30779,9722.243829449146
30780,5634.30077265391
30781,3836.3547225299817
30782,6244.933639055387
30783,5407.124732062057
30784,6513.117205688788
30785,8340.898715255618
30786,3721.753583798985
30787,3846.1922847839282
30788,6736.012547830395
30789,6949.547435616671
30790,4718.903077807816
30791,5266.109783392892
30792,5405.171994270814
30793,4915.3399446876665
30794,5923.590399689365
30795,4691.19415496187
30796,8921.371758102365
30797,7023.219943025756
30798,3225.508975468975
30799,5263.253535543018
30800,5241.568927945153
30801,10932.163484026594
30802,9570.677208119881
30803,4123.669929946686
30804,8396.361565563146
30805,4617.728272446894
30806,5099.145247261754
30807,4708.725320219812
30808,4737.559065615756
30809,4866.948012272558
30810,4753.431556698668
30811,4502.1914155754375
30812,4229.658513006157
30813,6977.275013370615
30814,6255.124762698422
30815,20410.968950879174
30816,5894.708990731492
30817,3651.6000569293114
30818,5906.585382622967
30819,8423.664023486508
30820,5501.939663832899
30821,6448.53885980849
30822,5701.271064955985
30823,6540.148745057547
30824,6387.5177590793555
30825,3780.8943871683864
30826,4614.03467570035
30827,5643.593620230091
30828,7431.044783963205
30829,5965.8053407914995
30830,6151.044503884663
30831,4059.682083527582
30832,4263.892069219152
30833,4612.05744028179
30834,8310.423047663937
30835,10213.863353174129
30836,7146.541694519533
30837,6488.083954482165
30838,3561.7466504010704
30839,5614.0553568948435
30840,3745.58790034965
30841,6844.318118202453
30842,8585.705238922024
30843,9488.731976303108
30844,4526.303911291823
30845,4915.091605840152
30846,4089.9182083428277
30847,5425.231712963739
30848,8905.700712583728
30849,5499.855700620286
30850,3942.503144340137
30851,4230.685926885073
30852,6599.668645216755
30853,3049.3996824970736
30854,6495.184028572919
30855,3637.8449442224432
30856,6354.505350241262
30857,5702.047021726019
30858,5675.833180711032
30859,6766.336148151644
30860,6391.775167110899
30861,5165.594581962629
30862,6147.459454548823
30863,5805.482688549739
30864,9114.684384031947
30865,5194.365490666196
30866,6841.26773591935
30867,7929.273827701712
30868,8202.367222991877
30869,5779.052301771656
30870,7253.791375360841
30871,3473.2539905135973
30872,4487.63369071387
30873,5253.553635735369
30874,5995.421009326004
30875,7782.299106317224
30876,6724.612347054094
30877,4686.061278500398
30878,5964.5650740089595
30879,5967.536311325585
30880,7483.855623933257
30881,3572.2740155818033
30882,10823.30585304622
30883,3726.1374302522877
30884,6534.12803065107
30885,7598.7306357009
30886,3932.2811758227263
30887,4593.37535197972
30888,5282.056190787153
30889,6092.821409449435
30890,4726.921686878992
30891,4863.419598086959
30892,8298.97154325168
30893,6534.620450936469
30894,5241.296533721996
30895,4693.408475218006
30896,7014.488123918972
30897,10096.660629522037
30898,6299.200788633665
30899,5694.2784481113895
30900,5455.43618867381
30901,6539.73751964702
30902,5635.691533405123
30903,6556.8615906517825
30904,3603.977191134028
30905,6590.890287163887
30906,5776.920775968956
30907,5966.786007374978
30908,8141.213563257648
30909,4498.65872897132
30910,4513.135557086613
30911,4366.919132676939
30912,6777.725063183237
30913,8178.307530333231
30914,4675.983776979026
30915,4053.6935869385616
30916,6128.223208854719
30917,5413.968625550893
30918,4597.113970888406
30919,6353.342305111554
30920,6271.756738739201
30921,6807.5669546149475
30922,4799.592142739151
30923,4162.788520051955
30924,5455.307402292704
30925,6977.941708855155
30926,6465.496758204215
30927,6628.558144026412
30928,6924.692673636273
30929,5046.6915597939105
30930,7839.865585814882
30931,4817.441847960404
30932,5095.715838923204
30933,7368.310595129911
30934,5759.106030565668
30935,8471.371949818702
30936,7197.275952131201
30937,6074.092132192928
30938,5213.677136340425
30939,6641.086952162283
30940,5909.216195274835
30941,5706.855110256688
30942,3772.3424769594426
30943,4800.241820378967
30944,7006.265220582522
30945,4638.851620465553
30946,3415.409394000005
30947,7078.500215301037
30948,4150.887482512157
30949,5485.303657607225
30950,4693.764109820735
30951,4612.640808277186
30952,6166.847689725309
30953,6276.718793337388
30954,5382.379273115775
30955,4366.557644837836
30956,4684.457781097584
30957,5825.416136591559
30958,3205.4408966548153
30959,5643.459801568966
30960,4228.713999915576
30961,7701.437738120539
30962,3858.315145968749
30963,3793.000751522595
30964,10163.037982802538
30965,4929.053999446202
30966,4354.779722879057
30967,8988.78724027546
30968,5938.204415598291
30969,6985.489259700128
30970,6885.694751268533
30971,4790.2965892258335
30972,6178.969549012041
30973,3922.1548102725874
30974,6382.915865891261
30975,9164.389648568093
30976,6354.305345684574
30977,2466.405861533805
30978,5020.864017244142
30979,6973.59364656177
30980,7835.470174703306
30981,4901.056416703137
30982,5909.321719331194
30983,4409.024492446193
30984,4918.116683922551
30985,2939.2296293163304
30986,4080.4581583607123
30987,5603.032278220177
30988,6272.913050085095
30989,5269.768397065224
30990,5548.274743224181
30991,7181.883484690861
30992,7334.66387320031
30993,6907.771579276688
30994,4008.217252768131
30995,8713.345066880831
30996,8270.998857244062
30997,4651.5288060118255
30998,6630.180218342115
30999,4395.049845140969
31000,5694.477862883219
31001,3161.556019589328
31002,5569.969801994831
31003,3849.836279655886
31004,7710.729277796545
31005,6334.412457528581
31006,6496.397945658858
31007,7280.6998677502115
31008,5207.0366313921895
31009,6771.683316165396
31010,17231.93684271043
31011,8582.079906837444
31012,4467.514299081608
31013,2467.850740709454
31014,5289.508661202063
31015,6936.658046482492
31016,5282.129962908008
31017,11587.293504280848
31018,17504.154429609865
31019,3799.944252716238
31020,4758.408836697706
31021,7307.227733709443
31022,4438.354748185937
31023,5536.847107817835
31024,5171.133585650458
31025,6435.552032805397
31026,5409.520256642008
31027,3339.4727743604426
31028,5398.658483708929
31029,6441.12054062112
31030,7654.766092767441
31031,5281.158261510334
31032,5587.0437258130605
31033,8114.7629728236925
31034,4696.749240844938
31035,4532.166951777323
31036,4886.606180438137
31037,4447.473413175046
31038,5213.607656781005
31039,6151.59104638821
31040,5418.262678631629
31041,5452.760929736931
31042,6357.475595221606
31043,5863.11348414389
31044,7364.1570785539925
31045,8175.689409617772
31046,6806.762127083703
31047,5811.605472604803
31048,3124.687824383949
31049,5423.421946782407
31050,6374.889352047488
31051,5026.860194630198
31052,4117.34585325214
31053,7011.021732603225
31054,5643.139111756839
31055,8132.6757733856
31056,5568.755775631576
31057,4761.989720130151
31058,4262.299368308979
31059,5356.838013867511
31060,8142.645133707805
31061,4816.7854629372005
31062,7242.481035235836
31063,12988.415770146521
31064,6635.464709771218
31065,5559.789747078902
31066,4472.909668592846
31067,4282.344059354788
31068,6218.801398434901
31069,3459.0291714657023
31070,4945.564259240716
31071,8317.308036494815
31072,4591.189940135618
31073,12315.124980269731
31074,11008.26594398803
31075,4843.159701366582
31076,5516.212591713805
31077,4968.36654276501
31078,6214.055119920985
31079,4798.991759557409
31080,9863.306656872594
31081,6452.678170329666
31082,7600.523064056859
31083,3967.108561356515
31084,6983.438729925284
31085,4716.011010679681
31086,8366.677000764757
31087,5758.268041087116
31088,4982.593225478135
31089,5568.1315833764265
31090,5910.586484190647
31091,6911.326049249253
31092,8118.976166921098
31093,5639.142727919314
31094,8547.580864770798
31095,6320.581787635014
31096,8009.961717139717
31097,4950.828532909553
31098,4658.497270512527
31099,4689.69571747391
31100,7850.424646565037
31101,5805.51101649859
31102,6364.699197365545
31103,5386.9136238939545
31104,7213.987406984846
31105,4302.946354943108
31106,7813.073998493337
31107,5978.495453753318
31108,3581.7819868017
31109,7135.334871087935
31110,14326.191346369102
31111,5583.4506809470395
31112,5533.642316663425
31113,7366.979963900625
31114,8719.148755385733
31115,9446.9140642579
31116,4609.313480671419
31117,6682.4692782274615
31118,5406.165530239265
31119,6673.93255006155
31120,3789.251739833912
31121,4639.986614172344
31122,4778.894877071456
31123,5051.33381708538
31124,6759.244503709192
31125,4504.729020960472
31126,3245.498736927986
31127,5951.129610203572
31128,3848.0203600740074
31129,4116.987671971697
31130,5172.521682845523
31131,4749.2586120309425
31132,7800.14583475278
31133,7707.284903406888
31134,6211.1744870995
31135,5545.906294030467
31136,6062.36368980395
31137,9140.451404209021
31138,5651.644616452438
31139,4421.92567197124
31140,4425.662209822212
31141,8321.142881826034
31142,4524.577927176756
31143,6685.998063303135
31144,2774.688885905763
31145,4420.253375323476
31146,6578.475071931334
31147,5543.613165284686
31148,4833.086138150664
31149,7871.385702932873
31150,8347.304719882084
31151,10844.202511039013
31152,5993.696584550556
31153,4468.741096203633
31154,2782.9844852973824
31155,5108.395616147741
31156,5286.2685527979165
31157,3578.8317373794684
31158,7172.908508144947
31159,4299.577434425867
31160,4911.5378415543855
31161,7688.267839254859
31162,9486.324302713068
31163,7494.847493551081
31164,4906.312927783236
31165,4075.921992726905
31166,11204.832524589261
31167,7265.444191358081
31168,4784.823676291029
31169,4745.3988756327935
31170,6472.34420602132
31171,7523.1193248053105
31172,3816.4976216487757
31173,5145.879413561641
31174,6676.730042168223
31175,7052.545390601299
31176,11025.635009807502
31177,5291.514964502086
31178,10183.940513793394
31179,5975.934495312695
31180,4764.069960264361
31181,2752.5452440765116
31182,5078.179385431834
31183,5403.646790021451
31184,4809.319377291171
31185,6500.786425142229
31186,4468.663525693675
31187,3919.0688195334064
31188,6064.073750791153
31189,3743.5330115208035
31190,4419.319650050176
31191,5666.56076999372
31192,7143.932671968551
31193,7441.096288396452
31194,4352.422529897045
31195,7936.367396582992
31196,4354.984272811367
31197,4849.194934406342
31198,5456.819204791116
31199,4798.5715253929075
31200,8931.088808594179
31201,5803.123280057663
31202,3964.617767178898
31203,6469.494437362602
31204,6858.326879218004
31205,6087.89918928342
31206,5040.750350871307
31207,7220.0473694534585
31208,5457.924779502894
31209,5878.943067128948
31210,5505.1779907981445
31211,7375.586386731361
31212,4602.466290430158
31213,5684.676063388448
31214,4828.198057044867
31215,4645.820673500518
31216,4253.318550435632
31217,4444.785869701214
31218,7400.503674617976
31219,7870.2140896047895
31220,8886.628170333377
31221,8793.322717571646
31222,6566.667167079821
31223,6654.616655395624
31224,4953.678923444234
31225,10121.366382600247
31226,8882.910743040184
31227,5844.46600630888
31228,7520.346479788959
31229,6912.760549055048
31230,5352.680540605466
31231,4037.567124153624
31232,4400.520686264143
31233,5988.7671430273695
31234,5596.687365442564
31235,5460.195631018822
31236,2016.0455930634553
31237,9144.173656435165
31238,5715.468431906992
31239,5372.610069736439
31240,4514.018568861688
31241,5217.347902682628
31242,5949.906041893996
31243,6273.400805166324
31244,5907.748137598513
31245,5344.390567620288
31246,3907.3688257487875
31247,3887.593100122253
31248,2755.4227323081514
31249,5869.419208871105
31250,15868.95972567297
31251,4091.156656507825
31252,5248.420063456799
31253,5839.1883736972095
31254,4615.031255839964
31255,4291.7898962340505
31256,4367.824771131135
31257,3485.9650137883314
31258,8084.052856382652
31259,5625.009770891
31260,3390.0152919442644
31261,7445.735030402091
31262,4146.97981310956
31263,4286.986415150292
31264,8964.700417371776
31265,6619.451902167278
31266,8799.972505910757
31267,4173.802378470396
31268,5490.9185828957
31269,4284.386673337246
31270,4156.033675246323
31271,13355.535953768456
31272,9565.455085636584
31273,5798.012416794056
31274,4369.089719015634
31275,4514.245020420924
31276,4928.033170582908
31277,3960.802702573945
31278,8851.789658848564
31279,4774.906468247567
31280,3877.1944777907934
31281,6118.6538738908175
31282,4003.729035838492
31283,5754.999287842059
31284,6249.177300995787
31285,6378.749634613561
31286,5969.532812883193
31287,3602.0505263445702
31288,3944.3249659385583
31289,5237.362725117074
31290,7464.221388073529
31291,7224.420998823223
31292,6266.222294839531
31293,3914.024488176987
31294,7730.39882227662
31295,5098.917062168636
31296,4301.248971839343
31297,5780.293664383907
31298,6466.011496073127
31299,5342.161263899279
31300,6059.329418417557
31301,5833.94479336955
31302,5284.3062830911185
31303,5052.67763744156
31304,6418.369005875501
31305,6048.7957114227875
31306,5069.4814709906095
31307,8107.696866749693
31308,5334.625740036195
31309,3938.2497310724093
31310,9113.690991287584
31311,4434.387195399045
31312,3160.711231258121
31313,7023.456005709973
31314,8152.699246634898
31315,8712.949705458024
31316,4702.227935583209
31317,5265.430989796716
31318,4316.323086471967
31319,6528.895227358717
31320,4975.728169493634
31321,6812.400072148237
31322,2668.336317726391
31323,4587.212189977738
31324,5075.320637321257
31325,4129.527028206269
31326,4247.840721020356
31327,6206.765055646934
31328,6498.43166092947
31329,5998.350976508792
31330,6831.427625843112
31331,5173.740465432442
31332,7297.947360002764
31333,4317.971293934137
31334,5955.792554138672
31335,5972.56228637131
31336,6799.897124549581
31337,7162.359134663969
31338,2948.6536362075735
31339,8859.45539076237
31340,6066.758044890436
31341,6508.079195903856
31342,4633.98175960151
31343,3880.5039811675256
31344,6952.210776526698
31345,4884.828734055162
31346,7582.723135384129
31347,5559.505885366903
31348,4720.834989856005
31349,6850.031970554052
31350,5167.8295653268315
31351,4555.81230067413
31352,7159.972677714933
31353,4559.523486341877
31354,9394.248495200316
31355,9289.39726324003
31356,6581.53041671688
31357,4052.359495182126
31358,4682.004409476015
31359,3841.92068675455
31360,2790.492422996848
31361,7198.054884909684
31362,4579.781328165886
31363,7537.026724699439
31364,3869.8051385717963
31365,5530.639137142097
31366,5482.715924735394
31367,8138.63735879235
31368,4618.741341804519
31369,4955.000356554493
31370,4153.107690683499
31371,6746.120885334393
31372,4711.21841490209
31373,6405.950683974589
31374,6888.316014609085
31375,8169.781778677674
31376,6690.052157699052
31377,6758.583976706817
31378,5521.845614416455
31379,4334.792412247067
31380,4495.059533140605
31381,9035.055161945445
31382,7771.584244060142
31383,8333.38654718032
31384,14430.245276736334
31385,4151.22673040165
31386,4521.826734106321
31387,5438.427856634379
31388,7520.179359230135
31389,8793.700531374845
31390,5659.451801088893
31391,6903.693991700465
31392,6948.914276685437
31393,4268.391226793559
31394,5678.016981278855
31395,4467.572796633078
31396,4208.018990841805
31397,4405.678091376761
31398,3604.1036720558855
31399,4016.0198010245713
31400,6701.804690100156
31401,14796.87672611088
31402,6067.605259833
31403,4787.80105374334
31404,5698.334606466161
31405,3731.8020817788943
31406,6001.334803953711
31407,3881.979319281209
31408,7977.792427524275
31409,5882.825652269783
31410,5827.750929556896
31411,10700.842273094011
31412,11289.09692464725
31413,4320.291869375723
31414,5951.960036871551
31415,3697.799466821578
31416,5039.115676320641
31417,4994.667973986539
31418,7991.949989030582
31419,4024.4861770658713
31420,4021.585243722944
31421,4180.250112620737
31422,4940.44947146559
31423,5492.512137444894
31424,5668.398584132973
31425,4436.732090859816
31426,6413.247144950711
31427,7046.977613814172
31428,5701.645906677913
31429,3618.2586457258203
31430,3213.1228507546916
31431,6778.144020600353
31432,4290.18204733814
31433,8636.759284937743
31434,3532.748826786604
31435,4825.204396298145
31436,6559.08290087134
31437,4517.849115394228
31438,4470.056124752426
31439,4563.208861305363
31440,5730.378698550845
31441,8375.953094096898
31442,7469.947181261235
31443,5355.65579344583
31444,3527.1452672421856
31445,4939.2731388268585
31446,4219.2728779708505
31447,4523.673963669544
31448,4970.035295016259
31449,5374.652299436674
31450,10431.408674802484
31451,7571.576138200506
31452,5542.323112067055
31453,6326.548330822154
31454,5675.373824413719
31455,7757.852812472433
31456,4876.3823945092245
31457,10591.412162350924
31458,5213.549349000023
31459,4484.44444559534
31460,4471.241883679867
31461,4188.927620589076
31462,6268.628943878151
31463,18682.25422386094
31464,3588.495448739623
31465,4287.560741040724
31466,7929.832328743152
31467,5771.964343729889
31468,9164.741291357564
31469,6679.703721293985
31470,4975.267221934113
31471,4974.334598692002
31472,3975.9445030355914
31473,8026.455217954997
31474,5176.967369283494
31475,6015.130985903824
31476,7260.749759414301
31477,4518.021616438569
31478,6712.018109065515
31479,5404.025064864592
31480,3719.2607725632206
31481,8092.523135760388
31482,7959.012653569397
31483,3837.639961055972
31484,6898.4096550434515
31485,5641.217733317122
31486,4987.231976425887
31487,7707.124366696084
31488,5624.315392017629
31489,6365.9231875150945
31490,4114.2416258514095
31491,4051.1687532169517
31492,6328.498187573186
31493,3582.73627522151
31494,7038.414147691179
31495,3922.9213461375225
31496,5237.031298922316
31497,4353.714349636315
31498,5404.53718004812
31499,5313.95932998374
31500,5948.26602545979
31501,5609.877506902931
31502,7535.745105699855
31503,5134.305515711698
31504,6458.408532121754
31505,5623.819381396038
31506,6895.409593383282
31507,8568.70104342966
31508,6653.774909475753
31509,3027.0450428084982
31510,4069.291213009212
31511,6647.64145444792
31512,7943.6803521478505
31513,9634.380669613067
31514,6217.047075227119
31515,5336.920011789071
31516,9495.622706279568
31517,5598.324212910712
31518,3357.346046371602
31519,17273.865007142158
31520,8437.525775493028
31521,5569.513486804184
31522,6654.640112421118
31523,7834.326331983378
31524,5318.697875382282
31525,5056.372613030119
31526,5738.870678749456
31527,4876.8764407479775
31528,4424.415366406861
31529,6214.271637509973
31530,4063.3788321900747
31531,6705.558792962714
31532,5647.1275689276235
31533,7556.618874282609
31534,5772.075963730945
31535,5608.412173027592
31536,5414.153988550198
31537,4817.1870752192335
31538,6758.204571083933
31539,5704.044810743182
31540,5876.0617575977785
31541,5804.04165223665
31542,6188.584857017983
31543,8361.425872257605
31544,4756.474650578395
31545,4447.783587063659
31546,5313.802285646758
31547,6512.925196796547
31548,6694.001289927791
31549,4779.637923193687
31550,4195.07433838878
31551,7514.561673426719
31552,7520.400723543184
31553,4829.073029347428
31554,6620.850946700392
31555,6179.540430570738
31556,5844.458828048973
31557,4160.405812624669
31558,3150.9728104005058
31559,5849.590616931381
31560,6122.161974983883
31561,4803.606472973216
31562,7631.247915153732
31563,7135.508302959035
31564,4258.790943476972
31565,6956.410433583574
31566,3706.7406681077355
31567,2732.9633098845607
31568,6096.150508172384
31569,5023.834704617279
31570,6212.039766660973
31571,6001.612482450943
31572,3565.4324313146167
31573,5636.616291255283
31574,7011.1740884246465
31575,4668.714148414492
31576,7040.196059143385
31577,3831.8788440510957
31578,4326.794863864121
31579,4549.800731867968
31580,4543.109017685403
31581,5240.095729628189
31582,3884.862990928432
31583,3692.131761299846
31584,3926.1647433623466
31585,6169.301719464831
31586,5374.536786041672
31587,4330.7099078086085
31588,5397.171315706954
31589,5856.30234996268
31590,4670.883694365275
31591,4668.257471870449
31592,7587.217871036645
31593,6330.056652385816
31594,5022.038578966787
31595,3395.4383781805705
31596,10172.638580430192
31597,5520.256458186602
31598,4365.932540348539
31599,6985.12154478529
31600,7241.082605555263
31601,6040.632334443334
31602,5623.110284548613
31603,6335.76059582819
31604,7203.869473665224
31605,10892.49598318838
31606,4061.753098324276
31607,3711.2076639120664
31608,4280.276305028056
31609,5905.849783095171
31610,4898.7170129951755
31611,7024.73046551041
31612,7045.535460794107
31613,5628.141865112758
31614,3491.9944037621876
31615,4731.877816901272
31616,9444.012395029142
31617,3830.6819021748292
31618,6325.766441239497
31619,3256.7703449457026
31620,6063.219231690821
31621,6730.278571141539
31622,6541.1621821641575
31623,7349.383419377506
31624,5774.985721153022
31625,3816.245102782513
31626,5852.0695665476005
31627,5698.2086821903595
31628,7317.518713061061
31629,6568.080091255068
31630,6497.720295364942
31631,5025.447959780851
31632,4249.074033776166
31633,8530.384129245023
31634,3875.6405618687504
31635,9838.609635862504
31636,5648.643424043753
31637,3659.4686845369747
31638,6238.475498521086
31639,5249.2258031021265
31640,6438.187418091411
31641,8354.252301304903
31642,3582.6960024042014
31643,3770.709625013145
31644,6661.5593541498065
31645,6848.187604819585
31646,4607.810080222067
31647,5301.123783059891
31648,5309.555728450851
31649,4714.155422441863
31650,5933.361989267915
31651,4632.4587323566975
31652,8564.915216268382
31653,7058.988036872949
31654,3128.2224756191517
31655,5053.813670721435
31656,5103.301740391381
31657,10899.204281226126
31658,9488.746603202868
31659,4109.819343098803
31660,7785.434417111613
31661,4484.5830027964685
31662,5046.437945301459
31663,4486.551559629912
31664,4613.329852537167
31665,4647.923083140575
31666,4783.161126822987
31667,4406.014519786114
31668,4163.822028126516
31669,6671.15069877508
31670,6320.932721467696
31671,20567.82910945671
31672,5823.989686254923
31673,3602.7574651431732
31674,5904.322375011556
31675,9060.220326755134
31676,5443.137243048617
31677,6163.3127182713415
31678,5828.897122398543
31679,6386.620273098919
31680,6295.227726968921
31681,3708.7674981219757
31682,4567.535547832749
31683,5600.66233224218
31684,7327.605952951155
31685,5797.649451676099
31686,6079.321563751267
31687,3954.937521991896
31688,4200.051577991425
31689,3945.6218098241197
31690,8339.202993360399
31691,9524.236164719521
31692,7347.105631228291
31693,6435.551785856959
31694,3627.263473375437
31695,4975.683082807975
31696,3668.843537678007
31697,6781.549788328436
31698,8625.548167017663
31699,9482.833313965446
31700,4500.725649529718
31701,4927.3330601211655
31702,4407.087852407398
31703,5314.711885271005
31704,8564.848769388034
31705,5408.575113734132
31706,3478.5702979185844
31707,4034.5231438913343
31708,6592.249405234515
31709,3160.1920029127696
31710,6313.553744801752
31711,3340.77403819628
31712,5962.465199588678
31713,5664.517185612214
31714,5349.103007724862
31715,6694.3307153516
31716,6232.731000712922
31717,5059.534256188085
31718,6173.246031692527
31719,5703.277932409364
31720,8904.275831459521
31721,4948.468160606551
31722,6821.351327783369
31723,7923.747283329419
31724,8162.226252934156
31725,5708.701499244522
31726,7335.21938615354
31727,3472.907140583588
31728,4596.5903894146795
31729,5095.572972849604
31730,5803.424486567456
31731,7728.195804591804
31732,6033.691679592465
31733,4643.168090249708
31734,5404.026038541622
31735,5869.450489351809
31736,7751.085107152652
31737,3269.126999777999
31738,11290.386242413737
31739,3683.0154795272856
31740,6463.231232443562
31741,7554.444813095402
31742,3972.212980313986
31743,4493.641583417873
31744,5189.314818080612
31745,5835.14064309678
31746,4735.890775668634
31747,4631.307495769856
31748,8132.265621319855
31749,6491.953350711264
31750,5295.542113437216
31751,4682.854406901281
31752,6979.152062230661
31753,10464.330472096131
31754,6006.557766789998
31755,5389.249501514859
31756,4984.7780019407255
31757,6539.309111638364
31758,5013.385752324344
31759,6436.014298674491
31760,3359.3241534715276
31761,6361.851332693313
31762,5524.660165864461
31763,5338.846622391497
31764,8259.187271764416
31765,4364.012582798392
31766,4413.065815524663
31767,4048.342035010757
31768,6613.9948673799145
31769,8046.341692298717
31770,4488.661515310078
31771,4099.811903206443
31772,6131.674416312005
31773,5173.848725480979
31774,4592.826495366958
31775,6214.711896681751
31776,6247.109339452214
31777,6738.769420840157
31778,4659.964591200892
31779,4129.315474188331
31780,5151.232096924955
31781,6917.828516235101
31782,6565.564667628122
31783,6595.359804927754
31784,6364.420303722783
31785,4842.924705434247
31786,7475.346037554633
31787,4711.78662709832
31788,5085.716867886071
31789,7137.208701272611
31790,5414.673656023543
31791,8493.304558524349
31792,7000.692074278451
31793,5877.594063571175
31794,4901.139676399947
31795,6474.0596387726755
31796,5732.130865170823
31797,5557.0529369463375
31798,3693.997746531245
31799,4775.766590012112
31800,6806.950211420386
31801,4519.395045193695
31802,3516.822271906957
31803,7009.44754117099
31804,4169.366503042279
31805,5452.765650204545
31806,4620.292576652922
31807,4481.870290331375
31808,6213.502324069807
31809,6092.145900069508
31810,5277.600590243094
31811,4298.505764457867
31812,4585.075555215351
31813,5585.377150510485
31814,3306.38427289214
31815,6057.654867045069
31816,4059.105012965271
31817,7130.1281307173185
31818,3802.47990675698
31819,3692.764474157417
31820,10072.997834586136
31821,4092.7850683383676
31822,4187.863375571008
31823,8879.46611215328
31824,5319.581724400599
31825,6764.807331410289
31826,6905.124695250204
31827,4612.386728068501
31828,5914.598405673858
31829,3778.18755692626
31830,6379.198830297225
31831,9270.444580903595
31832,6165.444122280289
31833,2459.776123489256
31834,4122.320508945102
31835,6992.81788454601
31836,7870.159897508279
31837,4587.9433885646085
31838,5971.087439608595
31839,4490.690453775799
31840,4825.571424743821
31841,2876.7217800785807
31842,4119.667492853344
31843,5541.484149846356
31844,6195.004157949272
31845,5389.648474826644
31846,5528.902484523412
31847,7043.690535117445
31848,7253.523480817015
31849,6666.030419327917
31850,3787.0260564921837
31851,8529.19118441852
31852,7906.904730303247
31853,4469.266661025275
31854,6674.798540095526
31855,4317.815763049042
31856,5586.457744862352
31857,2854.305044214214
31858,5564.657896788927
31859,3790.5831142949187
31860,7920.21073958476
31861,6252.936359113109
31862,6523.771063669398
31863,7451.022248036591
31864,4876.993690304039
31865,6607.104606042187
31866,17284.46182737854
31867,8705.099764168024
31868,4480.854825166635
31869,2430.276341802805
31870,5112.467994566093
31871,6971.715499666398
31872,5247.077936766791
31873,11700.259131167852
31874,17568.976817501945
31875,3704.522554716611
31876,4621.567049471913
31877,7124.150676502762
31878,4159.49333163911
31879,5510.194036084014
31880,5110.170354778133
31881,6220.784071190357
31882,5403.594423308674
31883,3443.6532339311007
31884,5054.346875826443
31885,6221.700716843424
31886,7398.093453999289
31887,4929.909469923868
31888,5227.509082737647
31889,8027.483669858682
31890,4574.2617466527845
31891,4354.6291196233415
31892,4625.552884142506
31893,3922.561778101786
31894,4898.004135627347
31895,6241.580334264867
31896,5470.436014524765
31897,5464.384006521257
31898,6356.66683902488
31899,5802.706875609361
31900,7059.255113602478
31901,8601.318979064263
31902,7130.583370910651
31903,5466.36057775692
31904,3102.311038669664
31905,5384.1011437398565
31906,6323.768082358844
31907,4845.928294463676
31908,4084.4947009183625
31909,7316.701135872299
31910,5441.863423779382
31911,7940.410250900909
31912,5599.525752803096
31913,4392.460712402216
31914,4420.488010947384
31915,4908.296164151769
31916,8066.205255103484
31917,4533.161063917103
31918,7311.5768029330075
31919,13311.70632390975
31920,6457.209289539523
31921,5589.0376276535635
31922,4438.952632795309
31923,4096.744181497163
31924,5821.886304223555
31925,3322.6355123112176
31926,5053.556092947531
31927,8440.707866567707
31928,4433.875510812458
31929,11670.290444902324
31930,11015.477488277074
31931,4559.793490268692
31932,5423.696292322711
31933,4971.186433593137
31934,5921.7567858214325
31935,4745.877796944907
31936,9890.446087442022
31937,6260.034369421427
31938,7833.131505586734
31939,3996.5305442624976
31940,6655.779732218104
31941,4757.806542772675
31942,8358.624034689166
31943,5487.723798650563
31944,4874.931150281656
31945,5486.787525558732
31946,6010.066219261132
31947,6727.518054410758
31948,8207.244285810704
31949,5592.8533969133205
31950,8149.275831079674
31951,5425.373691257359
31952,8049.521377767489
31953,4708.557322922541
31954,4571.139661608273
31955,4287.579555126239
31956,7724.022901916884
31957,5189.562232603814
31958,6167.704316658316
31959,5311.6718410548265
31960,7168.348038406248
31961,4073.768089208869
31962,8594.651668645896
31963,6125.143273328547
31964,3463.8125133792955
31965,7048.750845889019
31966,13553.960117758874
31967,5156.0136822606855
31968,5553.712997950575
31969,7478.18851993854
31970,8428.097236248492
31971,9668.394104206176
31972,4510.813610421571
31973,6366.211020324448
31974,5014.022676462658
31975,6415.7401497816
31976,3600.9452267140355
31977,4702.365541688001
31978,4617.76492953924
31979,4931.849658635093
31980,6767.601423770892
31981,4485.35237550391
31982,3204.51926703259
31983,5937.32039587297
31984,3640.6148549965687
31985,4035.7269152236545
31986,5233.865732082644
31987,4530.477594377843
31988,7323.798235566951
31989,7473.159549994298
31990,6164.13920073309
31991,5480.114821294717
31992,5841.076214231988
31993,9393.916238210533
31994,5622.380388555366
31995,4300.387682311728
31996,4322.367350212869
31997,8252.058887570289
31998,4067.6911371071274
31999,6380.708279034339
32000,2878.5263075772273
32001,4154.533995627786
32002,6516.660317710065
32003,5395.115279437175
32004,4687.1893266431725
32005,7493.361474596657
32006,8159.2522240389235
32007,10804.781905546462
32008,5719.635152325231
32009,4375.463450559244
32010,2593.375068742704
32011,5028.707170648797
32012,5145.9137626647735
32013,3514.0263231270537
32014,7060.340298098465
32015,4379.047846291779
32016,4937.099992805912
32017,7297.179420672342
32018,9404.888888504725
32019,7371.142271310903
32020,4774.758029160327
32021,4217.3779774072555
32022,11736.69330185047
32023,7253.161829019486
32024,4852.764261039614
32025,4674.5820730327505
32026,6026.292313719176
32027,7680.492076187702
32028,3677.3895645922707
32029,5088.479763742576
32030,6499.171398429214
32031,6760.97082883347
32032,11917.890524167302
32033,5097.939813790248
32034,9841.354075689835
32035,5985.60376699934
32036,4501.662185630503
32037,2877.316918092867
32038,5045.864689543178
32039,5215.5008199082295
32040,4670.655981964275
32041,6122.724544489751
32042,4314.661931516135
32043,3760.1177506521253
32044,5983.772700015131
32045,3352.0871054662766
32046,4337.769185929174
32047,5502.654388906738
32048,7106.844638568432
32049,7327.881523834009
32050,3875.261618004544
32051,8021.534587457477
32052,4224.479864977031
32053,4734.995044719618
32054,5405.942152353244
32055,4241.118205960319
32056,8707.05950999001
32057,5797.02390875576
32058,3945.6918883910193
32059,6155.473875512567
32060,6474.928362690669
32061,6012.249389224698
32062,5036.782708959846
32063,6918.232415989658
32064,5411.271858777651
32065,5915.559741177123
32066,5438.587413017538
32067,7203.4650024191515
32068,4734.966008838383
32069,5618.277414713351
32070,4734.1562467688145
32071,4436.4163204848965
32072,4210.8925021481355
32073,4345.386870985447
32074,7208.2051561363505
32075,7909.643724290273
32076,9015.465808997711
32077,8750.687086041411
32078,6411.062140644378
32079,6912.062423580995
32080,4811.061310949624
32081,10102.553411585148
32082,9035.846422084098
32083,5413.366161736787
32084,7426.939152867289
32085,7064.933467256087
32086,5253.07385930066
32087,4055.640031088192
32088,4352.201734886048
32089,5867.602828798052
32090,5447.508879621198
32091,5420.617393376161
32092,1963.475449939766
32093,8967.210737549387
32094,5493.983667277083
32095,5257.438928973449
32096,4393.351063447589
32097,4938.355846239071
32098,5950.192627777632
32099,6077.11627545992
32100,5583.823365828616
32101,5357.237661026879
32102,3791.5465480951325
32103,3335.043221421733
32104,2838.9842790135895
32105,5796.064797755789
32106,16043.72001517677
32107,4020.418807295005
32108,5151.129024371491
32109,5649.7099512724135
32110,4634.450331972164
32111,4218.24775716096
32112,4307.400465710332
32113,3531.4297531007733
32114,7890.075883175302
32115,5476.540137365943
32116,3289.0764641784826
32117,7252.695145016873
32118,4121.35654845225
32119,4302.897817525126
32120,9080.330918428155
32121,6271.079329975581
32122,8811.110778818404
32123,4179.51407908156
32124,5655.214452688084
32125,4285.362946299107
32126,4146.393001586649
32127,13016.25076156111
32128,8751.661142940393
32129,5511.20267270339
32130,4348.839841892756
32131,4406.276661966972
32132,4990.636064170814
32133,3830.525613146343
32134,8690.217555475841
32135,4719.2131172374675
32136,3890.271627455214
32137,5848.371587484413
32138,3916.204441654432
32139,5787.44523767001
32140,6271.375523218009
32141,6219.973480122475
32142,5736.36868939472
32143,3482.6517847258947
32144,3754.121611818006
32145,4845.653579789363
32146,7308.793444167502
32147,7381.296773021471
32148,6145.000712590013
32149,3839.744014391785
32150,7580.996373272388
32151,5030.392803205852
32152,4144.144298965104
32153,5695.014547902437
32154,6050.487140338812
32155,5293.154515929275
32156,6045.170872794694
32157,5617.016634159594
32158,5100.9802748400325
32159,5015.998720565234
32160,6386.387269417481
32161,5881.225220138647
32162,5008.328609227821
32163,8051.418377804001
32164,5282.092774767786
32165,3876.621381888338
32166,9120.275028421982
32167,4492.141485428459
32168,2896.020404266485
32169,6933.765385118148
32170,7914.648281884779
32171,8573.326532522216
32172,4649.641708782231
32173,5023.077287525878
32174,4265.436669891326
32175,6321.9438055874725
32176,4986.297800914752
32177,6560.563428699364
32178,2696.359697013771
32179,4738.778516509213
32180,4940.949125672402
32181,4120.724032285524
32182,4205.036820215606
32183,6275.680670479265
32184,6264.000543372664
32185,5667.7821994330225
32186,6845.118937927657
32187,4939.705912852253
32188,7174.966601382284
32189,4223.909416226296
32190,5883.260990246518
32191,6008.652882150532
32192,6730.192937253383
32193,7034.619507941022
32194,2937.844321859398
32195,8855.79275772874
32196,5774.122560093372
32197,6426.316717009214
32198,4613.286393640759
32199,3888.191941418059
32200,6619.384719605133
32201,4858.435054600151
32202,7364.543312881374
32203,5492.439575092999
32204,4699.943858702632
32205,6101.292021172513
32206,5218.673268247273
32207,4470.521631572309
32208,7081.3153458246
32209,4382.2284368060355
32210,8925.364729897079
32211,9027.768064757956
32212,6620.880881369876
32213,4047.361022515388
32214,4409.763759570364
32215,3646.2853384646382
32216,2791.5023267663714
32217,7275.856427397424
32218,4361.466218356644
32219,7559.6777883014765
32220,3682.533598562757
32221,5395.075487763697
32222,5596.102719163188
32223,7585.398184118169
32224,4436.930970499529
32225,4667.733055623386
32226,4135.937417450197
32227,6641.921886204779
32228,4475.4203998474295
32229,6067.757680535785
32230,6747.014721497998
32231,8136.992209004291
32232,6701.737679838027
32233,6532.728592422887
32234,5399.471295433718
32235,4291.9487711286065
32236,4437.913577746242
32237,8933.239371013999
32238,7780.07053625406
32239,8669.561998002368
32240,14312.71595491926
32241,4195.501677512547
32242,4292.550912188645
32243,5475.0233883387855
32244,7355.437372756353
32245,8694.626471934285
32246,5652.233670500541
32247,6830.108764065267
32248,6606.243494759485
32249,4179.917908958992
32250,5529.897956090051
32251,4255.016299355028
32252,4136.122234183505
32253,4249.542218265224
32254,3474.5611568913114
32255,3964.804541150572
32256,6791.090765361966
32257,14589.810337610494
32258,5947.418014417972
32259,4527.092562788641
32260,5654.266693962726
32261,3359.0141209311805
32262,5435.429089550717
32263,3880.26712095829
32264,7921.197130820979
32265,5704.4375097608
32266,5738.570481560508
32267,10598.096835221677
32268,11201.070332378406
32269,4270.973457703244
32270,6033.012203835228
32271,3545.400613286224
32272,5009.019759601084
32273,4999.981666238732
32274,7769.145022691366
32275,3963.8369057517243
32276,3723.7223621323124
32277,4265.500783172408
32278,4717.439272141223
32279,5689.992755701808
32280,5511.794285126969
32281,4037.6463851063572
32282,5966.43286278254
32283,7049.601401239681
32284,5661.930762409615
32285,3543.5462302595156
32286,3111.348419054967
32287,6593.1267931684315
32288,4267.407209068941
32289,8421.50603345232
32290,3367.9108928336223
32291,4914.00317110667
32292,6514.138663811244
32293,4552.5407878598335
32294,4530.110863642149
32295,4415.790660964037
32296,5601.767247404769
32297,8286.202080738247
32298,7368.556633998836
32299,5118.342421239987
32300,3684.336351349912
32301,4998.976523496111
32302,4286.279987174554
32303,4537.672060208625
32304,4986.161664171613
32305,5421.20974852925
32306,9974.219832827956
32307,7553.693573387107
32308,5363.406482354169
32309,6361.119893889023
32310,5351.532281330982
32311,7603.34697843911
32312,4876.528009569209
32313,10536.324559698794
32314,5140.701952179527
32315,4407.745058779541
32316,4526.074183483183
32317,3802.502063737431
32318,6250.862263017346
32319,18568.9251872309
32320,3388.0930853291457
32321,4265.831773594698
32322,8470.65293377619
32323,5744.5017905158575
32324,9042.617481272791
32325,6771.8041863194385
32326,4669.311042340829
32327,4571.315082374068
32328,3942.2775905147446
32329,8122.866375865062
32330,5150.321514346764
32331,5977.243786789743
32332,6934.930908918394
32333,4545.078627696281
32334,6569.160535915625
32335,5283.9062801662485
32336,3672.9616335078317
32337,7946.492173276417
32338,8362.758003051611
32339,3828.4825502299555
32340,6375.306281443631
32341,5392.066668199691
32342,4638.414844764646
32343,7627.642919322593
32344,5595.1808263737685
32345,6270.016752551105
32346,3994.662440197926
32347,3835.6238368322174
32348,6259.225022884443
32349,3497.325644685379
32350,7141.58877941945
32351,3830.1593337748845
32352,5200.441279838725
32353,4208.959973354296
32354,5290.867119429633
32355,5033.754276623703
32356,5850.836433775109
32357,5371.4335553345245
32358,7440.496403416026
32359,4984.8577821793215
32360,6340.528078564691
32361,5583.245498435043
32362,6623.431886917865
32363,8830.581674905303
32364,6825.807756764087
32365,3010.6585678112733
32366,4074.8566945619714
32367,6454.545698579712
32368,8136.515109321232
32369,9966.829819294273
32370,6153.935275677565
32371,5308.275822659895
32372,9254.37518367633
32373,6165.407455189416
32374,3364.306333534603
32375,17273.865007142158
32376,8505.760947439305
32377,5264.067548367576
32378,6601.8817515331775
32379,8323.017293275354
32380,5004.313810596795
32381,5403.437379744614
32382,5606.581365458679
32383,4861.904664987791
32384,4407.404482987603
32385,5845.8505741041745
32386,3987.849001373761
32387,6829.035946433425
32388,5215.640882043365
32389,7505.265319603761
32390,5743.539251378614
32391,5531.082790078903
32392,5813.498084135478
32393,4818.183792368751
32394,6723.143122238132
32395,5647.377088148493
32396,5457.813385164436
32397,5773.067425874777
32398,6157.065129453881
32399,8628.460781841244
32400,4407.003458820182
32401,4456.268677972749
32402,5196.817434858658
32403,5993.010803751755
32404,6570.498318232821
32405,4560.57836736063
32406,4042.0397238799465
32407,6100.3695601132595
32408,7530.048212423583
32409,4775.143688102703
32410,7010.391657800534
32411,5803.64860531576
32412,5513.511644022212
32413,3923.750496895125
32414,3129.3577003542114
32415,5784.4695966918825
32416,5618.215154938118
32417,5213.312541741983
32418,7427.491579933396
32419,6692.94316418304
32420,4190.007515395248
32421,6714.134168472334
32422,3683.6150036055706
32423,2759.948214144516
32424,6133.662856490733
32425,4988.6376071730565
32426,6114.749044817111
32427,5848.879052902162
32428,3592.352665717028
32429,5398.455989995456
32430,6561.052197927073
32431,4481.564552579773
32432,6865.523026996782
32433,3791.135729320702
32434,4378.125637498123
32435,4588.9854596426885
32436,4190.9631384613185
32437,4877.345625219861
32438,3847.933898794044
32439,3624.9594573252266
32440,3822.426001519276
32441,6106.146074144173
32442,5380.833845867467
32443,4257.756212435913
32444,5489.9594300698445
32445,5718.835984006743
32446,4617.221445011687
32447,4631.88684328829
32448,6667.285696674243
32449,6546.562875927994
32450,4768.119178853828
32451,3261.9435932327533
32452,10351.33353409091
32453,5426.923804466043
32454,4345.57718015318
32455,6438.395237592148
32456,6810.814413659741
32457,5996.443012681763
32458,5294.676170255671
32459,6397.401750950847
32460,7263.461512473639
32461,10801.162486875868
32462,4083.6072145430253
32463,3702.0220541745825
32464,4203.445716839362
32465,5701.87833577495
32466,4712.011901218065
32467,6883.490255008881
32468,7155.7029661359875
32469,5541.331132934187
32470,3582.4172600031684
32471,4669.48574807141
32472,9864.544813617307
32473,3818.329988524883
32474,6248.259627132792
32475,3313.61176267993
32476,6013.966597176212
32477,6696.47847811202
32478,6458.761714272204
32479,7243.1599741858845
32480,5477.576819274541
32481,3698.445833486024
32482,5565.416466841559
32483,6184.161473515603
32484,7148.111848510236
32485,6489.170431971172
32486,6373.064787445724
32487,5018.542950986539
32488,3842.8381882601457
32489,8443.47918510583
32490,3862.374069492207
32491,9452.913447797297
32492,5564.697027259989
32493,3538.1816787566845
32494,6200.539931068928
32495,5294.822317051413
32496,6426.600427296429
32497,8334.480261011862
32498,3506.466835683796
32499,3738.2915955981152
32500,6449.0987596038285
32501,6892.836462201584
32502,4579.239020087757
32503,5200.982752737273
32504,5360.750545259133
32505,4657.83622574477
32506,5958.074163864626
32507,4532.663255908438
32508,8566.316936137564
32509,7162.852979400777
32510,3332.638517843267
32511,5007.4298699586025
32512,5096.743862274359
32513,10758.443486354332
32514,9453.61911043248
32515,4089.1871769376053
32516,8356.732514923882
32517,4422.997467504145
32518,4997.569694249664
32519,4295.414042859103
32520,4602.368041262657
32521,4811.937734105322
32522,4786.0746166191375
32523,4327.019663789554
32524,4148.767013369213
32525,6398.074131126228
32526,6071.730194987919
32527,20319.623902469248
32528,5739.419307786168
32529,3755.5442461060193
32530,6049.862810653527
32531,9317.384348566655
32532,5452.045168969918
32533,6570.712454078941
32534,5920.459541317343
32535,6568.978456233639
32536,6461.29811415196
32537,3821.156825641678
32538,5030.445319526943
32539,5897.89856880187
32540,7404.500526556616
32541,5904.318879876167
32542,6300.059820425148
32543,4085.6330374347863
32544,4211.2426358053435
32545,4668.668660592347
32546,8405.925991553382
32547,10601.41468493787
32548,7567.116774087026
32549,6603.95033323278
32550,3542.0698265953183
32551,5142.437471911828
32552,3997.9089485285945
32553,7634.847175602177
32554,8760.70136778585
32555,9968.184405192029
32556,4731.306840151417
32557,4922.853692958916
32558,4318.654075821239
32559,5434.6537932302035
32560,8731.40203760047
32561,5774.793460473348
32562,4341.096945566301
32563,4136.828027447138
32564,6932.484649025811
32565,3451.980262408344
32566,6324.262849733301
32567,3419.010473757064
32568,6443.120004999901
32569,5812.201789014285
32570,5592.7224873736095
32571,6836.197939960323
32572,6390.574094721686
32573,5170.997819194522
32574,6565.657028698428
32575,5958.752069792221
32576,9217.486815691791
32577,5555.616952106717
32578,6830.442567689705
32579,8048.362630626728
32580,8372.551708441884
32581,5796.816631434361
32582,7485.514290185307
32583,3606.574717649496
32584,4725.2652219122465
32585,5510.868817738939
32586,6062.050366141672
32587,8054.469996315705
32588,6881.79614432463
32589,4855.320807587022
32590,6244.498044294496
32591,6101.698868403314
32592,7954.957670783465
32593,3588.06908868664
32594,11587.766658357894
32595,3835.138262845992
32596,6672.555013202017
32597,7669.160149044585
32598,4052.5851836934244
32599,4760.843529397332
32600,5334.985105376649
32601,6014.879519846778
32602,4804.239189774951
32603,4994.5761380075455
32604,8580.21638384899
32605,6701.606035819946
32606,5355.285723826827
32607,4810.07449442383
32608,7071.1288236196015
32609,10866.237923880457
32610,6262.8915638418
32611,5828.744815196629
32612,5421.724492247233
32613,6797.778215978464
32614,5482.949337384706
32615,6782.712301712063
32616,3611.7043571102095
32617,6625.8684503610675
32618,5761.658673843858
32619,6073.373607119887
32620,9417.954387582027
32621,4347.90149872281
32622,4581.430974807539
32623,4365.950353507605
32624,6857.888447419891
32625,8144.616274053562
32626,4988.449974127562
32627,4202.423154068154
32628,6590.534016091393
32629,5480.528396161272
32630,4689.987567315939
32631,6584.544199494134
32632,6309.724718701235
32633,6962.912927079692
32634,4895.541358326521
32635,4334.142236790381
32636,5439.3814750423235
32637,7085.474471897623
32638,6875.539586224451
32639,6716.322816532791
32640,6667.918293609662
32641,5408.625834253575
32642,8127.492823517516
32643,4898.111147484653
32644,5117.768450858654
32645,7719.376489790243
32646,5939.985242309345
32647,8544.032919604078
32648,7171.3601197295975
32649,6101.041530274032
32650,4952.3353664009155
32651,6652.24880974339
32652,6035.537310187699
32653,5834.246149036421
32654,3855.0256226266847
32655,4967.444727804875
32656,6876.1731193231535
32657,4688.549695888606
32658,3582.606005511407
32659,7274.7691932234475
32660,4401.162311622201
32661,5657.824561372238
32662,4806.564892738797
32663,4746.055213454845
32664,6264.151114552116
32665,6437.093898982987
32666,5479.389215034966
32667,4544.395638149404
32668,4991.089560092685
32669,5767.719469421648
32670,3403.183628398133
32671,6148.105733663603
32672,4310.602745951556
32673,7600.034522245726
32674,4101.125156907635
32675,3918.236377563951
32676,10491.662799428068
32677,4478.953395865574
32678,4420.6541521525705
32679,9313.99829670484
32680,5523.409612936083
32681,7107.773301759547
32682,7472.309687656974
32683,4839.211466422466
32684,6056.625559552344
32685,3878.663506594239
32686,6608.203879599774
32687,9928.522778270555
32688,6448.626236443903
32689,2521.8817676099698
32690,4371.922637688694
32691,7004.145321719947
32692,7868.413879567071
32693,4928.041490865085
32694,6300.530257954466
32695,4612.522351588598
32696,4925.110662282426
32697,3262.095956061224
32698,4293.227157931644
32699,5757.302156569319
32700,6406.569641875734
32701,6080.799080834541
32702,5705.428567463805
32703,7252.349154370851
32704,7524.614841599779
32705,7164.764498827849
32706,4034.5702392816165
32707,8985.118218249072
32708,8421.66646469771
32709,4688.380608380654
32710,7192.515588455404
32711,4561.882320627086
32712,5686.163900989679
32713,3269.76358434565
32714,5604.255737519832
32715,3973.8579070346545
32716,8613.425564465764
32717,6646.39987765339
32718,6782.258980497722
32719,7612.381516886705
32720,5041.363976402987
32721,7113.191043047637
32722,17151.627376423923
32723,8854.93900746884
32724,4897.691334738087
32725,2510.989465270024
32726,5334.990897783589
32727,7016.410677155575
32728,5475.480328977524
32729,11753.697876398883
32730,18079.21998937174
32731,3940.9979514506385
32732,4677.379531068775
32733,7657.707325615903
32734,4169.155331202255
32735,5692.454626587465
32736,5365.30838709085
32737,6362.9239195396185
32738,5432.575771793523
32739,3535.4764136969316
32740,5322.154212267081
32741,6506.918622156354
32742,7693.382551014619
32743,5545.375325763547
32744,5376.486312574168
32745,8157.649244009115
32746,4851.506826064836
32747,4479.1983311435815
32748,5052.899594282674
32749,4680.144551458304
32750,5184.7385042931
32751,6339.440094013782
32752,5635.042383130595
32753,5528.01997487235
32754,6507.952279816507
32755,6255.569126585535
32756,7845.855139626682
32757,10361.730759350317
32758,7268.793746001848
32759,5459.8642234479685
32760,3246.4947848263164
32761,5519.215718942435
32762,6487.09854090428
32763,5147.624444230132
32764,4269.370136593796
32765,7427.575245267807
32766,5572.346230816449
32767,8380.428638476069
32768,6093.626996094591
32769,4616.994185464959
32770,4454.034848873347
32771,5467.994481397256
32772,8269.340773458964
32773,5018.913154686989
32774,7654.206368280241
32775,13826.7157771534
32776,6772.85753232299
32777,5501.242609435671
32778,4700.420608425888
32779,4259.967765807427
32780,6011.4440630088875
32781,3443.1488531174705
32782,5302.022063739714
32783,8821.657032134362
32784,4661.236886795996
32785,11786.980841200466
32786,11541.039966838718
32787,4772.911913151365
32788,5819.7350825614485
32789,5099.767772417495
32790,6095.449646597579
32791,4925.963324222397
32792,10363.504178189438
32793,6248.223357817833
32794,7951.144175021873
32795,4243.885514675686
32796,6691.691944051909
32797,4766.452829676132
32798,8474.018414307913
32799,5737.4594413534505
32800,5089.09044875474
32801,5674.360431843464
32802,6252.564369244791
32803,7199.209309960508
32804,8573.0967969942
32805,5767.668132847158
32806,8547.441799368702
32807,6025.457596435378
32808,8623.046698866709
32809,4988.874126002693
32810,4635.246210455633
32811,4559.71648921248
32812,7790.251807404196
32813,5585.232897323214
32814,6530.6397000401585
32815,5549.4630127268765
32816,7342.976302540542
32817,4370.720208103567
32818,8637.917966449399
32819,6113.1740932504335
32820,3563.3538999534567
32821,7104.723867907849
32822,15546.550209594197
32823,5793.666312479108
32824,5768.602608335291
32825,7623.565417476187
32826,8476.42874807833
32827,10158.35568220075
32828,4650.368432577356
32829,6573.342451382167
32830,5109.7699308102465
32831,6685.3542309825925
32832,3818.4855772193982
32833,4751.453649425737
32834,4875.510781567287
32835,5180.911759953879
32836,6998.039645494911
32837,4628.869995521038
32838,3330.217424466874
32839,6126.526910772284
32840,3780.854586254389
32841,4172.955149691849
32842,5246.043041749678
32843,4649.479413031411
32844,7692.170394106478
32845,8434.021048700484
32846,7029.315288406851
32847,5837.509143345581
32848,6029.903598768353
32849,9577.010103106692
32850,5844.818676337669
32851,4329.71014041934
32852,4570.378138539219
32853,8853.679994394024
32854,4439.7316404634885
32855,6739.269112492666
32856,3113.5554631278155
32857,4344.384654349322
32858,6767.491757076255
32859,5564.152420560148
32860,4831.718968283037
32861,7862.946927710262
32862,8468.438535993555
32863,11337.063006668172
32864,6037.009665744747
32865,4458.454462943059
32866,3047.721832330251
32867,5057.172542004049
32868,5216.122714518234
32869,3535.534570046801
32870,7596.191485064321
32871,4400.91805688674
32872,5415.1961911189965
32873,7541.092930473655
32874,9800.948847435246
32875,7512.056480027023
32876,4959.1455897431515
32877,4233.064063977904
32878,12307.148754961696
32879,7422.9907687655195
32880,5253.213962165284
32881,4835.477019647138
32882,6312.340936022313
32883,7795.996467157844
32884,3823.8911045204795
32885,5916.386864582775
32886,6615.104514996188
32887,7012.44421204031
32888,12140.72405742248
32889,5199.303163788177
32890,10545.57870597458
32891,6248.272727992269
32892,4813.420867910575
32893,3038.7694758796088
32894,5237.104503178681
32895,5453.351527186247
32896,4911.97908884336
32897,6327.398019154027
32898,4493.689252057143
32899,3895.180138537294
32900,6119.7054280705715
32901,3613.4514790542894
32902,4646.961508349036
32903,5930.087368932595
32904,7304.444978130787
32905,7483.29565148108
32906,4356.567167191469
32907,8093.238293024786
32908,4435.989447368133
32909,5077.689529481067
32910,5792.574753004125
32911,4367.433197963414
32912,9396.517638335521
32913,6500.02194243038
32914,4029.3954148090456
32915,6443.496483790296
32916,6911.955472991187
32917,6137.586012773663
32918,5270.648951561241
32919,7137.975292970148
32920,5609.517003815326
32921,5956.770185908046
32922,5423.9438976102865
32923,7435.626221854126
32924,4986.025344376212
32925,5822.306955363564
32926,4909.043958982965
32927,4734.4422551688485
32928,4419.627463456304
32929,4481.2345235587945
32930,8180.365975718234
32931,8546.207409456105
32932,9302.76123871022
32933,8896.415495761594
32934,6638.402630021195
32935,7547.608948381942
32936,5270.165577414369
32937,10480.705993031479
32938,9200.771464304311
32939,5662.510788577267
32940,7733.637101628865
32941,7026.029036539181
32942,5485.685699807136
32943,4335.424199498214
32944,4722.667761335536
32945,6055.851695614677
32946,5599.068911634934
32947,5624.96740670262
32948,2001.9940588447498
32949,9293.129683363612
32950,5786.520455317401
32951,5324.529231034031
32952,4796.586369227988
32953,5078.564880735278
32954,6242.855431916287
32955,6277.699883837653
32956,6356.8802220418465
32957,5426.6576939106635
32958,3938.042788513867
32959,3560.994074274065
32960,2869.2083092657062
32961,5896.889718527051
32962,16314.509351809953
32963,4336.213579730987
32964,5250.872462768235
32965,5762.046468546805
32966,4834.469527386828
32967,4565.713546654381
32968,4518.898525644801
32969,3511.94811291906
32970,8105.703583863502
32971,5660.497404223109
32972,3388.518811524389
32973,7634.513648724678
32974,4159.080755475952
32975,4550.528174468914
32976,10698.458109980556
32977,6583.525738001381
32978,9893.596354589039
32979,4298.860118862083
32980,5735.23471241661
32981,4293.248549672023
32982,4290.184776034423
32983,13318.559679643024
32984,9813.32222897609
32985,5915.992466949996
32986,4431.548943665983
32987,4665.7374587944305
32988,5703.973050475739
32989,3898.794851969024
32990,9182.40150989322
32991,4807.680605328323
32992,4035.2950287226076
32993,6288.183491196713
32994,4079.2121574979046
32995,5889.851180199703
32996,6265.4539499856855
32997,6535.4275070248195
32998,5920.487937396718
32999,3466.05833179239
33000,3903.8550023506755
33001,5447.9180095960455
33002,7775.546355210707
33003,7438.671629167291
33004,6218.5648481943135
33005,3988.831993188314
33006,7924.509399641911
33007,5156.794266673695
33008,4594.608440196151
33009,5916.189896603054
33010,6320.990640354808
33011,5405.937319240045
33012,6066.149665334328
33013,5915.452323540475
33014,5889.137069775305
33015,5223.178705418116
33016,6639.525789879053
33017,6068.007825277531
33018,5063.724645834285
33019,8233.388806558254
33020,5282.2927135429
33021,3899.958706021851
33022,9336.401606114548
33023,4658.679858988234
33024,2876.225999770653
33025,6990.882408668128
33026,8298.397220633122
33027,8540.722032827467
33028,4825.556776658799
33029,5207.204156702705
33030,4466.464611314216
33031,7049.169820504809
33032,5199.663642067305
33033,7146.533467151146
33034,2724.448998628822
33035,5039.7269107732645
33036,5167.358754217352
33037,4317.177495096405
33038,4355.8726800923305
33039,6431.656249758917
33040,6607.844357320782
33041,5814.801029850139
33042,7009.1199876039
33043,5354.0591150114515
33044,7617.932038301106
33045,4441.422384177835
33046,6153.194795597375
33047,6339.968340446317
33048,6893.150489361113
33049,7518.897130737339
33050,2955.726134413557
33051,8808.128339979821
33052,6191.630676987915
33053,6528.114578474242
33054,4713.238494665465
33055,3894.98337992563
33056,7141.490052423239
33057,4891.126157742458
33058,7753.286283046403
33059,5782.092082338908
33060,4965.255657831906
33061,6549.139462565513
33062,5377.211008480879
33063,4572.972502019715
33064,7391.723480992693
33065,4378.73158496412
33066,9423.724481701305
33067,9427.612484543233
33068,6737.443128679758
33069,4106.992841434304
33070,4679.740310683324
33071,3803.18052854726
33072,2728.568266858141
33073,7484.696311971656
33074,4722.613691711674
33075,7670.87180664583
33076,3848.9126458642277
33077,5379.977027029987
33078,5713.333034001857
33079,8038.162598748474
33080,4600.045947655951
33081,5017.919834054585
33082,4252.785006139286
33083,6936.672820025564
33084,5147.51659214315
33085,6383.402243975452
33086,7079.673546365619
33087,8096.680460352793
33088,6860.160139123696
33089,6650.3048636378035
33090,5797.6562974499075
33091,4404.893648640574
33092,4727.979306064287
33093,9194.160394851986
33094,7851.831023647459
33095,9906.116440487884
33096,14447.21981027714
33097,4187.567488701358
33098,4677.122267028464
33099,5603.871579739705
33100,7522.239580811751
33101,9347.193561299167
33102,5871.957541165924
33103,7022.865942722256
33104,6780.130782767053
33105,4364.960685338403
33106,5625.170061869188
33107,4453.388517260328
33108,4333.344180782199
33109,4423.8892524607745
33110,3445.191135488694
33111,4088.2261887666036
33112,7316.702575705298
33113,15130.45498305861
33114,6325.465515149312
33115,4765.177120222369
33116,5797.368980458781
33117,3756.8364492355427
33118,5692.55846872228
33119,3891.497338293243
33120,8636.356012631973
33121,6010.048091136959
33122,6108.8911629429895
33123,11743.757971675013
33124,11145.708827147526
33125,4128.609549112652
33126,6028.701024424933
33127,3717.9264596261596
33128,5403.046789866955
33129,5644.388442410531
33130,8121.3439514304955
33131,4055.9680731835024
33132,4017.980980930207
33133,4287.542122957622
33134,4996.273656401604
33135,5554.021064588829
33136,5820.6389588677275
33137,4289.359515104719
33138,6592.852776671187
33139,7040.082672178885
33140,5798.235824554243
33141,3691.2769764997624
33142,3198.3496471997287
33143,6782.825637300604
33144,4355.596855634349
33145,8763.771852658849
33146,3763.7582788763516
33147,5194.332543010909
33148,6695.837622339497
33149,4796.486729420197
33150,4730.569552765387
33151,4627.62065402872
33152,5705.158739108113
33153,9242.155775665397
33154,7452.746520579601
33155,5267.870573192635
33156,3968.082009569066
33157,6139.0083900062355
33158,4384.720155534008
33159,4671.584455877499
33160,5165.95762462211
33161,5461.026652082397
33162,10645.903104253914
33163,7780.797434556264
33164,5597.761566353322
33165,6383.872745179592
33166,5568.692397495907
33167,8028.476289371235
33168,4902.239155782669
33169,10868.55346278511
33170,5360.841187276465
33171,4539.765667157274
33172,4819.244356940445
33173,3778.163501521869
33174,6875.681754568754
33175,19237.686392234235
33176,3562.1760872478753
33177,4442.897564558484
33178,8584.771699112163
33179,5844.82305416741
33180,9130.5122617301
33181,6924.806113887728
33182,5079.632852043381
33183,4972.649443907492
33184,4002.990732178485
33185,8196.45964359812
33186,5278.366985398589
33187,6334.661288755866
33188,7326.287977043893
33189,4722.822977048726
33190,6816.192545810098
33191,5684.254309830989
33192,3684.012149242098
33193,8230.87939114395
33194,8734.236267264514
33195,3903.3343638844817
33196,6889.854662274203
33197,5717.349451679882
33198,4915.602851246135
33199,8227.264820108081
33200,5834.485613960405
33201,6736.169483197998
33202,4091.0899425172042
33203,3975.7027279109793
33204,6597.164326204001
33205,3657.389445287555
33206,7290.958170040849
33207,3870.8457039741297
33208,5639.502787931034
33209,4450.632086463
33210,5729.8355409355245
33211,5232.967688546748
33212,6204.448614712823
33213,5703.376908103187
33214,7745.258457115597
33215,5324.522913380737
33216,6903.9753134643115
33217,5716.188708690817
33218,6641.045955562003
33219,9047.092637667207
33220,7277.033731621745
33221,3024.532836074057
33222,4272.103034132533
33223,6989.1616046036725
33224,8280.224188666723
33225,11163.30660146115
33226,6480.622860156557
33227,5642.310344455491
33228,9461.171345672768
33229,5849.413637998438
33230,3512.941008631878
33231,17902.080533144668
33232,9300.099197216397
33233,5330.269505941295
33234,6676.947481774574
33235,8399.396135127943
33236,5836.492835498544
33237,5475.301513613511
33238,5694.681087058802
33239,5228.466403177705
33240,4598.88009240288
33241,6223.405863880299
33242,4084.6548623715034
33243,6654.339216317135
33244,5833.6811779740965
33245,7621.635363220765
33246,5865.451584531702
33247,5789.019917118097
33248,6109.292861196535
33249,4922.935548662938
33250,6785.238264002413
33251,5884.835817095097
33252,5694.786588667881
33253,6153.448646531229
33254,6256.473714507717
33255,9053.106191267225
33256,4863.258728205588
33257,4767.7006764817315
33258,5341.594089445643
33259,6355.0711305788645
33260,6707.584618116318
33261,4687.960249525263
33262,4168.8773245463835
33263,6127.758385070982
33264,7481.226852713033
33265,5095.364353698068
33266,7342.770501309183
33267,5919.7972948594015
33268,5745.118224239426
33269,4222.299897403237
33270,3360.1617838002635
33271,5883.740524308726
33272,5734.498329373056
33273,5277.942328468364
33274,7727.9132814211935
33275,6972.411417202894
33276,4726.076551018426
33277,7374.955462251493
33278,3687.002064211631
33279,3157.937027669225
33280,6234.689943984119
33281,5117.067373406822
33282,6333.615253725851
33283,5924.80406832123
33284,3737.5865295833064
33285,5589.666133313116
33286,6865.951957621629
33287,4514.731047668018
33288,7339.130047769958
33289,3971.2096268779896
33290,4775.811927320761
33291,4850.328047952907
33292,4794.9995145631865
33293,5536.031312469189
33294,3917.270242270013
33295,4056.4766253304238
33296,4013.465033812763
33297,6229.606580187449
33298,5477.568141789754
33299,4516.267658671952
33300,5473.566977181315
33301,5967.232145339643
33302,4733.895377079619
33303,4814.971499020156
33304,7620.886823350669
33305,7312.48384147878
33306,5259.074319022625
33307,3434.1971332342455
33308,10327.848817401557
33309,5742.060136100829
33310,4497.136861551846
33311,7120.6399386984485
33312,7533.321174305958
33313,6103.744094461094
33314,5377.014124266529
33315,7095.852063294547
33316,7239.981533272285
33317,10979.099946407352
33318,4064.8967159860267
33319,3894.1411414761706
33320,4409.361911394807
33321,5935.176299994939
33322,5116.758492236523
33323,6915.104976913875
33324,7247.1817272776225
33325,5795.951755663583
33326,3732.5297952115257
33327,5058.665033049467
33328,10922.955224852993
33329,4035.8650536598634
33330,6351.115056666642
33331,3348.8072739594995
33332,6386.159698782124
33333,6849.22158000823
33334,6581.34202880071
33335,7485.270184650197
33336,5788.809399868795
33337,3902.1889690848348
33338,5837.818766952681
33339,6051.103727166624
33340,7270.965845082205
33341,6610.108281103232
33342,6565.279703191839
33343,5166.700316353199
33344,4201.41352945628
33345,8659.265080683206
33346,3998.8181263724655
33347,9943.955469392531
33348,5742.003807325362
33349,3736.6366964313224
33350,6588.997859871338
33351,5844.273122809379
33352,6555.281870084809
33353,8637.618399051928
33354,3944.2378246859353
33355,3836.508209516877
33356,6810.078595560442
33357,7080.116044603661
33358,4898.757884488062
33359,5226.891740443881
33360,5701.197141108889
33361,4794.646112500708
33362,5962.050546018269
33363,4556.3674418807905
33364,8607.808912225202
33365,7831.875850363443
33366,3260.276367840279
33367,5207.163475637238
33368,5251.556921165772
33369,10961.177030151222
33370,9782.970718080636
33371,4114.199523035642
33372,8967.55205529931
33373,4600.56722980612
33374,5056.3657599990165
33375,4796.141106851483
33376,4660.558584234392
33377,5012.815060182165
33378,4885.406521633268
33379,4512.701230852482
33380,4283.056812594627
33381,6851.545203133468
33382,6451.735582626861
33383,21022.664865409097
33384,5906.36083466207
33385,0.0
33386,0.0
33387,0.0
33388,0.0
33389,0.0
33390,0.0
33391,0.0
33392,0.0
33393,0.0
33394,0.0
33395,0.0
33396,0.0
33397,0.0
33398,0.0
33399,0.0
33400,0.0
33401,0.0
33402,0.0
33403,0.0
33404,0.0
33405,0.0
33406,0.0
33407,0.0
33408,0.0
33409,0.0
33410,0.0
33411,0.0
33412,0.0
33413,0.0
33414,0.0
33415,0.0
33416,0.0
33417,0.0
33418,0.0
33419,0.0
33420,0.0
33421,0.0
33422,0.0
33423,0.0
33424,0.0
33425,0.0
33426,0.0
33427,0.0
33428,0.0
33429,0.0
33430,0.0
33431,0.0
33432,0.0
33433,0.0
33434,0.0
33435,0.0
33436,0.0
33437,0.0
33438,0.0
33439,0.0
33440,0.0
33441,0.0
33442,0.0
33443,0.0
33444,0.0
33445,0.0
33446,0.0
33447,0.0
33448,0.0
33449,0.0
33450,0.0
33451,0.0
33452,0.0
33453,0.0
33454,0.0
33455,0.0
33456,0.0
33457,0.0
33458,0.0
33459,0.0
33460,0.0
33461,0.0
33462,0.0
33463,0.0
33464,0.0
33465,0.0
33466,0.0
33467,0.0
33468,0.0
33469,0.0
33470,0.0
33471,0.0
33472,0.0
33473,0.0
33474,0.0
33475,0.0
33476,4776.874151136445
33477,0.0
33478,0.0
33479,0.0
33480,0.0
33481,0.0
33482,0.0
33483,0.0
33484,0.0
33485,0.0
33486,0.0
33487,0.0
33488,0.0
33489,0.0
33490,0.0
33491,0.0
33492,0.0
33493,0.0
33494,0.0
33495,0.0
33496,0.0
33497,0.0
33498,0.0
33499,0.0
33500,0.0
33501,0.0
33502,0.0
33503,0.0
33504,0.0
33505,0.0
33506,0.0
33507,0.0
33508,0.0
33509,0.0
33510,0.0
33511,0.0
33512,0.0
33513,0.0
33514,0.0
33515,0.0
33516,0.0
33517,0.0
33518,0.0
33519,0.0
33520,0.0
33521,0.0
33522,0.0
33523,0.0
33524,0.0
33525,0.0
33526,0.0
33527,0.0
33528,0.0
33529,0.0
33530,0.0
33531,0.0
33532,0.0
33533,0.0
33534,0.0
33535,0.0
33536,0.0
33537,0.0
33538,0.0
33539,0.0
33540,0.0
33541,0.0
33542,0.0
33543,0.0
33544,2929.869627111193
33545,0.0
33546,0.0
33547,0.0
33548,0.0
33549,0.0
33550,0.0
33551,0.0
33552,0.0
33553,0.0
33554,0.0
33555,0.0
33556,0.0
33557,0.0
33558,0.0
33559,0.0
33560,0.0
33561,0.0
33562,0.0
33563,0.0
33564,0.0
33565,0.0
33566,0.0
33567,0.0
33568,0.0
33569,0.0
33570,0.0
33571,0.0
33572,0.0
33573,0.0
33574,0.0
33575,0.0
33576,0.0
33577,0.0
33578,0.0
33579,0.0
33580,0.0
33581,0.0
33582,0.0
33583,0.0
33584,0.0
33585,16608.27744357276
33586,27964.936609963555
33587,0.0
33588,0.0
33589,0.0
33590,0.0
33591,0.0
33592,0.0
33593,0.0
33594,7481.114808523176
33595,0.0
33596,0.0
33597,0.0
33598,0.0
33599,0.0
33600,0.0
33601,0.0
33602,0.0
33603,0.0
33604,0.0
33605,0.0
33606,0.0
33607,0.0
33608,0.0
33609,0.0
33610,0.0
33611,0.0
33612,0.0
33613,5209.929104075146
33614,0.0
33615,0.0
33616,0.0
33617,0.0
33618,0.0
33619,0.0
33620,0.0
33621,0.0
33622,0.0
33623,3019.6382851331664
33624,0.0
33625,0.0
33626,0.0
33627,0.0
33628,0.0
33629,0.0
33630,0.0
33631,0.0
33632,0.0
33633,0.0
33634,0.0
33635,0.0
33636,0.0
33637,0.0
33638,0.0
33639,0.0
33640,0.0
33641,8218.409171620859
33642,0.0
33643,0.0
33644,0.0
33645,0.0
33646,0.0
33647,0.0
33648,0.0
33649,0.0
33650,0.0
33651,0.0
33652,0.0
33653,0.0
33654,0.0
33655,0.0
33656,0.0
33657,0.0
33658,9153.75428118858
33659,0.0
33660,0.0
33661,0.0
33662,0.0
33663,0.0
33664,0.0
33665,0.0
33666,0.0
33667,0.0
33668,0.0
33669,0.0
33670,0.0
33671,0.0
33672,0.0
33673,0.0
33674,0.0
33675,0.0
33676,0.0
33677,0.0
33678,0.0
33679,0.0
33680,0.0
33681,0.0
33682,0.0
33683,0.0
33684,0.0
33685,0.0
33686,0.0
33687,0.0
33688,0.0
33689,0.0
33690,0.0
33691,0.0
33692,0.0
33693,0.0
33694,0.0
33695,0.0
33696,0.0
33697,0.0
33698,0.0
33699,0.0
33700,0.0
33701,0.0
33702,0.0
33703,0.0
33704,0.0
33705,0.0
33706,0.0
33707,0.0
33708,0.0
33709,0.0
33710,0.0
33711,0.0
33712,0.0
33713,0.0
33714,0.0
33715,0.0
33716,0.0
33717,0.0
33718,0.0
33719,0.0
33720,1779.0432399349017
33721,0.0
33722,0.0
33723,0.0
33724,0.0
33725,0.0
33726,0.0
33727,0.0
33728,0.0
33729,0.0
33730,0.0
33731,0.0
33732,0.0
33733,0.0
33734,6497.281629194636
33735,0.0
33736,0.0
33737,0.0
33738,0.0
33739,0.0
33740,0.0
33741,0.0
33742,0.0
33743,0.0
33744,0.0
33745,0.0
33746,0.0
33747,0.0
33748,0.0
33749,0.0
33750,0.0
33751,0.0
33752,0.0
33753,0.0
33754,0.0
33755,0.0
33756,0.0
33757,0.0
33758,0.0
33759,0.0
33760,0.0
33761,0.0
33762,0.0
33763,0.0
33764,0.0
33765,0.0
33766,0.0
33767,0.0
33768,0.0
33769,0.0
33770,0.0
33771,0.0
33772,0.0
33773,0.0
33774,0.0
33775,0.0
33776,0.0
33777,8175.615370624602
33778,0.0
33779,0.0
33780,0.0
33781,0.0
33782,0.0
33783,0.0
33784,0.0
33785,0.0
33786,0.0
33787,2656.7684807137302
33788,0.0
33789,0.0
33790,0.0
33791,6409.772059327111
33792,0.0
33793,0.0
33794,0.0
33795,0.0
33796,0.0
33797,0.0
33798,0.0
33799,0.0
33800,0.0
33801,0.0
33802,0.0
33803,0.0
33804,0.0
33805,0.0
33806,0.0
33807,0.0
33808,0.0
33809,0.0
33810,0.0
33811,0.0
33812,0.0
33813,0.0
33814,0.0
33815,0.0
33816,0.0
33817,0.0
33818,19130.40865854721
33819,0.0
33820,0.0
33821,0.0
33822,0.0
33823,0.0
33824,0.0
33825,0.0
33826,0.0
33827,0.0
33828,0.0
33829,0.0
33830,0.0
33831,0.0
33832,5888.464929427598
33833,0.0
33834,0.0
33835,0.0
33836,0.0
33837,0.0
33838,0.0
33839,0.0
33840,0.0
33841,0.0
33842,0.0
33843,0.0
33844,0.0
33845,0.0
33846,0.0
33847,0.0
33848,0.0
33849,0.0
33850,0.0
33851,0.0
33852,0.0
33853,0.0
33854,0.0
33855,0.0
33856,0.0
33857,0.0
33858,0.0
33859,0.0
33860,0.0
33861,0.0
33862,0.0
33863,0.0
33864,0.0
33865,0.0
33866,0.0
33867,0.0
33868,0.0
33869,0.0
33870,0.0
33871,0.0
33872,0.0
33873,0.0
33874,0.0
33875,0.0
33876,0.0
33877,0.0
33878,0.0
33879,0.0
33880,0.0
33881,0.0
33882,0.0
33883,0.0
33884,0.0
33885,0.0
33886,0.0
33887,0.0
33888,0.0
33889,0.0
33890,0.0
33891,0.0
33892,0.0
33893,0.0
33894,0.0
33895,0.0
33896,0.0
33897,0.0
33898,0.0
33899,0.0
33900,0.0
33901,0.0
33902,0.0
33903,0.0
33904,0.0
33905,0.0
33906,0.0
33907,13569.731028024265
33908,0.0
33909,0.0
33910,0.0
33911,0.0
33912,0.0
33913,0.0
33914,0.0
33915,0.0
33916,0.0
33917,0.0
33918,0.0
33919,0.0
33920,0.0
33921,0.0
33922,0.0
33923,0.0
33924,0.0
33925,0.0
33926,0.0
33927,0.0
33928,0.0
33929,0.0
33930,0.0
33931,0.0
33932,0.0
33933,0.0
33934,0.0
33935,0.0
33936,0.0
33937,0.0
33938,0.0
33939,0.0
33940,0.0
33941,0.0
33942,0.0
33943,0.0
33944,0.0
33945,0.0
33946,0.0
33947,0.0
33948,0.0
33949,0.0
33950,0.0
33951,5145.525291182545
33952,16319.817588920881
33953,0.0
33954,0.0
33955,0.0
33956,0.0
33957,0.0
33958,0.0
33959,0.0
33960,0.0
33961,0.0
33962,0.0
33963,0.0
33964,0.0
33965,0.0
33966,0.0
33967,0.0
33968,0.0
33969,0.0
33970,0.0
33971,0.0
33972,0.0
33973,0.0
33974,0.0
33975,0.0
33976,0.0
33977,0.0
33978,0.0
33979,0.0
33980,11440.091060314688
33981,0.0
33982,0.0
33983,0.0
33984,0.0
33985,0.0
33986,0.0
33987,0.0
33988,0.0
33989,0.0
33990,0.0
33991,0.0
33992,0.0
33993,0.0
33994,0.0
33995,0.0
33996,0.0
33997,0.0
33998,0.0
33999,0.0
34000,0.0
34001,0.0
34002,0.0
34003,0.0
34004,0.0
34005,0.0
34006,0.0
34007,0.0
34008,0.0
34009,0.0
34010,0.0
34011,0.0
34012,0.0
34013,0.0
34014,0.0
34015,0.0
34016,0.0
34017,0.0
34018,0.0
34019,0.0
34020,0.0
34021,0.0
34022,0.0
34023,0.0
34024,0.0
34025,0.0
34026,0.0
34027,0.0
34028,0.0
34029,0.0
34030,0.0
34031,0.0
34032,0.0
34033,0.0
34034,0.0
34035,0.0
34036,0.0
34037,0.0
34038,0.0
34039,0.0
34040,0.0
34041,0.0
34042,0.0
34043,0.0
34044,0.0
34045,0.0
34046,0.0
34047,0.0
34048,0.0
34049,0.0
34050,2745.237016708781
34051,0.0
34052,0.0
34053,0.0
34054,2642.4576277407223
34055,0.0
34056,0.0
34057,0.0
34058,0.0
34059,0.0
34060,0.0
34061,0.0
34062,0.0
34063,0.0
34064,0.0
34065,0.0
34066,0.0
34067,0.0
34068,0.0
34069,0.0
34070,0.0
34071,0.0
34072,0.0
34073,0.0
34074,0.0
34075,0.0
34076,0.0
34077,0.0
34078,0.0
34079,0.0
34080,0.0
34081,0.0
34082,0.0
34083,0.0
34084,0.0
34085,0.0
34086,0.0
34087,0.0
34088,0.0
34089,0.0
34090,0.0
34091,0.0
34092,0.0
34093,0.0
34094,0.0
34095,0.0
34096,0.0
34097,0.0
34098,0.0
34099,0.0
34100,0.0
34101,0.0
34102,0.0
34103,0.0
34104,0.0
34105,3061.6584341972107
34106,0.0
34107,0.0
34108,0.0
34109,0.0
34110,0.0
34111,0.0
34112,0.0
34113,0.0
34114,0.0
34115,0.0
34116,0.0
34117,0.0
34118,0.0
34119,0.0
34120,11383.537978814878
34121,0.0
34122,0.0
34123,0.0
34124,0.0
34125,0.0
34126,0.0
34127,0.0
34128,0.0
34129,0.0
34130,0.0
34131,0.0
34132,0.0
34133,0.0
34134,0.0
34135,0.0
34136,0.0
34137,0.0
34138,0.0
34139,0.0
34140,0.0
34141,0.0
34142,0.0
34143,0.0
34144,0.0
34145,0.0
34146,0.0
34147,0.0
34148,0.0
34149,0.0
34150,0.0
34151,0.0
34152,0.0
34153,0.0
34154,0.0
34155,0.0
34156,0.0
34157,0.0
34158,0.0
34159,0.0
34160,0.0
34161,0.0
34162,0.0
34163,0.0
34164,0.0
34165,0.0
34166,0.0
34167,0.0
34168,0.0
34169,0.0
34170,0.0
34171,0.0
34172,0.0
34173,0.0
34174,0.0
34175,0.0
34176,0.0
34177,0.0
34178,0.0
34179,0.0
34180,0.0
34181,0.0
34182,0.0
34183,0.0
34184,4627.8224525474525
34185,0.0
34186,0.0
34187,0.0
34188,0.0
34189,0.0
34190,0.0
34191,0.0
34192,0.0
34193,0.0
34194,0.0
34195,0.0
34196,0.0
34197,0.0
34198,0.0
34199,0.0
34200,0.0
34201,0.0
34202,0.0
34203,0.0
34204,0.0
34205,0.0
34206,0.0
34207,0.0
34208,0.0
34209,0.0
34210,0.0
34211,0.0
34212,0.0
34213,0.0
34214,0.0
34215,0.0
34216,0.0
34217,0.0
34218,0.0
34219,0.0
34220,0.0
34221,0.0
34222,0.0
34223,0.0
34224,0.0
34225,13648.0213198158
34226,5289.137373268071
34227,0.0
34228,0.0
34229,0.0
34230,0.0
34231,0.0
34232,0.0
34233,0.0
34234,0.0
34235,0.0
34236,0.0
34237,0.0
34238,0.0
34239,0.0
34240,0.0
34241,4073.680422578238
34242,4114.5355988039755
34243,6822.825218938935
34244,3578.8760311110464
34245,6095.021245325753
34246,4918.72259914449
34247,6011.777853361924
34248,6339.12745659117
34249,0.0
34250,3547.334289370742
34251,5790.167615961557
34252,5633.290417711909
34253,4288.199663706907
34254,5765.634695855614
34255,6096.712336736792
34256,3508.4419683422693
34257,4253.161570623822
34258,7411.102604917143
34259,8325.036864517018
34260,6423.760369192901
34261,6998.902932754701
34262,3128.943435130358
34263,5375.220419442738
34264,0.0
34265,7560.318482864354
34266,7828.012649001328
34267,9858.84278016355
34268,6244.723713409103
34269,3696.612190806269
34270,4619.900868009527
34271,5621.119045647651
34272,7547.559136308137
34273,4229.3689157019435
34274,5817.265495529626
34275,4846.527747881111
34276,5708.660479140742
34277,2404.5477990876084
34278,7420.498111549702
34279,4174.633197887895
34280,7709.289544360869
34281,6267.973102822156
34282,3945.643111614348
34283,8038.667381058958
34284,6567.502752886001
34285,4506.53960561171
34286,3727.8937083515625
34287,7785.099596235873
34288,10574.74697501196
34289,5849.529501319157
34290,5546.650852057643
34291,8437.45274138297
34292,7743.104626954744
34293,5808.866090804701
34294,6577.656114641079
34295,2300.486615927589
34296,2613.790724477878
34297,4767.942174849034
34298,6182.060602659356
34299,8336.109713389857
34300,7088.026813062456
34301,4122.685746848373
34302,8454.115719306836
34303,5839.2241443434
34304,4954.904468867735
34305,2871.4344544386777
34306,10840.519411602305
34307,3307.765248108431
34308,6364.89884785137
34309,7438.574804583204
34310,3865.0763986530546
34311,5430.379579891984
34312,2848.846549727319
34313,5911.215288838612
34314,5367.279422378279
34315,5641.967961479698
34316,8413.195759696182
34317,7038.917421737586
34318,5264.899565784705
34319,3313.2108003059398
34320,7295.167486545746
34321,12456.87087737319
34322,5582.363301466423
34323,3643.7021194552512
34324,6326.901347251809
34325,5908.701491213023
34326,6374.526658569021
34327,9662.472936206468
34328,2265.93000576989
34329,7244.269323463048
34330,4825.876963032066
34331,5770.0680841063995
34332,8327.785657249768
34333,2649.6806753678625
34334,3979.739095797917
34335,5023.663323230868
34336,7523.863626250402
34337,7488.168866175489
34338,4177.206188123799
34339,4526.380185923294
34340,7564.950794217435
34341,6056.077493683218
34342,5160.050441309723
34343,5345.43358857809
34344,4969.303732392608
34345,6509.040504787499
34346,4467.063567657016
34347,3114.041745491349
34348,5681.175473146136
34349,6225.327234191405
34350,0.0
34351,7260.064611457576
34352,7571.334017416038
34353,4010.4546301944674
34354,7887.695101536669
34355,3239.795459523722
34356,3723.663193618043
34357,7865.916837325666
34358,6953.286961219335
34359,6977.186272382638
34360,9230.411211211178
34361,6822.915782025985
34362,5140.278900061091
34363,6576.348071150597
34364,7091.70191658056
34365,4558.006180413584
34366,3084.003435901816
34367,5167.8136463952715
34368,4729.905011560335
34369,4471.5051247758765
34370,3161.0656305693356
34371,5607.323217685807
34372,3889.6255113341253
34373,6686.591305128694
34374,5629.829274085263
34375,2707.849050886519
34376,6376.807263013129
34377,6867.11088776206
34378,3707.2756197353983
34379,5619.285424017976
34380,3813.7033905294056
34381,5675.663700989303
34382,1288.2226598328143
34383,4497.397302392281
34384,4665.6114816608115
34385,6810.0760252735645
34386,2899.814025697995
34387,3516.6371971672384
34388,14443.86391757752
34389,4368.422855530091
34390,5072.937905625804
34391,10059.94219988349
34392,5430.665521813626
34393,7574.746812923191
34394,6241.222583743053
34395,5647.809076192815
34396,6221.952395687867
34397,3044.0694543373293
34398,5062.9638144116
34399,8081.547242837227
34400,5330.155381498617
34401,2873.9810471758624
34402,3685.553084812572
34403,7302.677395042869
34404,9377.233282606285
34405,0.0
34406,6010.971578403323
34407,4595.537554015428
34408,2250.000566228705
34409,2016.6350796846943
34410,3484.84674755218
34411,5652.294768874246
34412,7339.723758999081
34413,4694.124924035975
34414,4434.132537825134
34415,8165.694757006883
34416,7904.970343544529
34417,7230.74379854223
34418,5125.338966963591
34419,7822.282790857323
34420,9064.123897907648
34421,3692.83597113344
34422,5279.376594752472
34423,4946.391339202466
34424,6366.495235435876
34425,3241.9342538833707
34426,5414.555664431973
34427,4488.610288468115
34428,8559.450466140072
34429,5791.705407690006
34430,7225.753564273061
34431,7303.772454802195
34432,5219.52414613666
34433,7856.452385503042
34434,15839.403265862791
34435,8606.998253764985
34436,4224.998249120787
34437,3281.5562855894095
34438,6777.769924669074
34439,6469.510932221373
34440,4606.950092852753
34441,9129.608210287262
34442,17681.07186405751
34443,5282.320909685903
34444,2321.8736163083654
34445,10008.70902165933
34446,3158.6696669915045
34447,5015.631870857902
34448,3396.798134698635
34449,6095.300737414679
34450,5066.990500935467
34451,1471.808863129518
34452,5266.277685328462
34453,5560.591271763036
34454,9229.483158353902
34455,5771.51096790675
34456,5868.892487946378
34457,8182.705450420882
34458,5140.867897443905
34459,6149.301386860257
34460,6240.278739803523
34461,4972.160438287266
34462,5736.970064639158
34463,4264.09300505361
34464,3401.7368221481324
34465,5694.869607984249
34466,4675.464366921734
34467,4993.623723876863
34468,8098.508317751465
34469,8741.208607603561
34470,6941.314129888902
34471,4502.898015541056
34472,4050.0367232775416
34473,4641.636101910516
34474,5014.027648127801
34475,6095.942327083862
34476,3551.1038702394085
34477,6999.260099296989
34478,5650.422038658709
34479,8054.932325857787
34480,5411.8750973551305
34481,4371.734842832858
34482,3096.638802863803
34483,2846.2875092614554
34484,8518.732504484891
34485,5960.9234412822525
34486,5870.755932374
34487,11785.85595975185
34488,7727.6097760958655
34489,3761.941247833866
34490,5778.071988739804
34491,2417.1955047126985
34492,4043.1894320173283
34493,3833.852159326784
34494,3668.5560256128597
34495,8536.470029032593
34496,4725.665082401923
34497,8428.145217796095
34498,10555.332851747666
34499,6685.653608354924
34500,5559.485018933151
34501,4299.945046499662
34502,5283.759924048744
34503,4783.171007684198
34504,11096.834226769963
34505,6083.698846236279
34506,7049.5553428335525
34507,3491.328456424166
34508,5649.196675957096
34509,5642.563367765405
34510,9019.836673035301
34511,6437.076287914324
34512,5344.043095091998
34513,6603.0579151536485
34514,5045.9898318370215
34515,7772.903959734709
34516,6797.396925058946
34517,6794.976704317468
34518,8379.300169838203
34519,6782.675844034802
34520,8012.0458263305745
34521,3521.5943787737406
34522,0.0
34523,4924.889556597713
34524,8493.285311229622
34525,7117.286402489512
34526,7205.86174129693
34527,6689.090909943543
34528,7299.955397661899
34529,5204.021885266
34530,7353.474530891494
34531,5925.423312638042
34532,3015.471475908593
34533,6247.854963352479
34534,15734.453904346861
34535,7278.41524457487
34536,6339.061831689768
34537,6943.634661064084
34538,8094.497473086289
34539,7840.643656790985
34540,2804.719916416917
34541,4395.7692358145405
34542,5334.8992491268655
34543,8340.213048794796
34544,2711.1359376399464
34545,4292.927492798868
34546,5499.33310808554
34547,5205.8231346139855
34548,4816.599470223047
34549,3153.9395509073156
34550,2973.068266184959
34551,7391.122252792142
34552,4131.261714271839
34553,4534.616756832506
34554,5532.206021877229
34555,4810.08869692515
34556,8759.13714743113
34557,12324.055668670806
34558,5026.93006491887
34559,7328.553091996225
34560,6198.684522062935
34561,9383.255048758518
34562,4878.970893614666
34563,2837.2511018118926
34564,4911.081148025177
34565,11584.73907545881
34566,4551.4381703371655
34567,7352.476822552274
34568,2016.1973804214795
34569,3502.2531167372654
34570,6604.496937588725
34571,6863.447647344184
34572,5279.455157150692
34573,8726.676842702747
34574,8523.402893166322
34575,7965.567192947574
34576,4764.782157800062
34577,3949.5247487063607
34578,1897.980091468172
34579,3784.6959082029084
34580,6867.822859144122
34581,4793.082909967999
34582,10053.268244336543
34583,2669.0237103305203
34584,5154.342726485116
34585,5413.905306365282
34586,7813.159392979569
34587,10379.063272546897
34588,5268.809565420428
34589,2908.1923071540605
34590,10104.385236092941
34591,9213.46631100137
34592,4639.254675486279
34593,5309.5663513569525
34594,8172.151744214122
34595,6026.750199263798
34596,4903.963262265514
34597,3731.5128444749635
34598,7804.537305575524
34599,4554.003918373956
34600,11314.437333286327
34601,7270.813901961977
34602,11956.520402363973
34603,6701.825974992328
34604,4696.228512544221
34605,2077.5624013183015
34606,5228.497458760001
34607,5961.932227004721
34608,5158.997874260158
34609,8619.729550179654
34610,5975.958236617027
34611,3046.353887213001
34612,6931.136535331499
34613,3678.248740091095
34614,4454.642504645837
34615,7017.3418937110155
34616,7208.944669734602
34617,7784.480877453132
34618,4809.792723741721
34619,7008.86401211289
34620,4217.076176259669
34621,5052.004476810343
34622,6895.753561013003
34623,3274.4701791125535
34624,8870.786572351672
34625,5821.299428390452
34626,3406.4852488124197
34627,5187.089376184528
34628,7856.058090082344
34629,5974.568689501246
34630,3764.0856823116674
34631,5525.89901927145
34632,5305.354454771682
34633,5215.576608422367
34634,4836.886361140167
34635,9181.777328304865
34636,4468.551365789738
34637,4447.895165300784
34638,6100.917025955216
34639,5806.5832600096
34640,3315.175964749799
34641,4937.064785539023
34642,8674.082800732891
34643,7417.128946273825
34644,9636.596223413437
34645,8352.350963575642
34646,7108.530791170811
34647,6877.411761133907
34648,4593.08550642367
34649,10178.63319794095
34650,7942.686616705243
34651,6788.836941573131
34652,5137.532653794542
34653,5477.962909980715
34654,5136.916570204306
34655,2355.500691750244
34656,4256.858231301533
34657,6920.72626152225
34658,5370.617686539336
34659,5348.050257935162
34660,1401.9962624087304
34661,8018.674642817549
34662,5957.023010480258
34663,5158.957743228019
34664,3617.074363314049
34665,5268.763896939661
34666,5615.662916766212
34667,4015.325961228315
34668,10062.04600360016
34669,4582.756474701768
34670,4354.427646951973
34671,3378.760087920084
34672,2554.4012116258878
34673,4565.369821949636
34674,12736.943065397834
34675,3778.803220903946
34676,5882.450004506365
34677,4998.939158233923
34678,3778.1806513364095
34679,3140.177095799318
34680,5976.54522908385
34681,2671.3397729520675
34682,8203.454059456066
34683,5826.774543527783
34684,2668.5812060977973
34685,8122.276830316937
34686,2477.075141740158
34687,3987.2714586119864
34688,9663.060817384821
34689,7330.799738731596
34690,8674.017804092837
34691,2320.447188985022
34692,4388.912634705492
34693,4713.705848007209
34694,3882.1887449241935
34695,14952.981629974602
34696,11575.612602059533
34697,5585.523123712998
34698,3239.4739765928507
34699,6000.736039744067
34700,4434.968285542834
34701,2336.3091343702445
34702,7450.837325044023
34703,4964.638654595876
34704,3011.006654756249
34705,6920.651820128402
34706,4759.927718716912
34707,4593.577722245076
34708,6108.258822213733
34709,6540.5038482475575
34710,6764.2789332260845
34711,2555.8039011558612
34712,3726.8781795524724
34713,6444.08229735447
34714,7466.993249659467
34715,5791.49531248305
34716,7069.221453231023
34717,2450.9443886376775
34718,9711.193543272086
34719,5037.801525409296
34720,3049.0304424701108
34721,3965.3873469198284
34722,5004.881497752384
34723,4442.247037571088
34724,7008.742700772681
34725,4056.779761630362
34726,5576.840690712069
34727,4877.778560097639
34728,7465.89143692079
34729,8348.73514010581
34730,5178.6295510864065
34731,7745.494273812789
34732,6194.174006331905
34733,2461.0004112419397
34734,10055.718279785206
34735,3120.999116244867
34736,2908.58708142511
34737,6100.679024941605
34738,10262.805689615938
34739,9478.492356118257
34740,4400.979560326842
34741,4820.421971827874
34742,3712.8820845523987
34743,6628.150645962693
34744,4298.8445412634765
34745,7640.69028622766
34746,2986.027433871685
34747,4510.825757596979
34748,3851.192914266287
34749,3195.727169305368
34750,3881.7129657450364
34751,7097.543212297264
34752,6468.455390111094
34753,6195.584197487968
34754,4881.387678192724
34755,7879.246017029065
34756,7734.446736567208
34757,4822.924146781369
34758,0.0
34759,5875.50641465479
34760,7162.404923718251
34761,5085.466087718653
34762,1985.0056539360623
34763,6360.1542649168
34764,6548.700223765094
34765,5995.667283200084
34766,5237.917100529973
34767,3290.1430979241336
34768,10116.569178704038
34769,2948.9743182271673
34770,8351.358944149382
34771,5014.020464182682
34772,4315.434207739484
34773,7711.826862326041
34774,4028.4428008249843
34775,4332.007139034212
34776,8903.791212844877
34777,2721.412558597728
34778,7105.948698987287
34779,9540.671909673662
34780,6710.166747980775
34781,2872.268530473816
34782,4940.889284063977
34783,3736.542882054221
34784,2233.474290258761
34785,4674.380585652683
34786,6075.829010756294
34787,5243.4809020260545
34788,4826.0591358992315
34789,5181.988636197137
34790,4480.66856168668
34791,8003.104449800198
34792,5311.554933671013
34793,6029.89509702194
34794,4205.014848121865
34795,5767.955303388133
34796,5832.170620079268
34797,6206.136420674855
34798,7700.760416632228
34799,7295.685278671507
34800,8365.220966915436
34801,5629.634885430124
34802,5655.504492380602
34803,2914.351434932167
34804,5672.25948113651
34805,8368.00859305293
34806,6414.408078495796
34807,7744.502735023376
34808,14216.972568593987
34809,3285.1295964545866
34810,4653.089177139036
34811,3949.9728821072727
34812,7743.810616551362
34813,9740.017590520587
34814,7307.5997620623275
34815,7170.302946083208
34816,7075.839287234624
34817,3719.2264015975843
34818,6716.148159106533
34819,5040.70901839256
34820,2084.0870924108576
34821,4813.256450742326
34822,3151.3651465828634
34823,2875.0761853339545
34824,6544.109006426579
34825,16981.58302313944
34826,5643.115824458997
34827,3609.1197313442444
34828,4716.433256821395
34829,4280.321019842348
34830,5669.013980604193
34831,2108.0535862674897
34832,6436.369866452645
34833,6850.516567431934
34834,3794.2045190901827
34835,11794.867280272361
34836,11143.573844883875
34837,3348.8805955433454
34838,4927.385697773589
34839,3764.8281860214956
34840,3963.211862138972
34841,4017.227407071687
34842,8091.739564596222
34843,3781.121601392409
34844,4404.844242140502
34845,2718.269361025284
34846,4812.741740445828
34847,4741.766052201455
34848,6711.201211092998
34849,3470.9185940856087
34850,7794.789325527322
34851,6524.538088124725
34852,4679.011224574572
34853,3611.7400469490944
34854,3728.46049671072
34855,4857.245832545138
34856,3455.5354015097814
34857,8996.64206136041
34858,4335.215853136134
34859,4003.0016232664393
34860,6627.531367061045
34861,4825.30530856072
34862,5632.2698749065285
34863,4622.228304819917
34864,5692.131222192195
34865,10059.65413662808
34866,6640.534818917193
34867,5894.4468644656345
34868,3620.343922543043
34869,4454.0385766978125
34870,3420.8620602281712
34871,3730.1728176080446
34872,4958.096008647399
34873,5091.629628238718
34874,10967.893322483586
34875,6977.582617003675
34876,4367.257487964395
34877,5489.547081342556
34878,5889.009757521376
34879,6230.588854888642
34880,5395.65147221182
34881,8464.310540174694
34882,6288.102228902803
34883,4727.5011191161775
34884,4004.2645431676156
34885,2259.0667845773078
34886,3269.1012593468618
34887,21014.7541545012
34888,2087.188964159293
34889,4780.4458407784505
34890,6139.446144287085
34891,6394.856388287495
34892,5666.857530529928
34893,8026.082044546509
34894,5312.018441944598
34895,5811.352973579593
34896,3081.7096604816757
34897,8050.523733472407
34898,4009.8725478639
34899,6474.461332598688
34900,9821.471524478786
34901,4001.1199896288344
34902,7837.887467904386
34903,6260.599542945223
34904,3321.300638946923
34905,6090.550589543406
34906,6653.283979431622
34907,2761.582918382271
34908,8249.969199936777
34909,6280.355501199316
34910,4987.587439457609
34911,7669.159098365688
34912,7523.154282631414
34913,6287.25481192074
34914,4452.617316241592
34915,3750.693610596145
34916,5441.645685580408
34917,3401.7362605792905
34918,6110.788868612255
34919,2738.516481169158
34920,5513.2274539684495
34921,2797.8232265615793
34922,5682.293447044652
34923,5224.053802635271
34924,4669.87163945784
34925,5367.496174507255
34926,8937.76082670108
34927,5741.649952922122
34928,6295.8308828655
34929,5402.466257381508
34930,5907.461988962075
34931,9395.996782105682
34932,7081.509949063965
34933,3949.9336032426036
34934,2635.7691276243113
34935,5404.65064967032
34936,5971.353262987013
34937,12558.760336212034
34938,6007.889592592655
34939,5326.577770560314
34940,8847.309953773021
34941,6393.3416181261555
34942,2039.1532811307202
34943,0.0
34944,8453.258456106567
34945,6143.795737203173
34946,7307.075689934293
34947,6146.480155329965
34948,8310.97678779949
34949,4904.168749369911
34950,3910.079454924863
34951,0.0
34952,4182.010031632111
34953,7524.781037024251
34954,2452.901266570847
34955,7879.16629717178
34956,6674.306445885857
34957,4884.722024403701
34958,6860.791886054366
34959,4865.919185394157
34960,6967.407819763196
34961,4233.0481717195335
34962,4933.743657748639
34963,4795.53178406316
34964,3847.3740955285357
34965,6147.490361751813
34966,7974.526967596688
34967,7793.3537990865325
34968,5619.157293106406
34969,3634.0520372181822
34970,6106.749672678973
34971,6627.630537966931
34972,7133.744800923747
34973,3480.4886942965204
34974,2746.808629404908
34975,8443.710669381058
34976,6215.010601759352
34977,3726.7059986449153
34978,6743.297791569545
34979,6433.501470001197
34980,5760.817509352877
34981,4677.437189304316
34982,1627.9635771209787
34983,6402.651823616251
34984,5847.193004850954
34985,5115.153577017249
34986,8749.713899022545
34987,6913.555371011342
34988,3357.0722430208675
34989,5601.001415158883
34990,3194.0648182707814
34991,1303.0419220958781
34992,6029.582992061041
34993,4510.312579261426
34994,5426.832502857565
34995,4526.405282796323
34996,2787.3154553039553
34997,4819.652043091797
34998,6897.6467494907065
34999,5568.443210214625
35000,8439.535814754687
35001,3974.20027403522
35002,4420.077084715613
35003,3452.4245187070414
35004,5954.663948349851
35005,3321.314104270535
35006,2523.332832840191
35007,4264.550484482281
35008,4108.908032628319
35009,6823.091240849836
35010,4615.209174426879
35011,4876.506728052648
35012,5210.735111073567
35013,7320.809341160464
35014,4638.28583867113
35015,3345.4895486586856
35016,9734.611820332442
35017,6396.2428597169255
35018,6354.075365219748
35019,2081.8562801328794
35020,4579.854348030796
35021,5259.023630403522
35022,4028.4401169699745
35023,7995.69227586605
35024,9056.57048461506
35025,6068.724722835988
35026,5993.641515901033
35027,5544.98275417638
35028,7175.332399599453
35029,10617.839857034176
35030,3193.479416997476
35031,3677.5345484239265
35032,5055.289225063334
35033,5794.40542707864
35034,5716.393270717455
35035,7549.225838264676
35036,6426.5147467298775
35037,5779.443388746872
35038,2665.0608746531243
35039,5715.7129712159185
35040,7663.249448808387
35041,3264.140778505081
35042,6177.411719470589
35043,3012.2905341455935
35044,6815.101941817386
35045,5501.075640416775
35046,5383.184724921968
35047,6217.843218167703
35048,4018.8381136020776
35049,5127.119112523441
35050,6636.202108449001
35051,4612.070821155884
35052,8162.616092827109
35053,5447.7628893748415
35054,8471.369263675406
35055,5254.674613846466
35056,3921.2274036235335
35057,8621.676742798867
35058,2789.7763398354996
35059,9130.202492835298
35060,5895.369343627414
35061,4974.867961164407
35062,6697.8139492321425
35063,4636.55605854195
35064,4370.662672686276
35065,6683.32627484912
35066,3098.410704834939
35067,2901.3712037847768
35068,5859.7509779891225
35069,5878.82036946825
35070,3658.39950438124
35071,5954.947229201353
35072,5390.565041014541
35073,3591.5731417846864
35074,6006.295977517288
35075,3186.9143628879274
35076,10208.479205606489
35077,7220.041167858676
35078,1858.1192474148231
35079,5261.779737152079
35080,5021.910250521148
35081,8450.24003006385
35082,8614.691906593838
35083,2876.0004159601294
35084,8572.292697256487
35085,4645.234945260621
35086,6148.296220636386
35087,5892.496914322051
35088,4494.97257700796
35089,3163.8095647773075
35090,5329.967515578461
35091,3693.5531487458634
35092,2664.592265832597
35093,7137.83654426701
35094,6457.362474078118
35095,21334.81387932901
35096,7379.2113074801
35097,4598.396351569481
35098,7997.97400246159
35099,9757.486085982518
35100,6410.944195106356
35101,7999.180910011557
35102,5873.916505408635
35103,8000.075199517879
35104,8334.10895805707
35105,7324.137571367231
35106,5824.999553455356
35107,8025.705793884042
35108,8201.261164415853
35109,7484.301232389525
35110,8263.177815149327
35111,6831.96298144004
35112,5032.0220873772805
35113,6086.404848555684
35114,10795.679376980863
35115,10542.252802031262
35116,10158.15187448888
35117,8076.969253629539
35118,4228.400907554047
35119,6400.616736875993
35120,5034.813431021469
35121,8662.525323791559
35122,11536.157345614354
35123,10193.418909562663
35124,6253.448489725955
35125,6958.898934538498
35126,4570.655380453311
35127,5988.723983090009
35128,10763.724365756796
35129,7247.308425644329
35130,5759.602908564473
35131,5679.795129579223
35132,8050.651211263724
35133,3884.232325666252
35134,8323.116951227052
35135,4775.127685377532
35136,7767.377150455295
35137,7587.182302772304
35138,6108.332841334402
35139,8745.269060129647
35140,7775.281293470413
35141,5778.296752161202
35142,7012.28093459931
35143,8398.814112452086
35144,12355.165343273557
35145,6515.125702270394
35146,8703.5806000413
35147,8147.144558619484
35148,10239.772220154848
35149,6968.324501739167
35150,9876.529444209382
35151,4870.036242698046
35152,4987.508190864691
35153,6427.123386557886
35154,6626.325236317212
35155,9759.07786257994
35156,8825.420366378077
35157,5737.003302367368
35158,8201.42139117462
35159,7447.71281715948
35160,10150.269757500668
35161,4038.211679781276
35162,13093.432197678918
35163,4988.483663560467
35164,6473.605944569323
35165,8796.60572998407
35166,5149.023740451692
35167,6817.023631739605
35168,7033.369290341969
35169,7680.027138600786
35170,6174.396295622681
35171,5933.897768916541
35172,8818.54803960631
35173,8669.190997381033
35174,7843.412978719642
35175,5560.350401717563
35176,7582.643975245246
35177,12595.406004668532
35178,7635.423389735047
35179,4901.393830115011
35180,7691.102589104649
35181,6438.576421247534
35182,6362.031257280773
35183,8689.761723114307
35184,4322.1505998647035
35185,8496.731306260945
35186,6319.152414836799
35187,7294.97498117271
35188,9030.434590201101
35189,5323.447219952046
35190,6259.494264231549
35191,5907.841261225832
35192,8784.557189469682
35193,9093.181563486634
35194,5087.012046287552
35195,4821.735456782338
35196,7839.052711742145
35197,6620.810063957944
35198,6246.539510948088
35199,8641.47449787314
35200,7560.111861704998
35201,7776.144605986633
35202,6098.405430657323
35203,4680.174807951099
35204,7102.88617422204
35205,8536.361607405239
35206,8483.41032249368
35207,8763.178559833656
35208,8308.37696391828
35209,6080.742203946382
35210,9667.458056312957
35211,6048.48776743004
35212,7382.109707139267
35213,9174.064620977966
35214,7461.407765641186
35215,10756.169177544023
35216,9102.924327266279
35217,8455.787298886919
35218,6450.145951177377
35219,7973.799873428195
35220,8775.705431367245
35221,7275.370854098376
35222,4421.204535641552
35223,6140.234877574591
35224,8330.20347596526
35225,6140.311196784855
35226,4749.141853137326
35227,8867.706724497075
35228,7168.017203430796
35229,6130.042112653107
35230,6648.875616145453
35231,5544.397477196926
35232,7178.5670913579925
35233,7921.660759211049
35234,7324.572344102058
35235,5945.296482439052
35236,5447.65056931839
35237,7240.056661087794
35238,4196.106987105645
35239,7358.659852923219
35240,6004.072220573016
35241,9391.047107163547
35242,8358.665105245023
35243,6945.705376981487
35244,13819.740745107014
35245,5112.1748251013705
35246,5655.818327049585
35247,11088.359081092925
35248,7835.231946267557
35249,8792.224635431667
35250,7923.199592673103
35251,6117.169387463845
35252,6685.045449003572
35253,5910.83169246241
35254,8404.400615729304
35255,11185.047517742229
35256,7092.5587639074865
35257,3752.5014458564315
35258,5045.003199232038
35259,9114.36369781738
35260,9750.845954397306
35261,7297.233691822067
35262,7475.802758451007
35263,5314.020849229599
35264,5595.6161147476805
35265,3415.0690433150908
35266,5265.959148783328
35267,7135.110559836255
35268,8356.459585796138
35269,6895.28444615107
35270,7316.434838962449
35271,8862.002650548598
35272,10231.122422564664
35273,7895.167878318894
35274,5953.1220089556555
35275,9314.967896508346
35276,11395.012925640469
35277,6392.165893247193
35278,8190.979435813039
35279,5475.613050398129
35280,7129.6474458677285
35281,4706.755748422707
35282,7384.209819195405
35283,5853.946175817429
35284,9070.15453839431
35285,7950.207723678771
35286,9428.678540325685
35287,8090.213233003406
35288,6140.828758794506
35289,9303.3283608215
35290,18040.87129545287
35291,11290.507663133993
35292,6111.935142066266
35293,3442.4577995182913
35294,6890.191723864583
35295,8988.845738511489
35296,6238.090612773663
35297,12866.250641561053
35298,21145.318229104225
35299,4415.93793202631
35300,5726.318285099678
35301,8735.797058451382
35302,5448.904637932203
35303,8132.228628960219
35304,7417.165874805751
35305,7811.551921665265
35306,5993.532777186896
35307,7409.438591258414
35308,7406.249276864549
35309,7684.9823448450425
35310,11365.86070634594
35311,7200.320990602058
35312,6945.585720209682
35313,7711.046829944374
35314,5759.50444664385
35315,5590.808838425482
35316,8570.8679566833
35317,5992.615972781654
35318,6298.750867047933
35319,7625.90553126053
35320,6412.345642330853
35321,6663.035412625276
35322,7787.875218854521
35323,7750.638054961526
35324,9488.360594441216
35325,8843.091757486052
35326,8194.292781833585
35327,6442.096185565814
35328,4358.892074385582
35329,6988.383971718341
35330,7559.206154310769
35331,6552.849773673319
35332,5239.687091304452
35333,9201.276602050133
35334,7490.822456354247
35335,10669.703436804595
35336,6840.644422655777
35337,6173.725822866644
35338,5645.386855480223
35339,4813.963330003618
35340,10627.867111567306
35341,6212.510150862675
35342,8532.644121454148
35343,15119.906634462457
35344,8458.286587600023
35345,6219.773173275254
35346,6473.6749596998825
35347,5037.850057961281
35348,7903.040564475556
35349,4471.366553867682
35350,5716.041097638473
35351,9623.439568283928
35352,5318.548815022299
35353,15557.235624030385
35354,13658.3938655384
35355,5816.116226019214
35356,7589.438591258066
35357,7887.696355145563
35358,7430.342143925844
35359,5798.905182275982
35360,12781.096085546073
35361,8354.87835510323
35362,10139.960317297084
35363,5815.6490731768245
35364,7700.648196023761
35365,6092.19902640415
35366,9484.2312963352
35367,7770.153298724723
35368,6813.648562634364
35369,7788.237624502737
35370,7023.535389533071
35371,9271.60364445861
35372,9442.050127651715
35373,6549.550167894968
35374,10597.310479657552
35375,7040.30439329301
35376,9606.760348805994
35377,5733.615743137581
35378,6081.750715957074
35379,6311.214283602357
35380,11069.739949366813
35381,7111.223579948813
35382,8719.425314304974
35383,7322.305899037309
35384,9696.105498876123
35385,5944.611322594074
35386,8916.80847069597
35387,6976.670784206763
35388,4359.12473317657
35389,14793.491597790759
35390,17887.468005374005
35391,8132.78073790422
35392,7657.870631275644
35393,9905.337155838359
35394,10963.318653460365
35395,11251.287813799914
35396,6306.709361884231
35397,7655.224915171955
35398,6569.506828168489
35399,9428.792383125952
35400,4410.933512879149
35401,6609.073098648085
35402,6431.492964894196
35403,6188.396067985603
35404,7671.086624432018
35405,6734.357652168579
35406,4872.115166479005
35407,10134.471295030136
35408,4497.134351005666
35409,5622.186534567828
35410,7367.617741012246
35411,7578.28513321766
35412,9732.278660807762
35413,9804.437256531344
35414,7621.043047709644
35415,7377.158739787195
35416,6977.131962873071
35417,11341.592727076846
35418,7642.200399197467
35419,6568.1423344033565
35420,6197.069728387969
35421,10389.643000891016
35422,5244.692690969215
35423,7256.736975298851
35424,3438.8125439502014
35425,5221.556734113132
35426,7917.523497853452
35427,6980.330038114828
35428,6833.076560172585
35429,9232.592746839631
35430,9908.96558443935
35431,12573.171838342045
35432,6975.87903492659
35433,10825.060946978872
35434,3217.0203447429353
35435,6479.753263158316
35436,7325.2340466038395
35437,5154.67794959236
35438,8939.790918869252
35439,5656.739402091419
35440,5526.133607739482
35441,8997.0050688761
35442,10848.684403227491
35443,8907.249546791443
35444,6111.168361389403
35445,5506.563698963968
35446,9880.700780449733
35447,8732.423385355916
35448,6231.590007536322
35449,6274.568010614042
35450,7790.621348259613
35451,9851.33115940615
35452,5573.747416437133
35453,6165.564730106165
35454,8723.15929704821
35455,9321.191738818849
35456,12973.55770447007
35457,6199.803299725776
35458,13504.123584788584
35459,7695.264847262223
35460,5870.818311066903
35461,3636.2995984630556
35462,6421.641719122276
35463,7009.484772738916
35464,6160.231277921167
35465,8556.726474722742
35466,5812.918859765964
35467,4928.668504002227
35468,8151.477422405031
35469,4457.044600033516
35470,8093.562997338844
35471,7698.1764970728755
35472,8517.729105073264
35473,9506.339543766759
35474,6298.446103976072
35475,10303.966108392302
35476,6542.916662467319
35477,6539.632818566892
35478,7244.177417916879
35479,5675.4677510026095
35480,11280.905258251554
35481,6805.594734044421
35482,5084.603276798929
35483,8102.763475078718
35484,8755.013677609155
35485,7914.608514026245
35486,6888.547856646899
35487,8904.31860661905
35488,5674.690857313535
35489,7149.653385120586
35490,6715.93625207249
35491,10483.887777563039
35492,6121.091845408678
35493,6478.891859348648
35494,6904.157444904571
35495,6659.86852875889
35496,5231.823576542626
35497,6162.060530280994
35498,9567.09287954855
35499,8838.188343826307
35500,10920.656178725974
35501,11701.430463202001
35502,8827.908187638826
35503,7072.805831171198
35504,5602.356660036288
35505,10434.93351907402
35506,11074.58957864906
35507,8169.17645604983
35508,8530.964972627626
35509,9317.090055811881
35510,6333.126892484417
35511,4551.327121751058
35512,11326.527748629842
35513,8115.613237084907
35514,6890.26299065683
35515,6746.90476014692
35516,3205.07362345008
35517,12003.495745972163
35518,6922.0232333043205
35519,6003.104458336829
35520,5728.762127693386
35521,5923.546702478509
35522,7003.040199889119
35523,8399.740116508181
35524,7329.872724055977
35525,5592.669341076538
35526,5522.136706110072
35527,4287.377142900128
35528,3812.109766437198
35529,7531.434135363236
35530,17776.031504293915
35531,4846.759132132979
35532,6244.843642689012
35533,7179.104418068039
35534,6190.7367085295855
35535,5681.955872848134
35536,6172.813351292395
35537,4343.177809006354
35538,8495.834536839664
35539,7207.711998889999
35540,4671.217779163744
35541,9778.955417986244
35542,6053.014192857821
35543,5501.728841719805
35544,10712.556720483746
35545,8854.275277471734
35546,9688.049672976147
35547,5961.64296703244
35548,7351.7677340022
35549,5207.089085528311
35550,5599.926585872977
35551,15175.802349172882
35552,11346.755150657063
35553,7073.292207421066
35554,6218.2740972752745
35555,5526.61012063998
35556,6809.454728510789
35557,4548.178587525213
35558,9499.006188317459
35559,5373.45688568188
35560,5769.575660440134
35561,8762.800863816736
35562,5693.480083358994
35563,7119.310280007929
35564,7878.991099855214
35565,8638.432952735788
35566,7922.489108319212
35567,4563.149545301918
35568,6201.328929180858
35569,7639.588543928292
35570,9539.547549029403
35571,8728.521891394466
35572,7635.297562656256
35573,5115.726024887222
35574,8855.574547544002
35575,6404.202410321488
35576,4954.613753330003
35577,7646.182475371518
35578,7762.833657926351
35579,6194.308769659581
35580,6956.7703943176675
35581,7022.76981663022
35582,6545.595480881483
35583,6554.52698997145
35584,7382.221511363077
35585,8066.736252009905
35586,7577.307951035742
35587,9738.529814313955
35588,7077.839311785791
35589,4872.50314075415
35590,12245.757339116091
35591,5682.798563834455
35592,3634.2485049196152
35593,8966.073824433513
35594,10956.728803771715
35595,11205.889344513325
35596,5493.238188914027
35597,6471.625210113919
35598,6651.234915739758
35599,7600.925590948699
35600,6507.044637186945
35601,9189.508207109797
35602,3742.9944678981146
35603,7155.879811355309
35604,6690.458056043373
35605,5442.910942579652
35606,6087.547315783371
35607,7302.253550589333
35608,9163.119880043803
35609,6427.768747315385
35610,8529.341801106575
35611,7924.821918214918
35612,8995.058677664045
35613,6227.4565690845075
35614,7305.723171351681
35615,7875.863093821257
35616,9000.35681172096
35617,9598.940279644408
35618,3883.5157481342194
35619,9376.080167059936
35620,7667.981575921756
35621,8041.902630992702
35622,7185.978675789875
35623,5141.267894207048
35624,8987.957775491193
35625,6425.974087349539
35626,9037.653148508216
35627,7441.934808311697
35628,6032.196885955288
35629,8848.102794711911
35630,6507.378521168811
35631,7341.317837306073
35632,8798.239244612072
35633,6586.840225479787
35634,10232.293236490632
35635,11756.337529468265
35636,8478.360947448755
35637,5485.852163707004
35638,6284.810045371009
35639,4508.669940541913
35640,3439.178285782157
35641,8708.148647088015
35642,6619.904510723334
35643,9449.138470953494
35644,5209.500754396158
35645,6474.037714296324
35646,6718.694929013814
35647,9824.4551882991
35648,7905.46517748836
35649,5927.210618420998
35650,6189.4789985176685
35651,7829.247533063102
35652,5841.225505852809
35653,7981.117704184918
35654,8385.630367774145
35655,9490.420644773589
35656,8472.813369693644
35657,7369.789951839497
35658,6527.505916010264
35659,5185.988033208989
35660,5895.552353323537
35661,11635.991307781791
35662,9406.025723314904
35663,9144.049890150629
35664,15879.114557800049
35665,6506.501475726754
35666,5666.289680136089
35667,7056.770008979502
35668,8760.979409272788
35669,11254.234919342913
35670,7597.170232805929
35671,8102.066376207679
35672,8228.661471920199
35673,7868.287830848354
35674,7563.5827759008125
35675,6139.503763892443
35676,5219.8025474656515
35677,5768.189558002926
35678,4006.729502844377
35679,5722.980491022561
35680,8909.961245753679
35681,17561.032990953492
35682,7254.285660778437
35683,5286.147328027411
35684,8333.63726238774
35685,6566.009075051715
35686,6742.4152705121705
35687,4885.3737437732125
35688,9504.064652612906
35689,6945.136031148673
35690,7092.797031170521
35691,14818.671941586794
35692,13319.399407256235
35693,5778.603585857732
35694,7576.607399111298
35695,4305.712058219557
35696,5726.223896623538
35697,5337.265125898783
35698,9281.438975266265
35699,4904.107006747696
35700,8470.794092360771
35701,6427.5560759982645
35702,6002.779216155489
35703,7716.527919972387
35704,7607.806768773878
35705,3841.8144115982072
35706,7949.759267838887
35707,8643.600578415022
35708,7805.145404434618
35709,5502.71168108425
35710,4815.615913005941
35711,8157.799387555209
35712,5245.939037924965
35713,9535.499733403414
35714,5069.5332905304385
35715,5364.318117311266
35716,7825.900215254157
35717,6374.913699150264
35718,5566.825515057768
35719,6630.065037670662
35720,7507.1159183725595
35721,10184.688073501555
35722,10803.106971178062
35723,6349.978913282359
35724,4060.2403778035687
35725,5945.819551781555
35726,6759.529246519817
35727,5253.911691930144
35728,6776.1080431361115
35729,6660.018219660668
35730,12527.351029709107
35731,8386.099113605604
35732,6972.176255406634
35733,7703.702832505185
35734,5248.652323883633
35735,9337.798404700832
35736,6059.408336783772
35737,12506.727093922156
35738,7137.6529844251845
35739,5853.043350417471
35740,6304.060935930978
35741,4769.800937758298
35742,7088.0913300294515
35743,20077.204179800596
35744,4688.711423242206
35745,5733.986394662108
35746,10235.714686393669
35747,6811.584629301255
35748,8161.9408998942645
35749,8228.21797187243
35750,6113.513386966993
35751,6024.452286146368
35752,4789.077569633447
35753,10185.308053041357
35754,6557.118730647522
35755,8089.352870934622
35756,8471.019878348494
35757,5149.395868642022
35758,8061.923890203392
35759,7223.990690720475
35760,4957.99529939522
35761,9267.94629719321
35762,9932.389046407898
35763,4770.82850270162
35764,8004.46282733885
35765,8088.353801532187
35766,5390.639959734859
35767,10045.573393321549
35768,7174.821762229662
35769,8401.882662804992
35770,5189.2557693506205
35771,5850.731839018576
35772,6327.23937426443
35773,4421.055711402976
35774,8280.19803269515
35775,4748.451010905203
35776,6318.2197873507985
35777,4866.782852273175
35778,6648.36325277609
35779,6220.522589423652
35780,7483.695759275683
35781,7457.596435162874
35782,8525.589886341188
35783,6818.659606257049
35784,7439.547678457983
35785,6631.35841559411
35786,9929.179297448862
35787,9305.648480334703
35788,7312.883097718587
35789,3979.6480130497516
35790,6718.108368363743
35791,7658.671037926489
35792,4659.2819764222695
35793,12104.985703498285
35794,6419.4383562319745
35795,6902.518975023595
35796,10538.469248538415
35797,7047.001522405011
35798,4637.530036836674
35799,10562.57148704074
35800,10336.275695029553
35801,6276.940272400696
35802,9682.007756213925
35803,10495.99759907731
35804,7211.810386160867
35805,6984.925083023187
35806,7417.038283554673
35807,6472.462503461207
35808,6631.854213977261
35809,8113.13366039652
35810,4891.364758560463
35811,7471.340902981823
35812,8114.016916256187
35813,6983.067379921051
35814,8671.250244611861
35815,6480.25731890628
35816,6957.054686424124
35817,5133.797811721044
35818,8029.468314744553
35819,7694.198383501725
35820,6686.077581210107
35821,6812.7112946942725
35822,8640.058968374766
35823,9703.274266010736
35824,6637.611829093441
35825,5653.581094360636
35826,7018.4230421385055
35827,7511.952516399245
35828,8124.019398968954
35829,5103.276608281576
35830,4846.929002731864
35831,7634.497202603684
35832,8037.712068098357
35833,6069.041307625096
35834,7875.007069159119
35835,7249.421774925799
35836,6827.0293061925
35837,5638.6464233718625
35838,3402.382043409978
35839,7637.278188567196
35840,7183.675169489243
35841,7377.988461593957
35842,9836.486427707912
35843,8584.574985036166
35844,4736.665218135346
35845,8615.992724020347
35846,6715.073813178368
35847,3351.1547227743017
35848,7732.437607854564
35849,12425.618581434648
35850,8483.31681038814
35851,7355.558431562198
35852,4856.72308139503
35853,6973.992110685334
35854,9284.333496403611
35855,7350.888182391957
35856,9138.15101875902
35857,5731.338766091629
35858,4904.844771189038
35859,5773.015049649171
35860,5993.446513461507
35861,5822.525303489645
35862,5542.4071879092035
35863,5543.172504515096
35864,4882.952064515744
35865,7471.05247951976
35866,7795.352651905925
35867,6605.325562893776
35868,6250.199524359263
35869,7722.086639005421
35870,6599.6036544874105
35871,5213.655158444498
35872,9804.439088382202
35873,7777.318079085513
35874,5915.0330887113405
35875,4217.087771730556
35876,13156.513918252496
35877,7155.5960636186755
35878,6468.332763591587
35879,9545.234010029104
35880,8761.022914453186
35881,7717.373064556359
35882,6609.444479930203
35883,5833.474448063419
35884,10430.186918636915
35885,14334.00845758816
35886,5719.808505781903
35887,4689.515693534406
35888,5853.8078045825005
35889,7008.118606693914
35890,6221.653580377955
35891,9079.257441831045
35892,8894.270001219369
35893,6762.965285796636
35894,4345.2574772127155
35895,6166.102659928309
35896,9497.420071865345
35897,5745.169525212188
35898,8491.925288212606
35899,4517.567483088292
35900,7995.571406610547
35901,8409.881233183136
35902,7870.891833637791
35903,9568.254273763532
35904,7027.368444340744
35905,5295.976972148625
35906,6970.566330941615
35907,8311.278144357018
35908,9099.895127320615
35909,7937.737606128297
35910,8414.677555285343
35911,6892.683462321563
35912,4970.751280942968
35913,10339.788918100689
35914,4949.859385353754
35915,10150.574192594444
35916,6932.205750750337
35917,5205.502122488623
35918,7628.711297535798
35919,6754.475576971666
35920,7910.591137682571
35921,9427.185801313883
35922,4020.2790506291085
35923,5048.404035687179
35924,7738.062185075974
35925,9378.913137301039
35926,11443.224280306295
35927,6518.95092754515
35928,6294.622932764914
35929,6771.677307052244
35930,6809.32784453545
35931,5477.062456553807
35932,10943.65394559461
35933,9100.114297759423
35934,13178.818048095565
35935,4567.798427437244
35936,6212.369145259149
35937,11184.597789238538
35938,9913.606187368187
35939,5794.169473666282
35940,11407.45022953819
35941,7183.476439182883
35942,6686.65464583529
35943,6194.45420375458
35944,5694.251078121228
35945,5548.560686050878
35946,7029.389117099445
35947,5341.801691827108
35948,5147.392341479173
35949,9206.15772280252
35950,6941.6688279622385
35951,25043.396312853
35952,7289.035362982678
35953,4596.414813650403
35954,8089.984387959265
35955,9778.254067074655
35956,7323.348780202585
35957,7942.045681712078
35958,5854.902705882643
35959,8207.602143305885
35960,8541.3417116307
35961,6360.162472184549
35962,5894.507800165601
35963,7697.63138895748
35964,8230.940953164685
35965,7480.158140455642
35966,9446.761093425643
35967,5991.848870284943
35968,5039.608987009478
35969,6197.9241983452575
35970,9997.916311886642
35971,11238.96364625811
35972,10358.713281627533
35973,8104.71339952123
35974,4885.188017928966
35975,6228.535565157147
35976,4918.175138229465
35977,8666.714717695153
35978,11411.329348705218
35979,10129.554265845269
35980,6223.911748591662
35981,7090.999840190035
35982,4822.661421022605
35983,5960.41485430213
35984,10856.340957540828
35985,7134.199718717573
35986,5778.4732276863
35987,5456.389098540345
35988,8322.607446481938
35989,3807.6329393803544
35990,7761.486122313337
35991,4895.771211216888
35992,7265.8239424736075
35993,7461.51539103624
35994,6105.679157756834
35995,8282.095531653553
35996,7632.537891178263
35997,5569.267827651924
35998,7205.177163049929
35999,8349.691494849101
36000,12097.057976260365
36001,6484.983048644251
36002,8743.743154814956
36003,8222.110924581139
36004,10159.376368048619
36005,6911.599551032311
36006,10069.12442681991
36007,4956.087771888268
36008,5073.556516122766
36009,6815.9520504830125
36010,6512.45926092296
36011,9590.199256123658
36012,8313.632542889409
36013,5729.809310660913
36014,7982.448464404077
36015,7214.253354360615
36016,10435.122297382872
36017,4079.1424954560575
36018,13284.629597379715
36019,5166.137764188098
36020,6465.6506032578545
36021,8947.153012333256
36022,5187.498737087673
36023,6891.274841302918
36024,6627.311455873075
36025,7684.138784067015
36026,6108.143945528332
36027,5808.247172081189
36028,8225.95506102399
36029,8578.794900831135
36030,8134.924457811895
36031,5415.548850199636
36032,7562.459218422385
36033,12441.657086080582
36034,7608.606800395804
36035,5014.202534875937
36036,7280.15896547585
36037,6378.180828732456
36038,6164.492268847423
36039,8286.771526788358
36040,4324.469492801449
36041,8459.255098600039
36042,6352.87707564821
36043,7279.245840575096
36044,9198.271217562302
36045,4623.490334797356
36046,6091.9291000344
36047,5492.651794173146
36048,8886.463413668078
36049,9041.967709688259
36050,5068.537663926734
36051,4875.119910123114
36052,7846.28552891541
36053,6446.207252915933
36054,6243.410666067479
36055,8763.473851607097
36056,7417.057547959171
36057,8113.053087042675
36058,5899.059362684161
36059,4755.517915412953
36060,7139.492034128733
36061,8530.492710652443
36062,8638.310283541361
36063,8134.484395158415
36064,8255.974791087287
36065,6112.211174392599
36066,9526.512652028485
36067,6243.972642440565
36068,7384.317046272356
36069,9162.759620945668
36070,6723.46866732665
36071,10786.535747110425
36072,8768.688035948804
36073,8130.473589278072
36074,6309.413333991373
36075,7887.242254988372
36076,8464.520392344804
36077,7265.29629648932
36078,4132.36391741496
36079,6212.284500196101
36080,8336.138326634482
36081,6015.893836104155
36082,4788.073529303499
36083,8958.22602114497
36084,7129.842335641696
36085,6088.540493680933
36086,6563.353017063862
36087,5591.306676675234
36088,8011.988875466856
36089,7887.780774596138
36090,7378.425910325655
36091,5953.451316036011
36092,5397.68561252631
36093,7279.341134502749
36094,4129.145310706106
36095,6429.020995797736
36096,5936.89015303763
36097,9318.868306345736
36098,8174.275111359005
36099,6829.206665704251
36100,13206.640106576086
36101,5748.2303178428965
36102,5440.350417739125
36103,11600.142398189962
36104,7585.900623891803
36105,8553.86048783199
36106,8141.370087472751
36107,6163.73915798499
36108,6690.843848908569
36109,5762.0842620467665
36110,8577.73059934743
36111,11575.485642062858
36112,7059.957731856204
36113,3504.1079116994124
36114,5023.574929750026
36115,8808.630911780174
36116,9213.256433452816
36117,6933.593635558884
36118,7448.660719971511
36119,5392.279737910742
36120,5755.359436132343
36121,3412.974244797646
36122,5208.178114389533
36123,7027.989255602992
36124,7947.88464750834
36125,6890.099468420468
36126,7407.641489298611
36127,8613.953683420712
36128,10069.261852131014
36129,7827.717952793985
36130,5762.659783053292
36131,9434.547874078235
36132,10678.823544072597
36133,6347.230764104192
36134,8191.6779546066655
36135,5537.154826076699
36136,7158.937080637499
36137,4611.83828178549
36138,7707.693503838428
36139,5660.812112584698
36140,8984.452669621744
36141,7872.336283125272
36142,9567.84778755966
36143,8343.400419136718
36144,6061.363361141678
36145,9300.987911534065
36146,19046.970103748336
36147,11283.097142156603
36148,6191.596888833388
36149,3298.8273071315944
36150,6735.910501281611
36151,9555.080684118984
36152,6091.915249246155
36153,12613.174328013492
36154,20075.098905312825
36155,4282.556495684873
36156,5762.553334969652
36157,9802.622528846847
36158,5176.695293522758
36159,8400.424160387856
36160,7356.39094490232
36161,7813.279869448851
36162,5965.879634329754
36163,6866.97016660193
36164,6274.606418263832
36165,7700.049915000377
36166,11015.977557442553
36167,6925.031942973692
36168,6736.864477919756
36169,8163.302137781301
36170,5654.336852746518
36171,5099.763472009203
36172,8238.02611638792
36173,6013.739289374786
36174,6244.771339214518
36175,7902.319371839537
36176,6652.847512965344
36177,6490.611075390143
36178,7944.293482178773
36179,7708.092294365314
36180,9221.805275540286
36181,8894.349183229424
36182,8299.860858641357
36183,6274.666399786112
36184,4212.977637448507
36185,6890.787737096239
36186,7678.080360658351
36187,6469.9637253584915
36188,5203.809836660038
36189,9201.453858997264
36190,7593.064313889955
36191,10303.046080324908
36192,6963.766513687294
36193,6034.852665174575
36194,5647.4047098742985
36195,4836.004403881495
36196,10577.137069567745
36197,5802.651102347159
36198,8237.36219499892
36199,15739.626366956572
36200,8148.920800410757
36201,8432.833334062183
36202,6017.238892543834
36203,5101.674297139285
36204,7345.445567415754
36205,4400.445837635407
36206,6017.224980307834
36207,9714.806479808569
36208,5252.2580773683285
36209,16210.257933722321
36210,13966.994608547024
36211,5465.585291202262
36212,7224.53947850232
36213,6025.715167811794
36214,7416.284789070566
36215,5924.659032134675
36216,12730.737029662416
36217,8409.571977466161
36218,10836.337778249528
36219,5908.237714479965
36220,7673.528884377073
36221,5774.17964495798
36222,9386.102631481263
36223,7537.781167536329
36224,6666.386858959545
36225,7382.561682714778
36226,6833.906076876771
36227,8796.536433548066
36228,9827.737874571934
36229,6166.590959092335
36230,10733.462884613706
36231,7038.351831828761
36232,10238.593924298313
36233,5754.42790330258
36234,6019.238288587583
36235,6294.177842487106
36236,10861.620974505073
36237,7007.025589615147
36238,8863.754564975981
36239,7279.6493229080515
36240,9547.2367497478
36241,5255.303004591814
36242,8904.48030311355
36243,7187.538482036712
36244,4370.089178657643
36245,14861.891280718295
36246,17986.01391984404
36247,7780.2671629881115
36248,7179.5465091033475
36249,10420.293466483325
36250,11092.808871192168
36251,11309.311792468165
36252,6268.2251874800295
36253,7730.205684802291
36254,6494.7093736078905
36255,8754.141377658743
36256,4145.883362430421
36257,6692.704865661773
36258,6194.018949092032
36259,6106.802801924866
36260,7680.722625862299
36261,5804.886070234855
36262,4793.390549904918
36263,7687.308619936825
36264,4441.010510329693
36265,5171.066358065538
36266,7114.744842645768
36267,7272.422732297411
36268,9527.631936299616
36269,9146.90265613414
36270,7833.140149028945
36271,7021.074215595896
36272,6935.0331996018185
36273,11705.875330538123
36274,7739.537674973977
36275,6019.669049826967
36276,6208.97676320476
36277,10214.677901712415
36278,5143.601000206988
36279,7202.180313569639
36280,3552.410258644864
36281,5467.303804842923
36282,7898.022373699828
36283,6894.612135114792
36284,6282.548128232879
36285,9126.837847616958
36286,9924.709637463548
36287,13170.805278968413
36288,6975.957382943381
36289,10056.421083849096
36290,3241.4255952272283
36291,5967.9124444718855
36292,6661.252088921431
36293,5060.080157398443
36294,8625.990409406764
36295,5699.04655106744
36296,5536.187003110451
36297,8855.036020044197
36298,11602.335795399043
36299,10952.894374854159
36300,5913.879830449702
36301,6100.022333996754
36302,10303.451163455618
36303,8630.56133515714
36304,6742.6465267156755
36305,5531.969024178437
36306,7170.094616357548
36307,11218.771201201576
36308,5046.541819101937
36309,6416.126776976246
36310,8500.835888267755
36311,8892.880495127261
36312,14021.658027217352
36313,6089.337642894597
36314,13492.156842442297
36315,7409.989354268645
36316,5813.227129210827
36317,4362.514934312017
36318,6535.474500411352
36319,6818.1467739486325
36320,6107.495448585471
36321,7752.806059520403
36322,5648.021689469414
36323,5055.886846312637
36324,7993.746368279681
36325,4346.901267130769
36326,8148.554462595816
36327,7484.325828304992
36328,8538.171417867226
36329,9364.112036891309
36330,6241.910888914456
36331,9721.53627760475
36332,6576.500904063319
36333,6214.354173429348
36334,6960.814017904161
36335,5664.3667953384775
36336,11291.837063918107
36337,7013.567432079359
36338,5168.277488232047
36339,8216.14506172357
36340,8857.353811145847
36341,7895.931715205756
36342,6724.074039843817
36343,8898.262989312023
36344,5701.890418845711
36345,6656.054323757437
36346,6541.428961106918
36347,9152.528454631221
36348,6725.486227827728
36349,6553.414364028265
36350,6351.908285761007
36351,6630.420535968183
36352,4918.5191144065575
36353,6170.532462415852
36354,9175.983205130351
36355,9033.574622229191
36356,10439.111054247076
36357,11749.389333287627
36358,8516.809774304502
36359,7106.908497837864
36360,5592.633799227388
36361,11029.163313342622
36362,11056.107262241781
36363,8036.819236843053
36364,9097.26809056214
36365,8727.219532363051
36366,6246.530738087457
36367,4553.108366201053
36368,10817.306986604062
36369,7993.575685803673
36370,7011.53002153282
36371,6719.578068458047
36372,3290.0258704476646
36373,12363.603408985271
36374,6695.010027975339
36375,5942.215517593016
36376,5124.250615634366
36377,5832.391392439088
36378,7117.480573156375
36379,8494.270615328665
36380,7114.352340477304
36381,5592.8331423030895
36382,5379.446627000734
36383,4437.662292208336
36384,3814.003969400901
36385,7506.160067737698
36386,17912.594083014217
36387,5182.19798194184
36388,6183.344032327151
36389,7342.1919865502105
36390,6009.353354968909
36391,5965.580748953259
36392,5435.920089528613
36393,4533.066184843751
36394,7586.332753801751
36395,7207.941375565612
36396,4521.340036384303
36397,9259.28085857833
36398,6023.02557722999
36399,5536.941506196633
36400,10634.013231575293
36401,8840.581856798299
36402,10306.994640316081
36403,5994.389418891853
36404,7488.124115971415
36405,5116.906233376577
36406,5574.707216526638
36407,15601.821909377391
36408,11043.550484920841
36409,6810.089428862254
36410,6260.878019075694
36411,5000.399774164943
36412,6234.787256276231
36413,5204.472792037936
36414,11315.360857707583
36415,5457.727490918528
36416,5848.10297854734
36417,8507.277207238023
36418,5031.070688669827
36419,7487.116417556955
36420,8345.109540223666
36421,8556.606960044533
36422,7847.16574317078
36423,4558.064293969917
36424,5929.636279369148
36425,7330.966044334712
36426,9711.585901490194
36427,8719.488294198854
36428,7294.984286224764
36429,5098.200081871395
36430,8658.031471148173
36431,6597.205076809755
36432,4993.213524947275
36433,7546.772330486821
36434,7761.118089161704
36435,6210.5052203389405
36436,6907.376332573814
36437,7057.39646614737
36438,6399.383289944661
36439,6517.486675248419
36440,7323.477334933829
36441,7258.907829681237
36442,7388.365885149585
36443,9995.936691067798
36444,6573.011578449515
36445,4927.571329495621
36446,12207.773562446711
36447,6667.387162884012
36448,3897.456594983448
36449,8569.843098169931
36450,9422.28677281103
36451,11656.143289882499
36452,5546.736304562266
36453,6361.212813541845
36454,6419.105653699855
36455,7778.659975365244
36456,6405.402011148607
36457,9210.922777039865
36458,3563.740221071411
36459,7228.83681675269
36460,6679.278156205327
36461,5771.122413162817
36462,6098.939676455236
36463,7308.847859865838
36464,9008.043933648863
36465,6235.412447283561
36466,8575.409857985152
36467,7837.263174799707
36468,8955.176324517743
36469,5992.36692171962
36470,7145.245238676743
36471,8011.015732613021
36472,8946.600881726248
36473,8981.751987016953
36474,5635.339047746524
36475,9308.693988488507
36476,7714.725970976628
36477,8058.176574020182
36478,7189.572038587628
36479,4760.428722263849
36480,8897.11741151222
36481,6423.653100038647
36482,9005.744344384373
36483,7172.014360703955
36484,6200.221867567079
36485,8721.777466807229
36486,7221.854626731111
36487,7347.645424183792
36488,8681.603638878307
36489,6645.915968960816
36490,10277.381063372086
36491,11586.586886870406
36492,8388.134656468641
36493,5336.801405634874
36494,6312.704072326247
36495,4262.525866286558
36496,3374.678811081808
36497,8817.161339711056
36498,6068.176969247832
36499,9086.87903338048
36500,5164.828652715389
36501,6452.535464296325
36502,6488.145635669451
36503,10069.302403723383
36504,5659.248874313594
36505,5881.744195501221
36506,6224.371060278056
36507,7583.669596972171
36508,5760.5991801099235
36509,7945.17371140972
36510,7852.049624581485
36511,9886.555469839679
36512,8440.30008981193
36513,7408.104465371597
36514,6223.509408925498
36515,5151.694886249638
36516,5708.375647405553
36517,11345.571307506889
36518,9471.885037072783
36519,9235.75929255378
36520,14510.042567848815
36521,6686.9604273054
36522,5619.93890510062
36523,7117.593643233905
36524,8653.79098202394
36525,11211.78333600958
36526,7456.833034583022
36527,8134.884028021479
36528,8148.749731142923
36529,7646.249263953807
36530,7409.255293488081
36531,6040.185855146378
36532,4952.026827196674
36533,5657.8996669453945
36534,4295.124652297866
36535,5745.8940333776745
36536,9024.47745769922
36537,17421.92785555049
36538,7218.54582104071
36539,5384.006999572221
36540,8302.354099532686
36541,5072.0200572775175
36542,6672.752573981778
36543,4905.495256399475
36544,9567.301451092206
36545,6592.72720306713
36546,6590.035915761445
36547,14818.791442750662
36548,12462.97414510082
36549,5837.263487046409
36550,7646.362857097143
36551,4294.654268176267
36552,5664.3415089752525
36553,5492.505069314026
36554,9155.94966619492
36555,4941.740448865652
36556,5019.315887520975
36557,6458.9360869326765
36558,5857.684392928064
36559,7290.602440438032
36560,7495.115876235862
36561,3780.533391937312
36562,7607.048136100056
36563,8738.712437792696
36564,7819.539330554248
36565,5445.824994270233
36566,4844.881184592728
36567,8315.041718277429
36568,5207.066098669234
36569,9472.5252102008
36570,5052.712122367127
36571,5425.761210277941
36572,7734.985938679821
36573,6332.33035960487
36574,5474.302283830962
36575,6669.272259698633
36576,7464.918006259088
36577,9836.484573386608
36578,10705.61907713746
36579,6183.680617252797
36580,4082.350342396983
36581,5857.021567293818
36582,6402.930466273924
36583,5315.061875728372
36584,6987.454174855516
36585,6617.677543470918
36586,12370.484687506889
36587,8285.825300688373
36588,6772.443143586488
36589,7751.010823131449
36590,5243.134026347834
36591,9457.930798215562
36592,6144.569231287443
36593,15806.80202123175
36594,6406.032225883212
36595,5838.292031710119
36596,6067.973930141947
36597,4654.579231143661
36598,7505.832135024634
36599,18510.45603775799
36600,4443.829169186611
36601,5201.807869020034
36602,10258.665861617144
36603,6754.427315401013
36604,8114.303710442336
36605,8261.553181831952
36606,6050.299604253069
36607,5959.910579618045
36608,4887.978201082139
36609,9940.044239753588
36610,6556.253585585061
36611,8080.621127550379
36612,8037.843220142603
36613,5077.999387828484
36614,7938.020250046785
36615,7012.893438724376
36616,4386.586971946354
36617,9219.620432214238
36618,9551.120945317294
36619,4678.299552353624
36620,8066.859504452933
36621,7394.9903535920885
36622,5357.364967240196
36623,9438.821644262387
36624,6641.594021069276
36625,8045.687966118112
36626,5120.287021830643
36627,5850.418956673289
36628,6393.071424712823
36629,4423.8923053417175
36630,8223.719153457534
36631,4838.176879055843
36632,6384.650897207987
36633,5050.245936326274
36634,6610.915220533137
36635,6272.587725823713
36636,7432.572192271131
36637,7346.182443444155
36638,8321.87460969586
36639,6421.762734706758
36640,7838.306957098459
36641,6701.602794176746
36642,9659.11820180727
36643,9161.366857373854
36644,7311.525110530168
36645,4065.3253943767604
36646,6315.393401369951
36647,7666.525823357087
36648,4651.028154337491
36649,11525.331774513603
36650,6228.765054062008
36651,7080.63482227679
36652,10528.49397759449
36653,7126.070368093682
36654,4590.767556826133
36655,10420.21390803641
36656,10094.285257719728
36657,6273.766443065044
36658,9983.870896839115
36659,10994.989096262052
36660,6721.295018733645
36661,6898.212043718097
36662,7335.78128787268
36663,6475.381469363699
36664,6451.48975364336
36665,7518.069750010385
36666,4852.8688389354775
36667,7171.177190814229
36668,7662.5767889184235
36669,7322.942088627619
36670,8420.486560578576
36671,6467.195207592646
36672,7177.744732923124
36673,5246.903336287982
36674,8101.840628286747
36675,7191.861713504541
36676,6744.2135952052695
36677,7235.530106612744
36678,8235.616225838732
36679,9666.166346459528
36680,6079.06999065466
36681,5643.090162982143
36682,6858.786257109311
36683,7427.929120486173
36684,8117.034748835002
36685,4933.761038442844
36686,4829.380726932229
36687,7190.498157091705
36688,7772.220629972153
36689,6009.67737191421
36690,7912.116087397188
36691,7003.710264033612
36692,7225.64715607024
36693,5444.744018448056
36694,3705.9114736211063
36695,7511.1751786709065
36696,6761.134850659121
36697,7253.473135850003
36698,9876.79795879366
36699,8781.952710324764
36700,4967.487669155816
36701,9098.240912802274
36702,4695.520671738481
36703,3443.655875644093
36704,7729.392295998442
36705,12403.971108102423
36706,8713.57490057573
36707,7785.170881964561
36708,4850.513928305472
36709,7224.981493709015
36710,9481.792384473874
36711,7228.385870411452
36712,9268.678180412726
36713,5804.505798046032
36714,4970.566474746574
36715,5744.943302751717
36716,5745.460743421448
36717,5835.316286562314
36718,5543.937518218192
36719,5409.056249685773
36720,4859.658825207482
36721,7416.9346029588205
36722,7597.124572003468
36723,6338.274151874283
36724,6288.064891612082
36725,7567.702533284158
36726,6750.089893158019
36727,5236.4912921718815
36728,9787.662351448818
36729,7606.717440688121
36730,5775.402854551495
36731,4309.8883182825575
36732,13199.561599160212
36733,7152.666001681429
36734,6340.446830627705
36735,8829.18315424681
36736,8364.902759301202
36737,7777.209898258606
36738,6455.454778233206
36739,6038.27343134145
36740,9693.07122489847
36741,14294.975578137932
36742,5765.6187087338585
36743,4985.628887366889
36744,5385.110752915599
36745,7353.508468990975
36746,6150.851849817665
36747,9110.828593355172
36748,9116.840000850458
36749,6399.883586025413
36750,4595.428251372077
36751,6260.739641321913
36752,9590.074770636906
36753,5450.010428173359
36754,8378.183748438652
36755,4517.965008507317
36756,7773.501218458011
36757,8412.6850968195
36758,7849.847836171536
36759,9674.31121722614
36760,7012.049691419688
36761,5027.5424506978525
36762,6895.219512405843
36763,7799.3586024375945
36764,9109.177255605278
36765,7919.07002275657
36766,8350.801096844307
36767,6871.173779998037
36768,4973.137110850201
36769,10371.914621433305
36770,4916.26147046977
36771,10459.393232125456
36772,6857.302811945564
36773,4747.634613691865
36774,7716.67412179487
36775,6861.262597745238
36776,7767.159896695615
36777,9356.751623408456
36778,4258.682307966543
36779,4907.558894520997
36780,7825.089756226315
36781,9305.763429744708
36782,10219.733694361195
36783,6214.030770269001
36784,6444.562542869368
36785,7001.477272482583
36786,6705.088527339918
36787,5462.967343338345
36788,10762.598757585984
36789,8881.114877659627
36790,12688.503520412465
36791,4548.401741276997
36792,6131.505640167841
36793,11160.878156482406
36794,10140.530792082915
36795,5603.750360068034
36796,11400.177372395334
36797,7236.13612335932
36798,6550.891829814965
36799,6107.322198218447
36800,5585.616964840717
36801,5632.240911450477
36802,6915.582708063431
36803,5272.982592478644
36804,5155.184012724595
36805,9087.9128527559
36806,7112.402995474484
36807,24983.880925948237
36808,7054.052173581531
36809,4793.4733657037405
36810,8317.800707535112
36811,9508.02420639546
36812,7203.094284778185
36813,8163.731070207568
36814,5853.679105680189
36815,8626.515197911178
36816,8966.967327250655
36817,7281.123468803129
36818,6070.575141677504
36819,7609.331004838414
36820,8477.411362493229
36821,7509.916507861053
36822,9128.040782966733
36823,6010.061541197363
36824,5131.3889353387485
36825,6168.340302740863
36826,10791.468297369298
36827,11286.689735631973
36828,10674.922726444809
36829,8265.413572390846
36830,4629.611359735852
36831,6323.48506353588
36832,5168.948590530433
36833,8891.107576869355
36834,11552.308134214645
36835,10259.263398334511
36836,6715.811213849745
36837,7264.51707431702
36838,4645.155748894082
36839,5884.809861523668
36840,11282.186327913103
36841,7200.436172869222
36842,5451.603576509601
36843,5928.353055759324
36844,8682.294353383677
36845,3826.342799870152
36846,8272.555128111077
36847,4896.383907341842
36848,7203.1208612183445
36849,7381.986346342681
36850,6123.23176176777
36851,8330.665011997924
36852,7785.752630550001
36853,6011.816019896767
36854,7295.145392865912
36855,8376.779800404656
36856,11780.466993414264
36857,6407.472515708417
36858,9351.793662038508
36859,8356.322730970827
36860,10278.503078379956
36861,6994.867428198483
36862,10343.576432329108
36863,5015.84853180343
36864,5023.217724287149
36865,7051.741396165926
36866,6484.259993123703
36867,9571.080044661103
36868,8263.384526458087
36869,5772.336857986758
36870,7776.893068137629
36871,7331.89348700666
36872,10474.53880362448
36873,4195.273757581188
36874,14732.52907970328
36875,5309.161981225662
36876,6467.302054409642
36877,9559.836824325186
36878,5282.030106638607
36879,6971.153407513916
36880,6632.055907439782
36881,7764.331961462109
36882,6106.514090688725
36883,6003.488725508153
36884,8254.693920857786
36885,8648.925177186218
36886,8740.237362674881
36887,5575.8632385474
36888,7615.172055432477
36889,12484.26166907357
36890,7563.458983161057
36891,5113.90124419665
36892,7129.581958092454
36893,6494.093834010513
36894,6270.660265333996
36895,8370.961967207817
36896,4411.759493460797
36897,8625.619069119175
36898,6742.278515016848
36899,7307.253601695918
36900,9503.650936678345
36901,4974.123025634728
36902,6342.579642786615
36903,6109.238527431919
36904,8948.5171294117
36905,8965.886666869967
36906,5200.714001820567
36907,4919.05996481842
36908,7743.386870102357
36909,6405.5006034360085
36910,6271.365092694434
36911,8487.05531933238
36912,7552.918169806254
36913,8125.4292427605005
36914,6041.291093818223
36915,4717.156962650006
36916,7249.165319160183
36917,8236.069858688023
36918,8673.508640170028
36919,8729.088394453538
36920,8652.33835243762
36921,6153.606421117864
36922,9534.738851712333
36923,7162.351173101254
36924,7400.31226993758
36925,9291.316254530486
36926,6746.39061834667
36927,10884.789460291206
36928,8842.099543820274
36929,8145.697642326459
36930,6074.291511080033
36931,7979.066208571342
36932,8437.41724098355
36933,7321.047347466119
36934,4410.069245098191
36935,6328.202108923243
36936,9011.703563569108
36937,6120.384136615071
36938,4715.786403384438
36939,9083.890008805805
36940,7184.087113909206
36941,6175.917975186981
36942,6583.220085135882
36943,5670.755378355362
36944,8312.931927825444
36945,7859.013861236744
36946,7386.681900068194
36947,5950.675966168285
36948,5648.068936253558
36949,7387.609456107644
36950,4155.809453965625
36951,6476.698345498336
36952,6116.878569862615
36953,9636.365511095944
36954,8384.961840787257
36955,6959.7056704670085
36956,13291.40827543208
36957,6878.878726089527
36958,5513.196022057321
36959,12067.024906863484
36960,7858.574946616195
36961,8604.264308099408
36962,8617.338150030017
36963,5788.208873232973
36964,6761.504034865427
36965,5898.1615370892405
36966,8452.271025700224
36967,12704.395611865497
36968,7012.693106813121
36969,3567.9832090638124
36970,5839.046021568432
36971,9145.52327735265
36972,9503.80003357988
36973,6963.755511377511
36974,7554.793729586896
36975,5294.146547396543
36976,5752.423199430155
36977,3438.810757550309
36978,5341.840112469285
36979,6950.223212753301
36980,8064.957251353142
36981,7089.329250396662
36982,7668.217960013286
36983,8586.742335560657
36984,10101.809756593813
36985,7955.890775939795
36986,5816.792951995462
36987,9662.950171965558
36988,12759.732722427956
36989,6275.9178361364975
36990,8424.920064293545
36991,5545.236783681186
36992,7130.218116768034
36993,4262.484971726595
36994,8156.497616266208
36995,5962.441070747453
36996,9339.712383106787
36997,7904.440043541625
36998,9695.54665952103
36999,8409.488699800499
37000,5927.968318106397
37001,9510.81338985299
37002,19305.769423650658
37003,11495.596912887164
37004,6718.72958312143
37005,3307.3545075292354
37006,6877.698162759023
37007,9739.881390951366
37008,5852.492060876218
37009,12550.69500832093
37010,20197.97567224524
37011,4346.942270424021
37012,5822.921367441641
37013,8686.57461406581
37014,6047.785415109795
37015,9372.172837536391
37016,7362.1403769425015
37017,7864.154848055224
37018,5946.188837228303
37019,7362.601114985501
37020,6705.896334569515
37021,7815.285732056098
37022,11186.72317540792
37023,6739.806485028858
37024,6678.731123609517
37025,7818.652470358368
37026,5729.98525235081
37027,5529.224149179832
37028,8310.552281056373
37029,6027.264636897361
37030,6204.84977486987
37031,8293.772683175373
37032,6725.424062661785
37033,6948.319927444417
37034,7894.548549492639
37035,7792.208323295698
37036,9206.749554042502
37037,8949.358230989279
37038,8145.724860112109
37039,6312.785432760312
37040,4263.072368026583
37041,7010.831396270394
37042,7796.417719387972
37043,6536.875132073906
37044,5174.77807596955
37045,9503.697906094689
37046,7552.0962582023185
37047,10510.146032181443
37048,7681.0011801515475
37049,5909.1817753890855
37050,5711.259031304899
37051,4931.092620670111
37052,10526.902431918292
37053,5969.677116648613
37054,8147.862546749039
37055,15648.635407915612
37056,8156.4876830353405
37057,6431.666956381033
37058,5997.4462854933945
37059,5356.337945141652
37060,7386.607767602821
37061,4372.273353402853
37062,6135.965821308595
37063,10189.807484292049
37064,5288.656296169073
37065,17348.650204727463
37066,14910.145180808313
37067,5348.526329281012
37068,7540.19816721658
37069,6164.399511804933
37070,7416.89106866687
37071,6257.245169370143
37072,12768.317993337629
37073,8283.172103798976
37074,10785.0710474803
37075,5946.852585359086
37076,7653.6435820109045
37077,5645.572320440995
37078,9681.196002587283
37079,7491.849583279365
37080,6647.451548399459
37081,7459.110183582871
37082,6791.705347023292
37083,8923.415524581429
37084,9766.680361897135
37085,6475.150341500857
37086,11465.705700641292
37087,7064.057609315915
37088,10661.839241155089
37089,5788.077744294921
37090,6373.2906073873
37091,6164.795586957302
37092,11236.40847855984
37093,7004.729082347084
37094,7732.9349453836485
37095,7408.464952158083
37096,9666.218958705507
37097,5250.803904941465
37098,8797.693458083584
37099,7194.185409592545
37100,4412.333844874555
37101,17022.192008371745
37102,18359.925835867343
37103,7924.857958871826
37104,7560.876156932018
37105,10586.544168402035
37106,11741.647324613294
37107,11687.97972914979
37108,6312.14725351303
37109,8120.94913549918
37110,6479.02675621275
37111,8698.23769463458
37112,4334.655892189968
37113,6779.978310009091
37114,6326.931343300163
37115,6143.360354289167
37116,7841.480204221263
37117,6015.465299475098
37118,4815.655122357112
37119,7951.853673588883
37120,4409.831908269068
37121,5668.7476069260265
37122,7163.186153463569
37123,8000.051434597866
37124,9665.896436730294
37125,9245.010254870604
37126,7783.652279453389
37127,7055.929013526414
37128,7050.180831860224
37129,11746.883437748003
37130,7859.052185660399
37131,6154.539522321451
37132,6181.510788203153
37133,10289.640242982257
37134,5054.205224406876
37135,7367.182268314373
37136,3530.4635990055267
37137,6471.125461066633
37138,8045.390720741673
37139,6901.07605828317
37140,6294.648837995338
37141,9082.799730134773
37142,9985.524898024483
37143,13435.477311711811
37144,7247.463440300445
37145,9887.29986059033
37146,3433.9993045886445
37147,6105.910956431867
37148,6956.603988153262
37149,5116.218462842999
37150,8827.318625440477
37151,5802.946761828085
37152,5713.573824286009
37153,9204.053000884318
37154,12340.802771166527
37155,9061.156485219844
37156,5926.5083591811235
37157,5496.814900972484
37158,11388.21271482757
37159,8756.35032693799
37160,6778.514079308505
37161,5565.449089963529
37162,7274.584671323745
37163,11287.030436813186
37164,5545.011999730228
37165,6842.6478731324305
37166,8698.298219397433
37167,9328.10601554082
37168,13842.445808627079
37169,6095.451604581869
37170,13740.468523730784
37171,7447.896757792026
37172,5841.381645488599
37173,3847.061940251664
37174,6703.864750127196
37175,6727.077467623678
37176,6123.501155843897
37177,7741.649282457827
37178,5607.764981620159
37179,4968.557936028992
37180,7960.449351217714
37181,4428.731878496476
37182,8079.479166326174
37183,7540.755573052983
37184,8671.623805148673
37185,9501.573763785585
37186,6126.673157954833
37187,9833.975015117237
37188,6631.1869095646
37189,6386.810573006894
37190,6639.286362952086
37191,6610.0830249554365
37192,11477.53326065335
37193,6930.668821902768
37194,5193.815728932523
37195,8421.799460509728
37196,8791.57414142157
37197,7873.423867243347
37198,6911.381578829401
37199,9213.626077353092
37200,5749.571705638841
37201,6635.604847366712
37202,6708.009647637106
37203,9020.876360679591
37204,6736.772760656009
37205,6610.403445777935
37206,6447.815756321286
37207,6545.3970397005605
37208,4976.038753420322
37209,5912.531193954738
37210,9083.431226075762
37211,9008.764198163302
37212,10913.117358935333
37213,11883.320985404944
37214,8376.171414744385
37215,7074.957090683848
37216,5338.145972593737
37217,11207.395086101727
37218,11379.292305405907
37219,8122.996257855087
37220,9056.655529530335
37221,8904.358758567401
37222,6312.633298117612
37223,4583.264648340223
37224,11134.231924865791
37225,8149.817364384897
37226,7197.567122485787
37227,6702.918084657282
37228,3445.3886568630473
37229,12465.84061457329
37230,6816.912951857011
37231,5769.514519188142
37232,5146.2106590770345
37233,5934.599262776869
37234,7149.600807585075
37235,9361.41613449424
37236,7159.209157727524
37237,5733.391079005274
37238,5399.977901474426
37239,5625.811627890642
37240,3758.997815484223
37241,7534.907874996109
37242,18058.054303604076
37243,5195.387244702604
37244,6147.648147406517
37245,8192.7509674786
37246,6003.688245493418
37247,6122.300435832776
37248,5565.420873642593
37249,5010.73301855317
37250,7535.615219168085
37251,7265.750043854837
37252,4610.723285851502
37253,9679.387068040758
37254,6169.68991746559
37255,5568.566438930567
37256,10678.580178177535
37257,8904.446970411771
37258,10256.797539988693
37259,6387.923494961462
37260,7526.894322699298
37261,5232.842286608378
37262,5658.301105867688
37263,17689.972913778314
37264,11047.018838145514
37265,6755.684079148327
37266,6421.0718149187405
37267,4975.993865361187
37268,6426.136706201097
37269,4585.5689058857615
37270,9911.584943078344
37271,5651.205592435343
37272,5917.649187033489
37273,8406.296854458451
37274,5336.372623866974
37275,7151.026933851247
37276,8462.982016414142
37277,8443.300387957683
37278,7754.046769333794
37279,4866.90959613997
37280,6199.159402727229
37281,7208.152328744745
37282,10054.503019122563
37283,8719.534284228059
37284,7278.621134306402
37285,5236.940328894489
37286,8731.65341803462
37287,6834.570479668851
37288,4958.6743324314575
37289,7532.284545508052
37290,7700.767581425377
37291,6270.958904521934
37292,7010.413613469843
37293,7113.14379874261
37294,6454.760845203844
37295,6576.939019698375
37296,7560.174742512363
37297,7191.457730543333
37298,7622.600399670296
37299,9914.043888328872
37300,6589.957534983765
37301,5000.161979139866
37302,12518.846253745476
37303,6296.71585928505
37304,4221.472513410351
37305,8705.422777264957
37306,10079.13902719525
37307,11863.554434293646
37308,5591.912033730157
37309,6475.881378583206
37310,6565.588546184178
37311,7823.915824218138
37312,6391.944800335724
37313,9254.470950435914
37314,3556.1496449122787
37315,7354.357404761905
37316,6607.336396608457
37317,6326.263021560954
37318,6153.017263637279
37319,7359.578461991331
37320,9381.875897007763
37321,6361.098653207925
37322,8868.195719873263
37323,7929.925623467183
37324,9123.304388009998
37325,6015.249208771749
37326,7338.758593166454
37327,7985.51662230666
37328,8994.949725825863
37329,9686.567649283097
37330,3855.4367462953733
37331,9466.46878968731
37332,7774.979376067288
37333,8035.6950984710575
37334,7229.609467538426
37335,4835.455458374959
37336,8973.929132435174
37337,6524.61848367648
37338,9170.731675258874
37339,7163.473026993551
37340,6331.789726146931
37341,8337.143931576851
37342,7279.572293692074
37343,7324.9349850820445
37344,8779.59415206325
37345,6646.767942699114
37346,10432.605817756588
37347,11737.931583582842
37348,8428.398567106871
37349,5440.51540684823
37350,6241.868148331837
37351,4267.366790154358
37352,3486.6846102654677
37353,9291.156962975483
37354,6071.708421145935
37355,9296.448218022848
37356,5096.547519848638
37357,6342.386038685172
37358,6540.894640174482
37359,11199.537161645543
37360,5780.700581916449
37361,6051.086167940524
37362,6327.8161174804045
37363,8017.365395409916
37364,5782.844046462524
37365,8045.615965471022
37366,7684.5459407531525
37367,10162.123805757989
37368,8544.180116297699
37369,7375.010474591088
37370,6194.3226548014345
37371,5306.749221530444
37372,5527.81896606946
37373,11781.686744560859
37374,9683.081284644835
37375,9127.232694441238
37376,15310.617223910887
37377,6745.927760347561
37378,5593.563379607661
37379,7210.942029393591
37380,8752.007464939255
37381,11196.521849898469
37382,7752.591787630119
37383,8135.7388412463515
37384,8336.892041915362
37385,8050.745020390837
37386,7588.8903988018
37387,5806.130091351325
37388,5073.965132387217
37389,5640.663570389172
37390,4346.22296408412
37391,5880.839415019765
37392,9200.816210561054
37393,17879.406846903094
37394,7191.34235919645
37395,5459.602313681814
37396,8736.869051711137
37397,5045.630344412897
37398,6578.848491711281
37399,4838.758383855351
37400,9506.58921811685
37401,6654.132464247602
37402,6517.4087745170345
37403,14794.818648874603
37404,12751.935448194787
37405,6057.2061389712835
37406,7612.212874172842
37407,4315.810493992117
37408,5896.39915257655
37409,5511.187172375827
37410,9067.101919552671
37411,5016.688312823969
37412,5039.734956563044
37413,6661.606790392958
37414,5964.123638155061
37415,7523.493517236235
37416,7531.295053114537
37417,3697.093754990923
37418,7568.686671529451
37419,8812.157150578241
37420,7801.567681675349
37421,5597.900451114107
37422,5272.830330490758
37423,8419.524062720408
37424,5247.383539182956
37425,10066.866536012383
37426,5077.114086963104
37427,5545.7754874378725
37428,7703.178400211336
37429,6509.132431959923
37430,5478.058933463683
37431,6703.182600774225
37432,7857.255566865407
37433,10537.792805202622
37434,11069.412451959533
37435,6239.1585160964705
37436,4042.7601894388295
37437,5958.576976023977
37438,6362.12304298153
37439,5300.584263089507
37440,7018.260844980159
37441,6677.638586315326
37442,12558.990214829542
37443,8426.1848499875
37444,6667.0272446723775
37445,8030.08890016858
37446,5299.541450049134
37447,9617.43701483722
37448,6190.118624751173
37449,16115.609871870882
37450,6818.482167764061
37451,5858.558104686164
37452,6234.8393293392055
37453,4523.5776114519385
37454,7867.387648742837
37455,18826.90828000921
37456,5083.645373114348
37457,5188.251486339076
37458,10048.968593579624
37459,7183.81147514985
37460,8194.190316548216
37461,8416.48309490006
37462,6085.883544476845
37463,6009.807624368984
37464,4853.432210215388
37465,10309.967340772728
37466,6624.639408570223
37467,8053.604058314057
37468,8554.67019790149
37469,5107.851855697309
37470,8093.620193316507
37471,6884.50919080686
37472,4560.146781775414
37473,9251.744251204445
37474,9364.226145730141
37475,4928.5093549104695
37476,8187.485015290219
37477,7305.82990792209
37478,5413.101891025939
37479,9300.813328605005
37480,6588.147333691434
37481,7940.5339652113
37482,4902.47027826894
37483,5885.466447315544
37484,7486.683608914704
37485,4384.120104367856
37486,8286.6932599051
37487,5341.058614860929
37488,6468.583119467941
37489,4997.390319108548
37490,6654.7424622100525
37491,6755.112722534517
37492,7558.329254546755
37493,7354.890930665267
37494,8352.720556989982
37495,6446.779060602487
37496,7778.80238212931
37497,7177.995467254947
37498,10235.734146861689
37499,9422.235632259308
37500,7294.337425458703
37501,4140.4507097163905
37502,6467.868825818138
37503,7677.9169017991735
37504,4727.154436506304
37505,11772.613317878395
37506,6229.259987960924
37507,7352.033923322231
37508,10780.559922763701
37509,7120.689775220052
37510,4646.831139449393
37511,10574.783103923855
37512,10336.499750826855
37513,6125.093369529868
37514,10083.340832583106
37515,10639.506602657062
37516,6402.5356534244875
37517,7341.977138958481
37518,7438.928530472617
37519,6616.975749557019
37520,6707.183296645951
37521,7554.175723134482
37522,4870.0169758170705
37523,7331.843276172249
37524,7942.2848381248605
37525,7348.480420213733
37526,8789.180585386022
37527,6441.6532877559575
37528,7360.304381069913
37529,5180.642784456642
37530,8086.954996508393
37531,7577.065756149505
37532,6627.543608889843
37533,7238.931149870711
37534,8166.6822663542625
37535,9736.027195277376
37536,6186.611331759068
37537,5823.764525170331
37538,6711.854275148374
37539,7431.653683172856
37540,8245.403811109747
37541,5089.112476848313
37542,4904.605102266649
37543,8968.982122534328
37544,7775.638450685752
37545,6053.985805152203
37546,7985.443581174901
37547,7079.6405182449225
37548,8703.938340418565
37549,5465.349128615664
37550,3634.7498076963884
37551,7609.170039180201
37552,6917.7476434284645
37553,7361.06954731354
37554,10072.575484158258
37555,10237.926170878141
37556,5454.44111827687
37557,8432.23968480131
37558,4841.302176712307
37559,3420.8038179013965
37560,7824.301450206225
37561,12657.579393150707
37562,8108.428544168251
37563,8026.410676183137
37564,4931.043696975486
37565,7185.846992684255
37566,9900.696711301769
37567,7555.482831931955
37568,9253.199870389415
37569,5919.473462893768
37570,4904.020473489661
37571,5831.05620285087
37572,5803.910331075265
37573,6346.990058478066
37574,5520.263881985763
37575,5389.335879578757
37576,4926.925657894014
37577,7619.209080399738
37578,7729.769069266008
37579,6477.843047117926
37580,6260.972161751443
37581,7702.10629318221
37582,6780.950090416643
37583,5226.330988475577
37584,9825.565396237364
37585,7773.954087250679
37586,5736.338067352582
37587,4374.541708986882
37588,13259.141164103865
37589,7000.390863276534
37590,6483.886409704673
37591,9040.106437260823
37592,8968.710075152943
37593,8149.053779987455
37594,6512.282699951465
37595,6463.279953118007
37596,10130.040919460445
37597,14522.440696169017
37598,5747.796489862106
37599,5443.487323140909
37600,5425.655142153168
37601,7350.296537894294
37602,5769.955102022974
37603,9295.318326427654
37604,9360.234762205117
37605,6668.164706833162
37606,4758.369778855817
37607,6411.248395516251
37608,9472.411776811463
37609,5541.550840254989
37610,8312.949418768323
37611,4503.225754130158
37612,7814.870349779304
37613,8554.081006312783
37614,7948.062232871243
37615,10575.739031707672
37616,7029.504486319235
37617,5147.92626334354
37618,6723.576068540341
37619,8205.174062499334
37620,9188.215969609411
37621,7933.653203612762
37622,8319.772249194106
37623,6966.855809928632
37624,4969.485580912793
37625,10632.063369574053
37626,4886.147937305947
37627,10699.12249210756
37628,6872.523023169339
37629,4973.219694579115
37630,7674.37604571572
37631,6892.040404542994
37632,8048.154622223357
37633,9515.703475902925
37634,4249.205021698072
37635,4915.772140009428
37636,7918.310420311472
37637,9475.086512292406
37638,11421.079157842156
37639,6227.399116364845
37640,6437.58486822066
37641,7057.710691814067
37642,6834.596611463139
37643,5451.799598095488
37644,10799.099214576703
37645,8960.815370290433
37646,13097.372411976785
37647,4551.813731993797
37648,6307.030551254302
37649,11225.552695942944
37650,10179.876329434452
37651,5718.881078035769
37652,11319.63573434454
37653,7507.360362353835
37654,6285.248627364638
37655,5663.213722674254
37656,5755.932800154097
37657,5555.649576674144
37658,7198.289883960034
37659,5381.2938708131105
37660,5248.196638876222
37661,9359.752844755732
37662,6956.215645443329
37663,25080.74933071014
37664,7278.199883162053
37665,5004.367017380023
37666,9004.722003120076
37667,11203.712590472047
37668,7763.842018204392
37669,8426.692800137513
37670,6472.811436569804
37671,8911.291086001029
37672,9195.791778197194
37673,7101.536520862178
37674,6436.611718408182
37675,7804.552127219453
37676,8951.331194402348
37677,8004.461360751806
37678,9483.851342776039
37679,7258.7844811316145
37680,5447.294364578233
37681,6538.406925992607
37682,11077.72120021645
37683,12284.407133366636
37684,12721.820971669711
37685,8985.68487798884
37686,5965.608771574832
37687,6447.154611336896
37688,4886.128274819133
37689,9211.510606464592
37690,12097.115351592038
37691,10479.5074715701
37692,7297.195842471254
37693,7970.6389499307925
37694,5168.703320434424
37695,5961.054952388255
37696,11328.412705584451
37697,8180.5943433533
37698,5520.069235721793
37699,6027.343733480145
37700,8425.702824189017
37701,3935.2845776904564
37702,8514.878717788975
37703,4871.592953878639
37704,7348.906921068556
37705,7858.1832172454715
37706,6372.620853803748
37707,8445.731479223354
37708,8170.139389424298
37709,6026.736836746585
37710,8073.2483827210435
37711,8427.452094075039
37712,12816.623349539868
37713,6798.735486291319
37714,10404.636974636473
37715,8236.757187143736
37716,10937.439516946637
37717,7318.621578715498
37718,11019.815239592921
37719,6135.158866830882
37720,6052.920132859787
37721,8159.04072271764
37722,6478.538515706475
37723,9961.46608147459
37724,8816.826365227944
37725,6761.668886047871
37726,8319.925893878013
37727,7932.171571944395
37728,10912.096425962925
37729,4650.669306546397
37730,15318.057349345134
37731,5881.552202882086
37732,6717.095885715159
37733,10313.884416461808
37734,6006.350814733445
37735,7933.849826817791
37736,7347.587809297729
37737,8189.876882690017
37738,6238.560943897607
37739,6312.353891468009
37740,8398.660993383746
37741,8711.764390968572
37742,9327.755436732428
37743,5657.93167423671
37744,8183.078875560477
37745,12699.392179484988
37746,7725.629858215636
37747,5363.371203300784
37748,7446.54345656525
37749,6426.908834799309
37750,6376.757780231208
37751,8720.469557275388
37752,4965.424736658504
37753,8944.622072442236
37754,7349.894023199024
37755,8222.441024623517
37756,9685.925923865529
37757,5487.217074830538
37758,6718.785869403123
37759,6265.328884614141
37760,9111.905287967771
37761,9988.85963589678
37762,5445.9465654052
37763,5196.674267399352
37764,8131.335513132952
37765,6695.752215365239
37766,6841.002255526657
37767,8756.963742178763
37768,7575.1864499827625
37769,8324.863173508886
37770,6860.091453085871
37771,4952.051877685223
37772,8235.671304369884
37773,7853.312260833754
37774,9441.656264108435
37775,8852.549377177662
37776,9058.558885668945
37777,6572.203380457231
37778,9621.801958775857
37779,7545.26122783267
37780,8039.691557109557
37781,9760.343515124
37782,6977.473443573605
37783,11928.963079448293
37784,8892.445657066673
37785,8898.310387748777
37786,6608.524680703632
37787,8455.120599023223
37788,8911.813307653398
37789,8029.409352961794
37790,4569.992712213439
37791,6588.74291647843
37792,9342.84067279942
37793,6721.911942158658
37794,5228.690534715011
37795,10861.374155894577
37796,7775.490469176292
37797,6321.756483192399
37798,6602.807838769056
37799,6717.02263565721
37800,9636.112612168063
37801,8155.321426081115
37802,7755.372549270946
37803,6332.605034049505
37804,6085.243768364308
37805,7900.300673203794
37806,4959.209918553325
37807,8154.127689504174
37808,6481.4069712087585
37809,9724.054952823235
37810,8659.206635031494
37811,7335.329430839653
37812,13885.419460439885
37813,6804.925632512098
37814,5524.901954941431
37815,12342.247145436697
37816,7921.917878774992
37817,9424.11406752166
37818,9297.82419370744
37819,5852.456262185528
37820,6915.22870858195
37821,6216.504063715812
37822,8712.620858682863
37823,13741.181664177193
37824,7107.2479969685455
37825,3669.4079501560527
37826,5379.252683110733
37827,9706.02527112954
37828,10018.592035696649
37829,7901.958832209459
37830,9031.015307713997
37831,5352.332409112372
37832,6257.602677527853
37833,3798.9441978360824
37834,6039.927997526983
37835,6999.88579712729
37836,8247.524625893273
37837,8603.196704809121
37838,8154.897727293159
37839,8652.057457775922
37840,10291.226877778568
37841,8079.321016568658
37842,5860.1046313694505
37843,11155.406166289291
37844,13756.039763457085
37845,7027.797559756457
37846,9577.303675879675
37847,5854.600706175359
37848,7465.395739143209
37849,4751.378127182109
37850,9452.588470904097
37851,6254.595087552041
37852,10250.660476967478
37853,8110.394143324182
37854,10606.861815725937
37855,8834.02377161809
37856,6152.380834155018
37857,10669.192752917033
37858,22116.728404179066
37859,12435.316661541068
37860,7594.813399234753
37861,3662.84126674551
37862,6966.8666680125425
37863,10948.206140052758
37864,6649.410264831573
37865,12677.644922073841
37866,20380.10755455394
37867,4714.172587930861
37868,6159.504771826214
37869,9397.335300458933
37870,6008.764654164419
37871,11253.367635161405
37872,7929.984683191806
37873,8392.171718170244
37874,5882.413500380369
37875,8101.518251456878
37876,7424.271219037768
37877,8054.974690760481
37878,11207.403322930333
37879,6965.953763971322
37880,6725.266842854509
37881,8125.726353363957
37882,6764.249767808288
37883,5616.0999870340465
37884,8771.3725065522
37885,6117.145125894813
37886,6547.5820145868165
37887,9647.803796160711
37888,8565.966528314168
37889,8161.833245898837
37890,8679.410801347045
37891,8809.086381288367
37892,9470.859953043668
37893,8942.146133900638
37894,9269.115160095029
37895,6337.296268655103
37896,4250.504194028194
37897,7382.152792477947
37898,8940.931864176377
37899,6876.455758283737
37900,5579.630939514988
37901,10371.264317922578
37902,8324.737268943514
37903,10762.400439408202
37904,8011.148653710666
37905,6698.38402102439
37906,6027.02029001601
37907,5035.435642852942
37908,11700.104227147849
37909,6142.701375373004
37910,8255.008917393898
37911,16494.051475741362
37912,8523.805901242878
37913,7257.17738106338
37914,5837.422970666709
37915,5799.108886308953
37916,8055.506814143371
37917,4561.895133534165
37918,6674.278116767735
37919,10767.251493172354
37920,5410.397505864551
37921,19750.13004330393
37922,16303.301874213505
37923,5433.442391712476
37924,7909.788461223353
37925,7020.581309708164
37926,7717.427720258273
37927,7001.673856150384
37928,13156.607545166526
37929,8573.830253427128
37930,11797.834139901765
37931,7054.5163249805755
37932,7979.599140458018
37933,5828.927185141653
37934,9715.858142782054
37935,8013.628581116651
37936,7167.009704884903
37937,7675.383381795674
37938,6583.530791088814
37939,9466.243067088053
37940,10226.991346840246
37941,6759.701039238538
37942,12474.987490861264
37943,7164.106190884346
37944,11498.19897451078
37945,6413.60973102388
37946,5999.8473613523365
37947,6398.901038063708
37948,11856.874067624369
37949,7170.257949528046
37950,8749.814598187972
37951,7895.088151748409
37952,10128.154292001296
37953,5335.415084636769
37954,9951.733606803371
37955,8029.489929189312
37956,4631.015633645984
37957,17360.663079115333
37958,18581.692477799977
37959,8476.928747789962
37960,7889.541764024079
37961,11947.156529868013
37962,12563.030820407654
37963,12380.93192561428
37964,7427.692501753584
37965,8877.94843335217
37966,6816.084108955239
37967,9424.08047683261
37968,4995.480964743762
37969,7879.457822236584
37970,6682.115967272106
37971,6412.743740608055
37972,8428.902327409342
37973,6585.532385283924
37974,5776.945737907634
37975,8081.557450312161
37976,4572.4155557959775
37977,5599.818412370568
37978,7388.9635219537395
37979,8423.482910107865
37980,9918.237273429193
37981,9780.614692921357
37982,7846.90574792691
37983,7135.661693157567
37984,7262.484298741452
37985,12230.789033056013
37986,8702.912570757673
37987,7181.5271638420945
37988,6419.258193162573
37989,10288.179172455562
37990,5068.324719197311
37991,7439.803284049139
37992,3693.1879816563014
37993,6735.667756903565
37994,9800.451659786337
37995,6962.69064134119
37996,6350.866954573205
37997,9104.885013278654
37998,10090.576038529798
37999,13881.272973529653
38000,7375.279407499006
38001,10034.644739176667
38002,3716.7937406000156
38003,6121.668556716152
38004,7253.748375271479
38005,5430.923413573624
38006,9304.506972683741
38007,6381.255805300092
38008,5758.448585772068
38009,9720.59340891853
38010,13401.34856832057
38011,9118.440500839846
38012,6212.30710705761
38013,6571.507176317024
38014,11446.28694319893
38015,8570.25877504919
38016,7903.732381340881
38017,5833.687521784629
38018,7965.654470592189
38019,12293.65771149602
38020,5641.863327482338
38021,7412.408569189394
38022,8879.314849042677
38023,9987.663434006188
38024,15972.763892315077
38025,6259.930510950883
38026,15281.930167235543
38027,7510.315940907105
38028,6117.061278347903
38029,4363.6496462622345
38030,7794.004850927429
38031,7180.408981892152
38032,6648.713372738371
38033,7758.261362302989
38034,5852.158770984306
38035,5407.198723455452
38036,7999.309026840185
38037,4523.96585381228
38038,8171.756285887639
38039,8242.12625090497
38040,9329.371707777133
38041,10284.435969158321
38042,6342.854611526717
38043,11083.918951615251
38044,6932.570129767267
38045,6438.343175229998
38046,6927.025524392272
38047,5866.72510132171
38048,12282.729078451606
38049,7447.8988017195215
38050,5774.8575472525845
38051,8562.10216045501
38052,9183.005944307013
38053,8542.378735165887
38054,7461.912056928909
38055,9693.196218883097
38056,6321.418286378334
38057,6447.18298530391
38058,7665.342828716219
38059,9157.211840539529
38060,8155.621020407955
38061,7317.8877357579
38062,6819.359905260694
38063,6670.352590739797
38064,5077.763883242266
38065,6097.410057512751
38066,9161.191843682569
38067,9740.013142823938
38068,11312.957858284388
38069,12870.425971335084
38070,8698.87497696766
38071,7316.761143452206
38072,5544.68805441897
38073,11338.799708710409
38074,11601.210584666314
38075,9004.911319372566
38076,10068.968016451436
38077,10926.092943807309
38078,6717.894405041217
38079,4878.006378265523
38080,11565.040271594422
38081,8541.934246510304
38082,8319.236440067283
38083,7375.716891710801
38084,3883.5159576428478
38085,13481.676014715633
38086,6829.936079146387
38087,6770.436404454738
38088,5198.444670131356
38089,6367.740213106337
38090,8182.5709784587625
38091,10350.171344989569
38092,7245.808191044182
38093,5567.144624501445
38094,5474.594139529688
38095,5705.381633183338
38096,3837.330245934344
38097,8343.512892463928
38098,18561.790980840073
38099,5651.151525877718
38100,6220.6500759779465
38101,8569.69651376655
38102,6323.703935441134
38103,6552.131244079535
38104,5685.4560275681115
38105,5484.948384435008
38106,8377.052362399041
38107,7340.021828619093
38108,5187.540901977987
38109,10216.947056616269
38110,7659.754450524093
38111,5627.004290426295
38112,10508.42199155639
38113,9158.985160200757
38114,10640.81443094324
38115,7234.401968246912
38116,8567.380453136318
38117,5617.244385607533
38118,5853.518845856457
38119,17275.487403226
38120,11089.294841753017
38121,6864.658194788456
38122,6805.655473208806
38123,5037.847636534459
38124,6810.409271966076
38125,5301.4379175196145
38126,10674.760462528617
38127,6413.842976481854
38128,6507.035253606833
38129,8561.242093122562
38130,5580.432906536977
38131,7743.556267694086
38132,9606.011023548604
38133,8866.180899267023
38134,8313.895279095788
38135,5053.038055869783
38136,6398.785921532573
38137,7405.0247763804455
38138,11570.404555483647
38139,9282.75012616261
38140,7593.307071821894
38141,5727.3471145247595
38142,8788.259109877867
38143,7224.023670998931
38144,5027.691434166397
38145,8321.482845042037
38146,8077.096822927524
38147,7673.909879880135
38148,7100.835516459181
38149,8036.365511453544
38150,7040.174395693756
38151,6940.461379767239
38152,7825.83165854656
38153,7251.788636897288
38154,8288.779545046233
38155,10112.036867932598
38156,6662.996563186858
38157,5520.728482387849
38158,12977.801779852965
38159,7154.810475336754
38160,4442.379774114775
38161,9479.430046815927
38162,10058.358843604881
38163,13360.952199245203
38164,5356.3152548249545
38165,6788.944329824273
38166,7344.810353076897
38167,8576.711354474359
38168,6903.948594292147
38169,9462.35038617746
38170,3861.738905702958
38171,7589.3762322661005
38172,6766.3547006740455
38173,6804.41546785602
38174,6991.968144856023
38175,8193.944955539562
38176,10415.295367852734
38177,6851.354770490873
38178,10683.65448680486
38179,8287.128956936003
38180,9576.638547212302
38181,6037.352615141523
38182,7583.9453469429645
38183,8679.465325547862
38184,9320.224399645505
38185,9620.23374987405
38186,4643.0027895896355
38187,9501.294365084133
38188,7876.540015519338
38189,8675.225400288395
38190,6869.06543443108
38191,5031.815163778214
38192,9786.22114871123
38193,7688.056914612248
38194,9610.111416568785
38195,8207.459357498543
38196,7328.673137309415
38197,8965.636847068052
38198,8728.056996105717
38199,8859.777373447636
38200,9419.233339938342
38201,7320.386041324839
38202,10251.025142168288
38203,12099.370002201229
38204,9492.60511837374
38205,5766.555539551924
38206,7377.365636049212
38207,4144.422397560773
38208,4217.925363702089
38209,10065.916023507903
38210,6454.340155184345
38211,10755.509436203625
38212,5341.560788607569
38213,6506.952823085411
38214,7018.212602263667
38215,10663.205554566135
38216,5805.713205555881
38217,6478.9182780616275
38218,6775.915768663926
38219,8735.70027206233
38220,5895.582322301065
38221,8165.683001187755
38222,7858.7455200425375
38223,11100.84844796732
38224,8666.904813062536
38225,7710.755395593313
38226,6410.335834685819
38227,6141.6431382810515
38228,5723.373740384247
38229,13128.927067588784
38230,10160.353681665558
38231,9240.273778418003
38232,16097.068814849366
38233,7804.053319022072
38234,6433.292855859478
38235,8586.08678369343
38236,9039.080666671087
38237,11333.837494739739
38238,8219.390095753823
38239,9118.624519306997
38240,8940.522262854618
38241,8629.13035490713
38242,7801.073991841745
38243,6324.724044893502
38244,5923.767323259093
38245,5511.956674408924
38246,4628.0453785871
38247,6617.81738631186
38248,9721.441254977866
38249,18315.591556457435
38250,7719.09873273713
38251,5629.585900429041
38252,9794.269891916847
38253,5144.955302005012
38254,6816.461875370004
38255,4966.7231809194
38256,10086.94924072006
38257,6476.919464716697
38258,7080.483900901998
38259,15349.590703172991
38260,13004.698963607478
38261,6381.304072719724
38262,7522.903842723593
38263,4275.81798361361
38264,5995.99412552647
38265,6152.0345570099835
38266,9110.143112248865
38267,5868.227221695947
38268,5089.080376226714
38269,7595.015269026866
38270,6226.4190867588295
38271,8224.537645948983
38272,8095.769035585468
38273,4322.35583356182
38274,7895.848487311924
38275,9864.742016086553
38276,8406.678305038142
38277,6440.818357831579
38278,5855.895188174176
38279,9414.58373562388
38280,5740.594476673051
38281,10770.002204859906
38282,5360.952910788556
38283,6074.971116674262
38284,7785.371502487362
38285,6714.591753894634
38286,5792.876200655684
38287,6722.291588147964
38288,8492.480033077301
38289,10987.7701755832
38290,12244.605496900569
38291,6405.105154674534
38292,4298.529215527764
38293,5956.432426268177
38294,7161.73382087357
38295,5695.172898312511
38296,7741.686490510225
38297,6837.603363846937
38298,13669.372190389158
38299,8588.40409266334
38300,6883.546957908987
38301,8647.767388355596
38302,6058.343665668486
38303,10240.990736980155
38304,7242.654229900199
38305,17331.1221984533
38306,7266.785309010912
38307,6014.740556940738
38308,6585.979483602922
38309,4925.623544528156
38310,8665.287233787278
38311,19246.35037618672
38312,5130.4469319982545
38313,5235.726941919192
38314,12110.072875294292
38315,8251.436386044641
38316,8611.948278778797
38317,8688.270652113966
38318,7537.80137031214
38319,6147.4734447627525
38320,5933.48211624984
38321,11407.724015965628
38322,6992.2405471805505
38323,8295.242585205038
38324,8666.802739027316
38325,5847.751894642035
38326,8384.782633521678
38327,7232.763270265559
38328,4612.074809733567
38329,9721.808817207611
38330,9834.5086874151
38331,5191.988493757715
38332,8570.736720887842
38333,7777.252443459864
38334,5552.876694640451
38335,9895.017134633597
38336,6624.789113465821
38337,8092.159810067291
38338,5152.493066898695
38339,6241.814505968343
38340,7379.722207578444
38341,4383.818838967405
38342,8712.496175488759
38343,5681.996798453179
38344,7168.044050096639
38345,5558.136641098824
38346,6847.7345020560315
38347,6873.339613558225
38348,7953.712479775784
38349,8239.126828463199
38350,8274.688578764326
38351,6797.011711955652
38352,8271.050850768514
38353,7188.302709872867
38354,11317.622924983478
38355,9590.871817465624
38356,7485.689805540007
38357,4214.852532084746
38358,7555.59544868454
38359,8234.375360349806
38360,4976.68930289645
38361,11687.155448166826
38362,6299.997728828244
38363,8075.813939588447
38364,10787.916915057162
38365,7674.586770719566
38366,5012.198195371975
38367,12925.272117429651
38368,10626.669487712961
38369,6228.921307230751
38370,11812.90197932988
38371,11415.593388402063
38372,6905.4850347451875
38373,8663.268378317758
38374,8534.871706629432
38375,7011.658803325612
38376,7284.6932652099795
38377,8041.988067443068
38378,5752.25904719105
38379,7798.125630327408
38380,8114.515109452625
38381,8283.97104313646
38382,9729.14286552255
38383,6960.114941639196
38384,8174.649610704656
38385,5281.171645867292
38386,8814.25124481809
38387,7972.824574723726
38388,6737.811537949152
38389,7919.62447481032
38390,8590.873102922764
38391,10714.310642308828
38392,6718.763865107113
38393,6609.57171432099
38394,7294.70314727232
38395,7485.755230263146
38396,9039.67723692922
38397,5133.060870389744
38398,5477.588505539781
38399,8489.246201160633
38400,7887.4230232871705
38401,7035.945485276454
38402,8785.75011238442
38403,7391.952815889418
38404,8650.47477579528
38405,5583.160093484129
38406,3929.0439244443733
38407,8643.663304354679
38408,7322.3246407285615
38409,9607.514635357416
38410,11154.410095323794
38411,10522.0615755821
38412,5996.445426581631
38413,9413.331681488866
38414,5059.254936730668
38415,3806.4101316628444
38416,8575.471879905488
38417,13345.727017656101
38418,8772.753729322105
38419,9137.805239265834
38420,5986.269301060496
38421,8939.446625290013
38422,10351.741772716576
38423,8183.221955559961
38424,9281.083822409617
38425,6011.498687587396
38426,5324.982004133937
38427,6329.835732427703
38428,6067.790478702668
38429,7085.014641667268
38430,6188.684032586231
38431,5688.326938206404
38432,5138.022285659623
38433,8203.433232529209
38434,9567.627180584122
38435,6900.491305500571
38436,7579.873101842598
38437,8053.241999947582
38438,6964.521969313107
38439,5806.7770775359195
38440,9827.955175085966
38441,8271.049328633524
38442,5751.287782345878
38443,4945.209551841054
38444,16501.450717171716
38445,7235.614168423895
38446,7327.525488020751
38447,9994.159610633167
38448,9705.387765220805
38449,9355.015786009826
38450,6453.600096551596
38451,7829.995704056912
38452,11750.350444328287
38453,16532.57684910351
38454,7135.636294405437
38455,6616.341041583417
38456,5512.302772210632
38457,8143.266327744153
38458,6549.176962494746
38459,9233.845038581514
38460,10070.397082325351
38461,6939.541602397605
38462,4869.672946554844
38463,7366.252194599804
38464,9747.15537151709
38465,5870.849449491686
38466,8556.581725371849
38467,4463.041738112421
38468,8010.227431203599
38469,10022.734310175934
38470,8422.842558647511
38471,12044.122301777476
38472,7402.381647481603
38473,5227.457185550561
38474,6830.536991402253
38475,9586.187438835674
38476,9731.815802888448
38477,8545.98688297596
38478,8320.518029963254
38479,7511.385333362285
38480,5320.280499216715
38481,11652.814918781683
38482,4756.258324889751
38483,12681.116325604951
38484,7064.7482824840945
38485,5018.4269042583255
38486,8468.727834500465
38487,7487.096503432662
38488,8629.085588125112
38489,9691.163649657532
38490,4367.60266959103
38491,5497.13382306582
38492,8828.253620620144
38493,10696.00756809938
38494,11700.56571616945
38495,6339.995487731274
38496,7453.34478185965
38497,8384.837417369185
38498,6777.227733853564
38499,6071.0711050176005
38500,12285.49704693552
38501,9375.554238650933
38502,13751.141565928228
38503,5023.33952136917
38504,7013.899917831353
38505,11284.604615634365
38506,10130.751763389386
38507,7081.882169430689
38508,11842.527812884007
38509,7803.29969467379
38510,6846.375531833706
38511,6213.415672272171
38512,6357.372618738287
38513,6002.0329716241795
38514,8397.315917028236
38515,6085.664400969789
38516,5954.301885902488
38517,11119.370565911213
38518,7235.543196628515
38519,25055.56131555863
38520,7604.785505257816
38521,5824.969417680842
38522,10347.69011494792
38523,13717.58242155475
38524,9316.06159868752
38525,11376.586071897871
38526,7325.099778741599
38527,10400.105706093453
38528,11496.329935039628
38529,7537.152076944511
38530,7751.645276285806
38531,9328.639518034326
38532,11199.24352809983
38533,9860.891201564558
38534,11080.265410074397
38535,8743.78752450787
38536,7017.2108944761385
38537,8685.153965357631
38538,14334.852542107137
38539,15123.703960528033
38540,15299.622500669262
38541,12921.868255575286
38542,6809.729936903783
38543,7791.341513545665
38544,5818.201144586408
38545,11224.54846527376
38546,18101.255289552777
38547,12485.335359378236
38548,9899.556182611506
38549,8981.75178595132
38550,4960.288152915606
38551,8178.944784502564
38552,14946.92660557266
38553,9615.030137124746
38554,7493.815618681971
38555,8430.66730751919
38556,10493.257774378399
38557,4897.851659293675
38558,10842.904786158284
38559,7231.026210261961
38560,9438.388221001867
38561,10198.611681836783
38562,7776.837470546225
38563,10359.804538381533
38564,10798.79755063422
38565,8353.874945054944
38566,9358.434115272998
38567,10141.13638455988
38568,15789.322574166032
38569,8375.998629592632
38570,12680.28214426995
38571,9422.41969993079
38572,12046.68916963266
38573,10033.440031421655
38574,13474.591901986903
38575,8125.3002865827
38576,6957.745500294641
38577,9726.51729759147
38578,8037.707291700515
38579,12587.955204863765
38580,11760.626441343727
38581,8554.091551366762
38582,10772.577987709185
38583,9390.0323210623
38584,12967.485761424043
38585,5413.729087717021
38586,17606.060553686017
38587,6950.197600828283
38588,8569.440968381647
38589,12744.486455646784
38590,7501.225162515592
38591,10375.631927778102
38592,9400.708399421655
38593,11404.308130045045
38594,7926.368856385447
38595,7571.3352173235235
38596,10722.289445569093
38597,10110.314744273745
38598,11493.283066863694
38599,7564.645865073516
38600,9779.52025715053
38601,16205.600154401154
38602,9292.294669534629
38603,6898.076957268219
38604,9698.843097421935
38605,7278.312488951837
38606,6850.4265719141995
38607,9280.926905868024
38608,6382.137575386083
38609,13228.320860959006
38610,8841.50306637761
38611,10608.612050341157
38612,11789.044321421674
38613,5433.473569953319
38614,8091.956800771299
38615,8043.9150612600315
38616,11795.190465256963
38617,12144.32498051196
38618,6981.408193904243
38619,6624.090996299455
38620,9894.385728013813
38621,8687.671186125364
38622,8807.925665781928
38623,10196.810427404293
38624,9779.194928121926
38625,9917.320679859744
38626,7880.878043252496
38627,6142.2164374060785
38628,10671.331880510194
38629,10469.182678158832
38630,10926.661343292328
38631,12406.661364480811
38632,12114.038359990258
38633,8135.780143865036
38634,12813.841577289186
38635,8589.740547103795
38636,9931.376619774834
38637,13233.822117052057
38638,9498.617936943669
38639,14837.37604505217
38640,9712.609690275456
38641,12328.933156770514
38642,8275.927428009123
38643,9765.828458425112
38644,12424.379054615316
38645,9890.922467517308
38646,5288.469033943652
38647,7903.257098415475
38648,11965.289483332841
38649,8906.005245398434
38650,6310.0691100658905
38651,14001.91512582743
38652,8639.28990409178
38653,7657.097880771915
38654,7671.4059829614835
38655,8686.15432818081
38656,11634.886382901977
38657,10404.34412080446
38658,10237.038981900223
38659,8229.700836271873
38660,8379.346283285644
38661,10339.645097237888
38662,6292.939656700753
38663,9042.292090122299
38664,8595.631037248766
38665,11589.232863413547
38666,10567.58769628798
38667,8819.166620027127
38668,16317.916510425122
38669,8482.054147836747
38670,6586.6151296481285
38671,14962.734141741299
38672,9340.404435410974
38673,12043.10252756312
38674,9940.332703951715
38675,6981.780806041872
38676,8701.590273546293
38677,7503.562824173988
38678,11784.000861911909
38679,18364.03514374952
38680,9678.564971398702
38681,4718.17774293517
38682,6618.155599094533
38683,12201.124509872485
38684,12749.360222578076
38685,9420.317809935164
38686,10174.912329604214
38687,6130.636658383282
38688,7023.718715440601
38689,4287.580558111393
38690,6972.878434665353
38691,8592.474613348639
38692,11104.834148849437
38693,9541.384820599547
38694,9312.626239145271
38695,10967.664149787011
38696,13062.25276546961
38697,10429.096873723574
38698,7057.355687354312
38699,12599.672992795946
38700,19199.22796227466
38701,9305.474664710748
38702,10789.452568254457
38703,7726.048442396655
38704,9631.062300067577
38705,7250.499078629704
38706,11071.855743699756
38707,9377.15869778479
38708,11575.447558496238
38709,9753.276284870082
38710,13017.409678287398
38711,10372.675489157473
38712,7713.616305079726
38713,14003.991991910867
38714,25348.019385016112
38715,16197.797861968102
38716,10358.674777177286
38717,4507.7039502433845
38718,9271.862858180217
38719,13090.05783258653
38720,8342.054468302125
38721,13154.239682622936
38722,21487.516470376846
38723,5761.973413558663
38724,8653.057993187685
38725,11754.496333536943
38726,7648.237954292055
38727,14752.101895307564
38728,10024.553854874357
38729,11784.978303992511
38730,7071.22082931121
38731,10142.906333308976
38732,8903.168434853427
38733,10559.20883481888
38734,15708.001997216015
38735,8157.798725955417
38736,8079.4806633784365
38737,10223.974801872999
38738,8197.558995081767
38739,6625.177702809172
38740,10105.960173957574
38741,8956.767221516693
38742,9014.837384935932
38743,11230.537351481857
38744,8717.896959806534
38745,9064.46436757876
38746,10085.494011902705
38747,10652.65448446956
38748,11355.524589622675
38749,11344.674112855551
38750,10028.211137331622
38751,7339.193803106085
38752,5601.0326891131745
38753,8853.054975137607
38754,10505.377298608639
38755,9242.987835265367
38756,6587.160886360823
38757,12751.011859580733
38758,11039.264083790602
38759,14443.203255918108
38760,9241.514260003887
38761,8773.685993482824
38762,7953.115651544786
38763,6477.69016010542
38764,15765.320850930113
38765,7639.185168323385
38766,9577.464594257608
38767,20420.588256915755
38768,9927.319394830185
38769,7933.658656010658
38770,7162.790020042053
38771,6352.25258574024
38772,10334.497330554934
38773,5348.146230833065
38774,7773.447833757003
38775,12905.402172556422
38776,7110.572248827089
38777,22526.795393007327
38778,15664.231931917751
38779,8800.336315182367
38780,9409.540550862723
38781,7796.805067029834
38782,9809.7197086012
38783,8212.007066203063
38784,15057.601975252692
38785,11925.414500676821
38786,14466.505674605756
38787,7336.947308074281
38788,9752.883513366669
38789,6663.560793787918
38790,11392.258693722943
38791,10597.26283730302
38792,9449.983550515832
38793,8888.667206197397
38794,7265.58250636083
38795,12940.297948828127
38796,12367.285964321809
38797,7954.432325174825
38798,16188.003441883277
38799,8716.394032092448
38800,13481.990032070435
38801,7077.672821505334
38802,7716.68285074811
38803,8840.804870006952
38804,17237.298203956998
38805,8833.3485625427
38806,11520.186045967319
38807,10830.876536982547
38808,13687.443625360755
38809,5854.380018945923
38810,10980.243920638182
38811,9946.263972544972
38812,5904.387721750566
38813,18225.375295161528
38814,21257.53420916339
38815,11494.15455771851
38816,10801.637793273721
38817,13907.481986704259
38818,15495.345790890695
38819,15023.741120549077
38820,9228.398923171706
38821,12195.39171487928
38822,8794.907815103057
38823,12233.17575002593
38824,5672.93643337977
38825,10366.84586471862
38826,8023.924406102882
38827,8247.237754609334
38828,10317.010965969765
38829,7872.578904613092
38830,8122.952559982007
38831,10342.379856762518
38832,5520.978434953937
38833,6759.758837301589
38834,8612.825664032389
38835,10424.881379506116
38836,13667.659616016732
38837,10999.477818540117
38838,10715.274884572944
38839,8951.78768506854
38840,9529.01023871707
38841,15254.046591362267
38842,10294.582046973097
38843,8405.36566002851
38844,7294.961678908081
38845,11753.969916722166
38846,5890.252533166994
38847,9953.321785717537
38848,4912.150449001892
38849,7099.779173448282
38850,12631.603610708733
38851,9397.669810611345
38852,8088.236896842536
38853,11711.09962946639
38854,12745.388687970226
38855,15629.848163462782
38856,8710.607097496471
38857,13340.131383019758
38858,4187.204462814962
38859,7374.436536351373
38860,8504.033654238357
38861,6578.524123979224
38862,10095.62236627541
38863,7441.798464532201
38864,7453.676744298186
38865,12511.035869822914
38866,15878.418520627849
38867,11425.700300984407
38868,7863.951052935281
38869,7607.30962990441
38870,13711.791978510319
38871,9667.46780125759
38872,8944.70487251182
38873,8271.747735406749
38874,9961.95990926869
38875,13089.130762048879
38876,6467.816361179668
38877,9241.629162692901
38878,11753.96783248714
38879,11891.943091420739
38880,17820.172943580834
38881,7942.724271532949
38882,17833.05533095839
38883,9630.421033411032
38884,7481.330540616698
38885,5364.313262176549
38886,8957.440369680153
38887,8978.586811305458
38888,8980.030045221936
38889,9540.325393171497
38890,7119.578235833614
38891,7160.969117754681
38892,9201.535337094963
38893,5555.489909216794
38894,10102.003837805789
38895,10501.115660225883
38896,10906.98918605131
38897,13379.331910454735
38898,8433.762008024654
38899,12181.094865259774
38900,8150.707741527468
38901,9222.076807485491
38902,8545.233272949272
38903,7217.812853193379
38904,15387.101835816957
38905,9730.572127246936
38906,7796.228174374249
38907,11692.095268315019
38908,12876.420786960593
38909,11374.893675719704
38910,9729.77868729622
38911,11572.453945954996
38912,7054.014324773574
38913,7923.779634852893
38914,9277.59206812632
38915,11610.222589581172
38916,9252.041850326143
38917,9189.347248989105
38918,9941.294262023106
38919,7883.330062562437
38920,6116.657951562327
38921,6997.563620912539
38922,11500.896984238803
38923,12141.993473317601
38924,13701.661947401775
38925,16466.557045059133
38926,10784.61402185158
38927,8203.70108908083
38928,6370.2608449819645
38929,14036.733021550344
38930,16103.691971527604
38931,12976.993453740708
38932,12045.50795920635
38933,12381.507456906655
38934,8506.872492512686
38935,5855.035086306723
38936,13939.983972041844
38937,11397.145263040564
38938,11256.203959279328
38939,9135.959478750952
38940,4917.589357045905
38941,17051.822718692252
38942,8258.17432356859
38943,8977.043223280392
38944,6109.189474080399
38945,7770.6510999662105
38946,9375.571963006769
38947,14030.35636598532
38948,8963.354269778605
38949,6875.2129714453695
38950,7542.855100322212
38951,6717.48477353258
38952,4447.347275016649
38953,10127.80486622613
38954,21516.29998837763
38955,6370.5222907316065
38956,7654.232720909452
38957,10078.905934884557
38958,7602.475425609898
38959,8260.216300807037
38960,7238.16548327653
38961,6459.71611083928
38962,10506.898464168184
38963,10334.076238098502
38964,6170.365149999035
38965,12872.734667842551
38966,10475.472828393828
38967,6939.564181374181
38968,12721.62828586657
38969,12013.606371129395
38970,12461.605405645007
38971,9079.462163045158
38972,10508.658844691257
38973,6699.429388259019
38974,7047.502676706891
38975,20045.083072238995
38976,14713.959969550877
38977,8746.373849516262
38978,8756.56680920014
38979,6950.337329350968
38980,7643.809344785119
38981,6310.5722572102795
38982,12774.670979148234
38983,7117.801727032943
38984,7539.635099653612
38985,10761.66963521446
38986,6842.155187578803
38987,8759.894277405394
38988,10894.774421698403
38989,11465.635201345474
38990,11019.13558782802
38991,6830.209894208783
38992,7733.175221741295
38993,10060.07797359177
38994,13247.561904498534
38995,11144.911805457446
38996,9911.887635234987
38997,6668.685207913005
38998,10379.909299789024
38999,8273.099275530023
39000,6204.9253961052755
39001,9639.760171498061
39002,10445.628230727214
39003,9669.044809879437
39004,9679.238799088002
39005,10063.981539713943
39006,9129.416948123871
39007,8719.325909387568
39008,9806.84688391927
39009,9110.662511460765
39010,12704.784593989349
39011,12290.742060764394
39012,7884.949870026578
39013,6640.9227597936815
39014,16720.364333839847
39015,8472.350497056275
39016,4519.972406598303
39017,10718.9873368029
39018,11925.43832968421
39019,15579.14691579826
39020,6706.513698249462
39021,8751.558027425861
39022,8381.146077253734
39023,10053.517119433669
39024,8592.541919488132
39025,13395.404865269538
39026,4222.865592934715
39027,9784.52876681097
39028,9059.153975525744
39029,7856.258217728521
39030,8518.78040885657
39031,9463.206802752162
39032,13294.360787349739
39033,7572.924921568176
39034,11487.7927484713
39035,11199.66401973027
39036,13119.42991968723
39037,6774.2642592921775
39038,9752.320405286033
39039,9268.811808070584
39040,11222.118734861973
39041,12200.083335954889
39042,5439.774217324987
39043,9522.714104367851
39044,9808.302728924844
39045,11951.227857684198
39046,6409.368896111671
39047,5213.863040630804
39048,13339.786177215758
39049,9647.434594541428
39050,11951.005256831713
39051,9796.501853537478
39052,7828.759287109132
39053,12074.324002559746
39054,10821.312085846339
39055,12949.71932503526
39056,11049.552578898036
39057,10256.162117499407
39058,11769.772197296983
39059,16306.533677308798
39060,9764.855003316126
39061,7105.984600255078
39062,9479.004139594988
39063,6709.008529456652
39064,4721.423799951552
39065,14470.154687810556
39066,7900.3268349138825
39067,12475.742607905042
39068,7134.332097233435
39069,8207.177972818845
39070,8061.627662716368
39071,14031.506197661816
39072,7552.057783267386
39073,7442.0779834805735
39074,9733.81895656801
39075,10704.276345104243
39076,7494.121527852136
39077,10320.82100830787
39078,9243.16796436325
39079,13482.961023541515
39080,11060.292905238339
39081,9009.146269062749
39082,7824.6008167715745
39083,6628.175008647612
39084,6850.145928389853
39085,16370.009981587387
39086,13124.208354609442
39087,11329.933790774268
39088,17852.756457601226
39089,8867.152489996115
39090,7617.370728772045
39091,10212.482061258186
39092,11876.963526062511
39093,15761.515548851474
39094,10716.737369811708
39095,11497.978065435045
39096,12599.023110455191
39097,9526.31308891446
39098,10067.938352447387
39099,8424.043496617714
39100,7232.941939220094
39101,7157.817686366736
39102,5812.399137388282
39103,9203.755161078276
39104,11904.524516742247
39105,22069.849690691797
39106,9599.15240690246
39107,7245.168618718086
39108,11228.804584320093
39109,6748.185842013343
39110,8872.40699669999
39111,5884.78975667633
39112,12757.214053827573
39113,9178.135046084908
39114,9279.137898336228
39115,19690.793085583526
39116,13393.780131291915
39117,9293.363039750455
39118,10158.761618853216
39119,4901.117585127331
39120,6754.77292731778
39121,7678.38624048419
39122,12126.11535377205
39123,7375.855276373742
39124,6725.065557900433
39125,7977.9347003775565
39126,7723.44255238389
39127,10977.61996463106
39128,11676.908914965381
39129,5114.233422401336
39130,10244.10708563851
39131,13008.966490637664
39132,11235.758224295912
39133,9088.784176739044
39134,6932.48711529718
39135,11755.464298725517
39136,7151.007036690392
39137,13644.755099014686
39138,7265.960018474986
39139,8350.505721298097
39140,10197.163685160429
39141,9251.534944418916
39142,7189.252411885458
39143,9000.273957375955
39144,11104.840947149256
39145,12750.929924641561
39146,14971.766569641568
39147,7974.058522580138
39148,5581.05292999729
39149,7883.924551375938
39150,8846.617005355198
39151,7285.447767231564
39152,9907.472433364126
39153,8059.28347278517
39154,15641.64012491185
39155,11844.953371755912
39156,8612.043541522848
39157,9975.028697412321
39158,6997.0525881229705
39159,12565.773461573963
39160,8016.945386502382
39161,18160.228548830255
39162,9150.571280174074
39163,7684.413947525986
39164,8609.935941399452
39165,6351.255567770716
39166,9669.439339126633
39167,24730.143303115998
39168,6897.431310994562
39169,6648.768815656564
39170,14789.971133420886
39171,9595.153877644414
39172,10398.802145228134
39173,11350.650042370713
39174,10331.7499185501
39175,6812.643098290802
39176,6484.5750762293255
39177,13648.067351926446
39178,8671.633963928964
39179,9978.23074190928
39180,10478.171843600529
39181,7061.342874678626
39182,10203.37410308068
39183,8258.771563793547
39184,6487.457574395052
39185,11425.799833749577
39186,11530.169246132054
39187,6465.282342098262
39188,10211.26153167926
39189,9605.579884354811
39190,7265.252020876031
39191,13295.843071050382
39192,8732.584422631338
39193,11003.128214109678
39194,6474.575501089056
39195,7712.168177950441
39196,8936.711433423437
39197,6544.7606027093825
39198,10810.872083361166
39199,6984.259230764333
39200,8261.267685998468
39201,6620.929253828274
39202,9341.470124603286
39203,7566.464844900195
39204,9652.455118522399
39205,11007.652134462758
39206,10684.821071751947
39207,8950.488737886213
39208,10257.68655526886
39209,8253.508548570706
39210,13543.50275553613
39211,12679.407096315106
39212,9155.635836038964
39213,5860.4462361021315
39214,8374.767561740306
39215,11056.800514159018
39216,6376.120471292594
39217,14810.86584909297
39218,8564.598227675102
39219,9979.134865375509
39220,12960.224967905464
39221,7779.527689433075
39222,6895.049477522481
39223,14041.608905360983
39224,14157.33465526499
39225,7321.206938833012
39226,12395.358541902538
39227,12396.218778361417
39228,8219.459426769137
39229,9276.530992922539
39230,9627.443488245584
39231,8484.10059117027
39232,8366.53045464915
39233,10371.021518785714
39234,7029.90478099575
39235,8096.88427444777
39236,11498.51781882007
39237,10397.860546407313
39238,13505.439027139528
39239,8397.609693512019
39240,10462.020616683969
39241,5964.334404335045
39242,10068.028728249688
39243,10161.596417061064
39244,8412.611782060696
39245,9187.833309849288
39246,11317.056398733617
39247,13391.58261361374
39248,8685.21767850154
39249,8054.909985801597
39250,9581.48108512791
39251,9267.153367692328
39252,10679.948594727759
39253,6202.948640740559
39254,7097.79445762467
39255,10180.868914472781
39256,8001.105376266102
39257,8648.388262822387
39258,11667.575691115417
39259,7821.006969608407
39260,10472.300997782915
39261,7454.926146924501
39262,4930.226138659543
39263,10352.769976099491
39264,9351.548699083633
39265,10628.425645708054
39266,13350.272152469734
39267,12946.460099145952
39268,6458.284481849803
39269,12201.246163498268
39270,5933.647406981908
39271,4290.348597235281
39272,11318.399807055304
39273,15307.338650533295
39274,10321.178493702375
39275,11472.095237054737
39276,8184.174263245741
39277,10400.424215582869
39278,13496.033104623313
39279,10294.499239681072
39280,10714.936859552214
39281,7150.519864041359
39282,6549.614625239957
39283,7525.948093059721
39284,7507.441172660733
39285,7910.500679578955
39286,8790.25316104488
39287,8428.359926393054
39288,6383.071633214825
39289,9387.700056200732
39290,11302.282940249168
39291,8515.505689309875
39292,8940.461755668197
39293,10594.33539716315
39294,8498.662583607913
39295,7018.591984727689
39296,13013.434209620442
39297,10835.788594003217
39298,7565.5994932450585
39299,5907.05197914259
39300,20194.639385890194
39301,8661.824202216616
39302,9492.227523320631
39303,14593.003783624867
39304,11268.74290546227
39305,12753.80219048484
39306,7966.905239067413
39307,9079.796508422904
39308,13839.385124572667
39309,21056.550846468414
39310,8547.900393223605
39311,8005.577177004651
39312,7106.994559868789
39313,9749.715646799103
39314,8162.1786043096145
39315,10150.994975912974
39316,13484.891968194386
39317,8122.841336413329
39318,6114.55302173184
39319,9522.321837650092
39320,12086.649718642337
39321,7330.158367055374
39322,11163.288145380762
39323,5533.890398023285
39324,9881.487281040043
39325,10947.280018870837
39326,10547.634433953905
39327,13760.339868070876
39328,9859.607189762033
39329,7340.188258124227
39330,8274.894521073704
39331,9867.525640236658
39332,11559.774049246265
39333,11246.692344906733
39334,11040.525285344203
39335,9763.863478857744
39336,6927.625883042477
39337,13246.191644856775
39338,5923.631489977344
39339,14208.289130804871
39340,8516.531831118242
39341,7069.854091304119
39342,10806.902809843277
39343,8279.433699784691
39344,10272.49602589241
39345,12360.926676042094
39346,5906.606936064408
39347,6835.7321168439385
39348,11393.107052527152
39349,13223.72478851622
39350,13669.788637226338
39351,7575.410411354037
39352,7995.547849823376
39353,10740.995414267105
39354,8705.776636460987
39355,7604.651500107642
39356,14002.01283976031
39357,12783.948289468919
39358,15252.33131089743
39359,6415.415723556928
39360,8947.35860067656
39361,12173.67605190775
39362,11706.55388326951
39363,8677.495848351527
39364,15505.363290656507
39365,9082.029176548072
39366,8450.892641552891
39367,7764.856729572198
39368,8674.31019325609
39369,7656.439084614223
39370,10794.28864245069
39371,7926.880956761375
39372,8388.66083778583
39373,15132.208098761823
39374,8797.810897553789
39375,26035.64068811581
39376,10425.201784935653
39377,0.0
39378,0.0
39379,0.0
39380,0.0
39381,0.0
39382,0.0
39383,0.0
39384,0.0
39385,0.0
39386,0.0
39387,0.0
39388,0.0
39389,0.0
39390,0.0
39391,0.0
39392,0.0
39393,0.0
39394,0.0
39395,0.0
39396,0.0
39397,0.0
39398,0.0
39399,0.0
39400,0.0
39401,0.0
39402,0.0
39403,0.0
39404,0.0
39405,0.0
39406,0.0
39407,0.0
39408,0.0
39409,0.0
39410,0.0
39411,0.0
39412,0.0
39413,0.0
39414,0.0
39415,0.0
39416,0.0
39417,0.0
39418,0.0
39419,0.0
39420,0.0
39421,0.0
39422,0.0
39423,0.0
39424,0.0
39425,0.0
39426,0.0
39427,0.0
39428,0.0
39429,0.0
39430,0.0
39431,0.0
39432,0.0
39433,0.0
39434,0.0
39435,0.0
39436,0.0
39437,0.0
39438,0.0
39439,0.0
39440,0.0
39441,0.0
39442,0.0
39443,0.0
39444,0.0
39445,0.0
39446,0.0
39447,0.0
39448,0.0
39449,0.0
39450,0.0
39451,0.0
39452,0.0
39453,0.0
39454,0.0
39455,0.0
39456,0.0
39457,0.0
39458,0.0
39459,0.0
39460,0.0
39461,0.0
39462,0.0
39463,0.0
39464,0.0
39465,0.0
39466,0.0
39467,0.0
39468,4903.05973783406
39469,0.0
39470,0.0
39471,0.0
39472,0.0
39473,0.0
39474,0.0
39475,0.0
39476,0.0
39477,0.0
39478,0.0
39479,0.0
39480,0.0
39481,0.0
39482,0.0
39483,0.0
39484,0.0
39485,0.0
39486,0.0
39487,0.0
39488,0.0
39489,0.0
39490,0.0
39491,0.0
39492,0.0
39493,0.0
39494,0.0
39495,0.0
39496,0.0
39497,0.0
39498,0.0
39499,0.0
39500,0.0
39501,0.0
39502,0.0
39503,0.0
39504,0.0
39505,0.0
39506,0.0
39507,0.0
39508,0.0
39509,0.0
39510,0.0
39511,0.0
39512,0.0
39513,0.0
39514,0.0
39515,0.0
39516,0.0
39517,0.0
39518,0.0
39519,0.0
39520,0.0
39521,0.0
39522,0.0
39523,0.0
39524,0.0
39525,0.0
39526,0.0
39527,0.0
39528,0.0
39529,0.0
39530,0.0
39531,0.0
39532,0.0
39533,0.0
39534,0.0
39535,0.0
39536,2914.036674270174
39537,0.0
39538,0.0
39539,0.0
39540,0.0
39541,0.0
39542,0.0
39543,0.0
39544,0.0
39545,0.0
39546,0.0
39547,0.0
39548,0.0
39549,0.0
39550,0.0
39551,0.0
39552,0.0
39553,0.0
39554,0.0
39555,0.0
39556,0.0
39557,0.0
39558,0.0
39559,0.0
39560,0.0
39561,0.0
39562,0.0
39563,0.0
39564,0.0
39565,0.0
39566,0.0
39567,0.0
39568,0.0
39569,0.0
39570,0.0
39571,0.0
39572,0.0
39573,0.0
39574,0.0
39575,0.0
39576,0.0
39577,16864.65069143601
39578,28287.537874532318
39579,0.0
39580,0.0
39581,0.0
39582,0.0
39583,0.0
39584,0.0
39585,0.0
39586,7500.47809185096
39587,0.0
39588,0.0
39589,0.0
39590,0.0
39591,0.0
39592,0.0
39593,0.0
39594,0.0
39595,0.0
39596,0.0
39597,0.0
39598,0.0
39599,0.0
39600,0.0
39601,0.0
39602,0.0
39603,0.0
39604,0.0
39605,5356.549195704965
39606,0.0
39607,0.0
39608,0.0
39609,0.0
39610,0.0
39611,0.0
39612,0.0
39613,0.0
39614,0.0
39615,3016.917290544422
39616,0.0
39617,0.0
39618,0.0
39619,0.0
39620,0.0
39621,0.0
39622,0.0
39623,0.0
39624,0.0
39625,0.0
39626,0.0
39627,0.0
39628,0.0
39629,0.0
39630,0.0
39631,0.0
39632,0.0
39633,9614.86069258846
39634,0.0
39635,0.0
39636,0.0
39637,0.0
39638,0.0
39639,0.0
39640,0.0
39641,0.0
39642,0.0
39643,0.0
39644,0.0
39645,0.0
39646,0.0
39647,0.0
39648,0.0
39649,0.0
39650,9438.24192968207
39651,0.0
39652,0.0
39653,0.0
39654,0.0
39655,0.0
39656,0.0
39657,0.0
39658,0.0
39659,0.0
39660,0.0
39661,0.0
39662,0.0
39663,0.0
39664,0.0
39665,0.0
39666,0.0
39667,0.0
39668,0.0
39669,0.0
39670,0.0
39671,0.0
39672,0.0
39673,0.0
39674,0.0
39675,0.0
39676,0.0
39677,0.0
39678,0.0
39679,0.0
39680,0.0
39681,0.0
39682,0.0
39683,0.0
39684,0.0
39685,0.0
39686,0.0
39687,0.0
39688,0.0
39689,0.0
39690,0.0
39691,0.0
39692,0.0
39693,0.0
39694,0.0
39695,0.0
39696,0.0
39697,0.0
39698,0.0
39699,0.0
39700,0.0
39701,0.0
39702,0.0
39703,0.0
39704,0.0
39705,0.0
39706,0.0
39707,0.0
39708,0.0
39709,0.0
39710,0.0
39711,0.0
39712,1939.4517018912468
39713,0.0
39714,0.0
39715,0.0
39716,0.0
39717,0.0
39718,0.0
39719,0.0
39720,0.0
39721,0.0
39722,0.0
39723,0.0
39724,0.0
39725,0.0
39726,6780.762585173601
39727,0.0
39728,0.0
39729,0.0
39730,0.0
39731,0.0
39732,0.0
39733,0.0
39734,0.0
39735,0.0
39736,0.0
39737,0.0
39738,0.0
39739,0.0
39740,0.0
39741,0.0
39742,0.0
39743,0.0
39744,0.0
39745,0.0
39746,0.0
39747,0.0
39748,0.0
39749,0.0
39750,0.0
39751,0.0
39752,0.0
39753,0.0
39754,0.0
39755,0.0
39756,0.0
39757,0.0
39758,0.0
39759,0.0
39760,0.0
39761,0.0
39762,0.0
39763,0.0
39764,0.0
39765,0.0
39766,0.0
39767,0.0
39768,0.0
39769,8280.774998871353
39770,0.0
39771,0.0
39772,0.0
39773,0.0
39774,0.0
39775,0.0
39776,0.0
39777,0.0
39778,0.0
39779,2724.4866527084027
39780,0.0
39781,0.0
39782,0.0
39783,6674.81738038544
39784,0.0
39785,0.0
39786,0.0
39787,0.0
39788,0.0
39789,0.0
39790,0.0
39791,0.0
39792,0.0
39793,0.0
39794,0.0
39795,0.0
39796,0.0
39797,0.0
39798,0.0
39799,0.0
39800,0.0
39801,0.0
39802,0.0
39803,0.0
39804,0.0
39805,0.0
39806,0.0
39807,0.0
39808,0.0
39809,0.0
39810,20877.304612824264
39811,0.0
39812,0.0
39813,0.0
39814,0.0
39815,0.0
39816,0.0
39817,0.0
39818,0.0
39819,0.0
39820,0.0
39821,0.0
39822,0.0
39823,0.0
39824,5848.096920769591
39825,0.0
39826,0.0
39827,0.0
39828,0.0
39829,0.0
39830,0.0
39831,0.0
39832,0.0
39833,0.0
39834,0.0
39835,0.0
39836,0.0
39837,0.0
39838,0.0
39839,0.0
39840,0.0
39841,0.0
39842,0.0
39843,0.0
39844,0.0
39845,0.0
39846,0.0
39847,0.0
39848,0.0
39849,0.0
39850,0.0
39851,0.0
39852,0.0
39853,0.0
39854,0.0
39855,0.0
39856,0.0
39857,0.0
39858,0.0
39859,0.0
39860,0.0
39861,0.0
39862,0.0
39863,0.0
39864,0.0
39865,0.0
39866,0.0
39867,0.0
39868,0.0
39869,0.0
39870,0.0
39871,0.0
39872,0.0
39873,0.0
39874,0.0
39875,0.0
39876,0.0
39877,0.0
39878,0.0
39879,0.0
39880,0.0
39881,0.0
39882,0.0
39883,0.0
39884,0.0
39885,0.0
39886,0.0
39887,0.0
39888,0.0
39889,0.0
39890,0.0
39891,0.0
39892,0.0
39893,0.0
39894,0.0
39895,0.0
39896,0.0
39897,0.0
39898,0.0
39899,13678.70850440899
39900,0.0
39901,0.0
39902,0.0
39903,0.0
39904,0.0
39905,0.0
39906,0.0
39907,0.0
39908,0.0
39909,0.0
39910,0.0
39911,0.0
39912,0.0
39913,0.0
39914,0.0
39915,0.0
39916,0.0
39917,0.0
39918,0.0
39919,0.0
39920,0.0
39921,0.0
39922,0.0
39923,0.0
39924,0.0
39925,0.0
39926,0.0
39927,0.0
39928,0.0
39929,0.0
39930,0.0
39931,0.0
39932,0.0
39933,0.0
39934,0.0
39935,0.0
39936,0.0
39937,0.0
39938,0.0
39939,0.0
39940,0.0
39941,0.0
39942,0.0
39943,5134.7681396673925
39944,16976.36354594589
39945,0.0
39946,0.0
39947,0.0
39948,0.0
39949,0.0
39950,0.0
39951,0.0
39952,0.0
39953,0.0
39954,0.0
39955,0.0
39956,0.0
39957,0.0
39958,0.0
39959,0.0
39960,0.0
39961,0.0
39962,0.0
39963,0.0
39964,0.0
39965,0.0
39966,0.0
39967,0.0
39968,0.0
39969,0.0
39970,0.0
39971,0.0
39972,12401.672163989611
39973,0.0
39974,0.0
39975,0.0
39976,0.0
39977,0.0
39978,0.0
39979,0.0
39980,0.0
39981,0.0
39982,0.0
39983,0.0
39984,0.0
39985,0.0
39986,0.0
39987,0.0
39988,0.0
39989,0.0
39990,0.0
39991,0.0
39992,0.0
39993,0.0
39994,0.0
39995,0.0
39996,0.0
39997,0.0
39998,0.0
39999,0.0
40000,0.0
40001,0.0
40002,0.0
40003,0.0
40004,0.0
40005,0.0
40006,0.0
40007,0.0
40008,0.0
40009,0.0
40010,0.0
40011,0.0
40012,0.0
40013,0.0
40014,0.0
40015,0.0
40016,0.0
40017,0.0
40018,0.0
40019,0.0
40020,0.0
40021,0.0
40022,0.0
40023,0.0
40024,0.0
40025,0.0
40026,0.0
40027,0.0
40028,0.0
40029,0.0
40030,0.0
40031,0.0
40032,0.0
40033,0.0
40034,0.0
40035,0.0
40036,0.0
40037,0.0
40038,0.0
40039,0.0
40040,0.0
40041,0.0
40042,2880.1582844002405
40043,0.0
40044,0.0
40045,0.0
40046,2763.7322316237683
40047,0.0
40048,0.0
40049,0.0
40050,0.0
40051,0.0
40052,0.0
40053,0.0
40054,0.0
40055,0.0
40056,0.0
40057,0.0
40058,0.0
40059,0.0
40060,0.0
40061,0.0
40062,0.0
40063,0.0
40064,0.0
40065,0.0
40066,0.0
40067,0.0
40068,0.0
40069,0.0
40070,0.0
40071,0.0
40072,0.0
40073,0.0
40074,0.0
40075,0.0
40076,0.0
40077,0.0
40078,0.0
40079,0.0
40080,0.0
40081,0.0
40082,0.0
40083,0.0
40084,0.0
40085,0.0
40086,0.0
40087,0.0
40088,0.0
40089,0.0
40090,0.0
40091,0.0
40092,0.0
40093,0.0
40094,0.0
40095,0.0
40096,0.0
40097,3068.826767530544
40098,0.0
40099,0.0
40100,0.0
40101,0.0
40102,0.0
40103,0.0
40104,0.0
40105,0.0
40106,0.0
40107,0.0
40108,0.0
40109,0.0
40110,0.0
40111,0.0
40112,11491.823730132186
40113,0.0
40114,0.0
40115,0.0
40116,0.0
40117,0.0
40118,0.0
40119,0.0
40120,0.0
40121,0.0
40122,0.0
40123,0.0
40124,0.0
40125,0.0
40126,0.0
40127,0.0
40128,0.0
40129,0.0
40130,0.0
40131,0.0
40132,0.0
40133,0.0
40134,0.0
40135,0.0
40136,0.0
40137,0.0
40138,0.0
40139,0.0
40140,0.0
40141,0.0
40142,0.0
40143,0.0
40144,0.0
40145,0.0
40146,0.0
40147,0.0
40148,0.0
40149,0.0
40150,0.0
40151,0.0
40152,0.0
40153,0.0
40154,0.0
40155,0.0
40156,0.0
40157,0.0
40158,0.0
40159,0.0
40160,0.0
40161,0.0
40162,0.0
40163,0.0
40164,0.0
40165,0.0
40166,0.0
40167,0.0
40168,0.0
40169,0.0
40170,0.0
40171,0.0
40172,0.0
40173,0.0
40174,0.0
40175,0.0
40176,4555.890440351315
40177,0.0
40178,0.0
40179,0.0
40180,0.0
40181,0.0
40182,0.0
40183,0.0
40184,0.0
40185,0.0
40186,0.0
40187,0.0
40188,0.0
40189,0.0
40190,0.0
40191,0.0
40192,0.0
40193,0.0
40194,0.0
40195,0.0
40196,0.0
40197,0.0
40198,0.0
40199,0.0
40200,0.0
40201,0.0
40202,0.0
40203,0.0
40204,0.0
40205,0.0
40206,0.0
40207,0.0
40208,0.0
40209,0.0
40210,0.0
40211,0.0
40212,0.0
40213,0.0
40214,0.0
40215,0.0
40216,0.0
40217,13535.482466641199
40218,5254.1141027053
40219,0.0
40220,0.0
40221,0.0
40222,0.0
40223,0.0
40224,0.0
40225,0.0
40226,0.0
40227,0.0
40228,0.0
40229,0.0
40230,0.0
40231,0.0
40232,0.0
40233,4317.959828292322
40234,4251.882143168235
40235,6940.460809059329
40236,3609.5403764323914
40237,6106.44456486497
40238,4788.507791862802
40239,5896.7235791603425
40240,6143.160011260538
40241,4402.896124693117
40242,3583.7746839715655
40243,5673.927715953464
40244,5659.59364284539
40245,4259.419964905709
40246,5853.336176398593
40247,5971.367143962246
40248,3698.853531454143
40249,4391.580332445334
40250,7220.610535472699
40251,8831.829482176323
40252,6321.7316942844745
40253,6890.648577485744
40254,3337.946075989284
40255,5556.306280865035
40256,2552.516401038074
40257,8247.43213264513
40258,7700.849118975798
40259,9913.120966837985
40260,6114.657634438237
40261,3550.7259471194016
40262,4787.1255150013385
40263,5605.141617797723
40264,7526.983587065714
40265,4480.976816634346
40266,5720.0290244188645
40267,4984.243004480721
40268,5959.802757806519
40269,2388.6633517739565
40270,7692.3554048513915
40271,4173.746915129117
40272,7778.795584308665
40273,6224.6504256693615
40274,4044.6711052335345
40275,8724.203919684589
40276,6643.20374868187
40277,4636.476149984004
40278,3742.436411323236
40279,7696.456732384448
40280,10511.10595458794
40281,6389.827185865333
40282,6173.620390742299
40283,8278.645778540256
40284,7693.193369156986
40285,5850.994651338176
40286,6712.533577311577
40287,2455.7333372316107
40288,2635.9709050864853
40289,5261.390052129844
40290,6295.933357320996
40291,8698.861098799129
40292,7117.977322117945
40293,4218.223350544313
40294,8402.014074923443
40295,8436.137122808479
40296,5002.968295503517
40297,2931.062563811832
40298,11051.966970330343
40299,3376.0260202211916
40300,4868.512610365125
40301,8155.114444656651
40302,3929.8543710556514
40303,5646.890849478608
40304,2894.619279442048
40305,5946.597269129599
40306,5441.450076771269
40307,5614.386625985985
40308,8413.934236267984
40309,6893.776241193152
40310,5510.618679981783
40311,3374.6265218849785
40312,7325.469290251843
40313,12355.439412365977
40314,5673.930863539852
40315,3575.576128734923
40316,6449.8054911273775
40317,6145.239628185333
40318,6426.98521815553
40319,9743.890044265076
40320,2424.008433473195
40321,7314.010302917383
40322,4846.378563811649
40323,6456.82677369641
40324,8367.015213527799
40325,2964.365729553055
40326,4084.5716768834986
40327,5137.775447498757
40328,7277.01481880387
40329,7745.316332396768
40330,4218.164273982384
40331,4801.888013345872
40332,7212.890901746599
40333,6254.9432750025035
40334,5170.743982976391
40335,6147.838314935066
40336,4919.572614593741
40337,6267.108596657387
40338,4496.570960316643
40339,3081.3765580399113
40340,5721.796879420417
40341,6276.239417408995
40342,6501.919136457495
40343,7065.442350177598
40344,7699.122156409197
40345,4042.7215623683983
40346,7984.755663040987
40347,3243.037508342921
40348,3731.8129729220727
40349,7867.515041721271
40350,6916.015750430125
40351,6866.129404567544
40352,9151.620792577523
40353,7375.608631078109
40354,5223.984845876809
40355,6547.927576744501
40356,7388.214079161037
40357,4606.453871972026
40358,2999.7779109224102
40359,5725.280506743258
40360,5026.769458183157
40361,4544.29273795159
40362,3245.8737710954765
40363,5584.979762652279
40364,7382.693051303412
40365,6672.091545360686
40366,5819.926949305596
40367,2838.8921157466457
40368,7381.359476155378
40369,7144.359554716695
40370,3870.384783119527
40371,5638.84908815939
40372,3873.5743033045733
40373,5834.727875288875
40374,3623.812863511489
40375,4778.957490912555
40376,4784.715086041724
40377,7521.83017336507
40378,6358.677212606836
40379,7003.27737713289
40380,14379.139501882104
40381,4470.906104381731
40382,5117.132133675532
40383,10198.430294788155
40384,5641.659589406981
40385,7779.716482295486
40386,6766.534374929811
40387,5718.425598516253
40388,6370.997906651522
40389,4414.268546191423
40390,5201.16722505651
40391,8258.632271298144
40392,5303.6518474077075
40393,3376.0780073929327
40394,3942.237681332396
40395,7417.248895134281
40396,9275.141106282608
40397,6385.115816326345
40398,6273.246641822749
40399,4692.035506447801
40400,2260.6122487683874
40401,2031.7152526873458
40402,3481.4729254021076
40403,5660.574174149389
40404,7006.389172696852
40405,4742.255435441237
40406,4434.132537825134
40407,8018.630753454878
40408,8012.927961371148
40409,7377.6333812556295
40410,5057.4367251882095
40411,7975.165065616285
40412,9618.65521270233
40413,3783.3262335099535
40414,6179.863357607262
40415,4969.422331709959
40416,6819.924918359419
40417,3258.5103996265166
40418,5621.430203254261
40419,4661.573351546796
40420,8992.735570958623
40421,5875.061141888812
40422,7331.357132581706
40423,7202.606516534121
40424,5250.004041294997
40425,8067.2238082327
40426,16002.819751113653
40427,9249.138028856722
40428,4218.728338563568
40429,3268.748484543234
40430,6750.399987875689
40431,6510.394724789916
40432,4572.774916862894
40433,9361.963142913846
40434,18844.35347187535
40435,5170.771287030779
40436,2648.36669379232
40437,10155.631395306107
40438,3436.7155366414627
40439,5596.68194823722
40440,3737.2989713911816
40441,5995.865750093659
40442,5066.990500935467
40443,6270.634120924823
40444,5323.937908463268
40445,5913.754559325407
40446,8936.507263597516
40447,6150.607353057077
40448,5995.828007337296
40449,7334.389798848079
40450,5525.410218120759
40451,6179.693011276778
40452,9833.744408229843
40453,5015.194139058715
40454,5914.324668452011
40455,4340.276515249479
40456,3805.797193777624
40457,5718.540136011778
40458,4699.444513747131
40459,5070.789078213143
40460,8119.128432164828
40461,9258.918082479244
40462,7013.638845312369
40463,4363.696971097965
40464,4034.047859100052
40465,4723.808821386946
40466,5841.054415565409
40467,6222.962854843685
40468,3093.6038764989353
40469,6835.30199277623
40470,5630.232623182374
40471,8015.4783943886705
40472,6101.242185682653
40473,4504.919257877944
40474,3134.683663031413
40475,3090.8228187385894
40476,8576.457836443784
40477,5977.558556563536
40478,5928.074916264292
40479,12684.661028241371
40480,7798.796986184245
40481,3743.7617606543786
40482,5792.396698879336
40483,2588.799120986205
40484,3994.9174119214113
40485,3834.7662952880464
40486,4604.788380189257
40487,8567.423680687707
40488,4719.8608464625095
40489,9232.976733121457
40490,11008.648471652416
40491,6341.629716358031
40492,5625.414997023776
40493,4689.413930192305
40494,5245.320141380215
40495,4915.692539268534
40496,11279.683313519816
40497,6263.467782688714
40498,7255.096880505031
40499,3454.636238412732
40500,5592.406357484187
40501,5687.466661092176
40502,9220.884327075706
40503,6665.048697731911
40504,5248.198619969897
40505,6546.281591907918
40506,5176.032105063794
40507,8274.798128524251
40508,6899.161240678284
40509,6663.959559941419
40510,9255.025025940435
40511,6955.092381636949
40512,7923.6749289436475
40513,3557.424813838675
40514,5760.158404646961
40515,4947.501040308876
40516,9040.490235350433
40517,7172.195080195366
40518,7467.349814473751
40519,6568.5588191685765
40520,7313.220301508052
40521,5263.427769630691
40522,6942.935567493781
40523,5880.487681707641
40524,3095.979741382498
40525,6604.1132490806385
40526,16137.000507382716
40527,7371.334866286493
40528,6483.478142337453
40529,6968.667469241202
40530,8041.466975570605
40531,7832.20250965897
40532,2795.108917935866
40533,4392.426846827444
40534,5700.106517538599
40535,8296.832127240372
40536,2809.131879309015
40537,4423.396651264585
40538,5102.652269030806
40539,5191.515348632953
40540,5223.934458844546
40541,3336.4631304008753
40542,3029.1694310672992
40543,7307.0031074929975
40544,4149.64341905725
40545,4663.250822106
40546,5249.480960279555
40547,4898.15756561494
40548,8680.118650042143
40549,11891.081158805673
40550,5241.098923735491
40551,7255.671116905619
40552,6080.152828613762
40553,9414.371561730462
40554,5141.370361142138
40555,3010.828109452753
40556,4799.467168718708
40557,12073.414775822084
40558,4258.177557606208
40559,7479.48539162536
40560,1986.5556125749467
40561,3553.49516380719
40562,6616.412764012301
40563,6826.733089142723
40564,5268.462762365009
40565,8710.125739879168
40566,8541.518396711192
40567,8140.196078769268
40568,4784.969602916019
40569,10846.756688897913
40570,1951.7429150441062
40571,4028.368341047842
40572,6595.028421981612
40573,5000.246440265617
40574,9936.803249418062
40575,2684.2915225599572
40576,5188.553913428077
40577,5424.930915275621
40578,8130.457867257741
40579,10629.595284271281
40580,5338.270206086667
40581,2950.7244884727406
40582,10092.165808917753
40583,9207.03715958749
40584,5541.515092259864
40585,5311.781090268835
40586,9336.457252492608
40587,6223.110556271986
40588,4978.4352358752385
40589,3931.0951620312158
40590,7707.335156097551
40591,4542.244623155287
40592,11294.523634079182
40593,7322.872580913681
40594,11591.52666501799
40595,6872.951901676756
40596,4883.178463031403
40597,2206.6663081335046
40598,5484.921854481396
40599,6030.753344789713
40600,5225.428883240942
40601,8614.283116522878
40602,5934.609752416286
40603,3176.8379305865715
40604,6895.570302481017
40605,3659.3982431443287
40606,8394.815702507585
40607,6969.0439364557815
40608,7170.461834458767
40609,8071.053326757096
40610,4872.256605887353
40611,7132.918560637893
40612,7073.708326788288
40613,5098.00217341929
40614,6766.925187898847
40615,3103.580556138305
40616,9830.179121336998
40617,6662.923571274316
40618,3611.0539962236335
40619,5678.453599034913
40620,7891.312320283516
40621,5996.633340294898
40622,3901.704839143721
40623,5819.050564966418
40624,5406.390625502268
40625,5543.057777988096
40626,4858.93737106978
40627,9152.429471609272
40628,4341.466354516697
40629,4599.853335208078
40630,6250.153093488779
40631,5408.3172099763
40632,3322.481357365955
40633,4924.278982966594
40634,8634.533524380677
40635,7366.567733997068
40636,10092.584002313672
40637,9049.582037798806
40638,7084.55328862851
40639,7042.575915207105
40640,4581.2050918843315
40641,10147.199601981352
40642,7980.777225280471
40643,6807.300951655369
40644,4592.974282836045
40645,5591.968269615834
40646,5147.824670607171
40647,2319.465913957861
40648,11297.806253094126
40649,6381.188087843849
40650,6073.425900635184
40651,5242.194046906953
40652,1398.1931015651876
40653,7960.962307319714
40654,5896.810616857105
40655,5100.42301351329
40656,3694.9845393195747
40657,5260.030872570239
40658,6088.5783944054965
40659,4220.195630626727
40660,10529.789005189255
40661,4701.342720465808
40662,4548.967343983482
40663,3596.633862452606
40664,2631.275955075496
40665,4930.359994861691
40666,13479.752813642284
40667,4027.762621750049
40668,5776.781697255351
40669,5044.598865734755
40670,3826.5385576996546
40671,3887.58539239018
40672,5881.612601698073
40673,2931.8133595316745
40674,9977.379264385941
40675,6292.285305688223
40676,2649.271216648793
40677,8334.416961380171
40678,2492.2890544837724
40679,4500.224842491195
40680,9841.47245082736
40681,7969.776629125988
40682,8814.50628026536
40683,2556.8164201272575
40684,4574.536921141277
40685,4755.321078771543
40686,3940.4187094506797
40687,14459.312539953473
40688,11678.694581782422
40689,5471.7970876847285
40690,3304.289199425574
40691,5940.840676095001
40692,4728.460642472412
40693,2767.7770043098526
40694,7443.219935138245
40695,4946.7435106696275
40696,5649.627035183769
40697,6891.250766015847
40698,4709.086717464119
40699,4572.087773804628
40700,5937.543735827897
40701,6798.366165504305
40702,6925.578773044441
40703,2565.9900068557167
40704,5730.783098151848
40705,6145.436935054075
40706,7686.97183327438
40707,6538.0836926047805
40708,7081.875440942715
40709,2545.5480648681387
40710,9562.618700281744
40711,5091.416604520883
40712,3230.3709607169335
40713,4166.201102386502
40714,5041.699342813128
40715,4288.713916900093
40716,7114.893269171602
40717,4762.39359372838
40718,5584.879860986239
40719,4901.159200773141
40720,7646.207956242629
40721,8227.73074526454
40722,5151.718907269203
40723,7780.470265779155
40724,6242.943509490512
40725,2825.7360923933675
40726,10072.97605194587
40727,3158.3121212953706
40728,2845.7760590585885
40729,6474.180713110033
40730,10201.462378635253
40731,10694.059515626186
40732,4290.23939898818
40733,4936.089802448971
40734,6648.215833954124
40735,6631.372396614818
40736,4321.198662376024
40737,7505.3385424436665
40738,3019.5641205738716
40739,4908.445307702429
40740,3972.178966630591
40741,3357.577301268992
40742,3146.845092806574
40743,7107.731560357292
40744,7171.312578786626
40745,6164.034416778565
40746,5019.114491781911
40747,7941.81731034686
40748,7836.246223618986
40749,4956.323321795981
40750,5497.258376325065
40751,5653.303777472528
40752,7081.715516625343
40753,5018.931573575934
40754,1970.4322277452943
40755,6498.102512338967
40756,6762.964983444182
40757,5998.30927054026
40758,5224.593009093633
40759,3280.122849909077
40760,9962.15308127369
40761,2944.8363832297923
40762,8325.193059627103
40763,5122.69337195729
40764,4344.510012700604
40765,7729.992482373836
40766,4809.67776560629
40767,4275.709733439806
40768,9040.52427922677
40769,2593.935659383788
40770,7115.079948682035
40771,10091.445544011547
40772,6952.5292822781785
40773,2876.7805767437662
40774,5036.940557855997
40775,3754.829228354979
40776,2205.919827509092
40777,4902.210423814522
40778,6148.80820091121
40779,5291.679245685443
40780,4652.257593024258
40781,5171.888059168901
40782,4590.5417839089005
40783,8187.9893774166985
40784,5294.702565870951
40785,6090.73335513996
40786,4243.531995967483
40787,6281.213880308376
40788,6204.021817337074
40789,6350.433074715259
40790,7721.172828522896
40791,7953.386426871331
40792,8324.205564037271
40793,5644.691697916172
40794,5456.311346657265
40795,2921.210420810406
40796,5849.9579089815425
40797,8457.907183501995
40798,6758.097288695319
40799,7848.1806306597255
40800,14440.455043883407
40801,3161.266342902583
40802,4713.771174475034
40803,3882.7070029447686
40804,7831.862662987352
40805,9688.528598179597
40806,7541.152112235031
40807,7205.768937498159
40808,7174.28728772545
40809,7481.621514297793
40810,6650.243314486168
40811,4906.233481782499
40812,2408.7234638172285
40813,4811.4371188519945
40814,3191.292004621196
40815,2898.7365696057286
40816,6861.017890733603
40817,17659.02213188119
40818,5192.156445743822
40819,3580.4982706143223
40820,4616.610558003342
40821,4269.482611167688
40822,5655.643876258962
40823,2125.838768279922
40824,6536.555036090197
40825,6652.477645610641
40826,3980.6175303964424
40827,11876.138615608139
40828,12397.739975594666
40829,3656.4120811451617
40830,4852.211939302484
40831,3804.555950713502
40832,4253.881927962933
40833,3987.5960540497076
40834,7937.835856942765
40835,3714.2063651540457
40836,4428.0591486310705
40837,4688.942819756146
40838,4797.384744263905
40839,4718.799323485727
40840,6400.790730878769
40841,3482.244250767636
40842,7798.417398823571
40843,6587.443871979758
40844,4901.629865050284
40845,4059.2134472603416
40846,3790.3376300079776
40847,4812.962215296047
40848,5459.448238261738
40849,9439.825421361516
40850,4554.6835557483455
40851,4015.681509380325
40852,6565.473186736465
40853,4923.885177902846
40854,5749.58293374346
40855,4906.190755918402
40856,5934.627966883037
40857,10097.785695846636
40858,6668.6968648851125
40859,5840.3975865076845
40860,3697.7888424799125
40861,4735.123729029141
40862,6024.991763819986
40863,4149.364014587536
40864,4984.674648868289
40865,5295.24352009102
40866,10803.45960653287
40867,7044.01885674374
40868,4373.957994555192
40869,5732.219815568313
40870,5042.040900973209
40871,6217.274115291986
40872,5909.301034749574
40873,9340.749642674493
40874,6355.00516547633
40875,4676.986441658015
40876,4039.4447426625657
40877,2378.72811428196
40878,3474.4115948773438
40879,21040.830630010987
40880,2350.858890230856
40881,4754.0512088285295
40882,6128.929763029455
40883,6995.9634781526975
40884,5501.494387547911
40885,7971.647244043965
40886,5305.227486330767
40887,5915.712249513413
40888,3238.8962470862466
40889,8139.7773144502535
40890,4066.4309671031583
40891,6517.263672919187
40892,9804.101302820542
40893,4361.153422731338
40894,8053.475667691183
40895,6192.584459896212
40896,3360.374211882888
40897,6201.0913298776395
40898,6686.433128542114
40899,2605.1880090130458
40900,8344.838608183454
40901,6536.6023551070375
40902,5011.787459440194
40903,8343.59892195949
40904,7526.4641646014215
40905,6636.101314305479
40906,4552.759514030188
40907,4017.5300882727083
40908,5596.45293249003
40909,3409.6813464378765
40910,6169.935789545519
40911,2681.3555709682482
40912,5604.023514680998
40913,2878.2160459643155
40914,5752.431127502965
40915,4973.5745382942205
40916,4671.652181085784
40917,5669.367944057152
40918,9340.639860056614
40919,5798.180289585459
40920,7404.426957226595
40921,5462.818477847389
40922,6129.664404424987
40923,9276.538196904936
40924,6947.946761853344
40925,4688.061731107387
40926,5314.375999004264
40927,5471.044757237703
40928,4064.2370334004213
40929,12719.022466523673
40930,5794.481256984765
40931,5309.237834457321
40932,9686.411129371056
40933,6323.046611036021
40934,2320.007934457871
40935,17139.76056758172
40936,8344.880572719518
40937,6079.7944382764235
40938,7443.456341257323
40939,6279.198119862167
40940,8376.232222644614
40941,4891.82908285587
40942,4045.6317925815383
40943,3751.057672246869
40944,6032.594006271505
40945,7537.150951526415
40946,2448.3950605268906
40947,8020.237419327402
40948,6536.838239323006
40949,4786.654091218955
40950,6857.214172742291
40951,4986.751594340659
40952,7259.130035948201
40953,4194.532916249857
40954,5006.272487767488
40955,4756.286610361861
40956,3976.5004667734866
40957,6048.708992311611
40958,7935.769578410712
40959,8522.486305333554
40960,6163.774013291449
40961,3559.617602740078
40962,5895.433469991612
40963,6586.300954879063
40964,7430.058822832398
40965,3423.607264527294
40966,2868.802897852964
40967,7773.398853479855
40968,6341.023917724088
40969,3885.518145626735
40970,6822.3807501803785
40971,6486.989981769705
40972,5807.879401640414
40973,4778.0283432582055
40974,1833.6402266597786
40975,6473.218338878768
40976,6084.305248217265
40977,5860.529446368894
40978,8926.347338111234
40979,7270.8138691586155
40980,3813.342434551558
40981,6319.209822941538
40982,3345.8830245783633
40983,1290.479200630252
40984,6133.302670328853
40985,9231.609453544825
40986,5436.550693957186
40987,4890.818572310232
40988,2868.940149485318
40989,4823.741313654567
40990,7125.744240011882
40991,5484.682832800371
40992,8444.193237887112
40993,3990.20396521169
40994,4386.422376840156
40995,3460.638023726273
40996,6296.072913333398
40997,3712.2514619183125
40998,2526.9238314575864
40999,4259.104291286588
41000,4179.513467574092
41001,6723.268401914261
41002,4664.474729822535
41003,4848.367831948751
41004,5471.241368881118
41005,7852.259709287896
41006,4702.417815634527
41007,3975.1212364602625
41008,9886.439779193028
41009,6407.4059998684415
41010,6456.875946716683
41011,2069.2796838125328
41012,5187.042366526191
41013,5336.493755750395
41014,3954.992585754115
41015,8129.68018561504
41016,9271.010089746042
41017,6419.635117940885
41018,5991.775021223323
41019,5655.936939824065
41020,6369.302621044675
41021,12019.412579544647
41022,3237.822288417723
41023,3854.357511202979
41024,5074.0474684571955
41025,6635.143315406816
41026,5985.680242107995
41027,7513.531402339489
41028,6721.524224543729
41029,6651.212422171783
41030,2785.122856218944
41031,5848.593861624531
41032,7919.076686594252
41033,3699.590289055713
41034,6250.612691462322
41035,3061.3321686083536
41036,6804.651155561974
41037,5906.849201924711
41038,5403.095338156585
41039,7416.00955978563
41040,4038.6295625199964
41041,5139.78126188878
41042,6686.494829032405
41043,4651.4418881722
41044,8224.135546069128
41045,5434.874217291017
41046,8465.639213189195
41047,5415.721555782453
41048,3903.356723786155
41049,8640.163811577311
41050,2617.7485658423357
41051,9025.429204914886
41052,5947.860890839802
41053,5024.286820767222
41054,6884.587350642004
41055,4741.1553092299855
41056,4328.214101063455
41057,6724.995986609581
41058,3182.923343999696
41059,2827.0750520982283
41060,5887.654257312869
41061,6724.2262258713545
41062,9877.740228960192
41063,5914.439486097236
41064,5912.714374802486
41065,3586.324288610084
41066,6293.857842584967
41067,3081.991436563436
41068,10483.155411275815
41069,7105.238692676304
41070,12160.14020569708
41071,5871.457583191315
41072,5120.623856618626
41073,8320.575675668246
41074,8758.016433816614
41075,2965.9140866968005
41076,8522.317181610346
41077,6558.403168592031
41078,6370.689780465447
41079,6061.729780921694
41080,4683.972002347326
41081,3229.5464593531487
41082,5677.233787123092
41083,3757.3349587716198
41084,2685.288424562756
41085,7335.801023509988
41086,6028.742065447078
41087,21023.12097262297
41088,7266.099434103477
