2026-09-06 16:24:52 - 03_salesfc_deep_learning - INFO - Logging session started for '03_salesfc_deep_learning' -> Logs/YS_03_salesfc_deep_learning_20260906.log
2026-09-06 16:25:05 - 03_salesfc_deep_learning - INFO - Loaded 'store_train_data.csv' from GitHub raw and cached locally.
2026-09-06 16:25:06 - 03_salesfc_deep_learning - INFO - Loaded 'store_test_data.csv' from GitHub raw and cached locally.
2026-09-06 16:25:06 - 03_salesfc_deep_learning - INFO - Loaded store_train_data.csv (shape=(1017209, 26)) and store_test_data.csv (shape=(41088, 25)) for LSTM pipeline.
2026-09-06 16:25:06 - 03_salesfc_deep_learning - DEBUG - Encoding categorical column: StoreType (4 unique values)
2026-09-06 16:25:06 - 03_salesfc_deep_learning - DEBUG - Encoding categorical column: Assortment (3 unique values)
2026-09-06 16:25:06 - 03_salesfc_deep_learning - DEBUG - Encoding categorical column: StateHoliday (4 unique values)
2026-09-06 16:25:06 - 03_salesfc_deep_learning - DEBUG - Encoding categorical column: MonthPosition (3 unique values)
2026-09-06 16:25:06 - 03_salesfc_deep_learning - DEBUG - Encoding categorical column: DayOfWeek (7 unique values)
2026-09-06 16:25:07 - 03_salesfc_deep_learning - INFO - One-hot encoding complete. store_train_encoded shape: (1017209, 42), store_test_encoded shape: (41088, 42).
2026-09-06 16:25:07 - 03_salesfc_deep_learning - INFO - Store-aware sort complete. 1115 unique stores, date range 2013-01-01 to 2015-07-31.
2026-09-06 16:25:08 - 03_salesfc_deep_learning - INFO - Aggregate daily sales series built. 942 daily observations, 2013-01-01 to 2015-07-31.
2026-09-06 16:25:08 - 03_salesfc_deep_learning - INFO - ADF test complete. Statistic: -4.7616, p-value: 0.000064.
2026-09-06 16:25:09 - 03_salesfc_deep_learning - INFO - ACF and PACF plots generated (30 lags) on the stationary daily sales series.
2026-09-06 16:25:09 - 03_salesfc_deep_learning - INFO - ACF/PACF computed. Significant ACF lags: [2, 5, 6, 7, 8, 9, 12, 14, 16, 19, 20, 21, 22, 23, 26, 27, 28, 29, 30]. Significant PACF lags: [2, 5, 6, 7, 8, 9, 10, 11, 13, 14, 17, 21, 28].
2026-09-06 16:25:09 - 03_salesfc_deep_learning - INFO - feature_cols_dl rebuilt to include Store. New count: 39.
2026-09-06 16:25:09 - 03_salesfc_deep_learning - DEBUG - Store 1: 767 sequences built.
2026-09-06 16:25:09 - 03_salesfc_deep_learning - DEBUG - Store 2: 770 sequences built.
2026-09-06 16:25:09 - 03_salesfc_deep_learning - DEBUG - Store 3: 765 sequences built.
2026-09-06 16:25:09 - 03_salesfc_deep_learning - DEBUG - Store 4: 770 sequences built.
2026-09-06 16:25:09 - 03_salesfc_deep_learning - DEBUG - Store 5: 765 sequences built.
2026-09-06 16:25:09 - 03_salesfc_deep_learning - DEBUG - Store 6: 766 sequences built.
2026-09-06 16:25:09 - 03_salesfc_deep_learning - DEBUG - Store 7: 772 sequences built.
2026-09-06 16:25:10 - 03_salesfc_deep_learning - DEBUG - Store 8: 770 sequences built.
2026-09-06 16:25:10 - 03_salesfc_deep_learning - DEBUG - Store 9: 765 sequences built.
2026-09-06 16:25:10 - 03_salesfc_deep_learning - DEBUG - Store 10: 770 sequences built.
2026-09-06 16:25:10 - 03_salesfc_deep_learning - DEBUG - Store 11: 770 sequences built.
2026-09-06 16:25:10 - 03_salesfc_deep_learning - DEBUG - Store 12: 770 sequences built.
2026-09-06 16:25:10 - 03_salesfc_deep_learning - DEBUG - Store 13: 607 sequences built.
2026-09-06 16:25:10 - 03_salesfc_deep_learning - DEBUG - Store 14: 765 sequences built.
2026-09-06 16:25:10 - 03_salesfc_deep_learning - DEBUG - Store 15: 770 sequences built.
2026-09-06 16:25:10 - 03_salesfc_deep_learning - DEBUG - Store 16: 763 sequences built.
2026-09-06 16:25:10 - 03_salesfc_deep_learning - DEBUG - Store 17: 768 sequences built.
2026-09-06 16:25:10 - 03_salesfc_deep_learning - DEBUG - Store 18: 768 sequences built.
2026-09-06 16:25:10 - 03_salesfc_deep_learning - DEBUG - Store 19: 765 sequences built.
2026-09-06 16:25:10 - 03_salesfc_deep_learning - DEBUG - Store 20: 605 sequences built.
2026-09-06 16:25:10 - 03_salesfc_deep_learning - DEBUG - Store 21: 763 sequences built.
2026-09-06 16:25:10 - 03_salesfc_deep_learning - DEBUG - Store 22: 605 sequences built.
2026-09-06 16:25:10 - 03_salesfc_deep_learning - DEBUG - Store 23: 765 sequences built.
2026-09-06 16:25:10 - 03_salesfc_deep_learning - DEBUG - Store 24: 765 sequences built.
2026-09-06 16:25:10 - 03_salesfc_deep_learning - DEBUG - Store 25: 738 sequences built.
2026-09-06 16:25:10 - 03_salesfc_deep_learning - DEBUG - Store 26: 768 sequences built.
2026-09-06 16:25:10 - 03_salesfc_deep_learning - DEBUG - Store 27: 765 sequences built.
2026-09-06 16:25:10 - 03_salesfc_deep_learning - DEBUG - Store 28: 757 sequences built.
2026-09-06 16:25:10 - 03_salesfc_deep_learning - DEBUG - Store 29: 765 sequences built.
2026-09-06 16:25:10 - 03_salesfc_deep_learning - DEBUG - Store 30: 763 sequences built.
2026-09-06 16:25:10 - 03_salesfc_deep_learning - DEBUG - Store 31: 770 sequences built.
2026-09-06 16:25:10 - 03_salesfc_deep_learning - DEBUG - Store 32: 607 sequences built.
2026-09-06 16:25:10 - 03_salesfc_deep_learning - DEBUG - Store 33: 765 sequences built.
2026-09-06 16:25:10 - 03_salesfc_deep_learning - DEBUG - Store 34: 770 sequences built.
2026-09-06 16:25:10 - 03_salesfc_deep_learning - DEBUG - Store 35: 765 sequences built.
2026-09-06 16:25:10 - 03_salesfc_deep_learning - DEBUG - Store 36: 608 sequences built.
2026-09-06 16:25:10 - 03_salesfc_deep_learning - DEBUG - Store 37: 766 sequences built.
2026-09-06 16:25:10 - 03_salesfc_deep_learning - DEBUG - Store 38: 765 sequences built.
2026-09-06 16:25:10 - 03_salesfc_deep_learning - DEBUG - Store 39: 765 sequences built.
2026-09-06 16:25:10 - 03_salesfc_deep_learning - DEBUG - Store 40: 762 sequences built.
2026-09-06 16:25:10 - 03_salesfc_deep_learning - DEBUG - Store 41: 608 sequences built.
2026-09-06 16:25:10 - 03_salesfc_deep_learning - DEBUG - Store 42: 765 sequences built.
2026-09-06 16:25:10 - 03_salesfc_deep_learning - DEBUG - Store 43: 765 sequences built.
2026-09-06 16:25:10 - 03_salesfc_deep_learning - DEBUG - Store 44: 770 sequences built.
2026-09-06 16:25:10 - 03_salesfc_deep_learning - DEBUG - Store 45: 765 sequences built.
2026-09-06 16:25:10 - 03_salesfc_deep_learning - DEBUG - Store 46: 608 sequences built.
2026-09-06 16:25:10 - 03_salesfc_deep_learning - DEBUG - Store 47: 770 sequences built.
2026-09-06 16:25:10 - 03_salesfc_deep_learning - DEBUG - Store 48: 770 sequences built.
2026-09-06 16:25:10 - 03_salesfc_deep_learning - DEBUG - Store 49: 763 sequences built.
2026-09-06 16:25:10 - 03_salesfc_deep_learning - DEBUG - Store 50: 765 sequences built.
2026-09-06 16:25:10 - 03_salesfc_deep_learning - DEBUG - Store 51: 608 sequences built.
2026-09-06 16:25:10 - 03_salesfc_deep_learning - DEBUG - Store 52: 608 sequences built.
2026-09-06 16:25:10 - 03_salesfc_deep_learning - DEBUG - Store 53: 770 sequences built.
2026-09-06 16:25:10 - 03_salesfc_deep_learning - DEBUG - Store 54: 771 sequences built.
2026-09-06 16:25:10 - 03_salesfc_deep_learning - DEBUG - Store 55: 766 sequences built.
2026-09-06 16:25:10 - 03_salesfc_deep_learning - DEBUG - Store 56: 767 sequences built.
2026-09-06 16:25:10 - 03_salesfc_deep_learning - DEBUG - Store 57: 756 sequences built.
2026-09-06 16:25:10 - 03_salesfc_deep_learning - DEBUG - Store 58: 609 sequences built.
2026-09-06 16:25:10 - 03_salesfc_deep_learning - DEBUG - Store 59: 768 sequences built.
2026-09-06 16:25:10 - 03_salesfc_deep_learning - DEBUG - Store 60: 766 sequences built.
2026-09-06 16:25:10 - 03_salesfc_deep_learning - DEBUG - Store 61: 763 sequences built.
2026-09-06 16:25:10 - 03_salesfc_deep_learning - DEBUG - Store 62: 765 sequences built.
2026-09-06 16:25:10 - 03_salesfc_deep_learning - DEBUG - Store 63: 770 sequences built.
2026-09-06 16:25:10 - 03_salesfc_deep_learning - DEBUG - Store 64: 765 sequences built.
2026-09-06 16:25:10 - 03_salesfc_deep_learning - DEBUG - Store 65: 766 sequences built.
2026-09-06 16:25:10 - 03_salesfc_deep_learning - DEBUG - Store 66: 763 sequences built.
2026-09-06 16:25:10 - 03_salesfc_deep_learning - DEBUG - Store 67: 763 sequences built.
2026-09-06 16:25:10 - 03_salesfc_deep_learning - DEBUG - Store 68: 770 sequences built.
2026-09-06 16:25:10 - 03_salesfc_deep_learning - DEBUG - Store 69: 767 sequences built.
2026-09-06 16:25:10 - 03_salesfc_deep_learning - DEBUG - Store 70: 768 sequences built.
2026-09-06 16:25:10 - 03_salesfc_deep_learning - DEBUG - Store 71: 765 sequences built.
2026-09-06 16:25:10 - 03_salesfc_deep_learning - DEBUG - Store 72: 609 sequences built.
2026-09-06 16:25:10 - 03_salesfc_deep_learning - DEBUG - Store 73: 770 sequences built.
2026-09-06 16:25:10 - 03_salesfc_deep_learning - DEBUG - Store 74: 762 sequences built.
2026-09-06 16:25:10 - 03_salesfc_deep_learning - DEBUG - Store 75: 770 sequences built.
2026-09-06 16:25:10 - 03_salesfc_deep_learning - DEBUG - Store 76: 609 sequences built.
2026-09-06 16:25:10 - 03_salesfc_deep_learning - DEBUG - Store 77: 767 sequences built.
2026-09-06 16:25:10 - 03_salesfc_deep_learning - DEBUG - Store 78: 766 sequences built.
2026-09-06 16:25:10 - 03_salesfc_deep_learning - DEBUG - Store 79: 763 sequences built.
2026-09-06 16:25:10 - 03_salesfc_deep_learning - DEBUG - Store 80: 765 sequences built.
2026-09-06 16:25:10 - 03_salesfc_deep_learning - DEBUG - Store 81: 608 sequences built.
2026-09-06 16:25:10 - 03_salesfc_deep_learning - DEBUG - Store 82: 765 sequences built.
2026-09-06 16:25:10 - 03_salesfc_deep_learning - DEBUG - Store 83: 765 sequences built.
2026-09-06 16:25:10 - 03_salesfc_deep_learning - DEBUG - Store 84: 765 sequences built.
2026-09-06 16:25:10 - 03_salesfc_deep_learning - DEBUG - Store 85: 928 sequences built.
2026-09-06 16:25:10 - 03_salesfc_deep_learning - DEBUG - Store 86: 764 sequences built.
2026-09-06 16:25:10 - 03_salesfc_deep_learning - DEBUG - Store 87: 770 sequences built.
2026-09-06 16:25:10 - 03_salesfc_deep_learning - DEBUG - Store 88: 766 sequences built.
2026-09-06 16:25:10 - 03_salesfc_deep_learning - DEBUG - Store 89: 608 sequences built.
2026-09-06 16:25:10 - 03_salesfc_deep_learning - DEBUG - Store 90: 764 sequences built.
2026-09-06 16:25:10 - 03_salesfc_deep_learning - DEBUG - Store 91: 764 sequences built.
2026-09-06 16:25:10 - 03_salesfc_deep_learning - DEBUG - Store 92: 765 sequences built.
2026-09-06 16:25:10 - 03_salesfc_deep_learning - DEBUG - Store 93: 765 sequences built.
2026-09-06 16:25:10 - 03_salesfc_deep_learning - DEBUG - Store 94: 765 sequences built.
2026-09-06 16:25:10 - 03_salesfc_deep_learning - DEBUG - Store 95: 766 sequences built.
2026-09-06 16:25:10 - 03_salesfc_deep_learning - DEBUG - Store 96: 766 sequences built.
2026-09-06 16:25:10 - 03_salesfc_deep_learning - DEBUG - Store 97: 766 sequences built.
2026-09-06 16:25:10 - 03_salesfc_deep_learning - DEBUG - Store 98: 765 sequences built.
2026-09-06 16:25:10 - 03_salesfc_deep_learning - DEBUG - Store 99: 608 sequences built.
2026-09-06 16:25:10 - 03_salesfc_deep_learning - DEBUG - Store 100: 592 sequences built.
2026-09-06 16:25:10 - 03_salesfc_deep_learning - DEBUG - Store 101: 770 sequences built.
2026-09-06 16:25:10 - 03_salesfc_deep_learning - DEBUG - Store 102: 757 sequences built.
2026-09-06 16:25:10 - 03_salesfc_deep_learning - DEBUG - Store 103: 617 sequences built.
2026-09-06 16:25:10 - 03_salesfc_deep_learning - DEBUG - Store 104: 770 sequences built.
2026-09-06 16:25:10 - 03_salesfc_deep_learning - DEBUG - Store 105: 740 sequences built.
2026-09-06 16:25:10 - 03_salesfc_deep_learning - DEBUG - Store 106: 761 sequences built.
2026-09-06 16:25:10 - 03_salesfc_deep_learning - DEBUG - Store 107: 770 sequences built.
2026-09-06 16:25:10 - 03_salesfc_deep_learning - DEBUG - Store 108: 608 sequences built.
2026-09-06 16:25:10 - 03_salesfc_deep_learning - DEBUG - Store 109: 770 sequences built.
2026-09-06 16:25:10 - 03_salesfc_deep_learning - DEBUG - Store 110: 770 sequences built.
2026-09-06 16:25:10 - 03_salesfc_deep_learning - DEBUG - Store 111: 767 sequences built.
2026-09-06 16:25:10 - 03_salesfc_deep_learning - DEBUG - Store 112: 770 sequences built.
2026-09-06 16:25:10 - 03_salesfc_deep_learning - DEBUG - Store 113: 608 sequences built.
2026-09-06 16:25:10 - 03_salesfc_deep_learning - DEBUG - Store 114: 770 sequences built.
2026-09-06 16:25:10 - 03_salesfc_deep_learning - DEBUG - Store 115: 608 sequences built.
2026-09-06 16:25:10 - 03_salesfc_deep_learning - DEBUG - Store 116: 769 sequences built.
2026-09-06 16:25:10 - 03_salesfc_deep_learning - DEBUG - Store 117: 765 sequences built.
2026-09-06 16:25:10 - 03_salesfc_deep_learning - DEBUG - Store 118: 768 sequences built.
2026-09-06 16:25:10 - 03_salesfc_deep_learning - DEBUG - Store 119: 770 sequences built.
2026-09-06 16:25:10 - 03_salesfc_deep_learning - DEBUG - Store 120: 767 sequences built.
2026-09-06 16:25:10 - 03_salesfc_deep_learning - DEBUG - Store 121: 766 sequences built.
2026-09-06 16:25:10 - 03_salesfc_deep_learning - DEBUG - Store 122: 871 sequences built.
2026-09-06 16:25:10 - 03_salesfc_deep_learning - DEBUG - Store 123: 754 sequences built.
2026-09-06 16:25:10 - 03_salesfc_deep_learning - DEBUG - Store 124: 765 sequences built.
2026-09-06 16:25:10 - 03_salesfc_deep_learning - DEBUG - Store 125: 770 sequences built.
2026-09-06 16:25:10 - 03_salesfc_deep_learning - DEBUG - Store 126: 765 sequences built.
2026-09-06 16:25:10 - 03_salesfc_deep_learning - DEBUG - Store 127: 609 sequences built.
2026-09-06 16:25:10 - 03_salesfc_deep_learning - DEBUG - Store 128: 767 sequences built.
2026-09-06 16:25:10 - 03_salesfc_deep_learning - DEBUG - Store 129: 608 sequences built.
2026-09-06 16:25:10 - 03_salesfc_deep_learning - DEBUG - Store 130: 767 sequences built.
2026-09-06 16:25:10 - 03_salesfc_deep_learning - DEBUG - Store 131: 765 sequences built.
2026-09-06 16:25:10 - 03_salesfc_deep_learning - DEBUG - Store 132: 608 sequences built.
2026-09-06 16:25:10 - 03_salesfc_deep_learning - DEBUG - Store 133: 768 sequences built.
2026-09-06 16:25:10 - 03_salesfc_deep_learning - DEBUG - Store 134: 770 sequences built.
2026-09-06 16:25:10 - 03_salesfc_deep_learning - DEBUG - Store 135: 767 sequences built.
2026-09-06 16:25:10 - 03_salesfc_deep_learning - DEBUG - Store 136: 608 sequences built.
2026-09-06 16:25:10 - 03_salesfc_deep_learning - DEBUG - Store 137: 608 sequences built.
2026-09-06 16:25:10 - 03_salesfc_deep_learning - DEBUG - Store 138: 766 sequences built.
2026-09-06 16:25:10 - 03_salesfc_deep_learning - DEBUG - Store 139: 608 sequences built.
2026-09-06 16:25:10 - 03_salesfc_deep_learning - DEBUG - Store 140: 767 sequences built.
2026-09-06 16:25:10 - 03_salesfc_deep_learning - DEBUG - Store 141: 763 sequences built.
2026-09-06 16:25:10 - 03_salesfc_deep_learning - DEBUG - Store 142: 765 sequences built.
2026-09-06 16:25:10 - 03_salesfc_deep_learning - DEBUG - Store 143: 765 sequences built.
2026-09-06 16:25:10 - 03_salesfc_deep_learning - DEBUG - Store 144: 611 sequences built.
2026-09-06 16:25:10 - 03_salesfc_deep_learning - DEBUG - Store 145: 594 sequences built.
2026-09-06 16:25:10 - 03_salesfc_deep_learning - DEBUG - Store 146: 765 sequences built.
2026-09-06 16:25:10 - 03_salesfc_deep_learning - DEBUG - Store 147: 765 sequences built.
2026-09-06 16:25:10 - 03_salesfc_deep_learning - DEBUG - Store 148: 770 sequences built.
2026-09-06 16:25:10 - 03_salesfc_deep_learning - DEBUG - Store 149: 608 sequences built.
2026-09-06 16:25:10 - 03_salesfc_deep_learning - DEBUG - Store 150: 770 sequences built.
2026-09-06 16:25:10 - 03_salesfc_deep_learning - DEBUG - Store 151: 766 sequences built.
2026-09-06 16:25:10 - 03_salesfc_deep_learning - DEBUG - Store 152: 765 sequences built.
2026-09-06 16:25:10 - 03_salesfc_deep_learning - DEBUG - Store 153: 765 sequences built.
2026-09-06 16:25:10 - 03_salesfc_deep_learning - DEBUG - Store 154: 767 sequences built.
2026-09-06 16:25:10 - 03_salesfc_deep_learning - DEBUG - Store 155: 609 sequences built.
2026-09-06 16:25:10 - 03_salesfc_deep_learning - DEBUG - Store 156: 768 sequences built.
2026-09-06 16:25:10 - 03_salesfc_deep_learning - DEBUG - Store 157: 765 sequences built.
2026-09-06 16:25:10 - 03_salesfc_deep_learning - DEBUG - Store 158: 765 sequences built.
2026-09-06 16:25:10 - 03_salesfc_deep_learning - DEBUG - Store 159: 609 sequences built.
2026-09-06 16:25:10 - 03_salesfc_deep_learning - DEBUG - Store 160: 767 sequences built.
2026-09-06 16:25:10 - 03_salesfc_deep_learning - DEBUG - Store 161: 765 sequences built.
2026-09-06 16:25:10 - 03_salesfc_deep_learning - DEBUG - Store 162: 767 sequences built.
2026-09-06 16:25:10 - 03_salesfc_deep_learning - DEBUG - Store 163: 770 sequences built.
2026-09-06 16:25:10 - 03_salesfc_deep_learning - DEBUG - Store 164: 609 sequences built.
2026-09-06 16:25:10 - 03_salesfc_deep_learning - DEBUG - Store 165: 608 sequences built.
2026-09-06 16:25:10 - 03_salesfc_deep_learning - DEBUG - Store 166: 765 sequences built.
2026-09-06 16:25:10 - 03_salesfc_deep_learning - DEBUG - Store 167: 766 sequences built.
2026-09-06 16:25:10 - 03_salesfc_deep_learning - DEBUG - Store 168: 763 sequences built.
2026-09-06 16:25:10 - 03_salesfc_deep_learning - DEBUG - Store 169: 752 sequences built.
2026-09-06 16:25:10 - 03_salesfc_deep_learning - DEBUG - Store 170: 765 sequences built.
2026-09-06 16:25:10 - 03_salesfc_deep_learning - DEBUG - Store 171: 765 sequences built.
2026-09-06 16:25:10 - 03_salesfc_deep_learning - DEBUG - Store 172: 608 sequences built.
2026-09-06 16:25:10 - 03_salesfc_deep_learning - DEBUG - Store 173: 770 sequences built.
2026-09-06 16:25:10 - 03_salesfc_deep_learning - DEBUG - Store 174: 608 sequences built.
2026-09-06 16:25:10 - 03_salesfc_deep_learning - DEBUG - Store 175: 770 sequences built.
2026-09-06 16:25:10 - 03_salesfc_deep_learning - DEBUG - Store 176: 765 sequences built.
2026-09-06 16:25:10 - 03_salesfc_deep_learning - DEBUG - Store 177: 766 sequences built.
2026-09-06 16:25:10 - 03_salesfc_deep_learning - DEBUG - Store 178: 766 sequences built.
2026-09-06 16:25:10 - 03_salesfc_deep_learning - DEBUG - Store 179: 765 sequences built.
2026-09-06 16:25:10 - 03_salesfc_deep_learning - DEBUG - Store 180: 770 sequences built.
2026-09-06 16:25:10 - 03_salesfc_deep_learning - DEBUG - Store 181: 609 sequences built.
2026-09-06 16:25:10 - 03_salesfc_deep_learning - DEBUG - Store 182: 767 sequences built.
2026-09-06 16:25:10 - 03_salesfc_deep_learning - DEBUG - Store 183: 597 sequences built.
2026-09-06 16:25:10 - 03_salesfc_deep_learning - DEBUG - Store 184: 763 sequences built.
2026-09-06 16:25:10 - 03_salesfc_deep_learning - DEBUG - Store 185: 770 sequences built.
2026-09-06 16:25:10 - 03_salesfc_deep_learning - DEBUG - Store 186: 608 sequences built.
2026-09-06 16:25:10 - 03_salesfc_deep_learning - DEBUG - Store 187: 770 sequences built.
2026-09-06 16:25:10 - 03_salesfc_deep_learning - DEBUG - Store 188: 765 sequences built.
2026-09-06 16:25:10 - 03_salesfc_deep_learning - DEBUG - Store 189: 765 sequences built.
2026-09-06 16:25:10 - 03_salesfc_deep_learning - DEBUG - Store 190: 608 sequences built.
2026-09-06 16:25:10 - 03_salesfc_deep_learning - DEBUG - Store 191: 608 sequences built.
2026-09-06 16:25:10 - 03_salesfc_deep_learning - DEBUG - Store 192: 608 sequences built.
2026-09-06 16:25:10 - 03_salesfc_deep_learning - DEBUG - Store 193: 763 sequences built.
2026-09-06 16:25:10 - 03_salesfc_deep_learning - DEBUG - Store 194: 763 sequences built.
2026-09-06 16:25:10 - 03_salesfc_deep_learning - DEBUG - Store 195: 765 sequences built.
2026-09-06 16:25:10 - 03_salesfc_deep_learning - DEBUG - Store 196: 768 sequences built.
2026-09-06 16:25:10 - 03_salesfc_deep_learning - DEBUG - Store 197: 770 sequences built.
2026-09-06 16:25:10 - 03_salesfc_deep_learning - DEBUG - Store 198: 768 sequences built.
2026-09-06 16:25:10 - 03_salesfc_deep_learning - DEBUG - Store 199: 765 sequences built.
2026-09-06 16:25:10 - 03_salesfc_deep_learning - DEBUG - Store 200: 765 sequences built.
2026-09-06 16:25:10 - 03_salesfc_deep_learning - DEBUG - Store 201: 765 sequences built.
2026-09-06 16:25:10 - 03_salesfc_deep_learning - DEBUG - Store 202: 767 sequences built.
2026-09-06 16:25:10 - 03_salesfc_deep_learning - DEBUG - Store 203: 768 sequences built.
2026-09-06 16:25:10 - 03_salesfc_deep_learning - DEBUG - Store 204: 608 sequences built.
2026-09-06 16:25:10 - 03_salesfc_deep_learning - DEBUG - Store 205: 770 sequences built.
2026-09-06 16:25:10 - 03_salesfc_deep_learning - DEBUG - Store 206: 765 sequences built.
2026-09-06 16:25:10 - 03_salesfc_deep_learning - DEBUG - Store 207: 770 sequences built.
2026-09-06 16:25:10 - 03_salesfc_deep_learning - DEBUG - Store 208: 770 sequences built.
2026-09-06 16:25:10 - 03_salesfc_deep_learning - DEBUG - Store 209: 868 sequences built.
2026-09-06 16:25:10 - 03_salesfc_deep_learning - DEBUG - Store 210: 765 sequences built.
2026-09-06 16:25:10 - 03_salesfc_deep_learning - DEBUG - Store 211: 770 sequences built.
2026-09-06 16:25:10 - 03_salesfc_deep_learning - DEBUG - Store 212: 770 sequences built.
2026-09-06 16:25:10 - 03_salesfc_deep_learning - DEBUG - Store 213: 765 sequences built.
2026-09-06 16:25:10 - 03_salesfc_deep_learning - DEBUG - Store 214: 765 sequences built.
2026-09-06 16:25:10 - 03_salesfc_deep_learning - DEBUG - Store 215: 607 sequences built.
2026-09-06 16:25:10 - 03_salesfc_deep_learning - DEBUG - Store 216: 762 sequences built.
2026-09-06 16:25:10 - 03_salesfc_deep_learning - DEBUG - Store 217: 770 sequences built.
2026-09-06 16:25:10 - 03_salesfc_deep_learning - DEBUG - Store 218: 608 sequences built.
2026-09-06 16:25:10 - 03_salesfc_deep_learning - DEBUG - Store 219: 765 sequences built.
2026-09-06 16:25:10 - 03_salesfc_deep_learning - DEBUG - Store 220: 762 sequences built.
2026-09-06 16:25:10 - 03_salesfc_deep_learning - DEBUG - Store 221: 770 sequences built.
2026-09-06 16:25:10 - 03_salesfc_deep_learning - DEBUG - Store 222: 770 sequences built.
2026-09-06 16:25:10 - 03_salesfc_deep_learning - DEBUG - Store 223: 768 sequences built.
2026-09-06 16:25:10 - 03_salesfc_deep_learning - DEBUG - Store 224: 763 sequences built.
2026-09-06 16:25:10 - 03_salesfc_deep_learning - DEBUG - Store 225: 768 sequences built.
2026-09-06 16:25:10 - 03_salesfc_deep_learning - DEBUG - Store 226: 767 sequences built.
2026-09-06 16:25:11 - 03_salesfc_deep_learning - DEBUG - Store 227: 754 sequences built.
2026-09-06 16:25:11 - 03_salesfc_deep_learning - DEBUG - Store 228: 765 sequences built.
2026-09-06 16:25:11 - 03_salesfc_deep_learning - DEBUG - Store 229: 765 sequences built.
2026-09-06 16:25:11 - 03_salesfc_deep_learning - DEBUG - Store 230: 770 sequences built.
2026-09-06 16:25:11 - 03_salesfc_deep_learning - DEBUG - Store 231: 608 sequences built.
2026-09-06 16:25:11 - 03_salesfc_deep_learning - DEBUG - Store 232: 752 sequences built.
2026-09-06 16:25:11 - 03_salesfc_deep_learning - DEBUG - Store 233: 767 sequences built.
2026-09-06 16:25:11 - 03_salesfc_deep_learning - DEBUG - Store 234: 765 sequences built.
2026-09-06 16:25:11 - 03_salesfc_deep_learning - DEBUG - Store 235: 767 sequences built.
2026-09-06 16:25:11 - 03_salesfc_deep_learning - DEBUG - Store 236: 770 sequences built.
2026-09-06 16:25:11 - 03_salesfc_deep_learning - DEBUG - Store 237: 770 sequences built.
2026-09-06 16:25:11 - 03_salesfc_deep_learning - DEBUG - Store 238: 752 sequences built.
2026-09-06 16:25:11 - 03_salesfc_deep_learning - DEBUG - Store 239: 765 sequences built.
2026-09-06 16:25:11 - 03_salesfc_deep_learning - DEBUG - Store 240: 770 sequences built.
2026-09-06 16:25:11 - 03_salesfc_deep_learning - DEBUG - Store 241: 765 sequences built.
2026-09-06 16:25:11 - 03_salesfc_deep_learning - DEBUG - Store 242: 767 sequences built.
2026-09-06 16:25:11 - 03_salesfc_deep_learning - DEBUG - Store 243: 609 sequences built.
2026-09-06 16:25:11 - 03_salesfc_deep_learning - DEBUG - Store 244: 765 sequences built.
2026-09-06 16:25:11 - 03_salesfc_deep_learning - DEBUG - Store 245: 767 sequences built.
2026-09-06 16:25:11 - 03_salesfc_deep_learning - DEBUG - Store 246: 770 sequences built.
2026-09-06 16:25:11 - 03_salesfc_deep_learning - DEBUG - Store 247: 767 sequences built.
2026-09-06 16:25:11 - 03_salesfc_deep_learning - DEBUG - Store 248: 770 sequences built.
2026-09-06 16:25:11 - 03_salesfc_deep_learning - DEBUG - Store 249: 770 sequences built.
2026-09-06 16:25:11 - 03_salesfc_deep_learning - DEBUG - Store 250: 767 sequences built.
2026-09-06 16:25:11 - 03_salesfc_deep_learning - DEBUG - Store 251: 765 sequences built.
2026-09-06 16:25:11 - 03_salesfc_deep_learning - DEBUG - Store 252: 765 sequences built.
2026-09-06 16:25:11 - 03_salesfc_deep_learning - DEBUG - Store 253: 765 sequences built.
2026-09-06 16:25:11 - 03_salesfc_deep_learning - DEBUG - Store 254: 765 sequences built.
2026-09-06 16:25:11 - 03_salesfc_deep_learning - DEBUG - Store 255: 765 sequences built.
2026-09-06 16:25:11 - 03_salesfc_deep_learning - DEBUG - Store 256: 762 sequences built.
2026-09-06 16:25:11 - 03_salesfc_deep_learning - DEBUG - Store 257: 770 sequences built.
2026-09-06 16:25:11 - 03_salesfc_deep_learning - DEBUG - Store 258: 608 sequences built.
2026-09-06 16:25:11 - 03_salesfc_deep_learning - DEBUG - Store 259: 918 sequences built.
2026-09-06 16:25:11 - 03_salesfc_deep_learning - DEBUG - Store 260: 770 sequences built.
2026-09-06 16:25:11 - 03_salesfc_deep_learning - DEBUG - Store 261: 765 sequences built.
2026-09-06 16:25:11 - 03_salesfc_deep_learning - DEBUG - Store 262: 928 sequences built.
2026-09-06 16:25:11 - 03_salesfc_deep_learning - DEBUG - Store 263: 608 sequences built.
2026-09-06 16:25:11 - 03_salesfc_deep_learning - DEBUG - Store 264: 748 sequences built.
2026-09-06 16:25:11 - 03_salesfc_deep_learning - DEBUG - Store 265: 765 sequences built.
2026-09-06 16:25:11 - 03_salesfc_deep_learning - DEBUG - Store 266: 766 sequences built.
2026-09-06 16:25:11 - 03_salesfc_deep_learning - DEBUG - Store 267: 770 sequences built.
2026-09-06 16:25:11 - 03_salesfc_deep_learning - DEBUG - Store 268: 770 sequences built.
2026-09-06 16:25:11 - 03_salesfc_deep_learning - DEBUG - Store 269: 765 sequences built.
2026-09-06 16:25:11 - 03_salesfc_deep_learning - DEBUG - Store 270: 770 sequences built.
2026-09-06 16:25:11 - 03_salesfc_deep_learning - DEBUG - Store 271: 766 sequences built.
2026-09-06 16:25:11 - 03_salesfc_deep_learning - DEBUG - Store 272: 767 sequences built.
2026-09-06 16:25:11 - 03_salesfc_deep_learning - DEBUG - Store 273: 765 sequences built.
2026-09-06 16:25:11 - 03_salesfc_deep_learning - DEBUG - Store 274: 918 sequences built.
2026-09-06 16:25:11 - 03_salesfc_deep_learning - DEBUG - Store 275: 608 sequences built.
2026-09-06 16:25:11 - 03_salesfc_deep_learning - DEBUG - Store 276: 766 sequences built.
2026-09-06 16:25:11 - 03_salesfc_deep_learning - DEBUG - Store 277: 608 sequences built.
2026-09-06 16:25:11 - 03_salesfc_deep_learning - DEBUG - Store 278: 770 sequences built.
2026-09-06 16:25:11 - 03_salesfc_deep_learning - DEBUG - Store 279: 609 sequences built.
2026-09-06 16:25:11 - 03_salesfc_deep_learning - DEBUG - Store 280: 763 sequences built.
2026-09-06 16:25:11 - 03_salesfc_deep_learning - DEBUG - Store 281: 770 sequences built.
2026-09-06 16:25:11 - 03_salesfc_deep_learning - DEBUG - Store 282: 770 sequences built.
2026-09-06 16:25:11 - 03_salesfc_deep_learning - DEBUG - Store 283: 608 sequences built.
2026-09-06 16:25:11 - 03_salesfc_deep_learning - DEBUG - Store 284: 608 sequences built.
2026-09-06 16:25:11 - 03_salesfc_deep_learning - DEBUG - Store 285: 767 sequences built.
2026-09-06 16:25:11 - 03_salesfc_deep_learning - DEBUG - Store 286: 765 sequences built.
2026-09-06 16:25:11 - 03_salesfc_deep_learning - DEBUG - Store 287: 608 sequences built.
2026-09-06 16:25:11 - 03_salesfc_deep_learning - DEBUG - Store 288: 608 sequences built.
2026-09-06 16:25:11 - 03_salesfc_deep_learning - DEBUG - Store 289: 767 sequences built.
2026-09-06 16:25:11 - 03_salesfc_deep_learning - DEBUG - Store 290: 765 sequences built.
2026-09-06 16:25:11 - 03_salesfc_deep_learning - DEBUG - Store 291: 766 sequences built.
2026-09-06 16:25:11 - 03_salesfc_deep_learning - DEBUG - Store 292: 752 sequences built.
2026-09-06 16:25:11 - 03_salesfc_deep_learning - DEBUG - Store 293: 769 sequences built.
2026-09-06 16:25:11 - 03_salesfc_deep_learning - DEBUG - Store 294: 767 sequences built.
2026-09-06 16:25:11 - 03_salesfc_deep_learning - DEBUG - Store 295: 763 sequences built.
2026-09-06 16:25:11 - 03_salesfc_deep_learning - DEBUG - Store 296: 767 sequences built.
2026-09-06 16:25:11 - 03_salesfc_deep_learning - DEBUG - Store 297: 763 sequences built.
2026-09-06 16:25:11 - 03_salesfc_deep_learning - DEBUG - Store 298: 608 sequences built.
2026-09-06 16:25:11 - 03_salesfc_deep_learning - DEBUG - Store 299: 868 sequences built.
2026-09-06 16:25:11 - 03_salesfc_deep_learning - DEBUG - Store 300: 768 sequences built.
2026-09-06 16:25:11 - 03_salesfc_deep_learning - DEBUG - Store 301: 770 sequences built.
2026-09-06 16:25:11 - 03_salesfc_deep_learning - DEBUG - Store 302: 767 sequences built.
2026-09-06 16:25:11 - 03_salesfc_deep_learning - DEBUG - Store 303: 753 sequences built.
2026-09-06 16:25:11 - 03_salesfc_deep_learning - DEBUG - Store 304: 770 sequences built.
2026-09-06 16:25:11 - 03_salesfc_deep_learning - DEBUG - Store 305: 767 sequences built.
2026-09-06 16:25:11 - 03_salesfc_deep_learning - DEBUG - Store 306: 608 sequences built.
2026-09-06 16:25:11 - 03_salesfc_deep_learning - DEBUG - Store 307: 768 sequences built.
2026-09-06 16:25:11 - 03_salesfc_deep_learning - DEBUG - Store 308: 754 sequences built.
2026-09-06 16:25:11 - 03_salesfc_deep_learning - DEBUG - Store 309: 765 sequences built.
2026-09-06 16:25:11 - 03_salesfc_deep_learning - DEBUG - Store 310: 883 sequences built.
2026-09-06 16:25:11 - 03_salesfc_deep_learning - DEBUG - Store 311: 767 sequences built.
2026-09-06 16:25:11 - 03_salesfc_deep_learning - DEBUG - Store 312: 767 sequences built.
2026-09-06 16:25:11 - 03_salesfc_deep_learning - DEBUG - Store 313: 768 sequences built.
2026-09-06 16:25:11 - 03_salesfc_deep_learning - DEBUG - Store 314: 765 sequences built.
2026-09-06 16:25:11 - 03_salesfc_deep_learning - DEBUG - Store 315: 770 sequences built.
2026-09-06 16:25:11 - 03_salesfc_deep_learning - DEBUG - Store 316: 765 sequences built.
2026-09-06 16:25:11 - 03_salesfc_deep_learning - DEBUG - Store 317: 608 sequences built.
2026-09-06 16:25:11 - 03_salesfc_deep_learning - DEBUG - Store 318: 766 sequences built.
2026-09-06 16:25:11 - 03_salesfc_deep_learning - DEBUG - Store 319: 770 sequences built.
2026-09-06 16:25:11 - 03_salesfc_deep_learning - DEBUG - Store 320: 770 sequences built.
2026-09-06 16:25:11 - 03_salesfc_deep_learning - DEBUG - Store 321: 766 sequences built.
2026-09-06 16:25:11 - 03_salesfc_deep_learning - DEBUG - Store 322: 768 sequences built.
2026-09-06 16:25:11 - 03_salesfc_deep_learning - DEBUG - Store 323: 765 sequences built.
2026-09-06 16:25:11 - 03_salesfc_deep_learning - DEBUG - Store 324: 766 sequences built.
2026-09-06 16:25:11 - 03_salesfc_deep_learning - DEBUG - Store 325: 765 sequences built.
2026-09-06 16:25:11 - 03_salesfc_deep_learning - DEBUG - Store 326: 765 sequences built.
2026-09-06 16:25:11 - 03_salesfc_deep_learning - DEBUG - Store 327: 764 sequences built.
2026-09-06 16:25:11 - 03_salesfc_deep_learning - DEBUG - Store 328: 765 sequences built.
2026-09-06 16:25:11 - 03_salesfc_deep_learning - DEBUG - Store 329: 765 sequences built.
2026-09-06 16:25:11 - 03_salesfc_deep_learning - DEBUG - Store 330: 765 sequences built.
2026-09-06 16:25:11 - 03_salesfc_deep_learning - DEBUG - Store 331: 765 sequences built.
2026-09-06 16:25:11 - 03_salesfc_deep_learning - DEBUG - Store 332: 766 sequences built.
2026-09-06 16:25:11 - 03_salesfc_deep_learning - DEBUG - Store 333: 770 sequences built.
2026-09-06 16:25:11 - 03_salesfc_deep_learning - DEBUG - Store 334: 765 sequences built.
2026-09-06 16:25:11 - 03_salesfc_deep_learning - DEBUG - Store 335: 928 sequences built.
2026-09-06 16:25:11 - 03_salesfc_deep_learning - DEBUG - Store 336: 766 sequences built.
2026-09-06 16:25:11 - 03_salesfc_deep_learning - DEBUG - Store 337: 767 sequences built.
2026-09-06 16:25:11 - 03_salesfc_deep_learning - DEBUG - Store 338: 767 sequences built.
2026-09-06 16:25:11 - 03_salesfc_deep_learning - DEBUG - Store 339: 742 sequences built.
2026-09-06 16:25:11 - 03_salesfc_deep_learning - DEBUG - Store 340: 770 sequences built.
2026-09-06 16:25:11 - 03_salesfc_deep_learning - DEBUG - Store 341: 765 sequences built.
2026-09-06 16:25:11 - 03_salesfc_deep_learning - DEBUG - Store 342: 607 sequences built.
2026-09-06 16:25:11 - 03_salesfc_deep_learning - DEBUG - Store 343: 765 sequences built.
2026-09-06 16:25:11 - 03_salesfc_deep_learning - DEBUG - Store 344: 770 sequences built.
2026-09-06 16:25:11 - 03_salesfc_deep_learning - DEBUG - Store 345: 608 sequences built.
2026-09-06 16:25:11 - 03_salesfc_deep_learning - DEBUG - Store 346: 765 sequences built.
2026-09-06 16:25:11 - 03_salesfc_deep_learning - DEBUG - Store 347: 763 sequences built.
2026-09-06 16:25:11 - 03_salesfc_deep_learning - DEBUG - Store 348: 583 sequences built.
2026-09-06 16:25:11 - 03_salesfc_deep_learning - DEBUG - Store 349: 686 sequences built.
2026-09-06 16:25:11 - 03_salesfc_deep_learning - DEBUG - Store 350: 767 sequences built.
2026-09-06 16:25:11 - 03_salesfc_deep_learning - DEBUG - Store 351: 765 sequences built.
2026-09-06 16:25:11 - 03_salesfc_deep_learning - DEBUG - Store 352: 770 sequences built.
2026-09-06 16:25:11 - 03_salesfc_deep_learning - DEBUG - Store 353: 917 sequences built.
2026-09-06 16:25:11 - 03_salesfc_deep_learning - DEBUG - Store 354: 765 sequences built.
2026-09-06 16:25:11 - 03_salesfc_deep_learning - DEBUG - Store 355: 770 sequences built.
2026-09-06 16:25:11 - 03_salesfc_deep_learning - DEBUG - Store 356: 763 sequences built.
2026-09-06 16:25:11 - 03_salesfc_deep_learning - DEBUG - Store 357: 754 sequences built.
2026-09-06 16:25:11 - 03_salesfc_deep_learning - DEBUG - Store 358: 765 sequences built.
2026-09-06 16:25:11 - 03_salesfc_deep_learning - DEBUG - Store 359: 765 sequences built.
2026-09-06 16:25:11 - 03_salesfc_deep_learning - DEBUG - Store 360: 770 sequences built.
2026-09-06 16:25:11 - 03_salesfc_deep_learning - DEBUG - Store 361: 766 sequences built.
2026-09-06 16:25:11 - 03_salesfc_deep_learning - DEBUG - Store 362: 767 sequences built.
2026-09-06 16:25:11 - 03_salesfc_deep_learning - DEBUG - Store 363: 770 sequences built.
2026-09-06 16:25:11 - 03_salesfc_deep_learning - DEBUG - Store 364: 757 sequences built.
2026-09-06 16:25:11 - 03_salesfc_deep_learning - DEBUG - Store 365: 607 sequences built.
2026-09-06 16:25:11 - 03_salesfc_deep_learning - DEBUG - Store 366: 766 sequences built.
2026-09-06 16:25:11 - 03_salesfc_deep_learning - DEBUG - Store 367: 770 sequences built.
2026-09-06 16:25:11 - 03_salesfc_deep_learning - DEBUG - Store 368: 763 sequences built.
2026-09-06 16:25:11 - 03_salesfc_deep_learning - DEBUG - Store 369: 767 sequences built.
2026-09-06 16:25:11 - 03_salesfc_deep_learning - DEBUG - Store 370: 765 sequences built.
2026-09-06 16:25:11 - 03_salesfc_deep_learning - DEBUG - Store 371: 767 sequences built.
2026-09-06 16:25:11 - 03_salesfc_deep_learning - DEBUG - Store 372: 765 sequences built.
2026-09-06 16:25:11 - 03_salesfc_deep_learning - DEBUG - Store 373: 763 sequences built.
2026-09-06 16:25:11 - 03_salesfc_deep_learning - DEBUG - Store 374: 770 sequences built.
2026-09-06 16:25:11 - 03_salesfc_deep_learning - DEBUG - Store 375: 766 sequences built.
2026-09-06 16:25:11 - 03_salesfc_deep_learning - DEBUG - Store 376: 760 sequences built.
2026-09-06 16:25:11 - 03_salesfc_deep_learning - DEBUG - Store 377: 770 sequences built.
2026-09-06 16:25:11 - 03_salesfc_deep_learning - DEBUG - Store 378: 765 sequences built.
2026-09-06 16:25:11 - 03_salesfc_deep_learning - DEBUG - Store 379: 770 sequences built.
2026-09-06 16:25:11 - 03_salesfc_deep_learning - DEBUG - Store 380: 765 sequences built.
2026-09-06 16:25:11 - 03_salesfc_deep_learning - DEBUG - Store 381: 766 sequences built.
2026-09-06 16:25:11 - 03_salesfc_deep_learning - DEBUG - Store 382: 766 sequences built.
2026-09-06 16:25:11 - 03_salesfc_deep_learning - DEBUG - Store 383: 766 sequences built.
2026-09-06 16:25:11 - 03_salesfc_deep_learning - DEBUG - Store 384: 768 sequences built.
2026-09-06 16:25:11 - 03_salesfc_deep_learning - DEBUG - Store 385: 608 sequences built.
2026-09-06 16:25:11 - 03_salesfc_deep_learning - DEBUG - Store 386: 765 sequences built.
2026-09-06 16:25:11 - 03_salesfc_deep_learning - DEBUG - Store 387: 752 sequences built.
2026-09-06 16:25:11 - 03_salesfc_deep_learning - DEBUG - Store 388: 765 sequences built.
2026-09-06 16:25:11 - 03_salesfc_deep_learning - DEBUG - Store 389: 770 sequences built.
2026-09-06 16:25:11 - 03_salesfc_deep_learning - DEBUG - Store 390: 766 sequences built.
2026-09-06 16:25:11 - 03_salesfc_deep_learning - DEBUG - Store 391: 754 sequences built.
2026-09-06 16:25:11 - 03_salesfc_deep_learning - DEBUG - Store 392: 765 sequences built.
2026-09-06 16:25:11 - 03_salesfc_deep_learning - DEBUG - Store 393: 765 sequences built.
2026-09-06 16:25:11 - 03_salesfc_deep_learning - DEBUG - Store 394: 767 sequences built.
2026-09-06 16:25:11 - 03_salesfc_deep_learning - DEBUG - Store 395: 765 sequences built.
2026-09-06 16:25:11 - 03_salesfc_deep_learning - DEBUG - Store 396: 766 sequences built.
2026-09-06 16:25:11 - 03_salesfc_deep_learning - DEBUG - Store 397: 765 sequences built.
2026-09-06 16:25:11 - 03_salesfc_deep_learning - DEBUG - Store 398: 770 sequences built.
2026-09-06 16:25:11 - 03_salesfc_deep_learning - DEBUG - Store 399: 608 sequences built.
2026-09-06 16:25:11 - 03_salesfc_deep_learning - DEBUG - Store 400: 768 sequences built.
2026-09-06 16:25:11 - 03_salesfc_deep_learning - DEBUG - Store 401: 766 sequences built.
2026-09-06 16:25:11 - 03_salesfc_deep_learning - DEBUG - Store 402: 766 sequences built.
2026-09-06 16:25:11 - 03_salesfc_deep_learning - DEBUG - Store 403: 765 sequences built.
2026-09-06 16:25:11 - 03_salesfc_deep_learning - DEBUG - Store 404: 745 sequences built.
2026-09-06 16:25:11 - 03_salesfc_deep_learning - DEBUG - Store 405: 765 sequences built.
2026-09-06 16:25:11 - 03_salesfc_deep_learning - DEBUG - Store 406: 765 sequences built.
2026-09-06 16:25:11 - 03_salesfc_deep_learning - DEBUG - Store 407: 608 sequences built.
2026-09-06 16:25:11 - 03_salesfc_deep_learning - DEBUG - Store 408: 763 sequences built.
2026-09-06 16:25:11 - 03_salesfc_deep_learning - DEBUG - Store 409: 767 sequences built.
2026-09-06 16:25:11 - 03_salesfc_deep_learning - DEBUG - Store 410: 765 sequences built.
2026-09-06 16:25:11 - 03_salesfc_deep_learning - DEBUG - Store 411: 767 sequences built.
2026-09-06 16:25:11 - 03_salesfc_deep_learning - DEBUG - Store 412: 608 sequences built.
2026-09-06 16:25:11 - 03_salesfc_deep_learning - DEBUG - Store 413: 608 sequences built.
2026-09-06 16:25:11 - 03_salesfc_deep_learning - DEBUG - Store 414: 767 sequences built.
2026-09-06 16:25:11 - 03_salesfc_deep_learning - DEBUG - Store 415: 766 sequences built.
2026-09-06 16:25:11 - 03_salesfc_deep_learning - DEBUG - Store 416: 770 sequences built.
2026-09-06 16:25:11 - 03_salesfc_deep_learning - DEBUG - Store 417: 765 sequences built.
2026-09-06 16:25:11 - 03_salesfc_deep_learning - DEBUG - Store 418: 762 sequences built.
2026-09-06 16:25:11 - 03_salesfc_deep_learning - DEBUG - Store 419: 770 sequences built.
2026-09-06 16:25:11 - 03_salesfc_deep_learning - DEBUG - Store 420: 608 sequences built.
2026-09-06 16:25:11 - 03_salesfc_deep_learning - DEBUG - Store 421: 770 sequences built.
2026-09-06 16:25:11 - 03_salesfc_deep_learning - DEBUG - Store 422: 770 sequences built.
2026-09-06 16:25:11 - 03_salesfc_deep_learning - DEBUG - Store 423: 928 sequences built.
2026-09-06 16:25:11 - 03_salesfc_deep_learning - DEBUG - Store 424: 765 sequences built.
2026-09-06 16:25:11 - 03_salesfc_deep_learning - DEBUG - Store 425: 762 sequences built.
2026-09-06 16:25:11 - 03_salesfc_deep_learning - DEBUG - Store 426: 765 sequences built.
2026-09-06 16:25:11 - 03_salesfc_deep_learning - DEBUG - Store 427: 609 sequences built.
2026-09-06 16:25:11 - 03_salesfc_deep_learning - DEBUG - Store 428: 608 sequences built.
2026-09-06 16:25:11 - 03_salesfc_deep_learning - DEBUG - Store 429: 608 sequences built.
2026-09-06 16:25:11 - 03_salesfc_deep_learning - DEBUG - Store 430: 608 sequences built.
2026-09-06 16:25:11 - 03_salesfc_deep_learning - DEBUG - Store 431: 765 sequences built.
2026-09-06 16:25:11 - 03_salesfc_deep_learning - DEBUG - Store 432: 770 sequences built.
2026-09-06 16:25:11 - 03_salesfc_deep_learning - DEBUG - Store 433: 848 sequences built.
2026-09-06 16:25:11 - 03_salesfc_deep_learning - DEBUG - Store 434: 608 sequences built.
2026-09-06 16:25:11 - 03_salesfc_deep_learning - DEBUG - Store 435: 765 sequences built.
2026-09-06 16:25:11 - 03_salesfc_deep_learning - DEBUG - Store 436: 766 sequences built.
2026-09-06 16:25:11 - 03_salesfc_deep_learning - DEBUG - Store 437: 766 sequences built.
2026-09-06 16:25:12 - 03_salesfc_deep_learning - DEBUG - Store 438: 766 sequences built.
2026-09-06 16:25:12 - 03_salesfc_deep_learning - DEBUG - Store 439: 770 sequences built.
2026-09-06 16:25:12 - 03_salesfc_deep_learning - DEBUG - Store 440: 763 sequences built.
2026-09-06 16:25:12 - 03_salesfc_deep_learning - DEBUG - Store 441: 765 sequences built.
2026-09-06 16:25:12 - 03_salesfc_deep_learning - DEBUG - Store 442: 763 sequences built.
2026-09-06 16:25:12 - 03_salesfc_deep_learning - DEBUG - Store 443: 766 sequences built.
2026-09-06 16:25:12 - 03_salesfc_deep_learning - DEBUG - Store 444: 763 sequences built.
2026-09-06 16:25:12 - 03_salesfc_deep_learning - DEBUG - Store 445: 762 sequences built.
2026-09-06 16:25:12 - 03_salesfc_deep_learning - DEBUG - Store 446: 765 sequences built.
2026-09-06 16:25:12 - 03_salesfc_deep_learning - DEBUG - Store 447: 770 sequences built.
2026-09-06 16:25:12 - 03_salesfc_deep_learning - DEBUG - Store 448: 765 sequences built.
2026-09-06 16:25:12 - 03_salesfc_deep_learning - DEBUG - Store 449: 767 sequences built.
2026-09-06 16:25:12 - 03_salesfc_deep_learning - DEBUG - Store 450: 763 sequences built.
2026-09-06 16:25:12 - 03_salesfc_deep_learning - DEBUG - Store 451: 767 sequences built.
2026-09-06 16:25:12 - 03_salesfc_deep_learning - DEBUG - Store 452: 770 sequences built.
2026-09-06 16:25:12 - 03_salesfc_deep_learning - DEBUG - Store 453: 873 sequences built.
2026-09-06 16:25:12 - 03_salesfc_deep_learning - DEBUG - Store 454: 766 sequences built.
2026-09-06 16:25:12 - 03_salesfc_deep_learning - DEBUG - Store 455: 763 sequences built.
2026-09-06 16:25:12 - 03_salesfc_deep_learning - DEBUG - Store 456: 765 sequences built.
2026-09-06 16:25:12 - 03_salesfc_deep_learning - DEBUG - Store 457: 608 sequences built.
2026-09-06 16:25:12 - 03_salesfc_deep_learning - DEBUG - Store 458: 767 sequences built.
2026-09-06 16:25:12 - 03_salesfc_deep_learning - DEBUG - Store 459: 770 sequences built.
2026-09-06 16:25:12 - 03_salesfc_deep_learning - DEBUG - Store 460: 766 sequences built.
2026-09-06 16:25:12 - 03_salesfc_deep_learning - DEBUG - Store 461: 763 sequences built.
2026-09-06 16:25:12 - 03_salesfc_deep_learning - DEBUG - Store 462: 766 sequences built.
2026-09-06 16:25:12 - 03_salesfc_deep_learning - DEBUG - Store 463: 765 sequences built.
2026-09-06 16:25:12 - 03_salesfc_deep_learning - DEBUG - Store 464: 770 sequences built.
2026-09-06 16:25:12 - 03_salesfc_deep_learning - DEBUG - Store 465: 767 sequences built.
2026-09-06 16:25:12 - 03_salesfc_deep_learning - DEBUG - Store 466: 765 sequences built.
2026-09-06 16:25:12 - 03_salesfc_deep_learning - DEBUG - Store 467: 765 sequences built.
2026-09-06 16:25:12 - 03_salesfc_deep_learning - DEBUG - Store 468: 770 sequences built.
2026-09-06 16:25:12 - 03_salesfc_deep_learning - DEBUG - Store 469: 770 sequences built.
2026-09-06 16:25:12 - 03_salesfc_deep_learning - DEBUG - Store 470: 762 sequences built.
2026-09-06 16:25:12 - 03_salesfc_deep_learning - DEBUG - Store 471: 608 sequences built.
2026-09-06 16:25:12 - 03_salesfc_deep_learning - DEBUG - Store 472: 770 sequences built.
2026-09-06 16:25:12 - 03_salesfc_deep_learning - DEBUG - Store 473: 765 sequences built.
2026-09-06 16:25:12 - 03_salesfc_deep_learning - DEBUG - Store 474: 768 sequences built.
2026-09-06 16:25:12 - 03_salesfc_deep_learning - DEBUG - Store 475: 762 sequences built.
2026-09-06 16:25:12 - 03_salesfc_deep_learning - DEBUG - Store 476: 766 sequences built.
2026-09-06 16:25:12 - 03_salesfc_deep_learning - DEBUG - Store 477: 608 sequences built.
2026-09-06 16:25:12 - 03_salesfc_deep_learning - DEBUG - Store 478: 770 sequences built.
2026-09-06 16:25:12 - 03_salesfc_deep_learning - DEBUG - Store 479: 768 sequences built.
2026-09-06 16:25:12 - 03_salesfc_deep_learning - DEBUG - Store 480: 770 sequences built.
2026-09-06 16:25:12 - 03_salesfc_deep_learning - DEBUG - Store 481: 767 sequences built.
2026-09-06 16:25:12 - 03_salesfc_deep_learning - DEBUG - Store 482: 768 sequences built.
2026-09-06 16:25:12 - 03_salesfc_deep_learning - DEBUG - Store 483: 766 sequences built.
2026-09-06 16:25:12 - 03_salesfc_deep_learning - DEBUG - Store 484: 770 sequences built.
2026-09-06 16:25:12 - 03_salesfc_deep_learning - DEBUG - Store 485: 608 sequences built.
2026-09-06 16:25:12 - 03_salesfc_deep_learning - DEBUG - Store 486: 765 sequences built.
2026-09-06 16:25:12 - 03_salesfc_deep_learning - DEBUG - Store 487: 770 sequences built.
2026-09-06 16:25:12 - 03_salesfc_deep_learning - DEBUG - Store 488: 770 sequences built.
2026-09-06 16:25:12 - 03_salesfc_deep_learning - DEBUG - Store 489: 766 sequences built.
2026-09-06 16:25:12 - 03_salesfc_deep_learning - DEBUG - Store 490: 608 sequences built.
2026-09-06 16:25:12 - 03_salesfc_deep_learning - DEBUG - Store 491: 763 sequences built.
2026-09-06 16:25:12 - 03_salesfc_deep_learning - DEBUG - Store 492: 600 sequences built.
2026-09-06 16:25:12 - 03_salesfc_deep_learning - DEBUG - Store 493: 765 sequences built.
2026-09-06 16:25:12 - 03_salesfc_deep_learning - DEBUG - Store 494: 928 sequences built.
2026-09-06 16:25:12 - 03_salesfc_deep_learning - DEBUG - Store 495: 763 sequences built.
2026-09-06 16:25:12 - 03_salesfc_deep_learning - DEBUG - Store 496: 770 sequences built.
2026-09-06 16:25:12 - 03_salesfc_deep_learning - DEBUG - Store 497: 767 sequences built.
2026-09-06 16:25:12 - 03_salesfc_deep_learning - DEBUG - Store 498: 608 sequences built.
2026-09-06 16:25:12 - 03_salesfc_deep_learning - DEBUG - Store 499: 763 sequences built.
2026-09-06 16:25:12 - 03_salesfc_deep_learning - DEBUG - Store 500: 608 sequences built.
2026-09-06 16:25:12 - 03_salesfc_deep_learning - DEBUG - Store 501: 608 sequences built.
2026-09-06 16:25:12 - 03_salesfc_deep_learning - DEBUG - Store 502: 760 sequences built.
2026-09-06 16:25:12 - 03_salesfc_deep_learning - DEBUG - Store 503: 766 sequences built.
2026-09-06 16:25:12 - 03_salesfc_deep_learning - DEBUG - Store 504: 770 sequences built.
2026-09-06 16:25:12 - 03_salesfc_deep_learning - DEBUG - Store 505: 763 sequences built.
2026-09-06 16:25:12 - 03_salesfc_deep_learning - DEBUG - Store 506: 765 sequences built.
2026-09-06 16:25:12 - 03_salesfc_deep_learning - DEBUG - Store 507: 765 sequences built.
2026-09-06 16:25:12 - 03_salesfc_deep_learning - DEBUG - Store 508: 762 sequences built.
2026-09-06 16:25:12 - 03_salesfc_deep_learning - DEBUG - Store 509: 767 sequences built.
2026-09-06 16:25:12 - 03_salesfc_deep_learning - DEBUG - Store 510: 765 sequences built.
2026-09-06 16:25:12 - 03_salesfc_deep_learning - DEBUG - Store 511: 770 sequences built.
2026-09-06 16:25:12 - 03_salesfc_deep_learning - DEBUG - Store 512: 731 sequences built.
2026-09-06 16:25:12 - 03_salesfc_deep_learning - DEBUG - Store 513: 770 sequences built.
2026-09-06 16:25:12 - 03_salesfc_deep_learning - DEBUG - Store 514: 608 sequences built.
2026-09-06 16:25:12 - 03_salesfc_deep_learning - DEBUG - Store 515: 765 sequences built.
2026-09-06 16:25:12 - 03_salesfc_deep_learning - DEBUG - Store 516: 765 sequences built.
2026-09-06 16:25:12 - 03_salesfc_deep_learning - DEBUG - Store 517: 745 sequences built.
2026-09-06 16:25:12 - 03_salesfc_deep_learning - DEBUG - Store 518: 609 sequences built.
2026-09-06 16:25:12 - 03_salesfc_deep_learning - DEBUG - Store 519: 770 sequences built.
2026-09-06 16:25:12 - 03_salesfc_deep_learning - DEBUG - Store 520: 770 sequences built.
2026-09-06 16:25:12 - 03_salesfc_deep_learning - DEBUG - Store 521: 765 sequences built.
2026-09-06 16:25:12 - 03_salesfc_deep_learning - DEBUG - Store 522: 609 sequences built.
2026-09-06 16:25:12 - 03_salesfc_deep_learning - DEBUG - Store 523: 770 sequences built.
2026-09-06 16:25:12 - 03_salesfc_deep_learning - DEBUG - Store 524: 867 sequences built.
2026-09-06 16:25:12 - 03_salesfc_deep_learning - DEBUG - Store 525: 769 sequences built.
2026-09-06 16:25:12 - 03_salesfc_deep_learning - DEBUG - Store 526: 768 sequences built.
2026-09-06 16:25:12 - 03_salesfc_deep_learning - DEBUG - Store 527: 767 sequences built.
2026-09-06 16:25:12 - 03_salesfc_deep_learning - DEBUG - Store 528: 765 sequences built.
2026-09-06 16:25:12 - 03_salesfc_deep_learning - DEBUG - Store 529: 770 sequences built.
2026-09-06 16:25:12 - 03_salesfc_deep_learning - DEBUG - Store 530: 892 sequences built.
2026-09-06 16:25:12 - 03_salesfc_deep_learning - DEBUG - Store 531: 770 sequences built.
2026-09-06 16:25:12 - 03_salesfc_deep_learning - DEBUG - Store 532: 765 sequences built.
2026-09-06 16:25:12 - 03_salesfc_deep_learning - DEBUG - Store 533: 763 sequences built.
2026-09-06 16:25:12 - 03_salesfc_deep_learning - DEBUG - Store 534: 609 sequences built.
2026-09-06 16:25:12 - 03_salesfc_deep_learning - DEBUG - Store 535: 765 sequences built.
2026-09-06 16:25:12 - 03_salesfc_deep_learning - DEBUG - Store 536: 765 sequences built.
2026-09-06 16:25:12 - 03_salesfc_deep_learning - DEBUG - Store 537: 763 sequences built.
2026-09-06 16:25:12 - 03_salesfc_deep_learning - DEBUG - Store 538: 770 sequences built.
2026-09-06 16:25:12 - 03_salesfc_deep_learning - DEBUG - Store 539: 608 sequences built.
2026-09-06 16:25:12 - 03_salesfc_deep_learning - DEBUG - Store 540: 608 sequences built.
2026-09-06 16:25:12 - 03_salesfc_deep_learning - DEBUG - Store 541: 765 sequences built.
2026-09-06 16:25:12 - 03_salesfc_deep_learning - DEBUG - Store 542: 608 sequences built.
2026-09-06 16:25:12 - 03_salesfc_deep_learning - DEBUG - Store 543: 767 sequences built.
2026-09-06 16:25:12 - 03_salesfc_deep_learning - DEBUG - Store 544: 766 sequences built.
2026-09-06 16:25:12 - 03_salesfc_deep_learning - DEBUG - Store 545: 765 sequences built.
2026-09-06 16:25:12 - 03_salesfc_deep_learning - DEBUG - Store 546: 770 sequences built.
2026-09-06 16:25:12 - 03_salesfc_deep_learning - DEBUG - Store 547: 608 sequences built.
2026-09-06 16:25:12 - 03_salesfc_deep_learning - DEBUG - Store 548: 755 sequences built.
2026-09-06 16:25:12 - 03_salesfc_deep_learning - DEBUG - Store 549: 770 sequences built.
2026-09-06 16:25:12 - 03_salesfc_deep_learning - DEBUG - Store 550: 767 sequences built.
2026-09-06 16:25:12 - 03_salesfc_deep_learning - DEBUG - Store 551: 770 sequences built.
2026-09-06 16:25:12 - 03_salesfc_deep_learning - DEBUG - Store 552: 767 sequences built.
2026-09-06 16:25:12 - 03_salesfc_deep_learning - DEBUG - Store 553: 763 sequences built.
2026-09-06 16:25:12 - 03_salesfc_deep_learning - DEBUG - Store 554: 770 sequences built.
2026-09-06 16:25:12 - 03_salesfc_deep_learning - DEBUG - Store 555: 609 sequences built.
2026-09-06 16:25:12 - 03_salesfc_deep_learning - DEBUG - Store 556: 769 sequences built.
2026-09-06 16:25:12 - 03_salesfc_deep_learning - DEBUG - Store 557: 764 sequences built.
2026-09-06 16:25:12 - 03_salesfc_deep_learning - DEBUG - Store 558: 770 sequences built.
2026-09-06 16:25:12 - 03_salesfc_deep_learning - DEBUG - Store 559: 766 sequences built.
2026-09-06 16:25:12 - 03_salesfc_deep_learning - DEBUG - Store 560: 733 sequences built.
2026-09-06 16:25:12 - 03_salesfc_deep_learning - DEBUG - Store 561: 765 sequences built.
2026-09-06 16:25:12 - 03_salesfc_deep_learning - DEBUG - Store 562: 928 sequences built.
2026-09-06 16:25:12 - 03_salesfc_deep_learning - DEBUG - Store 563: 762 sequences built.
2026-09-06 16:25:12 - 03_salesfc_deep_learning - DEBUG - Store 564: 765 sequences built.
2026-09-06 16:25:12 - 03_salesfc_deep_learning - DEBUG - Store 565: 765 sequences built.
2026-09-06 16:25:12 - 03_salesfc_deep_learning - DEBUG - Store 566: 770 sequences built.
2026-09-06 16:25:12 - 03_salesfc_deep_learning - DEBUG - Store 567: 765 sequences built.
2026-09-06 16:25:12 - 03_salesfc_deep_learning - DEBUG - Store 568: 767 sequences built.
2026-09-06 16:25:12 - 03_salesfc_deep_learning - DEBUG - Store 569: 770 sequences built.
2026-09-06 16:25:12 - 03_salesfc_deep_learning - DEBUG - Store 570: 765 sequences built.
2026-09-06 16:25:12 - 03_salesfc_deep_learning - DEBUG - Store 571: 608 sequences built.
2026-09-06 16:25:12 - 03_salesfc_deep_learning - DEBUG - Store 572: 762 sequences built.
2026-09-06 16:25:12 - 03_salesfc_deep_learning - DEBUG - Store 573: 608 sequences built.
2026-09-06 16:25:12 - 03_salesfc_deep_learning - DEBUG - Store 574: 763 sequences built.
2026-09-06 16:25:12 - 03_salesfc_deep_learning - DEBUG - Store 575: 609 sequences built.
2026-09-06 16:25:12 - 03_salesfc_deep_learning - DEBUG - Store 576: 770 sequences built.
2026-09-06 16:25:12 - 03_salesfc_deep_learning - DEBUG - Store 577: 770 sequences built.
2026-09-06 16:25:12 - 03_salesfc_deep_learning - DEBUG - Store 578: 887 sequences built.
2026-09-06 16:25:12 - 03_salesfc_deep_learning - DEBUG - Store 579: 765 sequences built.
2026-09-06 16:25:12 - 03_salesfc_deep_learning - DEBUG - Store 580: 770 sequences built.
2026-09-06 16:25:12 - 03_salesfc_deep_learning - DEBUG - Store 581: 765 sequences built.
2026-09-06 16:25:12 - 03_salesfc_deep_learning - DEBUG - Store 582: 768 sequences built.
2026-09-06 16:25:12 - 03_salesfc_deep_learning - DEBUG - Store 583: 766 sequences built.
2026-09-06 16:25:12 - 03_salesfc_deep_learning - DEBUG - Store 584: 767 sequences built.
2026-09-06 16:25:12 - 03_salesfc_deep_learning - DEBUG - Store 585: 770 sequences built.
2026-09-06 16:25:12 - 03_salesfc_deep_learning - DEBUG - Store 586: 762 sequences built.
2026-09-06 16:25:12 - 03_salesfc_deep_learning - DEBUG - Store 587: 609 sequences built.
2026-09-06 16:25:12 - 03_salesfc_deep_learning - DEBUG - Store 588: 770 sequences built.
2026-09-06 16:25:12 - 03_salesfc_deep_learning - DEBUG - Store 589: 743 sequences built.
2026-09-06 16:25:12 - 03_salesfc_deep_learning - DEBUG - Store 590: 763 sequences built.
2026-09-06 16:25:12 - 03_salesfc_deep_learning - DEBUG - Store 591: 763 sequences built.
2026-09-06 16:25:12 - 03_salesfc_deep_learning - DEBUG - Store 592: 765 sequences built.
2026-09-06 16:25:12 - 03_salesfc_deep_learning - DEBUG - Store 593: 770 sequences built.
2026-09-06 16:25:12 - 03_salesfc_deep_learning - DEBUG - Store 594: 770 sequences built.
2026-09-06 16:25:12 - 03_salesfc_deep_learning - DEBUG - Store 595: 770 sequences built.
2026-09-06 16:25:12 - 03_salesfc_deep_learning - DEBUG - Store 596: 770 sequences built.
2026-09-06 16:25:12 - 03_salesfc_deep_learning - DEBUG - Store 597: 765 sequences built.
2026-09-06 16:25:12 - 03_salesfc_deep_learning - DEBUG - Store 598: 608 sequences built.
2026-09-06 16:25:12 - 03_salesfc_deep_learning - DEBUG - Store 599: 770 sequences built.
2026-09-06 16:25:12 - 03_salesfc_deep_learning - DEBUG - Store 600: 770 sequences built.
2026-09-06 16:25:12 - 03_salesfc_deep_learning - DEBUG - Store 601: 767 sequences built.
2026-09-06 16:25:12 - 03_salesfc_deep_learning - DEBUG - Store 602: 767 sequences built.
2026-09-06 16:25:12 - 03_salesfc_deep_learning - DEBUG - Store 603: 750 sequences built.
2026-09-06 16:25:12 - 03_salesfc_deep_learning - DEBUG - Store 604: 608 sequences built.
2026-09-06 16:25:12 - 03_salesfc_deep_learning - DEBUG - Store 605: 764 sequences built.
2026-09-06 16:25:12 - 03_salesfc_deep_learning - DEBUG - Store 606: 770 sequences built.
2026-09-06 16:25:12 - 03_salesfc_deep_learning - DEBUG - Store 607: 768 sequences built.
2026-09-06 16:25:12 - 03_salesfc_deep_learning - DEBUG - Store 608: 766 sequences built.
2026-09-06 16:25:12 - 03_salesfc_deep_learning - DEBUG - Store 609: 770 sequences built.
2026-09-06 16:25:12 - 03_salesfc_deep_learning - DEBUG - Store 610: 765 sequences built.
2026-09-06 16:25:12 - 03_salesfc_deep_learning - DEBUG - Store 611: 608 sequences built.
2026-09-06 16:25:12 - 03_salesfc_deep_learning - DEBUG - Store 612: 609 sequences built.
2026-09-06 16:25:12 - 03_salesfc_deep_learning - DEBUG - Store 613: 768 sequences built.
2026-09-06 16:25:12 - 03_salesfc_deep_learning - DEBUG - Store 614: 766 sequences built.
2026-09-06 16:25:12 - 03_salesfc_deep_learning - DEBUG - Store 615: 767 sequences built.
2026-09-06 16:25:12 - 03_salesfc_deep_learning - DEBUG - Store 616: 765 sequences built.
2026-09-06 16:25:12 - 03_salesfc_deep_learning - DEBUG - Store 617: 766 sequences built.
2026-09-06 16:25:12 - 03_salesfc_deep_learning - DEBUG - Store 618: 767 sequences built.
2026-09-06 16:25:12 - 03_salesfc_deep_learning - DEBUG - Store 619: 608 sequences built.
2026-09-06 16:25:12 - 03_salesfc_deep_learning - DEBUG - Store 620: 608 sequences built.
2026-09-06 16:25:12 - 03_salesfc_deep_learning - DEBUG - Store 621: 765 sequences built.
2026-09-06 16:25:12 - 03_salesfc_deep_learning - DEBUG - Store 622: 770 sequences built.
2026-09-06 16:25:12 - 03_salesfc_deep_learning - DEBUG - Store 623: 754 sequences built.
2026-09-06 16:25:12 - 03_salesfc_deep_learning - DEBUG - Store 624: 765 sequences built.
2026-09-06 16:25:12 - 03_salesfc_deep_learning - DEBUG - Store 625: 765 sequences built.
2026-09-06 16:25:12 - 03_salesfc_deep_learning - DEBUG - Store 626: 766 sequences built.
2026-09-06 16:25:12 - 03_salesfc_deep_learning - DEBUG - Store 627: 767 sequences built.
2026-09-06 16:25:12 - 03_salesfc_deep_learning - DEBUG - Store 628: 770 sequences built.
2026-09-06 16:25:12 - 03_salesfc_deep_learning - DEBUG - Store 629: 608 sequences built.
2026-09-06 16:25:12 - 03_salesfc_deep_learning - DEBUG - Store 630: 765 sequences built.
2026-09-06 16:25:12 - 03_salesfc_deep_learning - DEBUG - Store 631: 770 sequences built.
2026-09-06 16:25:12 - 03_salesfc_deep_learning - DEBUG - Store 632: 770 sequences built.
2026-09-06 16:25:12 - 03_salesfc_deep_learning - DEBUG - Store 633: 608 sequences built.
2026-09-06 16:25:12 - 03_salesfc_deep_learning - DEBUG - Store 634: 766 sequences built.
2026-09-06 16:25:12 - 03_salesfc_deep_learning - DEBUG - Store 635: 766 sequences built.
2026-09-06 16:25:12 - 03_salesfc_deep_learning - DEBUG - Store 636: 609 sequences built.
2026-09-06 16:25:12 - 03_salesfc_deep_learning - DEBUG - Store 637: 608 sequences built.
2026-09-06 16:25:12 - 03_salesfc_deep_learning - DEBUG - Store 638: 604 sequences built.
2026-09-06 16:25:12 - 03_salesfc_deep_learning - DEBUG - Store 639: 765 sequences built.
2026-09-06 16:25:12 - 03_salesfc_deep_learning - DEBUG - Store 640: 765 sequences built.
2026-09-06 16:25:12 - 03_salesfc_deep_learning - DEBUG - Store 641: 765 sequences built.
2026-09-06 16:25:12 - 03_salesfc_deep_learning - DEBUG - Store 642: 765 sequences built.
2026-09-06 16:25:12 - 03_salesfc_deep_learning - DEBUG - Store 643: 770 sequences built.
2026-09-06 16:25:12 - 03_salesfc_deep_learning - DEBUG - Store 644: 578 sequences built.
2026-09-06 16:25:12 - 03_salesfc_deep_learning - DEBUG - Store 645: 763 sequences built.
2026-09-06 16:25:12 - 03_salesfc_deep_learning - DEBUG - Store 646: 608 sequences built.
2026-09-06 16:25:12 - 03_salesfc_deep_learning - DEBUG - Store 647: 770 sequences built.
2026-09-06 16:25:12 - 03_salesfc_deep_learning - DEBUG - Store 648: 770 sequences built.
2026-09-06 16:25:12 - 03_salesfc_deep_learning - DEBUG - Store 649: 766 sequences built.
2026-09-06 16:25:13 - 03_salesfc_deep_learning - DEBUG - Store 650: 608 sequences built.
2026-09-06 16:25:13 - 03_salesfc_deep_learning - DEBUG - Store 651: 765 sequences built.
2026-09-06 16:25:13 - 03_salesfc_deep_learning - DEBUG - Store 652: 768 sequences built.
2026-09-06 16:25:13 - 03_salesfc_deep_learning - DEBUG - Store 653: 765 sequences built.
2026-09-06 16:25:13 - 03_salesfc_deep_learning - DEBUG - Store 654: 766 sequences built.
2026-09-06 16:25:13 - 03_salesfc_deep_learning - DEBUG - Store 655: 765 sequences built.
2026-09-06 16:25:13 - 03_salesfc_deep_learning - DEBUG - Store 656: 767 sequences built.
2026-09-06 16:25:13 - 03_salesfc_deep_learning - DEBUG - Store 657: 762 sequences built.
2026-09-06 16:25:13 - 03_salesfc_deep_learning - DEBUG - Store 658: 765 sequences built.
2026-09-06 16:25:13 - 03_salesfc_deep_learning - DEBUG - Store 659: 767 sequences built.
2026-09-06 16:25:13 - 03_salesfc_deep_learning - DEBUG - Store 660: 608 sequences built.
2026-09-06 16:25:13 - 03_salesfc_deep_learning - DEBUG - Store 661: 755 sequences built.
2026-09-06 16:25:13 - 03_salesfc_deep_learning - DEBUG - Store 662: 770 sequences built.
2026-09-06 16:25:13 - 03_salesfc_deep_learning - DEBUG - Store 663: 743 sequences built.
2026-09-06 16:25:13 - 03_salesfc_deep_learning - DEBUG - Store 664: 766 sequences built.
2026-09-06 16:25:13 - 03_salesfc_deep_learning - DEBUG - Store 665: 761 sequences built.
2026-09-06 16:25:13 - 03_salesfc_deep_learning - DEBUG - Store 666: 763 sequences built.
2026-09-06 16:25:13 - 03_salesfc_deep_learning - DEBUG - Store 667: 769 sequences built.
2026-09-06 16:25:13 - 03_salesfc_deep_learning - DEBUG - Store 668: 770 sequences built.
2026-09-06 16:25:13 - 03_salesfc_deep_learning - DEBUG - Store 669: 608 sequences built.
2026-09-06 16:25:13 - 03_salesfc_deep_learning - DEBUG - Store 670: 607 sequences built.
2026-09-06 16:25:13 - 03_salesfc_deep_learning - DEBUG - Store 671: 608 sequences built.
2026-09-06 16:25:13 - 03_salesfc_deep_learning - DEBUG - Store 672: 766 sequences built.
2026-09-06 16:25:13 - 03_salesfc_deep_learning - DEBUG - Store 673: 763 sequences built.
2026-09-06 16:25:13 - 03_salesfc_deep_learning - DEBUG - Store 674: 732 sequences built.
2026-09-06 16:25:13 - 03_salesfc_deep_learning - DEBUG - Store 675: 767 sequences built.
2026-09-06 16:25:13 - 03_salesfc_deep_learning - DEBUG - Store 676: 904 sequences built.
2026-09-06 16:25:13 - 03_salesfc_deep_learning - DEBUG - Store 677: 608 sequences built.
2026-09-06 16:25:13 - 03_salesfc_deep_learning - DEBUG - Store 678: 765 sequences built.
2026-09-06 16:25:13 - 03_salesfc_deep_learning - DEBUG - Store 679: 770 sequences built.
2026-09-06 16:25:13 - 03_salesfc_deep_learning - DEBUG - Store 680: 770 sequences built.
2026-09-06 16:25:13 - 03_salesfc_deep_learning - DEBUG - Store 681: 753 sequences built.
2026-09-06 16:25:13 - 03_salesfc_deep_learning - DEBUG - Store 682: 928 sequences built.
2026-09-06 16:25:13 - 03_salesfc_deep_learning - DEBUG - Store 683: 770 sequences built.
2026-09-06 16:25:13 - 03_salesfc_deep_learning - DEBUG - Store 684: 608 sequences built.
2026-09-06 16:25:13 - 03_salesfc_deep_learning - DEBUG - Store 685: 765 sequences built.
2026-09-06 16:25:13 - 03_salesfc_deep_learning - DEBUG - Store 686: 766 sequences built.
2026-09-06 16:25:13 - 03_salesfc_deep_learning - DEBUG - Store 687: 765 sequences built.
2026-09-06 16:25:13 - 03_salesfc_deep_learning - DEBUG - Store 688: 766 sequences built.
2026-09-06 16:25:13 - 03_salesfc_deep_learning - DEBUG - Store 689: 767 sequences built.
2026-09-06 16:25:13 - 03_salesfc_deep_learning - DEBUG - Store 690: 765 sequences built.
2026-09-06 16:25:13 - 03_salesfc_deep_learning - DEBUG - Store 691: 765 sequences built.
2026-09-06 16:25:13 - 03_salesfc_deep_learning - DEBUG - Store 692: 765 sequences built.
2026-09-06 16:25:13 - 03_salesfc_deep_learning - DEBUG - Store 693: 767 sequences built.
2026-09-06 16:25:13 - 03_salesfc_deep_learning - DEBUG - Store 694: 608 sequences built.
2026-09-06 16:25:13 - 03_salesfc_deep_learning - DEBUG - Store 695: 765 sequences built.
2026-09-06 16:25:13 - 03_salesfc_deep_learning - DEBUG - Store 696: 770 sequences built.
2026-09-06 16:25:13 - 03_salesfc_deep_learning - DEBUG - Store 697: 765 sequences built.
2026-09-06 16:25:13 - 03_salesfc_deep_learning - DEBUG - Store 698: 770 sequences built.
2026-09-06 16:25:13 - 03_salesfc_deep_learning - DEBUG - Store 699: 752 sequences built.
2026-09-06 16:25:13 - 03_salesfc_deep_learning - DEBUG - Store 700: 743 sequences built.
2026-09-06 16:25:13 - 03_salesfc_deep_learning - DEBUG - Store 701: 608 sequences built.
2026-09-06 16:25:13 - 03_salesfc_deep_learning - DEBUG - Store 702: 608 sequences built.
2026-09-06 16:25:13 - 03_salesfc_deep_learning - DEBUG - Store 703: 765 sequences built.
2026-09-06 16:25:13 - 03_salesfc_deep_learning - DEBUG - Store 704: 769 sequences built.
2026-09-06 16:25:13 - 03_salesfc_deep_learning - DEBUG - Store 705: 765 sequences built.
2026-09-06 16:25:13 - 03_salesfc_deep_learning - DEBUG - Store 706: 608 sequences built.
2026-09-06 16:25:13 - 03_salesfc_deep_learning - DEBUG - Store 707: 765 sequences built.
2026-09-06 16:25:13 - 03_salesfc_deep_learning - DEBUG - Store 708: 674 sequences built.
2026-09-06 16:25:13 - 03_salesfc_deep_learning - DEBUG - Store 709: 770 sequences built.
2026-09-06 16:25:13 - 03_salesfc_deep_learning - DEBUG - Store 710: 608 sequences built.
2026-09-06 16:25:13 - 03_salesfc_deep_learning - DEBUG - Store 711: 609 sequences built.
2026-09-06 16:25:13 - 03_salesfc_deep_learning - DEBUG - Store 712: 608 sequences built.
2026-09-06 16:25:13 - 03_salesfc_deep_learning - DEBUG - Store 713: 765 sequences built.
2026-09-06 16:25:13 - 03_salesfc_deep_learning - DEBUG - Store 714: 763 sequences built.
2026-09-06 16:25:13 - 03_salesfc_deep_learning - DEBUG - Store 715: 762 sequences built.
2026-09-06 16:25:13 - 03_salesfc_deep_learning - DEBUG - Store 716: 608 sequences built.
2026-09-06 16:25:13 - 03_salesfc_deep_learning - DEBUG - Store 717: 765 sequences built.
2026-09-06 16:25:13 - 03_salesfc_deep_learning - DEBUG - Store 718: 767 sequences built.
2026-09-06 16:25:13 - 03_salesfc_deep_learning - DEBUG - Store 719: 608 sequences built.
2026-09-06 16:25:13 - 03_salesfc_deep_learning - DEBUG - Store 720: 770 sequences built.
2026-09-06 16:25:13 - 03_salesfc_deep_learning - DEBUG - Store 721: 770 sequences built.
2026-09-06 16:25:13 - 03_salesfc_deep_learning - DEBUG - Store 722: 770 sequences built.
2026-09-06 16:25:13 - 03_salesfc_deep_learning - DEBUG - Store 723: 767 sequences built.
2026-09-06 16:25:13 - 03_salesfc_deep_learning - DEBUG - Store 724: 765 sequences built.
2026-09-06 16:25:13 - 03_salesfc_deep_learning - DEBUG - Store 725: 770 sequences built.
2026-09-06 16:25:13 - 03_salesfc_deep_learning - DEBUG - Store 726: 766 sequences built.
2026-09-06 16:25:13 - 03_salesfc_deep_learning - DEBUG - Store 727: 767 sequences built.
2026-09-06 16:25:13 - 03_salesfc_deep_learning - DEBUG - Store 728: 763 sequences built.
2026-09-06 16:25:13 - 03_salesfc_deep_learning - DEBUG - Store 729: 765 sequences built.
2026-09-06 16:25:13 - 03_salesfc_deep_learning - DEBUG - Store 730: 770 sequences built.
2026-09-06 16:25:13 - 03_salesfc_deep_learning - DEBUG - Store 731: 762 sequences built.
2026-09-06 16:25:13 - 03_salesfc_deep_learning - DEBUG - Store 732: 869 sequences built.
2026-09-06 16:25:13 - 03_salesfc_deep_learning - DEBUG - Store 733: 928 sequences built.
2026-09-06 16:25:13 - 03_salesfc_deep_learning - DEBUG - Store 734: 765 sequences built.
2026-09-06 16:25:13 - 03_salesfc_deep_learning - DEBUG - Store 735: 766 sequences built.
2026-09-06 16:25:13 - 03_salesfc_deep_learning - DEBUG - Store 736: 608 sequences built.
2026-09-06 16:25:13 - 03_salesfc_deep_learning - DEBUG - Store 737: 765 sequences built.
2026-09-06 16:25:13 - 03_salesfc_deep_learning - DEBUG - Store 738: 765 sequences built.
2026-09-06 16:25:13 - 03_salesfc_deep_learning - DEBUG - Store 739: 608 sequences built.
2026-09-06 16:25:13 - 03_salesfc_deep_learning - DEBUG - Store 740: 767 sequences built.
2026-09-06 16:25:13 - 03_salesfc_deep_learning - DEBUG - Store 741: 770 sequences built.
2026-09-06 16:25:13 - 03_salesfc_deep_learning - DEBUG - Store 742: 765 sequences built.
2026-09-06 16:25:13 - 03_salesfc_deep_learning - DEBUG - Store 743: 766 sequences built.
2026-09-06 16:25:13 - 03_salesfc_deep_learning - DEBUG - Store 744: 591 sequences built.
2026-09-06 16:25:13 - 03_salesfc_deep_learning - DEBUG - Store 745: 766 sequences built.
2026-09-06 16:25:13 - 03_salesfc_deep_learning - DEBUG - Store 746: 767 sequences built.
2026-09-06 16:25:13 - 03_salesfc_deep_learning - DEBUG - Store 747: 766 sequences built.
2026-09-06 16:25:13 - 03_salesfc_deep_learning - DEBUG - Store 748: 765 sequences built.
2026-09-06 16:25:13 - 03_salesfc_deep_learning - DEBUG - Store 749: 765 sequences built.
2026-09-06 16:25:13 - 03_salesfc_deep_learning - DEBUG - Store 750: 608 sequences built.
2026-09-06 16:25:13 - 03_salesfc_deep_learning - DEBUG - Store 751: 765 sequences built.
2026-09-06 16:25:13 - 03_salesfc_deep_learning - DEBUG - Store 752: 765 sequences built.
2026-09-06 16:25:13 - 03_salesfc_deep_learning - DEBUG - Store 753: 765 sequences built.
2026-09-06 16:25:13 - 03_salesfc_deep_learning - DEBUG - Store 754: 768 sequences built.
2026-09-06 16:25:13 - 03_salesfc_deep_learning - DEBUG - Store 755: 767 sequences built.
2026-09-06 16:25:13 - 03_salesfc_deep_learning - DEBUG - Store 756: 765 sequences built.
2026-09-06 16:25:13 - 03_salesfc_deep_learning - DEBUG - Store 757: 763 sequences built.
2026-09-06 16:25:13 - 03_salesfc_deep_learning - DEBUG - Store 758: 760 sequences built.
2026-09-06 16:25:13 - 03_salesfc_deep_learning - DEBUG - Store 759: 765 sequences built.
2026-09-06 16:25:13 - 03_salesfc_deep_learning - DEBUG - Store 760: 763 sequences built.
2026-09-06 16:25:13 - 03_salesfc_deep_learning - DEBUG - Store 761: 770 sequences built.
2026-09-06 16:25:13 - 03_salesfc_deep_learning - DEBUG - Store 762: 749 sequences built.
2026-09-06 16:25:13 - 03_salesfc_deep_learning - DEBUG - Store 763: 770 sequences built.
2026-09-06 16:25:13 - 03_salesfc_deep_learning - DEBUG - Store 764: 753 sequences built.
2026-09-06 16:25:13 - 03_salesfc_deep_learning - DEBUG - Store 765: 763 sequences built.
2026-09-06 16:25:13 - 03_salesfc_deep_learning - DEBUG - Store 766: 608 sequences built.
2026-09-06 16:25:13 - 03_salesfc_deep_learning - DEBUG - Store 767: 770 sequences built.
2026-09-06 16:25:13 - 03_salesfc_deep_learning - DEBUG - Store 768: 770 sequences built.
2026-09-06 16:25:13 - 03_salesfc_deep_learning - DEBUG - Store 769: 928 sequences built.
2026-09-06 16:25:13 - 03_salesfc_deep_learning - DEBUG - Store 770: 765 sequences built.
2026-09-06 16:25:13 - 03_salesfc_deep_learning - DEBUG - Store 771: 608 sequences built.
2026-09-06 16:25:13 - 03_salesfc_deep_learning - DEBUG - Store 772: 769 sequences built.
2026-09-06 16:25:13 - 03_salesfc_deep_learning - DEBUG - Store 773: 767 sequences built.
2026-09-06 16:25:13 - 03_salesfc_deep_learning - DEBUG - Store 774: 770 sequences built.
2026-09-06 16:25:13 - 03_salesfc_deep_learning - DEBUG - Store 775: 608 sequences built.
2026-09-06 16:25:13 - 03_salesfc_deep_learning - DEBUG - Store 776: 762 sequences built.
2026-09-06 16:25:13 - 03_salesfc_deep_learning - DEBUG - Store 777: 765 sequences built.
2026-09-06 16:25:13 - 03_salesfc_deep_learning - DEBUG - Store 778: 608 sequences built.
2026-09-06 16:25:13 - 03_salesfc_deep_learning - DEBUG - Store 779: 766 sequences built.
2026-09-06 16:25:13 - 03_salesfc_deep_learning - DEBUG - Store 780: 766 sequences built.
2026-09-06 16:25:13 - 03_salesfc_deep_learning - DEBUG - Store 781: 766 sequences built.
2026-09-06 16:25:13 - 03_salesfc_deep_learning - DEBUG - Store 782: 765 sequences built.
2026-09-06 16:25:13 - 03_salesfc_deep_learning - DEBUG - Store 783: 768 sequences built.
2026-09-06 16:25:13 - 03_salesfc_deep_learning - DEBUG - Store 784: 765 sequences built.
2026-09-06 16:25:13 - 03_salesfc_deep_learning - DEBUG - Store 785: 765 sequences built.
2026-09-06 16:25:13 - 03_salesfc_deep_learning - DEBUG - Store 786: 766 sequences built.
2026-09-06 16:25:13 - 03_salesfc_deep_learning - DEBUG - Store 787: 766 sequences built.
2026-09-06 16:25:13 - 03_salesfc_deep_learning - DEBUG - Store 788: 770 sequences built.
2026-09-06 16:25:13 - 03_salesfc_deep_learning - DEBUG - Store 789: 763 sequences built.
2026-09-06 16:25:13 - 03_salesfc_deep_learning - DEBUG - Store 790: 767 sequences built.
2026-09-06 16:25:13 - 03_salesfc_deep_learning - DEBUG - Store 791: 765 sequences built.
2026-09-06 16:25:13 - 03_salesfc_deep_learning - DEBUG - Store 792: 765 sequences built.
2026-09-06 16:25:13 - 03_salesfc_deep_learning - DEBUG - Store 793: 765 sequences built.
2026-09-06 16:25:13 - 03_salesfc_deep_learning - DEBUG - Store 794: 766 sequences built.
2026-09-06 16:25:13 - 03_salesfc_deep_learning - DEBUG - Store 795: 765 sequences built.
2026-09-06 16:25:13 - 03_salesfc_deep_learning - DEBUG - Store 796: 765 sequences built.
2026-09-06 16:25:13 - 03_salesfc_deep_learning - DEBUG - Store 797: 608 sequences built.
2026-09-06 16:25:13 - 03_salesfc_deep_learning - DEBUG - Store 798: 766 sequences built.
2026-09-06 16:25:13 - 03_salesfc_deep_learning - DEBUG - Store 799: 765 sequences built.
2026-09-06 16:25:13 - 03_salesfc_deep_learning - DEBUG - Store 800: 765 sequences built.
2026-09-06 16:25:13 - 03_salesfc_deep_learning - DEBUG - Store 801: 770 sequences built.
2026-09-06 16:25:13 - 03_salesfc_deep_learning - DEBUG - Store 802: 770 sequences built.
2026-09-06 16:25:13 - 03_salesfc_deep_learning - DEBUG - Store 803: 755 sequences built.
2026-09-06 16:25:13 - 03_salesfc_deep_learning - DEBUG - Store 804: 608 sequences built.
2026-09-06 16:25:13 - 03_salesfc_deep_learning - DEBUG - Store 805: 608 sequences built.
2026-09-06 16:25:13 - 03_salesfc_deep_learning - DEBUG - Store 806: 608 sequences built.
2026-09-06 16:25:13 - 03_salesfc_deep_learning - DEBUG - Store 807: 767 sequences built.
2026-09-06 16:25:13 - 03_salesfc_deep_learning - DEBUG - Store 808: 766 sequences built.
2026-09-06 16:25:13 - 03_salesfc_deep_learning - DEBUG - Store 809: 765 sequences built.
2026-09-06 16:25:13 - 03_salesfc_deep_learning - DEBUG - Store 810: 765 sequences built.
2026-09-06 16:25:13 - 03_salesfc_deep_learning - DEBUG - Store 811: 770 sequences built.
2026-09-06 16:25:13 - 03_salesfc_deep_learning - DEBUG - Store 812: 766 sequences built.
2026-09-06 16:25:13 - 03_salesfc_deep_learning - DEBUG - Store 813: 763 sequences built.
2026-09-06 16:25:13 - 03_salesfc_deep_learning - DEBUG - Store 814: 768 sequences built.
2026-09-06 16:25:13 - 03_salesfc_deep_learning - DEBUG - Store 815: 608 sequences built.
2026-09-06 16:25:13 - 03_salesfc_deep_learning - DEBUG - Store 816: 765 sequences built.
2026-09-06 16:25:13 - 03_salesfc_deep_learning - DEBUG - Store 817: 770 sequences built.
2026-09-06 16:25:13 - 03_salesfc_deep_learning - DEBUG - Store 818: 767 sequences built.
2026-09-06 16:25:13 - 03_salesfc_deep_learning - DEBUG - Store 819: 770 sequences built.
2026-09-06 16:25:13 - 03_salesfc_deep_learning - DEBUG - Store 820: 608 sequences built.
2026-09-06 16:25:13 - 03_salesfc_deep_learning - DEBUG - Store 821: 770 sequences built.
2026-09-06 16:25:13 - 03_salesfc_deep_learning - DEBUG - Store 822: 770 sequences built.
2026-09-06 16:25:13 - 03_salesfc_deep_learning - DEBUG - Store 823: 770 sequences built.
2026-09-06 16:25:13 - 03_salesfc_deep_learning - DEBUG - Store 824: 770 sequences built.
2026-09-06 16:25:13 - 03_salesfc_deep_learning - DEBUG - Store 825: 608 sequences built.
2026-09-06 16:25:13 - 03_salesfc_deep_learning - DEBUG - Store 826: 762 sequences built.
2026-09-06 16:25:13 - 03_salesfc_deep_learning - DEBUG - Store 827: 769 sequences built.
2026-09-06 16:25:13 - 03_salesfc_deep_learning - DEBUG - Store 828: 766 sequences built.
2026-09-06 16:25:13 - 03_salesfc_deep_learning - DEBUG - Store 829: 767 sequences built.
2026-09-06 16:25:13 - 03_salesfc_deep_learning - DEBUG - Store 830: 766 sequences built.
2026-09-06 16:25:13 - 03_salesfc_deep_learning - DEBUG - Store 831: 765 sequences built.
2026-09-06 16:25:13 - 03_salesfc_deep_learning - DEBUG - Store 832: 767 sequences built.
2026-09-06 16:25:13 - 03_salesfc_deep_learning - DEBUG - Store 833: 765 sequences built.
2026-09-06 16:25:13 - 03_salesfc_deep_learning - DEBUG - Store 834: 770 sequences built.
2026-09-06 16:25:13 - 03_salesfc_deep_learning - DEBUG - Store 835: 755 sequences built.
2026-09-06 16:25:13 - 03_salesfc_deep_learning - DEBUG - Store 836: 766 sequences built.
2026-09-06 16:25:13 - 03_salesfc_deep_learning - DEBUG - Store 837: 737 sequences built.
2026-09-06 16:25:13 - 03_salesfc_deep_learning - DEBUG - Store 838: 768 sequences built.
2026-09-06 16:25:13 - 03_salesfc_deep_learning - DEBUG - Store 839: 770 sequences built.
2026-09-06 16:25:13 - 03_salesfc_deep_learning - DEBUG - Store 840: 770 sequences built.
2026-09-06 16:25:13 - 03_salesfc_deep_learning - DEBUG - Store 841: 766 sequences built.
2026-09-06 16:25:13 - 03_salesfc_deep_learning - DEBUG - Store 842: 608 sequences built.
2026-09-06 16:25:13 - 03_salesfc_deep_learning - DEBUG - Store 843: 770 sequences built.
2026-09-06 16:25:13 - 03_salesfc_deep_learning - DEBUG - Store 844: 765 sequences built.
2026-09-06 16:25:13 - 03_salesfc_deep_learning - DEBUG - Store 845: 762 sequences built.
2026-09-06 16:25:13 - 03_salesfc_deep_learning - DEBUG - Store 846: 765 sequences built.
2026-09-06 16:25:13 - 03_salesfc_deep_learning - DEBUG - Store 847: 762 sequences built.
2026-09-06 16:25:13 - 03_salesfc_deep_learning - DEBUG - Store 848: 749 sequences built.
2026-09-06 16:25:13 - 03_salesfc_deep_learning - DEBUG - Store 849: 770 sequences built.
2026-09-06 16:25:13 - 03_salesfc_deep_learning - DEBUG - Store 850: 759 sequences built.
2026-09-06 16:25:13 - 03_salesfc_deep_learning - DEBUG - Store 851: 608 sequences built.
2026-09-06 16:25:13 - 03_salesfc_deep_learning - DEBUG - Store 852: 767 sequences built.
2026-09-06 16:25:13 - 03_salesfc_deep_learning - DEBUG - Store 853: 763 sequences built.
2026-09-06 16:25:13 - 03_salesfc_deep_learning - DEBUG - Store 854: 766 sequences built.
2026-09-06 16:25:13 - 03_salesfc_deep_learning - DEBUG - Store 855: 763 sequences built.
2026-09-06 16:25:14 - 03_salesfc_deep_learning - DEBUG - Store 856: 770 sequences built.
2026-09-06 16:25:14 - 03_salesfc_deep_learning - DEBUG - Store 857: 767 sequences built.
2026-09-06 16:25:14 - 03_salesfc_deep_learning - DEBUG - Store 858: 608 sequences built.
2026-09-06 16:25:14 - 03_salesfc_deep_learning - DEBUG - Store 859: 608 sequences built.
2026-09-06 16:25:14 - 03_salesfc_deep_learning - DEBUG - Store 860: 768 sequences built.
2026-09-06 16:25:14 - 03_salesfc_deep_learning - DEBUG - Store 861: 750 sequences built.
2026-09-06 16:25:14 - 03_salesfc_deep_learning - DEBUG - Store 862: 770 sequences built.
2026-09-06 16:25:14 - 03_salesfc_deep_learning - DEBUG - Store 863: 873 sequences built.
2026-09-06 16:25:14 - 03_salesfc_deep_learning - DEBUG - Store 864: 763 sequences built.
2026-09-06 16:25:14 - 03_salesfc_deep_learning - DEBUG - Store 865: 765 sequences built.
2026-09-06 16:25:14 - 03_salesfc_deep_learning - DEBUG - Store 866: 767 sequences built.
2026-09-06 16:25:14 - 03_salesfc_deep_learning - DEBUG - Store 867: 866 sequences built.
2026-09-06 16:25:14 - 03_salesfc_deep_learning - DEBUG - Store 868: 767 sequences built.
2026-09-06 16:25:14 - 03_salesfc_deep_learning - DEBUG - Store 869: 766 sequences built.
2026-09-06 16:25:14 - 03_salesfc_deep_learning - DEBUG - Store 870: 758 sequences built.
2026-09-06 16:25:14 - 03_salesfc_deep_learning - DEBUG - Store 871: 767 sequences built.
2026-09-06 16:25:14 - 03_salesfc_deep_learning - DEBUG - Store 872: 765 sequences built.
2026-09-06 16:25:14 - 03_salesfc_deep_learning - DEBUG - Store 873: 766 sequences built.
2026-09-06 16:25:14 - 03_salesfc_deep_learning - DEBUG - Store 874: 770 sequences built.
2026-09-06 16:25:14 - 03_salesfc_deep_learning - DEBUG - Store 875: 765 sequences built.
2026-09-06 16:25:14 - 03_salesfc_deep_learning - DEBUG - Store 876: 752 sequences built.
2026-09-06 16:25:14 - 03_salesfc_deep_learning - DEBUG - Store 877: 792 sequences built.
2026-09-06 16:25:14 - 03_salesfc_deep_learning - DEBUG - Store 878: 766 sequences built.
2026-09-06 16:25:14 - 03_salesfc_deep_learning - DEBUG - Store 879: 608 sequences built.
2026-09-06 16:25:14 - 03_salesfc_deep_learning - DEBUG - Store 880: 763 sequences built.
2026-09-06 16:25:14 - 03_salesfc_deep_learning - DEBUG - Store 881: 765 sequences built.
2026-09-06 16:25:14 - 03_salesfc_deep_learning - DEBUG - Store 882: 755 sequences built.
2026-09-06 16:25:14 - 03_salesfc_deep_learning - DEBUG - Store 883: 765 sequences built.
2026-09-06 16:25:14 - 03_salesfc_deep_learning - DEBUG - Store 884: 608 sequences built.
2026-09-06 16:25:14 - 03_salesfc_deep_learning - DEBUG - Store 885: 762 sequences built.
2026-09-06 16:25:14 - 03_salesfc_deep_learning - DEBUG - Store 886: 765 sequences built.
2026-09-06 16:25:14 - 03_salesfc_deep_learning - DEBUG - Store 887: 758 sequences built.
2026-09-06 16:25:14 - 03_salesfc_deep_learning - DEBUG - Store 888: 770 sequences built.
2026-09-06 16:25:14 - 03_salesfc_deep_learning - DEBUG - Store 889: 766 sequences built.
2026-09-06 16:25:14 - 03_salesfc_deep_learning - DEBUG - Store 890: 608 sequences built.
2026-09-06 16:25:14 - 03_salesfc_deep_learning - DEBUG - Store 891: 762 sequences built.
2026-09-06 16:25:14 - 03_salesfc_deep_learning - DEBUG - Store 892: 766 sequences built.
2026-09-06 16:25:14 - 03_salesfc_deep_learning - DEBUG - Store 893: 608 sequences built.
2026-09-06 16:25:14 - 03_salesfc_deep_learning - DEBUG - Store 894: 757 sequences built.
2026-09-06 16:25:14 - 03_salesfc_deep_learning - DEBUG - Store 895: 763 sequences built.
2026-09-06 16:25:14 - 03_salesfc_deep_learning - DEBUG - Store 896: 770 sequences built.
2026-09-06 16:25:14 - 03_salesfc_deep_learning - DEBUG - Store 897: 764 sequences built.
2026-09-06 16:25:14 - 03_salesfc_deep_learning - DEBUG - Store 898: 768 sequences built.
2026-09-06 16:25:14 - 03_salesfc_deep_learning - DEBUG - Store 899: 766 sequences built.
2026-09-06 16:25:14 - 03_salesfc_deep_learning - DEBUG - Store 900: 608 sequences built.
2026-09-06 16:25:14 - 03_salesfc_deep_learning - DEBUG - Store 901: 770 sequences built.
2026-09-06 16:25:14 - 03_salesfc_deep_learning - DEBUG - Store 902: 608 sequences built.
2026-09-06 16:25:14 - 03_salesfc_deep_learning - DEBUG - Store 903: 608 sequences built.
2026-09-06 16:25:14 - 03_salesfc_deep_learning - DEBUG - Store 904: 608 sequences built.
2026-09-06 16:25:14 - 03_salesfc_deep_learning - DEBUG - Store 905: 765 sequences built.
2026-09-06 16:25:14 - 03_salesfc_deep_learning - DEBUG - Store 906: 767 sequences built.
2026-09-06 16:25:14 - 03_salesfc_deep_learning - DEBUG - Store 907: 765 sequences built.
2026-09-06 16:25:14 - 03_salesfc_deep_learning - DEBUG - Store 908: 767 sequences built.
2026-09-06 16:25:14 - 03_salesfc_deep_learning - DEBUG - Store 909: 593 sequences built.
2026-09-06 16:25:14 - 03_salesfc_deep_learning - DEBUG - Store 910: 766 sequences built.
2026-09-06 16:25:14 - 03_salesfc_deep_learning - DEBUG - Store 911: 770 sequences built.
2026-09-06 16:25:14 - 03_salesfc_deep_learning - DEBUG - Store 912: 770 sequences built.
2026-09-06 16:25:14 - 03_salesfc_deep_learning - DEBUG - Store 913: 762 sequences built.
2026-09-06 16:25:14 - 03_salesfc_deep_learning - DEBUG - Store 914: 770 sequences built.
2026-09-06 16:25:14 - 03_salesfc_deep_learning - DEBUG - Store 915: 608 sequences built.
2026-09-06 16:25:14 - 03_salesfc_deep_learning - DEBUG - Store 916: 762 sequences built.
2026-09-06 16:25:14 - 03_salesfc_deep_learning - DEBUG - Store 917: 765 sequences built.
2026-09-06 16:25:14 - 03_salesfc_deep_learning - DEBUG - Store 918: 766 sequences built.
2026-09-06 16:25:14 - 03_salesfc_deep_learning - DEBUG - Store 919: 607 sequences built.
2026-09-06 16:25:14 - 03_salesfc_deep_learning - DEBUG - Store 920: 608 sequences built.
2026-09-06 16:25:14 - 03_salesfc_deep_learning - DEBUG - Store 921: 766 sequences built.
2026-09-06 16:25:14 - 03_salesfc_deep_learning - DEBUG - Store 922: 761 sequences built.
2026-09-06 16:25:14 - 03_salesfc_deep_learning - DEBUG - Store 923: 770 sequences built.
2026-09-06 16:25:14 - 03_salesfc_deep_learning - DEBUG - Store 924: 765 sequences built.
2026-09-06 16:25:14 - 03_salesfc_deep_learning - DEBUG - Store 925: 755 sequences built.
2026-09-06 16:25:14 - 03_salesfc_deep_learning - DEBUG - Store 926: 765 sequences built.
2026-09-06 16:25:14 - 03_salesfc_deep_learning - DEBUG - Store 927: 758 sequences built.
2026-09-06 16:25:14 - 03_salesfc_deep_learning - DEBUG - Store 928: 765 sequences built.
2026-09-06 16:25:14 - 03_salesfc_deep_learning - DEBUG - Store 929: 770 sequences built.
2026-09-06 16:25:14 - 03_salesfc_deep_learning - DEBUG - Store 930: 765 sequences built.
2026-09-06 16:25:14 - 03_salesfc_deep_learning - DEBUG - Store 931: 861 sequences built.
2026-09-06 16:25:14 - 03_salesfc_deep_learning - DEBUG - Store 932: 609 sequences built.
2026-09-06 16:25:14 - 03_salesfc_deep_learning - DEBUG - Store 933: 766 sequences built.
2026-09-06 16:25:14 - 03_salesfc_deep_learning - DEBUG - Store 934: 765 sequences built.
2026-09-06 16:25:14 - 03_salesfc_deep_learning - DEBUG - Store 935: 770 sequences built.
2026-09-06 16:25:14 - 03_salesfc_deep_learning - DEBUG - Store 936: 765 sequences built.
2026-09-06 16:25:14 - 03_salesfc_deep_learning - DEBUG - Store 937: 767 sequences built.
2026-09-06 16:25:14 - 03_salesfc_deep_learning - DEBUG - Store 938: 770 sequences built.
2026-09-06 16:25:14 - 03_salesfc_deep_learning - DEBUG - Store 939: 765 sequences built.
2026-09-06 16:25:14 - 03_salesfc_deep_learning - DEBUG - Store 940: 766 sequences built.
2026-09-06 16:25:14 - 03_salesfc_deep_learning - DEBUG - Store 941: 608 sequences built.
2026-09-06 16:25:14 - 03_salesfc_deep_learning - DEBUG - Store 942: 767 sequences built.
2026-09-06 16:25:14 - 03_salesfc_deep_learning - DEBUG - Store 943: 765 sequences built.
2026-09-06 16:25:14 - 03_salesfc_deep_learning - DEBUG - Store 944: 770 sequences built.
2026-09-06 16:25:14 - 03_salesfc_deep_learning - DEBUG - Store 945: 770 sequences built.
2026-09-06 16:25:14 - 03_salesfc_deep_learning - DEBUG - Store 946: 765 sequences built.
2026-09-06 16:25:14 - 03_salesfc_deep_learning - DEBUG - Store 947: 757 sequences built.
2026-09-06 16:25:14 - 03_salesfc_deep_learning - DEBUG - Store 948: 914 sequences built.
2026-09-06 16:25:14 - 03_salesfc_deep_learning - DEBUG - Store 949: 770 sequences built.
2026-09-06 16:25:14 - 03_salesfc_deep_learning - DEBUG - Store 950: 761 sequences built.
2026-09-06 16:25:14 - 03_salesfc_deep_learning - DEBUG - Store 951: 765 sequences built.
2026-09-06 16:25:14 - 03_salesfc_deep_learning - DEBUG - Store 952: 608 sequences built.
2026-09-06 16:25:14 - 03_salesfc_deep_learning - DEBUG - Store 953: 768 sequences built.
2026-09-06 16:25:14 - 03_salesfc_deep_learning - DEBUG - Store 954: 765 sequences built.
2026-09-06 16:25:14 - 03_salesfc_deep_learning - DEBUG - Store 955: 765 sequences built.
2026-09-06 16:25:14 - 03_salesfc_deep_learning - DEBUG - Store 956: 762 sequences built.
2026-09-06 16:25:14 - 03_salesfc_deep_learning - DEBUG - Store 957: 770 sequences built.
2026-09-06 16:25:14 - 03_salesfc_deep_learning - DEBUG - Store 958: 770 sequences built.
2026-09-06 16:25:14 - 03_salesfc_deep_learning - DEBUG - Store 959: 770 sequences built.
2026-09-06 16:25:14 - 03_salesfc_deep_learning - DEBUG - Store 960: 767 sequences built.
2026-09-06 16:25:14 - 03_salesfc_deep_learning - DEBUG - Store 961: 765 sequences built.
2026-09-06 16:25:14 - 03_salesfc_deep_learning - DEBUG - Store 962: 752 sequences built.
2026-09-06 16:25:14 - 03_salesfc_deep_learning - DEBUG - Store 963: 765 sequences built.
2026-09-06 16:25:14 - 03_salesfc_deep_learning - DEBUG - Store 964: 758 sequences built.
2026-09-06 16:25:14 - 03_salesfc_deep_learning - DEBUG - Store 965: 767 sequences built.
2026-09-06 16:25:14 - 03_salesfc_deep_learning - DEBUG - Store 966: 765 sequences built.
2026-09-06 16:25:14 - 03_salesfc_deep_learning - DEBUG - Store 967: 765 sequences built.
2026-09-06 16:25:14 - 03_salesfc_deep_learning - DEBUG - Store 968: 766 sequences built.
2026-09-06 16:25:14 - 03_salesfc_deep_learning - DEBUG - Store 969: 741 sequences built.
2026-09-06 16:25:14 - 03_salesfc_deep_learning - DEBUG - Store 970: 767 sequences built.
2026-09-06 16:25:14 - 03_salesfc_deep_learning - DEBUG - Store 971: 759 sequences built.
2026-09-06 16:25:14 - 03_salesfc_deep_learning - DEBUG - Store 972: 688 sequences built.
2026-09-06 16:25:14 - 03_salesfc_deep_learning - DEBUG - Store 973: 765 sequences built.
2026-09-06 16:25:14 - 03_salesfc_deep_learning - DEBUG - Store 974: 608 sequences built.
2026-09-06 16:25:14 - 03_salesfc_deep_learning - DEBUG - Store 975: 765 sequences built.
2026-09-06 16:25:14 - 03_salesfc_deep_learning - DEBUG - Store 976: 765 sequences built.
2026-09-06 16:25:14 - 03_salesfc_deep_learning - DEBUG - Store 977: 609 sequences built.
2026-09-06 16:25:14 - 03_salesfc_deep_learning - DEBUG - Store 978: 766 sequences built.
2026-09-06 16:25:14 - 03_salesfc_deep_learning - DEBUG - Store 979: 768 sequences built.
2026-09-06 16:25:14 - 03_salesfc_deep_learning - DEBUG - Store 980: 765 sequences built.
2026-09-06 16:25:14 - 03_salesfc_deep_learning - DEBUG - Store 981: 766 sequences built.
2026-09-06 16:25:14 - 03_salesfc_deep_learning - DEBUG - Store 982: 766 sequences built.
2026-09-06 16:25:14 - 03_salesfc_deep_learning - DEBUG - Store 983: 760 sequences built.
2026-09-06 16:25:14 - 03_salesfc_deep_learning - DEBUG - Store 984: 762 sequences built.
2026-09-06 16:25:14 - 03_salesfc_deep_learning - DEBUG - Store 985: 763 sequences built.
2026-09-06 16:25:14 - 03_salesfc_deep_learning - DEBUG - Store 986: 758 sequences built.
2026-09-06 16:25:14 - 03_salesfc_deep_learning - DEBUG - Store 987: 770 sequences built.
2026-09-06 16:25:14 - 03_salesfc_deep_learning - DEBUG - Store 988: 770 sequences built.
2026-09-06 16:25:14 - 03_salesfc_deep_learning - DEBUG - Store 989: 608 sequences built.
2026-09-06 16:25:14 - 03_salesfc_deep_learning - DEBUG - Store 990: 766 sequences built.
2026-09-06 16:25:14 - 03_salesfc_deep_learning - DEBUG - Store 991: 765 sequences built.
2026-09-06 16:25:14 - 03_salesfc_deep_learning - DEBUG - Store 992: 765 sequences built.
2026-09-06 16:25:14 - 03_salesfc_deep_learning - DEBUG - Store 993: 766 sequences built.
2026-09-06 16:25:14 - 03_salesfc_deep_learning - DEBUG - Store 994: 765 sequences built.
2026-09-06 16:25:14 - 03_salesfc_deep_learning - DEBUG - Store 995: 766 sequences built.
2026-09-06 16:25:14 - 03_salesfc_deep_learning - DEBUG - Store 996: 753 sequences built.
2026-09-06 16:25:14 - 03_salesfc_deep_learning - DEBUG - Store 997: 767 sequences built.
2026-09-06 16:25:14 - 03_salesfc_deep_learning - DEBUG - Store 998: 763 sequences built.
2026-09-06 16:25:14 - 03_salesfc_deep_learning - DEBUG - Store 999: 766 sequences built.
2026-09-06 16:25:14 - 03_salesfc_deep_learning - DEBUG - Store 1000: 608 sequences built.
2026-09-06 16:25:14 - 03_salesfc_deep_learning - DEBUG - Store 1001: 768 sequences built.
2026-09-06 16:25:14 - 03_salesfc_deep_learning - DEBUG - Store 1002: 770 sequences built.
2026-09-06 16:25:14 - 03_salesfc_deep_learning - DEBUG - Store 1003: 765 sequences built.
2026-09-06 16:25:14 - 03_salesfc_deep_learning - DEBUG - Store 1004: 608 sequences built.
2026-09-06 16:25:14 - 03_salesfc_deep_learning - DEBUG - Store 1005: 765 sequences built.
2026-09-06 16:25:14 - 03_salesfc_deep_learning - DEBUG - Store 1006: 766 sequences built.
2026-09-06 16:25:14 - 03_salesfc_deep_learning - DEBUG - Store 1007: 770 sequences built.
2026-09-06 16:25:14 - 03_salesfc_deep_learning - DEBUG - Store 1008: 770 sequences built.
2026-09-06 16:25:14 - 03_salesfc_deep_learning - DEBUG - Store 1009: 608 sequences built.
2026-09-06 16:25:14 - 03_salesfc_deep_learning - DEBUG - Store 1010: 770 sequences built.
2026-09-06 16:25:14 - 03_salesfc_deep_learning - DEBUG - Store 1011: 765 sequences built.
2026-09-06 16:25:14 - 03_salesfc_deep_learning - DEBUG - Store 1012: 608 sequences built.
2026-09-06 16:25:14 - 03_salesfc_deep_learning - DEBUG - Store 1013: 765 sequences built.
2026-09-06 16:25:14 - 03_salesfc_deep_learning - DEBUG - Store 1014: 765 sequences built.
2026-09-06 16:25:14 - 03_salesfc_deep_learning - DEBUG - Store 1015: 765 sequences built.
2026-09-06 16:25:14 - 03_salesfc_deep_learning - DEBUG - Store 1016: 765 sequences built.
2026-09-06 16:25:14 - 03_salesfc_deep_learning - DEBUG - Store 1017: 755 sequences built.
2026-09-06 16:25:14 - 03_salesfc_deep_learning - DEBUG - Store 1018: 768 sequences built.
2026-09-06 16:25:14 - 03_salesfc_deep_learning - DEBUG - Store 1019: 609 sequences built.
2026-09-06 16:25:14 - 03_salesfc_deep_learning - DEBUG - Store 1020: 767 sequences built.
2026-09-06 16:25:14 - 03_salesfc_deep_learning - DEBUG - Store 1021: 756 sequences built.
2026-09-06 16:25:14 - 03_salesfc_deep_learning - DEBUG - Store 1022: 765 sequences built.
2026-09-06 16:25:14 - 03_salesfc_deep_learning - DEBUG - Store 1023: 766 sequences built.
2026-09-06 16:25:14 - 03_salesfc_deep_learning - DEBUG - Store 1024: 770 sequences built.
2026-09-06 16:25:14 - 03_salesfc_deep_learning - DEBUG - Store 1025: 762 sequences built.
2026-09-06 16:25:14 - 03_salesfc_deep_learning - DEBUG - Store 1026: 765 sequences built.
2026-09-06 16:25:14 - 03_salesfc_deep_learning - DEBUG - Store 1027: 609 sequences built.
2026-09-06 16:25:14 - 03_salesfc_deep_learning - DEBUG - Store 1028: 765 sequences built.
2026-09-06 16:25:14 - 03_salesfc_deep_learning - DEBUG - Store 1029: 766 sequences built.
2026-09-06 16:25:14 - 03_salesfc_deep_learning - DEBUG - Store 1030: 766 sequences built.
2026-09-06 16:25:14 - 03_salesfc_deep_learning - DEBUG - Store 1031: 765 sequences built.
2026-09-06 16:25:14 - 03_salesfc_deep_learning - DEBUG - Store 1032: 766 sequences built.
2026-09-06 16:25:14 - 03_salesfc_deep_learning - DEBUG - Store 1033: 770 sequences built.
2026-09-06 16:25:14 - 03_salesfc_deep_learning - DEBUG - Store 1034: 766 sequences built.
2026-09-06 16:25:14 - 03_salesfc_deep_learning - DEBUG - Store 1035: 766 sequences built.
2026-09-06 16:25:14 - 03_salesfc_deep_learning - DEBUG - Store 1036: 765 sequences built.
2026-09-06 16:25:14 - 03_salesfc_deep_learning - DEBUG - Store 1037: 766 sequences built.
2026-09-06 16:25:14 - 03_salesfc_deep_learning - DEBUG - Store 1038: 608 sequences built.
2026-09-06 16:25:14 - 03_salesfc_deep_learning - DEBUG - Store 1039: 757 sequences built.
2026-09-06 16:25:14 - 03_salesfc_deep_learning - DEBUG - Store 1040: 765 sequences built.
2026-09-06 16:25:14 - 03_salesfc_deep_learning - DEBUG - Store 1041: 608 sequences built.
2026-09-06 16:25:14 - 03_salesfc_deep_learning - DEBUG - Store 1042: 765 sequences built.
2026-09-06 16:25:14 - 03_salesfc_deep_learning - DEBUG - Store 1043: 766 sequences built.
2026-09-06 16:25:14 - 03_salesfc_deep_learning - DEBUG - Store 1044: 763 sequences built.
2026-09-06 16:25:14 - 03_salesfc_deep_learning - DEBUG - Store 1045: 869 sequences built.
2026-09-06 16:25:14 - 03_salesfc_deep_learning - DEBUG - Store 1046: 766 sequences built.
2026-09-06 16:25:14 - 03_salesfc_deep_learning - DEBUG - Store 1047: 762 sequences built.
2026-09-06 16:25:14 - 03_salesfc_deep_learning - DEBUG - Store 1048: 769 sequences built.
2026-09-06 16:25:14 - 03_salesfc_deep_learning - DEBUG - Store 1049: 608 sequences built.
2026-09-06 16:25:14 - 03_salesfc_deep_learning - DEBUG - Store 1050: 767 sequences built.
2026-09-06 16:25:14 - 03_salesfc_deep_learning - DEBUG - Store 1051: 752 sequences built.
2026-09-06 16:25:14 - 03_salesfc_deep_learning - DEBUG - Store 1052: 765 sequences built.
2026-09-06 16:25:14 - 03_salesfc_deep_learning - DEBUG - Store 1053: 770 sequences built.
2026-09-06 16:25:14 - 03_salesfc_deep_learning - DEBUG - Store 1054: 770 sequences built.
2026-09-06 16:25:14 - 03_salesfc_deep_learning - DEBUG - Store 1055: 769 sequences built.
2026-09-06 16:25:14 - 03_salesfc_deep_learning - DEBUG - Store 1056: 609 sequences built.
2026-09-06 16:25:14 - 03_salesfc_deep_learning - DEBUG - Store 1057: 770 sequences built.
2026-09-06 16:25:14 - 03_salesfc_deep_learning - DEBUG - Store 1058: 765 sequences built.
2026-09-06 16:25:15 - 03_salesfc_deep_learning - DEBUG - Store 1059: 770 sequences built.
2026-09-06 16:25:15 - 03_salesfc_deep_learning - DEBUG - Store 1060: 765 sequences built.
2026-09-06 16:25:15 - 03_salesfc_deep_learning - DEBUG - Store 1061: 763 sequences built.
2026-09-06 16:25:15 - 03_salesfc_deep_learning - DEBUG - Store 1062: 765 sequences built.
2026-09-06 16:25:15 - 03_salesfc_deep_learning - DEBUG - Store 1063: 770 sequences built.
2026-09-06 16:25:15 - 03_salesfc_deep_learning - DEBUG - Store 1064: 765 sequences built.
2026-09-06 16:25:15 - 03_salesfc_deep_learning - DEBUG - Store 1065: 608 sequences built.
2026-09-06 16:25:15 - 03_salesfc_deep_learning - DEBUG - Store 1066: 765 sequences built.
2026-09-06 16:25:15 - 03_salesfc_deep_learning - DEBUG - Store 1067: 608 sequences built.
2026-09-06 16:25:15 - 03_salesfc_deep_learning - DEBUG - Store 1068: 763 sequences built.
2026-09-06 16:25:15 - 03_salesfc_deep_learning - DEBUG - Store 1069: 768 sequences built.
2026-09-06 16:25:15 - 03_salesfc_deep_learning - DEBUG - Store 1070: 770 sequences built.
2026-09-06 16:25:15 - 03_salesfc_deep_learning - DEBUG - Store 1071: 770 sequences built.
2026-09-06 16:25:15 - 03_salesfc_deep_learning - DEBUG - Store 1072: 765 sequences built.
2026-09-06 16:25:15 - 03_salesfc_deep_learning - DEBUG - Store 1073: 765 sequences built.
2026-09-06 16:25:15 - 03_salesfc_deep_learning - DEBUG - Store 1074: 766 sequences built.
2026-09-06 16:25:15 - 03_salesfc_deep_learning - DEBUG - Store 1075: 770 sequences built.
2026-09-06 16:25:15 - 03_salesfc_deep_learning - DEBUG - Store 1076: 765 sequences built.
2026-09-06 16:25:15 - 03_salesfc_deep_learning - DEBUG - Store 1077: 765 sequences built.
2026-09-06 16:25:15 - 03_salesfc_deep_learning - DEBUG - Store 1078: 763 sequences built.
2026-09-06 16:25:15 - 03_salesfc_deep_learning - DEBUG - Store 1079: 767 sequences built.
2026-09-06 16:25:15 - 03_salesfc_deep_learning - DEBUG - Store 1080: 608 sequences built.
2026-09-06 16:25:15 - 03_salesfc_deep_learning - DEBUG - Store 1081: 743 sequences built.
2026-09-06 16:25:15 - 03_salesfc_deep_learning - DEBUG - Store 1082: 766 sequences built.
2026-09-06 16:25:15 - 03_salesfc_deep_learning - DEBUG - Store 1083: 767 sequences built.
2026-09-06 16:25:15 - 03_salesfc_deep_learning - DEBUG - Store 1084: 768 sequences built.
2026-09-06 16:25:15 - 03_salesfc_deep_learning - DEBUG - Store 1085: 770 sequences built.
2026-09-06 16:25:15 - 03_salesfc_deep_learning - DEBUG - Store 1086: 767 sequences built.
2026-09-06 16:25:15 - 03_salesfc_deep_learning - DEBUG - Store 1087: 770 sequences built.
2026-09-06 16:25:15 - 03_salesfc_deep_learning - DEBUG - Store 1088: 765 sequences built.
2026-09-06 16:25:15 - 03_salesfc_deep_learning - DEBUG - Store 1089: 765 sequences built.
2026-09-06 16:25:15 - 03_salesfc_deep_learning - DEBUG - Store 1090: 766 sequences built.
2026-09-06 16:25:15 - 03_salesfc_deep_learning - DEBUG - Store 1091: 770 sequences built.
2026-09-06 16:25:15 - 03_salesfc_deep_learning - DEBUG - Store 1092: 608 sequences built.
2026-09-06 16:25:15 - 03_salesfc_deep_learning - DEBUG - Store 1093: 766 sequences built.
2026-09-06 16:25:15 - 03_salesfc_deep_learning - DEBUG - Store 1094: 608 sequences built.
2026-09-06 16:25:15 - 03_salesfc_deep_learning - DEBUG - Store 1095: 768 sequences built.
2026-09-06 16:25:15 - 03_salesfc_deep_learning - DEBUG - Store 1096: 765 sequences built.
2026-09-06 16:25:15 - 03_salesfc_deep_learning - DEBUG - Store 1097: 928 sequences built.
2026-09-06 16:25:15 - 03_salesfc_deep_learning - DEBUG - Store 1098: 766 sequences built.
2026-09-06 16:25:15 - 03_salesfc_deep_learning - DEBUG - Store 1099: 879 sequences built.
2026-09-06 16:25:15 - 03_salesfc_deep_learning - DEBUG - Store 1100: 757 sequences built.
2026-09-06 16:25:15 - 03_salesfc_deep_learning - DEBUG - Store 1101: 770 sequences built.
2026-09-06 16:25:15 - 03_salesfc_deep_learning - DEBUG - Store 1102: 608 sequences built.
2026-09-06 16:25:15 - 03_salesfc_deep_learning - DEBUG - Store 1103: 767 sequences built.
2026-09-06 16:25:15 - 03_salesfc_deep_learning - DEBUG - Store 1104: 608 sequences built.
2026-09-06 16:25:15 - 03_salesfc_deep_learning - DEBUG - Store 1105: 765 sequences built.
2026-09-06 16:25:15 - 03_salesfc_deep_learning - DEBUG - Store 1106: 770 sequences built.
2026-09-06 16:25:15 - 03_salesfc_deep_learning - DEBUG - Store 1107: 609 sequences built.
2026-09-06 16:25:15 - 03_salesfc_deep_learning - DEBUG - Store 1108: 766 sequences built.
2026-09-06 16:25:15 - 03_salesfc_deep_learning - DEBUG - Store 1109: 608 sequences built.
2026-09-06 16:25:15 - 03_salesfc_deep_learning - DEBUG - Store 1110: 769 sequences built.
2026-09-06 16:25:15 - 03_salesfc_deep_learning - DEBUG - Store 1111: 765 sequences built.
2026-09-06 16:25:15 - 03_salesfc_deep_learning - DEBUG - Store 1112: 765 sequences built.
2026-09-06 16:25:15 - 03_salesfc_deep_learning - DEBUG - Store 1113: 770 sequences built.
2026-09-06 16:25:15 - 03_salesfc_deep_learning - DEBUG - Store 1114: 770 sequences built.
2026-09-06 16:25:15 - 03_salesfc_deep_learning - DEBUG - Store 1115: 767 sequences built.
2026-09-06 16:25:22 - 03_salesfc_deep_learning - INFO - Sliding-window transform complete. X_sequences: (828782, 14, 39), y_sequences: (828782,).
2026-09-06 16:25:32 - 03_salesfc_deep_learning - INFO - Sequences rebuilt with dates (pre-allocated). Shape: (828782, 14, 39).
2026-09-06 16:25:33 - 03_salesfc_deep_learning - INFO - Sequence split complete. Train: (788500, 14, 39), Val: (40282, 14, 39).
2026-09-06 16:25:39 - 03_salesfc_deep_learning - INFO - Scaling complete (manual min-max, float32). X_train_scaled: (788500, 14, 39), X_val_scaled: (40282, 14, 39).
2026-09-06 16:25:39 - 03_salesfc_deep_learning - INFO - Target scaling complete. Train range used for scaling: [0.00, 38722.00].
2026-09-06 16:25:39 - 03_salesfc_deep_learning - INFO - LSTM architecture built. Total params: 39585. Input shape: (14, 39).
2026-09-06 16:25:39 - 03_salesfc_deep_learning - INFO - GPU check: No GPU detected.
2026-09-06 17:29:57 - 03_salesfc_deep_learning - INFO - LSTM trained fresh. Epochs run: 25. Checkpoint: /content/drive/MyDrive/NHIS Project/Project 6/Assets/checkpoints/lstm_checkpoint.keras.
2026-09-06 17:29:58 - 03_salesfc_deep_learning - INFO - Loss curve plotted. Best epoch (restored): 20.
2026-09-06 17:30:09 - 03_salesfc_deep_learning - INFO - LSTM validation — R2: 0.8390, MAE: 872.74, RMSE: 1225.56, RMSPE: 0.1902.
2026-09-06 18:25:03 - 03_salesfc_deep_learning - INFO - Logging session started for '03_salesfc_deep_learning' -> Logs/YS_03_salesfc_deep_learning_20260906.log
2026-09-06 18:25:04 - 03_salesfc_deep_learning - INFO - Loaded 'store_train_data.csv' from local Assets/ folder.
2026-09-06 18:25:09 - 03_salesfc_deep_learning - INFO - Loaded 'store_test_data.csv' from local Assets/ folder.
2026-09-06 18:25:10 - 03_salesfc_deep_learning - INFO - Loaded store_train_data.csv (shape=(1017209, 26)) and store_test_data.csv (shape=(41088, 25)) for LSTM pipeline.
2026-09-06 18:25:10 - 03_salesfc_deep_learning - DEBUG - Encoding categorical column: StoreType (4 unique values)
2026-09-06 18:25:10 - 03_salesfc_deep_learning - DEBUG - Encoding categorical column: Assortment (3 unique values)
2026-09-06 18:25:10 - 03_salesfc_deep_learning - DEBUG - Encoding categorical column: StateHoliday (4 unique values)
2026-09-06 18:25:10 - 03_salesfc_deep_learning - DEBUG - Encoding categorical column: MonthPosition (3 unique values)
2026-09-06 18:25:10 - 03_salesfc_deep_learning - DEBUG - Encoding categorical column: DayOfWeek (7 unique values)
2026-09-06 18:25:11 - 03_salesfc_deep_learning - INFO - One-hot encoding complete. store_train_encoded shape: (1017209, 42), store_test_encoded shape: (41088, 42).
2026-09-06 18:25:12 - 03_salesfc_deep_learning - INFO - Store-aware sort complete. 1115 unique stores, date range 2013-01-01 to 2015-07-31.
2026-09-06 18:25:13 - 03_salesfc_deep_learning - INFO - Aggregate daily sales series built. 942 daily observations, 2013-01-01 to 2015-07-31.
2026-09-06 18:25:13 - 03_salesfc_deep_learning - INFO - ADF test complete. Statistic: -4.7616, p-value: 0.000064.
2026-09-06 18:25:14 - 03_salesfc_deep_learning - INFO - ACF and PACF plots generated (30 lags) on the stationary daily sales series.
2026-09-06 18:25:14 - 03_salesfc_deep_learning - INFO - ACF/PACF computed. Significant ACF lags: [2, 5, 6, 7, 8, 9, 12, 14, 16, 19, 20, 21, 22, 23, 26, 27, 28, 29, 30]. Significant PACF lags: [2, 5, 6, 7, 8, 9, 10, 11, 13, 14, 17, 21, 28].
2026-09-06 18:25:14 - 03_salesfc_deep_learning - INFO - feature_cols_dl rebuilt to include Store. New count: 39.
2026-09-06 18:25:15 - 03_salesfc_deep_learning - DEBUG - Store 1: 767 sequences built.
2026-09-06 18:25:15 - 03_salesfc_deep_learning - DEBUG - Store 2: 770 sequences built.
2026-09-06 18:25:15 - 03_salesfc_deep_learning - DEBUG - Store 3: 765 sequences built.
2026-09-06 18:25:15 - 03_salesfc_deep_learning - DEBUG - Store 4: 770 sequences built.
2026-09-06 18:25:15 - 03_salesfc_deep_learning - DEBUG - Store 5: 765 sequences built.
2026-09-06 18:25:15 - 03_salesfc_deep_learning - DEBUG - Store 6: 766 sequences built.
2026-09-06 18:25:15 - 03_salesfc_deep_learning - DEBUG - Store 7: 772 sequences built.
2026-09-06 18:25:15 - 03_salesfc_deep_learning - DEBUG - Store 8: 770 sequences built.
2026-09-06 18:25:15 - 03_salesfc_deep_learning - DEBUG - Store 9: 765 sequences built.
2026-09-06 18:25:15 - 03_salesfc_deep_learning - DEBUG - Store 10: 770 sequences built.
2026-09-06 18:25:15 - 03_salesfc_deep_learning - DEBUG - Store 11: 770 sequences built.
2026-09-06 18:25:15 - 03_salesfc_deep_learning - DEBUG - Store 12: 770 sequences built.
2026-09-06 18:25:15 - 03_salesfc_deep_learning - DEBUG - Store 13: 607 sequences built.
2026-09-06 18:25:15 - 03_salesfc_deep_learning - DEBUG - Store 14: 765 sequences built.
2026-09-06 18:25:15 - 03_salesfc_deep_learning - DEBUG - Store 15: 770 sequences built.
2026-09-06 18:25:15 - 03_salesfc_deep_learning - DEBUG - Store 16: 763 sequences built.
2026-09-06 18:25:15 - 03_salesfc_deep_learning - DEBUG - Store 17: 768 sequences built.
2026-09-06 18:25:15 - 03_salesfc_deep_learning - DEBUG - Store 18: 768 sequences built.
2026-09-06 18:25:15 - 03_salesfc_deep_learning - DEBUG - Store 19: 765 sequences built.
2026-09-06 18:25:15 - 03_salesfc_deep_learning - DEBUG - Store 20: 605 sequences built.
2026-09-06 18:25:15 - 03_salesfc_deep_learning - DEBUG - Store 21: 763 sequences built.
2026-09-06 18:25:15 - 03_salesfc_deep_learning - DEBUG - Store 22: 605 sequences built.
2026-09-06 18:25:15 - 03_salesfc_deep_learning - DEBUG - Store 23: 765 sequences built.
2026-09-06 18:25:15 - 03_salesfc_deep_learning - DEBUG - Store 24: 765 sequences built.
2026-09-06 18:25:15 - 03_salesfc_deep_learning - DEBUG - Store 25: 738 sequences built.
2026-09-06 18:25:15 - 03_salesfc_deep_learning - DEBUG - Store 26: 768 sequences built.
2026-09-06 18:25:15 - 03_salesfc_deep_learning - DEBUG - Store 27: 765 sequences built.
2026-09-06 18:25:15 - 03_salesfc_deep_learning - DEBUG - Store 28: 757 sequences built.
2026-09-06 18:25:15 - 03_salesfc_deep_learning - DEBUG - Store 29: 765 sequences built.
2026-09-06 18:25:15 - 03_salesfc_deep_learning - DEBUG - Store 30: 763 sequences built.
2026-09-06 18:25:15 - 03_salesfc_deep_learning - DEBUG - Store 31: 770 sequences built.
2026-09-06 18:25:15 - 03_salesfc_deep_learning - DEBUG - Store 32: 607 sequences built.
2026-09-06 18:25:15 - 03_salesfc_deep_learning - DEBUG - Store 33: 765 sequences built.
2026-09-06 18:25:15 - 03_salesfc_deep_learning - DEBUG - Store 34: 770 sequences built.
2026-09-06 18:25:15 - 03_salesfc_deep_learning - DEBUG - Store 35: 765 sequences built.
2026-09-06 18:25:15 - 03_salesfc_deep_learning - DEBUG - Store 36: 608 sequences built.
2026-09-06 18:25:15 - 03_salesfc_deep_learning - DEBUG - Store 37: 766 sequences built.
2026-09-06 18:25:15 - 03_salesfc_deep_learning - DEBUG - Store 38: 765 sequences built.
2026-09-06 18:25:15 - 03_salesfc_deep_learning - DEBUG - Store 39: 765 sequences built.
2026-09-06 18:25:15 - 03_salesfc_deep_learning - DEBUG - Store 40: 762 sequences built.
2026-09-06 18:25:15 - 03_salesfc_deep_learning - DEBUG - Store 41: 608 sequences built.
2026-09-06 18:25:15 - 03_salesfc_deep_learning - DEBUG - Store 42: 765 sequences built.
2026-09-06 18:25:15 - 03_salesfc_deep_learning - DEBUG - Store 43: 765 sequences built.
2026-09-06 18:25:15 - 03_salesfc_deep_learning - DEBUG - Store 44: 770 sequences built.
2026-09-06 18:25:15 - 03_salesfc_deep_learning - DEBUG - Store 45: 765 sequences built.
2026-09-06 18:25:15 - 03_salesfc_deep_learning - DEBUG - Store 46: 608 sequences built.
2026-09-06 18:25:15 - 03_salesfc_deep_learning - DEBUG - Store 47: 770 sequences built.
2026-09-06 18:25:15 - 03_salesfc_deep_learning - DEBUG - Store 48: 770 sequences built.
2026-09-06 18:25:15 - 03_salesfc_deep_learning - DEBUG - Store 49: 763 sequences built.
2026-09-06 18:25:15 - 03_salesfc_deep_learning - DEBUG - Store 50: 765 sequences built.
2026-09-06 18:25:15 - 03_salesfc_deep_learning - DEBUG - Store 51: 608 sequences built.
2026-09-06 18:25:15 - 03_salesfc_deep_learning - DEBUG - Store 52: 608 sequences built.
2026-09-06 18:25:15 - 03_salesfc_deep_learning - DEBUG - Store 53: 770 sequences built.
2026-09-06 18:25:15 - 03_salesfc_deep_learning - DEBUG - Store 54: 771 sequences built.
2026-09-06 18:25:15 - 03_salesfc_deep_learning - DEBUG - Store 55: 766 sequences built.
2026-09-06 18:25:15 - 03_salesfc_deep_learning - DEBUG - Store 56: 767 sequences built.
2026-09-06 18:25:15 - 03_salesfc_deep_learning - DEBUG - Store 57: 756 sequences built.
2026-09-06 18:25:15 - 03_salesfc_deep_learning - DEBUG - Store 58: 609 sequences built.
2026-09-06 18:25:15 - 03_salesfc_deep_learning - DEBUG - Store 59: 768 sequences built.
2026-09-06 18:25:15 - 03_salesfc_deep_learning - DEBUG - Store 60: 766 sequences built.
2026-09-06 18:25:15 - 03_salesfc_deep_learning - DEBUG - Store 61: 763 sequences built.
2026-09-06 18:25:15 - 03_salesfc_deep_learning - DEBUG - Store 62: 765 sequences built.
2026-09-06 18:25:15 - 03_salesfc_deep_learning - DEBUG - Store 63: 770 sequences built.
2026-09-06 18:25:15 - 03_salesfc_deep_learning - DEBUG - Store 64: 765 sequences built.
2026-09-06 18:25:15 - 03_salesfc_deep_learning - DEBUG - Store 65: 766 sequences built.
2026-09-06 18:25:15 - 03_salesfc_deep_learning - DEBUG - Store 66: 763 sequences built.
2026-09-06 18:25:15 - 03_salesfc_deep_learning - DEBUG - Store 67: 763 sequences built.
2026-09-06 18:25:15 - 03_salesfc_deep_learning - DEBUG - Store 68: 770 sequences built.
2026-09-06 18:25:15 - 03_salesfc_deep_learning - DEBUG - Store 69: 767 sequences built.
2026-09-06 18:25:15 - 03_salesfc_deep_learning - DEBUG - Store 70: 768 sequences built.
2026-09-06 18:25:15 - 03_salesfc_deep_learning - DEBUG - Store 71: 765 sequences built.
2026-09-06 18:25:15 - 03_salesfc_deep_learning - DEBUG - Store 72: 609 sequences built.
2026-09-06 18:25:15 - 03_salesfc_deep_learning - DEBUG - Store 73: 770 sequences built.
2026-09-06 18:25:15 - 03_salesfc_deep_learning - DEBUG - Store 74: 762 sequences built.
2026-09-06 18:25:15 - 03_salesfc_deep_learning - DEBUG - Store 75: 770 sequences built.
2026-09-06 18:25:15 - 03_salesfc_deep_learning - DEBUG - Store 76: 609 sequences built.
2026-09-06 18:25:15 - 03_salesfc_deep_learning - DEBUG - Store 77: 767 sequences built.
2026-09-06 18:25:15 - 03_salesfc_deep_learning - DEBUG - Store 78: 766 sequences built.
2026-09-06 18:25:15 - 03_salesfc_deep_learning - DEBUG - Store 79: 763 sequences built.
2026-09-06 18:25:15 - 03_salesfc_deep_learning - DEBUG - Store 80: 765 sequences built.
2026-09-06 18:25:15 - 03_salesfc_deep_learning - DEBUG - Store 81: 608 sequences built.
2026-09-06 18:25:15 - 03_salesfc_deep_learning - DEBUG - Store 82: 765 sequences built.
2026-09-06 18:25:15 - 03_salesfc_deep_learning - DEBUG - Store 83: 765 sequences built.
2026-09-06 18:25:15 - 03_salesfc_deep_learning - DEBUG - Store 84: 765 sequences built.
2026-09-06 18:25:15 - 03_salesfc_deep_learning - DEBUG - Store 85: 928 sequences built.
2026-09-06 18:25:15 - 03_salesfc_deep_learning - DEBUG - Store 86: 764 sequences built.
2026-09-06 18:25:15 - 03_salesfc_deep_learning - DEBUG - Store 87: 770 sequences built.
2026-09-06 18:25:15 - 03_salesfc_deep_learning - DEBUG - Store 88: 766 sequences built.
2026-09-06 18:25:15 - 03_salesfc_deep_learning - DEBUG - Store 89: 608 sequences built.
2026-09-06 18:25:15 - 03_salesfc_deep_learning - DEBUG - Store 90: 764 sequences built.
2026-09-06 18:25:15 - 03_salesfc_deep_learning - DEBUG - Store 91: 764 sequences built.
2026-09-06 18:25:15 - 03_salesfc_deep_learning - DEBUG - Store 92: 765 sequences built.
2026-09-06 18:25:15 - 03_salesfc_deep_learning - DEBUG - Store 93: 765 sequences built.
2026-09-06 18:25:15 - 03_salesfc_deep_learning - DEBUG - Store 94: 765 sequences built.
2026-09-06 18:25:15 - 03_salesfc_deep_learning - DEBUG - Store 95: 766 sequences built.
2026-09-06 18:25:15 - 03_salesfc_deep_learning - DEBUG - Store 96: 766 sequences built.
2026-09-06 18:25:15 - 03_salesfc_deep_learning - DEBUG - Store 97: 766 sequences built.
2026-09-06 18:25:15 - 03_salesfc_deep_learning - DEBUG - Store 98: 765 sequences built.
2026-09-06 18:25:15 - 03_salesfc_deep_learning - DEBUG - Store 99: 608 sequences built.
2026-09-06 18:25:15 - 03_salesfc_deep_learning - DEBUG - Store 100: 592 sequences built.
2026-09-06 18:25:15 - 03_salesfc_deep_learning - DEBUG - Store 101: 770 sequences built.
2026-09-06 18:25:15 - 03_salesfc_deep_learning - DEBUG - Store 102: 757 sequences built.
2026-09-06 18:25:15 - 03_salesfc_deep_learning - DEBUG - Store 103: 617 sequences built.
2026-09-06 18:25:15 - 03_salesfc_deep_learning - DEBUG - Store 104: 770 sequences built.
2026-09-06 18:25:15 - 03_salesfc_deep_learning - DEBUG - Store 105: 740 sequences built.
2026-09-06 18:25:15 - 03_salesfc_deep_learning - DEBUG - Store 106: 761 sequences built.
2026-09-06 18:25:15 - 03_salesfc_deep_learning - DEBUG - Store 107: 770 sequences built.
2026-09-06 18:25:15 - 03_salesfc_deep_learning - DEBUG - Store 108: 608 sequences built.
2026-09-06 18:25:15 - 03_salesfc_deep_learning - DEBUG - Store 109: 770 sequences built.
2026-09-06 18:25:15 - 03_salesfc_deep_learning - DEBUG - Store 110: 770 sequences built.
2026-09-06 18:25:15 - 03_salesfc_deep_learning - DEBUG - Store 111: 767 sequences built.
2026-09-06 18:25:15 - 03_salesfc_deep_learning - DEBUG - Store 112: 770 sequences built.
2026-09-06 18:25:15 - 03_salesfc_deep_learning - DEBUG - Store 113: 608 sequences built.
2026-09-06 18:25:15 - 03_salesfc_deep_learning - DEBUG - Store 114: 770 sequences built.
2026-09-06 18:25:15 - 03_salesfc_deep_learning - DEBUG - Store 115: 608 sequences built.
2026-09-06 18:25:15 - 03_salesfc_deep_learning - DEBUG - Store 116: 769 sequences built.
2026-09-06 18:25:15 - 03_salesfc_deep_learning - DEBUG - Store 117: 765 sequences built.
2026-09-06 18:25:15 - 03_salesfc_deep_learning - DEBUG - Store 118: 768 sequences built.
2026-09-06 18:25:15 - 03_salesfc_deep_learning - DEBUG - Store 119: 770 sequences built.
2026-09-06 18:25:15 - 03_salesfc_deep_learning - DEBUG - Store 120: 767 sequences built.
2026-09-06 18:25:15 - 03_salesfc_deep_learning - DEBUG - Store 121: 766 sequences built.
2026-09-06 18:25:15 - 03_salesfc_deep_learning - DEBUG - Store 122: 871 sequences built.
2026-09-06 18:25:15 - 03_salesfc_deep_learning - DEBUG - Store 123: 754 sequences built.
2026-09-06 18:25:15 - 03_salesfc_deep_learning - DEBUG - Store 124: 765 sequences built.
2026-09-06 18:25:15 - 03_salesfc_deep_learning - DEBUG - Store 125: 770 sequences built.
2026-09-06 18:25:15 - 03_salesfc_deep_learning - DEBUG - Store 126: 765 sequences built.
2026-09-06 18:25:15 - 03_salesfc_deep_learning - DEBUG - Store 127: 609 sequences built.
2026-09-06 18:25:15 - 03_salesfc_deep_learning - DEBUG - Store 128: 767 sequences built.
2026-09-06 18:25:15 - 03_salesfc_deep_learning - DEBUG - Store 129: 608 sequences built.
2026-09-06 18:25:15 - 03_salesfc_deep_learning - DEBUG - Store 130: 767 sequences built.
2026-09-06 18:25:15 - 03_salesfc_deep_learning - DEBUG - Store 131: 765 sequences built.
2026-09-06 18:25:15 - 03_salesfc_deep_learning - DEBUG - Store 132: 608 sequences built.
2026-09-06 18:25:15 - 03_salesfc_deep_learning - DEBUG - Store 133: 768 sequences built.
2026-09-06 18:25:15 - 03_salesfc_deep_learning - DEBUG - Store 134: 770 sequences built.
2026-09-06 18:25:15 - 03_salesfc_deep_learning - DEBUG - Store 135: 767 sequences built.
2026-09-06 18:25:15 - 03_salesfc_deep_learning - DEBUG - Store 136: 608 sequences built.
2026-09-06 18:25:15 - 03_salesfc_deep_learning - DEBUG - Store 137: 608 sequences built.
2026-09-06 18:25:15 - 03_salesfc_deep_learning - DEBUG - Store 138: 766 sequences built.
2026-09-06 18:25:15 - 03_salesfc_deep_learning - DEBUG - Store 139: 608 sequences built.
2026-09-06 18:25:15 - 03_salesfc_deep_learning - DEBUG - Store 140: 767 sequences built.
2026-09-06 18:25:15 - 03_salesfc_deep_learning - DEBUG - Store 141: 763 sequences built.
2026-09-06 18:25:15 - 03_salesfc_deep_learning - DEBUG - Store 142: 765 sequences built.
2026-09-06 18:25:15 - 03_salesfc_deep_learning - DEBUG - Store 143: 765 sequences built.
2026-09-06 18:25:15 - 03_salesfc_deep_learning - DEBUG - Store 144: 611 sequences built.
2026-09-06 18:25:15 - 03_salesfc_deep_learning - DEBUG - Store 145: 594 sequences built.
2026-09-06 18:25:15 - 03_salesfc_deep_learning - DEBUG - Store 146: 765 sequences built.
2026-09-06 18:25:15 - 03_salesfc_deep_learning - DEBUG - Store 147: 765 sequences built.
2026-09-06 18:25:15 - 03_salesfc_deep_learning - DEBUG - Store 148: 770 sequences built.
2026-09-06 18:25:15 - 03_salesfc_deep_learning - DEBUG - Store 149: 608 sequences built.
2026-09-06 18:25:15 - 03_salesfc_deep_learning - DEBUG - Store 150: 770 sequences built.
2026-09-06 18:25:15 - 03_salesfc_deep_learning - DEBUG - Store 151: 766 sequences built.
2026-09-06 18:25:15 - 03_salesfc_deep_learning - DEBUG - Store 152: 765 sequences built.
2026-09-06 18:25:15 - 03_salesfc_deep_learning - DEBUG - Store 153: 765 sequences built.
2026-09-06 18:25:15 - 03_salesfc_deep_learning - DEBUG - Store 154: 767 sequences built.
2026-09-06 18:25:15 - 03_salesfc_deep_learning - DEBUG - Store 155: 609 sequences built.
2026-09-06 18:25:15 - 03_salesfc_deep_learning - DEBUG - Store 156: 768 sequences built.
2026-09-06 18:25:15 - 03_salesfc_deep_learning - DEBUG - Store 157: 765 sequences built.
2026-09-06 18:25:15 - 03_salesfc_deep_learning - DEBUG - Store 158: 765 sequences built.
2026-09-06 18:25:15 - 03_salesfc_deep_learning - DEBUG - Store 159: 609 sequences built.
2026-09-06 18:25:15 - 03_salesfc_deep_learning - DEBUG - Store 160: 767 sequences built.
2026-09-06 18:25:15 - 03_salesfc_deep_learning - DEBUG - Store 161: 765 sequences built.
2026-09-06 18:25:15 - 03_salesfc_deep_learning - DEBUG - Store 162: 767 sequences built.
2026-09-06 18:25:15 - 03_salesfc_deep_learning - DEBUG - Store 163: 770 sequences built.
2026-09-06 18:25:15 - 03_salesfc_deep_learning - DEBUG - Store 164: 609 sequences built.
2026-09-06 18:25:15 - 03_salesfc_deep_learning - DEBUG - Store 165: 608 sequences built.
2026-09-06 18:25:15 - 03_salesfc_deep_learning - DEBUG - Store 166: 765 sequences built.
2026-09-06 18:25:16 - 03_salesfc_deep_learning - DEBUG - Store 167: 766 sequences built.
2026-09-06 18:25:16 - 03_salesfc_deep_learning - DEBUG - Store 168: 763 sequences built.
2026-09-06 18:25:16 - 03_salesfc_deep_learning - DEBUG - Store 169: 752 sequences built.
2026-09-06 18:25:16 - 03_salesfc_deep_learning - DEBUG - Store 170: 765 sequences built.
2026-09-06 18:25:16 - 03_salesfc_deep_learning - DEBUG - Store 171: 765 sequences built.
2026-09-06 18:25:16 - 03_salesfc_deep_learning - DEBUG - Store 172: 608 sequences built.
2026-09-06 18:25:16 - 03_salesfc_deep_learning - DEBUG - Store 173: 770 sequences built.
2026-09-06 18:25:16 - 03_salesfc_deep_learning - DEBUG - Store 174: 608 sequences built.
2026-09-06 18:25:16 - 03_salesfc_deep_learning - DEBUG - Store 175: 770 sequences built.
2026-09-06 18:25:16 - 03_salesfc_deep_learning - DEBUG - Store 176: 765 sequences built.
2026-09-06 18:25:16 - 03_salesfc_deep_learning - DEBUG - Store 177: 766 sequences built.
2026-09-06 18:25:16 - 03_salesfc_deep_learning - DEBUG - Store 178: 766 sequences built.
2026-09-06 18:25:16 - 03_salesfc_deep_learning - DEBUG - Store 179: 765 sequences built.
2026-09-06 18:25:16 - 03_salesfc_deep_learning - DEBUG - Store 180: 770 sequences built.
2026-09-06 18:25:16 - 03_salesfc_deep_learning - DEBUG - Store 181: 609 sequences built.
2026-09-06 18:25:16 - 03_salesfc_deep_learning - DEBUG - Store 182: 767 sequences built.
2026-09-06 18:25:16 - 03_salesfc_deep_learning - DEBUG - Store 183: 597 sequences built.
2026-09-06 18:25:16 - 03_salesfc_deep_learning - DEBUG - Store 184: 763 sequences built.
2026-09-06 18:25:16 - 03_salesfc_deep_learning - DEBUG - Store 185: 770 sequences built.
2026-09-06 18:25:16 - 03_salesfc_deep_learning - DEBUG - Store 186: 608 sequences built.
2026-09-06 18:25:16 - 03_salesfc_deep_learning - DEBUG - Store 187: 770 sequences built.
2026-09-06 18:25:16 - 03_salesfc_deep_learning - DEBUG - Store 188: 765 sequences built.
2026-09-06 18:25:16 - 03_salesfc_deep_learning - DEBUG - Store 189: 765 sequences built.
2026-09-06 18:25:16 - 03_salesfc_deep_learning - DEBUG - Store 190: 608 sequences built.
2026-09-06 18:25:16 - 03_salesfc_deep_learning - DEBUG - Store 191: 608 sequences built.
2026-09-06 18:25:16 - 03_salesfc_deep_learning - DEBUG - Store 192: 608 sequences built.
2026-09-06 18:25:16 - 03_salesfc_deep_learning - DEBUG - Store 193: 763 sequences built.
2026-09-06 18:25:16 - 03_salesfc_deep_learning - DEBUG - Store 194: 763 sequences built.
2026-09-06 18:25:16 - 03_salesfc_deep_learning - DEBUG - Store 195: 765 sequences built.
2026-09-06 18:25:16 - 03_salesfc_deep_learning - DEBUG - Store 196: 768 sequences built.
2026-09-06 18:25:16 - 03_salesfc_deep_learning - DEBUG - Store 197: 770 sequences built.
2026-09-06 18:25:16 - 03_salesfc_deep_learning - DEBUG - Store 198: 768 sequences built.
2026-09-06 18:25:16 - 03_salesfc_deep_learning - DEBUG - Store 199: 765 sequences built.
2026-09-06 18:25:16 - 03_salesfc_deep_learning - DEBUG - Store 200: 765 sequences built.
2026-09-06 18:25:16 - 03_salesfc_deep_learning - DEBUG - Store 201: 765 sequences built.
2026-09-06 18:25:16 - 03_salesfc_deep_learning - DEBUG - Store 202: 767 sequences built.
2026-09-06 18:25:16 - 03_salesfc_deep_learning - DEBUG - Store 203: 768 sequences built.
2026-09-06 18:25:16 - 03_salesfc_deep_learning - DEBUG - Store 204: 608 sequences built.
2026-09-06 18:25:16 - 03_salesfc_deep_learning - DEBUG - Store 205: 770 sequences built.
2026-09-06 18:25:16 - 03_salesfc_deep_learning - DEBUG - Store 206: 765 sequences built.
2026-09-06 18:25:16 - 03_salesfc_deep_learning - DEBUG - Store 207: 770 sequences built.
2026-09-06 18:25:16 - 03_salesfc_deep_learning - DEBUG - Store 208: 770 sequences built.
2026-09-06 18:25:16 - 03_salesfc_deep_learning - DEBUG - Store 209: 868 sequences built.
2026-09-06 18:25:16 - 03_salesfc_deep_learning - DEBUG - Store 210: 765 sequences built.
2026-09-06 18:25:16 - 03_salesfc_deep_learning - DEBUG - Store 211: 770 sequences built.
2026-09-06 18:25:16 - 03_salesfc_deep_learning - DEBUG - Store 212: 770 sequences built.
2026-09-06 18:25:16 - 03_salesfc_deep_learning - DEBUG - Store 213: 765 sequences built.
2026-09-06 18:25:16 - 03_salesfc_deep_learning - DEBUG - Store 214: 765 sequences built.
2026-09-06 18:25:16 - 03_salesfc_deep_learning - DEBUG - Store 215: 607 sequences built.
2026-09-06 18:25:16 - 03_salesfc_deep_learning - DEBUG - Store 216: 762 sequences built.
2026-09-06 18:25:16 - 03_salesfc_deep_learning - DEBUG - Store 217: 770 sequences built.
2026-09-06 18:25:16 - 03_salesfc_deep_learning - DEBUG - Store 218: 608 sequences built.
2026-09-06 18:25:16 - 03_salesfc_deep_learning - DEBUG - Store 219: 765 sequences built.
2026-09-06 18:25:16 - 03_salesfc_deep_learning - DEBUG - Store 220: 762 sequences built.
2026-09-06 18:25:16 - 03_salesfc_deep_learning - DEBUG - Store 221: 770 sequences built.
2026-09-06 18:25:16 - 03_salesfc_deep_learning - DEBUG - Store 222: 770 sequences built.
2026-09-06 18:25:16 - 03_salesfc_deep_learning - DEBUG - Store 223: 768 sequences built.
2026-09-06 18:25:16 - 03_salesfc_deep_learning - DEBUG - Store 224: 763 sequences built.
2026-09-06 18:25:16 - 03_salesfc_deep_learning - DEBUG - Store 225: 768 sequences built.
2026-09-06 18:25:16 - 03_salesfc_deep_learning - DEBUG - Store 226: 767 sequences built.
2026-09-06 18:25:16 - 03_salesfc_deep_learning - DEBUG - Store 227: 754 sequences built.
2026-09-06 18:25:16 - 03_salesfc_deep_learning - DEBUG - Store 228: 765 sequences built.
2026-09-06 18:25:16 - 03_salesfc_deep_learning - DEBUG - Store 229: 765 sequences built.
2026-09-06 18:25:16 - 03_salesfc_deep_learning - DEBUG - Store 230: 770 sequences built.
2026-09-06 18:25:16 - 03_salesfc_deep_learning - DEBUG - Store 231: 608 sequences built.
2026-09-06 18:25:16 - 03_salesfc_deep_learning - DEBUG - Store 232: 752 sequences built.
2026-09-06 18:25:16 - 03_salesfc_deep_learning - DEBUG - Store 233: 767 sequences built.
2026-09-06 18:25:16 - 03_salesfc_deep_learning - DEBUG - Store 234: 765 sequences built.
2026-09-06 18:25:16 - 03_salesfc_deep_learning - DEBUG - Store 235: 767 sequences built.
2026-09-06 18:25:16 - 03_salesfc_deep_learning - DEBUG - Store 236: 770 sequences built.
2026-09-06 18:25:16 - 03_salesfc_deep_learning - DEBUG - Store 237: 770 sequences built.
2026-09-06 18:25:16 - 03_salesfc_deep_learning - DEBUG - Store 238: 752 sequences built.
2026-09-06 18:25:16 - 03_salesfc_deep_learning - DEBUG - Store 239: 765 sequences built.
2026-09-06 18:25:16 - 03_salesfc_deep_learning - DEBUG - Store 240: 770 sequences built.
2026-09-06 18:25:16 - 03_salesfc_deep_learning - DEBUG - Store 241: 765 sequences built.
2026-09-06 18:25:16 - 03_salesfc_deep_learning - DEBUG - Store 242: 767 sequences built.
2026-09-06 18:25:16 - 03_salesfc_deep_learning - DEBUG - Store 243: 609 sequences built.
2026-09-06 18:25:16 - 03_salesfc_deep_learning - DEBUG - Store 244: 765 sequences built.
2026-09-06 18:25:16 - 03_salesfc_deep_learning - DEBUG - Store 245: 767 sequences built.
2026-09-06 18:25:16 - 03_salesfc_deep_learning - DEBUG - Store 246: 770 sequences built.
2026-09-06 18:25:16 - 03_salesfc_deep_learning - DEBUG - Store 247: 767 sequences built.
2026-09-06 18:25:16 - 03_salesfc_deep_learning - DEBUG - Store 248: 770 sequences built.
2026-09-06 18:25:16 - 03_salesfc_deep_learning - DEBUG - Store 249: 770 sequences built.
2026-09-06 18:25:16 - 03_salesfc_deep_learning - DEBUG - Store 250: 767 sequences built.
2026-09-06 18:25:16 - 03_salesfc_deep_learning - DEBUG - Store 251: 765 sequences built.
2026-09-06 18:25:16 - 03_salesfc_deep_learning - DEBUG - Store 252: 765 sequences built.
2026-09-06 18:25:16 - 03_salesfc_deep_learning - DEBUG - Store 253: 765 sequences built.
2026-09-06 18:25:16 - 03_salesfc_deep_learning - DEBUG - Store 254: 765 sequences built.
2026-09-06 18:25:16 - 03_salesfc_deep_learning - DEBUG - Store 255: 765 sequences built.
2026-09-06 18:25:16 - 03_salesfc_deep_learning - DEBUG - Store 256: 762 sequences built.
2026-09-06 18:25:16 - 03_salesfc_deep_learning - DEBUG - Store 257: 770 sequences built.
2026-09-06 18:25:16 - 03_salesfc_deep_learning - DEBUG - Store 258: 608 sequences built.
2026-09-06 18:25:16 - 03_salesfc_deep_learning - DEBUG - Store 259: 918 sequences built.
2026-09-06 18:25:16 - 03_salesfc_deep_learning - DEBUG - Store 260: 770 sequences built.
2026-09-06 18:25:16 - 03_salesfc_deep_learning - DEBUG - Store 261: 765 sequences built.
2026-09-06 18:25:16 - 03_salesfc_deep_learning - DEBUG - Store 262: 928 sequences built.
2026-09-06 18:25:16 - 03_salesfc_deep_learning - DEBUG - Store 263: 608 sequences built.
2026-09-06 18:25:16 - 03_salesfc_deep_learning - DEBUG - Store 264: 748 sequences built.
2026-09-06 18:25:16 - 03_salesfc_deep_learning - DEBUG - Store 265: 765 sequences built.
2026-09-06 18:25:16 - 03_salesfc_deep_learning - DEBUG - Store 266: 766 sequences built.
2026-09-06 18:25:16 - 03_salesfc_deep_learning - DEBUG - Store 267: 770 sequences built.
2026-09-06 18:25:16 - 03_salesfc_deep_learning - DEBUG - Store 268: 770 sequences built.
2026-09-06 18:25:16 - 03_salesfc_deep_learning - DEBUG - Store 269: 765 sequences built.
2026-09-06 18:25:16 - 03_salesfc_deep_learning - DEBUG - Store 270: 770 sequences built.
2026-09-06 18:25:16 - 03_salesfc_deep_learning - DEBUG - Store 271: 766 sequences built.
2026-09-06 18:25:16 - 03_salesfc_deep_learning - DEBUG - Store 272: 767 sequences built.
2026-09-06 18:25:16 - 03_salesfc_deep_learning - DEBUG - Store 273: 765 sequences built.
2026-09-06 18:25:16 - 03_salesfc_deep_learning - DEBUG - Store 274: 918 sequences built.
2026-09-06 18:25:16 - 03_salesfc_deep_learning - DEBUG - Store 275: 608 sequences built.
2026-09-06 18:25:16 - 03_salesfc_deep_learning - DEBUG - Store 276: 766 sequences built.
2026-09-06 18:25:16 - 03_salesfc_deep_learning - DEBUG - Store 277: 608 sequences built.
2026-09-06 18:25:16 - 03_salesfc_deep_learning - DEBUG - Store 278: 770 sequences built.
2026-09-06 18:25:16 - 03_salesfc_deep_learning - DEBUG - Store 279: 609 sequences built.
2026-09-06 18:25:16 - 03_salesfc_deep_learning - DEBUG - Store 280: 763 sequences built.
2026-09-06 18:25:16 - 03_salesfc_deep_learning - DEBUG - Store 281: 770 sequences built.
2026-09-06 18:25:16 - 03_salesfc_deep_learning - DEBUG - Store 282: 770 sequences built.
2026-09-06 18:25:16 - 03_salesfc_deep_learning - DEBUG - Store 283: 608 sequences built.
2026-09-06 18:25:16 - 03_salesfc_deep_learning - DEBUG - Store 284: 608 sequences built.
2026-09-06 18:25:16 - 03_salesfc_deep_learning - DEBUG - Store 285: 767 sequences built.
2026-09-06 18:25:16 - 03_salesfc_deep_learning - DEBUG - Store 286: 765 sequences built.
2026-09-06 18:25:16 - 03_salesfc_deep_learning - DEBUG - Store 287: 608 sequences built.
2026-09-06 18:25:16 - 03_salesfc_deep_learning - DEBUG - Store 288: 608 sequences built.
2026-09-06 18:25:16 - 03_salesfc_deep_learning - DEBUG - Store 289: 767 sequences built.
2026-09-06 18:25:16 - 03_salesfc_deep_learning - DEBUG - Store 290: 765 sequences built.
2026-09-06 18:25:16 - 03_salesfc_deep_learning - DEBUG - Store 291: 766 sequences built.
2026-09-06 18:25:16 - 03_salesfc_deep_learning - DEBUG - Store 292: 752 sequences built.
2026-09-06 18:25:16 - 03_salesfc_deep_learning - DEBUG - Store 293: 769 sequences built.
2026-09-06 18:25:16 - 03_salesfc_deep_learning - DEBUG - Store 294: 767 sequences built.
2026-09-06 18:25:16 - 03_salesfc_deep_learning - DEBUG - Store 295: 763 sequences built.
2026-09-06 18:25:16 - 03_salesfc_deep_learning - DEBUG - Store 296: 767 sequences built.
2026-09-06 18:25:16 - 03_salesfc_deep_learning - DEBUG - Store 297: 763 sequences built.
2026-09-06 18:25:16 - 03_salesfc_deep_learning - DEBUG - Store 298: 608 sequences built.
2026-09-06 18:25:16 - 03_salesfc_deep_learning - DEBUG - Store 299: 868 sequences built.
2026-09-06 18:25:16 - 03_salesfc_deep_learning - DEBUG - Store 300: 768 sequences built.
2026-09-06 18:25:16 - 03_salesfc_deep_learning - DEBUG - Store 301: 770 sequences built.
2026-09-06 18:25:16 - 03_salesfc_deep_learning - DEBUG - Store 302: 767 sequences built.
2026-09-06 18:25:16 - 03_salesfc_deep_learning - DEBUG - Store 303: 753 sequences built.
2026-09-06 18:25:16 - 03_salesfc_deep_learning - DEBUG - Store 304: 770 sequences built.
2026-09-06 18:25:16 - 03_salesfc_deep_learning - DEBUG - Store 305: 767 sequences built.
2026-09-06 18:25:16 - 03_salesfc_deep_learning - DEBUG - Store 306: 608 sequences built.
2026-09-06 18:25:16 - 03_salesfc_deep_learning - DEBUG - Store 307: 768 sequences built.
2026-09-06 18:25:16 - 03_salesfc_deep_learning - DEBUG - Store 308: 754 sequences built.
2026-09-06 18:25:16 - 03_salesfc_deep_learning - DEBUG - Store 309: 765 sequences built.
2026-09-06 18:25:16 - 03_salesfc_deep_learning - DEBUG - Store 310: 883 sequences built.
2026-09-06 18:25:16 - 03_salesfc_deep_learning - DEBUG - Store 311: 767 sequences built.
2026-09-06 18:25:16 - 03_salesfc_deep_learning - DEBUG - Store 312: 767 sequences built.
2026-09-06 18:25:16 - 03_salesfc_deep_learning - DEBUG - Store 313: 768 sequences built.
2026-09-06 18:25:16 - 03_salesfc_deep_learning - DEBUG - Store 314: 765 sequences built.
2026-09-06 18:25:16 - 03_salesfc_deep_learning - DEBUG - Store 315: 770 sequences built.
2026-09-06 18:25:16 - 03_salesfc_deep_learning - DEBUG - Store 316: 765 sequences built.
2026-09-06 18:25:16 - 03_salesfc_deep_learning - DEBUG - Store 317: 608 sequences built.
2026-09-06 18:25:16 - 03_salesfc_deep_learning - DEBUG - Store 318: 766 sequences built.
2026-09-06 18:25:16 - 03_salesfc_deep_learning - DEBUG - Store 319: 770 sequences built.
2026-09-06 18:25:16 - 03_salesfc_deep_learning - DEBUG - Store 320: 770 sequences built.
2026-09-06 18:25:16 - 03_salesfc_deep_learning - DEBUG - Store 321: 766 sequences built.
2026-09-06 18:25:16 - 03_salesfc_deep_learning - DEBUG - Store 322: 768 sequences built.
2026-09-06 18:25:16 - 03_salesfc_deep_learning - DEBUG - Store 323: 765 sequences built.
2026-09-06 18:25:16 - 03_salesfc_deep_learning - DEBUG - Store 324: 766 sequences built.
2026-09-06 18:25:16 - 03_salesfc_deep_learning - DEBUG - Store 325: 765 sequences built.
2026-09-06 18:25:16 - 03_salesfc_deep_learning - DEBUG - Store 326: 765 sequences built.
2026-09-06 18:25:16 - 03_salesfc_deep_learning - DEBUG - Store 327: 764 sequences built.
2026-09-06 18:25:16 - 03_salesfc_deep_learning - DEBUG - Store 328: 765 sequences built.
2026-09-06 18:25:16 - 03_salesfc_deep_learning - DEBUG - Store 329: 765 sequences built.
2026-09-06 18:25:16 - 03_salesfc_deep_learning - DEBUG - Store 330: 765 sequences built.
2026-09-06 18:25:16 - 03_salesfc_deep_learning - DEBUG - Store 331: 765 sequences built.
2026-09-06 18:25:16 - 03_salesfc_deep_learning - DEBUG - Store 332: 766 sequences built.
2026-09-06 18:25:16 - 03_salesfc_deep_learning - DEBUG - Store 333: 770 sequences built.
2026-09-06 18:25:16 - 03_salesfc_deep_learning - DEBUG - Store 334: 765 sequences built.
2026-09-06 18:25:16 - 03_salesfc_deep_learning - DEBUG - Store 335: 928 sequences built.
2026-09-06 18:25:16 - 03_salesfc_deep_learning - DEBUG - Store 336: 766 sequences built.
2026-09-06 18:25:16 - 03_salesfc_deep_learning - DEBUG - Store 337: 767 sequences built.
2026-09-06 18:25:16 - 03_salesfc_deep_learning - DEBUG - Store 338: 767 sequences built.
2026-09-06 18:25:16 - 03_salesfc_deep_learning - DEBUG - Store 339: 742 sequences built.
2026-09-06 18:25:16 - 03_salesfc_deep_learning - DEBUG - Store 340: 770 sequences built.
2026-09-06 18:25:16 - 03_salesfc_deep_learning - DEBUG - Store 341: 765 sequences built.
2026-09-06 18:25:16 - 03_salesfc_deep_learning - DEBUG - Store 342: 607 sequences built.
2026-09-06 18:25:16 - 03_salesfc_deep_learning - DEBUG - Store 343: 765 sequences built.
2026-09-06 18:25:16 - 03_salesfc_deep_learning - DEBUG - Store 344: 770 sequences built.
2026-09-06 18:25:16 - 03_salesfc_deep_learning - DEBUG - Store 345: 608 sequences built.
2026-09-06 18:25:16 - 03_salesfc_deep_learning - DEBUG - Store 346: 765 sequences built.
2026-09-06 18:25:16 - 03_salesfc_deep_learning - DEBUG - Store 347: 763 sequences built.
2026-09-06 18:25:16 - 03_salesfc_deep_learning - DEBUG - Store 348: 583 sequences built.
2026-09-06 18:25:16 - 03_salesfc_deep_learning - DEBUG - Store 349: 686 sequences built.
2026-09-06 18:25:16 - 03_salesfc_deep_learning - DEBUG - Store 350: 767 sequences built.
2026-09-06 18:25:16 - 03_salesfc_deep_learning - DEBUG - Store 351: 765 sequences built.
2026-09-06 18:25:16 - 03_salesfc_deep_learning - DEBUG - Store 352: 770 sequences built.
2026-09-06 18:25:16 - 03_salesfc_deep_learning - DEBUG - Store 353: 917 sequences built.
2026-09-06 18:25:16 - 03_salesfc_deep_learning - DEBUG - Store 354: 765 sequences built.
2026-09-06 18:25:16 - 03_salesfc_deep_learning - DEBUG - Store 355: 770 sequences built.
2026-09-06 18:25:16 - 03_salesfc_deep_learning - DEBUG - Store 356: 763 sequences built.
2026-09-06 18:25:16 - 03_salesfc_deep_learning - DEBUG - Store 357: 754 sequences built.
2026-09-06 18:25:16 - 03_salesfc_deep_learning - DEBUG - Store 358: 765 sequences built.
2026-09-06 18:25:16 - 03_salesfc_deep_learning - DEBUG - Store 359: 765 sequences built.
2026-09-06 18:25:16 - 03_salesfc_deep_learning - DEBUG - Store 360: 770 sequences built.
2026-09-06 18:25:16 - 03_salesfc_deep_learning - DEBUG - Store 361: 766 sequences built.
2026-09-06 18:25:17 - 03_salesfc_deep_learning - DEBUG - Store 362: 767 sequences built.
2026-09-06 18:25:17 - 03_salesfc_deep_learning - DEBUG - Store 363: 770 sequences built.
2026-09-06 18:25:17 - 03_salesfc_deep_learning - DEBUG - Store 364: 757 sequences built.
2026-09-06 18:25:17 - 03_salesfc_deep_learning - DEBUG - Store 365: 607 sequences built.
2026-09-06 18:25:17 - 03_salesfc_deep_learning - DEBUG - Store 366: 766 sequences built.
2026-09-06 18:25:17 - 03_salesfc_deep_learning - DEBUG - Store 367: 770 sequences built.
2026-09-06 18:25:17 - 03_salesfc_deep_learning - DEBUG - Store 368: 763 sequences built.
2026-09-06 18:25:17 - 03_salesfc_deep_learning - DEBUG - Store 369: 767 sequences built.
2026-09-06 18:25:17 - 03_salesfc_deep_learning - DEBUG - Store 370: 765 sequences built.
2026-09-06 18:25:17 - 03_salesfc_deep_learning - DEBUG - Store 371: 767 sequences built.
2026-09-06 18:25:17 - 03_salesfc_deep_learning - DEBUG - Store 372: 765 sequences built.
2026-09-06 18:25:17 - 03_salesfc_deep_learning - DEBUG - Store 373: 763 sequences built.
2026-09-06 18:25:17 - 03_salesfc_deep_learning - DEBUG - Store 374: 770 sequences built.
2026-09-06 18:25:17 - 03_salesfc_deep_learning - DEBUG - Store 375: 766 sequences built.
2026-09-06 18:25:17 - 03_salesfc_deep_learning - DEBUG - Store 376: 760 sequences built.
2026-09-06 18:25:17 - 03_salesfc_deep_learning - DEBUG - Store 377: 770 sequences built.
2026-09-06 18:25:17 - 03_salesfc_deep_learning - DEBUG - Store 378: 765 sequences built.
2026-09-06 18:25:17 - 03_salesfc_deep_learning - DEBUG - Store 379: 770 sequences built.
2026-09-06 18:25:17 - 03_salesfc_deep_learning - DEBUG - Store 380: 765 sequences built.
2026-09-06 18:25:17 - 03_salesfc_deep_learning - DEBUG - Store 381: 766 sequences built.
2026-09-06 18:25:17 - 03_salesfc_deep_learning - DEBUG - Store 382: 766 sequences built.
2026-09-06 18:25:17 - 03_salesfc_deep_learning - DEBUG - Store 383: 766 sequences built.
2026-09-06 18:25:17 - 03_salesfc_deep_learning - DEBUG - Store 384: 768 sequences built.
2026-09-06 18:25:17 - 03_salesfc_deep_learning - DEBUG - Store 385: 608 sequences built.
2026-09-06 18:25:17 - 03_salesfc_deep_learning - DEBUG - Store 386: 765 sequences built.
2026-09-06 18:25:17 - 03_salesfc_deep_learning - DEBUG - Store 387: 752 sequences built.
2026-09-06 18:25:17 - 03_salesfc_deep_learning - DEBUG - Store 388: 765 sequences built.
2026-09-06 18:25:17 - 03_salesfc_deep_learning - DEBUG - Store 389: 770 sequences built.
2026-09-06 18:25:17 - 03_salesfc_deep_learning - DEBUG - Store 390: 766 sequences built.
2026-09-06 18:25:17 - 03_salesfc_deep_learning - DEBUG - Store 391: 754 sequences built.
2026-09-06 18:25:17 - 03_salesfc_deep_learning - DEBUG - Store 392: 765 sequences built.
2026-09-06 18:25:17 - 03_salesfc_deep_learning - DEBUG - Store 393: 765 sequences built.
2026-09-06 18:25:17 - 03_salesfc_deep_learning - DEBUG - Store 394: 767 sequences built.
2026-09-06 18:25:17 - 03_salesfc_deep_learning - DEBUG - Store 395: 765 sequences built.
2026-09-06 18:25:17 - 03_salesfc_deep_learning - DEBUG - Store 396: 766 sequences built.
2026-09-06 18:25:17 - 03_salesfc_deep_learning - DEBUG - Store 397: 765 sequences built.
2026-09-06 18:25:17 - 03_salesfc_deep_learning - DEBUG - Store 398: 770 sequences built.
2026-09-06 18:25:17 - 03_salesfc_deep_learning - DEBUG - Store 399: 608 sequences built.
2026-09-06 18:25:17 - 03_salesfc_deep_learning - DEBUG - Store 400: 768 sequences built.
2026-09-06 18:25:17 - 03_salesfc_deep_learning - DEBUG - Store 401: 766 sequences built.
2026-09-06 18:25:17 - 03_salesfc_deep_learning - DEBUG - Store 402: 766 sequences built.
2026-09-06 18:25:17 - 03_salesfc_deep_learning - DEBUG - Store 403: 765 sequences built.
2026-09-06 18:25:17 - 03_salesfc_deep_learning - DEBUG - Store 404: 745 sequences built.
2026-09-06 18:25:17 - 03_salesfc_deep_learning - DEBUG - Store 405: 765 sequences built.
2026-09-06 18:25:17 - 03_salesfc_deep_learning - DEBUG - Store 406: 765 sequences built.
2026-09-06 18:25:17 - 03_salesfc_deep_learning - DEBUG - Store 407: 608 sequences built.
2026-09-06 18:25:17 - 03_salesfc_deep_learning - DEBUG - Store 408: 763 sequences built.
2026-09-06 18:25:17 - 03_salesfc_deep_learning - DEBUG - Store 409: 767 sequences built.
2026-09-06 18:25:17 - 03_salesfc_deep_learning - DEBUG - Store 410: 765 sequences built.
2026-09-06 18:25:17 - 03_salesfc_deep_learning - DEBUG - Store 411: 767 sequences built.
2026-09-06 18:25:17 - 03_salesfc_deep_learning - DEBUG - Store 412: 608 sequences built.
2026-09-06 18:25:17 - 03_salesfc_deep_learning - DEBUG - Store 413: 608 sequences built.
2026-09-06 18:25:17 - 03_salesfc_deep_learning - DEBUG - Store 414: 767 sequences built.
2026-09-06 18:25:17 - 03_salesfc_deep_learning - DEBUG - Store 415: 766 sequences built.
2026-09-06 18:25:17 - 03_salesfc_deep_learning - DEBUG - Store 416: 770 sequences built.
2026-09-06 18:25:17 - 03_salesfc_deep_learning - DEBUG - Store 417: 765 sequences built.
2026-09-06 18:25:17 - 03_salesfc_deep_learning - DEBUG - Store 418: 762 sequences built.
2026-09-06 18:25:17 - 03_salesfc_deep_learning - DEBUG - Store 419: 770 sequences built.
2026-09-06 18:25:17 - 03_salesfc_deep_learning - DEBUG - Store 420: 608 sequences built.
2026-09-06 18:25:17 - 03_salesfc_deep_learning - DEBUG - Store 421: 770 sequences built.
2026-09-06 18:25:17 - 03_salesfc_deep_learning - DEBUG - Store 422: 770 sequences built.
2026-09-06 18:25:17 - 03_salesfc_deep_learning - DEBUG - Store 423: 928 sequences built.
2026-09-06 18:25:17 - 03_salesfc_deep_learning - DEBUG - Store 424: 765 sequences built.
2026-09-06 18:25:17 - 03_salesfc_deep_learning - DEBUG - Store 425: 762 sequences built.
2026-09-06 18:25:17 - 03_salesfc_deep_learning - DEBUG - Store 426: 765 sequences built.
2026-09-06 18:25:17 - 03_salesfc_deep_learning - DEBUG - Store 427: 609 sequences built.
2026-09-06 18:25:17 - 03_salesfc_deep_learning - DEBUG - Store 428: 608 sequences built.
2026-09-06 18:25:17 - 03_salesfc_deep_learning - DEBUG - Store 429: 608 sequences built.
2026-09-06 18:25:17 - 03_salesfc_deep_learning - DEBUG - Store 430: 608 sequences built.
2026-09-06 18:25:17 - 03_salesfc_deep_learning - DEBUG - Store 431: 765 sequences built.
2026-09-06 18:25:17 - 03_salesfc_deep_learning - DEBUG - Store 432: 770 sequences built.
2026-09-06 18:25:17 - 03_salesfc_deep_learning - DEBUG - Store 433: 848 sequences built.
2026-09-06 18:25:17 - 03_salesfc_deep_learning - DEBUG - Store 434: 608 sequences built.
2026-09-06 18:25:17 - 03_salesfc_deep_learning - DEBUG - Store 435: 765 sequences built.
2026-09-06 18:25:17 - 03_salesfc_deep_learning - DEBUG - Store 436: 766 sequences built.
2026-09-06 18:25:17 - 03_salesfc_deep_learning - DEBUG - Store 437: 766 sequences built.
2026-09-06 18:25:17 - 03_salesfc_deep_learning - DEBUG - Store 438: 766 sequences built.
2026-09-06 18:25:17 - 03_salesfc_deep_learning - DEBUG - Store 439: 770 sequences built.
2026-09-06 18:25:17 - 03_salesfc_deep_learning - DEBUG - Store 440: 763 sequences built.
2026-09-06 18:25:17 - 03_salesfc_deep_learning - DEBUG - Store 441: 765 sequences built.
2026-09-06 18:25:17 - 03_salesfc_deep_learning - DEBUG - Store 442: 763 sequences built.
2026-09-06 18:25:17 - 03_salesfc_deep_learning - DEBUG - Store 443: 766 sequences built.
2026-09-06 18:25:17 - 03_salesfc_deep_learning - DEBUG - Store 444: 763 sequences built.
2026-09-06 18:25:17 - 03_salesfc_deep_learning - DEBUG - Store 445: 762 sequences built.
2026-09-06 18:25:17 - 03_salesfc_deep_learning - DEBUG - Store 446: 765 sequences built.
2026-09-06 18:25:17 - 03_salesfc_deep_learning - DEBUG - Store 447: 770 sequences built.
2026-09-06 18:25:17 - 03_salesfc_deep_learning - DEBUG - Store 448: 765 sequences built.
2026-09-06 18:25:17 - 03_salesfc_deep_learning - DEBUG - Store 449: 767 sequences built.
2026-09-06 18:25:17 - 03_salesfc_deep_learning - DEBUG - Store 450: 763 sequences built.
2026-09-06 18:25:17 - 03_salesfc_deep_learning - DEBUG - Store 451: 767 sequences built.
2026-09-06 18:25:17 - 03_salesfc_deep_learning - DEBUG - Store 452: 770 sequences built.
2026-09-06 18:25:17 - 03_salesfc_deep_learning - DEBUG - Store 453: 873 sequences built.
2026-09-06 18:25:17 - 03_salesfc_deep_learning - DEBUG - Store 454: 766 sequences built.
2026-09-06 18:25:17 - 03_salesfc_deep_learning - DEBUG - Store 455: 763 sequences built.
2026-09-06 18:25:17 - 03_salesfc_deep_learning - DEBUG - Store 456: 765 sequences built.
2026-09-06 18:25:17 - 03_salesfc_deep_learning - DEBUG - Store 457: 608 sequences built.
2026-09-06 18:25:17 - 03_salesfc_deep_learning - DEBUG - Store 458: 767 sequences built.
2026-09-06 18:25:17 - 03_salesfc_deep_learning - DEBUG - Store 459: 770 sequences built.
2026-09-06 18:25:17 - 03_salesfc_deep_learning - DEBUG - Store 460: 766 sequences built.
2026-09-06 18:25:17 - 03_salesfc_deep_learning - DEBUG - Store 461: 763 sequences built.
2026-09-06 18:25:17 - 03_salesfc_deep_learning - DEBUG - Store 462: 766 sequences built.
2026-09-06 18:25:17 - 03_salesfc_deep_learning - DEBUG - Store 463: 765 sequences built.
2026-09-06 18:25:17 - 03_salesfc_deep_learning - DEBUG - Store 464: 770 sequences built.
2026-09-06 18:25:17 - 03_salesfc_deep_learning - DEBUG - Store 465: 767 sequences built.
2026-09-06 18:25:17 - 03_salesfc_deep_learning - DEBUG - Store 466: 765 sequences built.
2026-09-06 18:25:17 - 03_salesfc_deep_learning - DEBUG - Store 467: 765 sequences built.
2026-09-06 18:25:17 - 03_salesfc_deep_learning - DEBUG - Store 468: 770 sequences built.
2026-09-06 18:25:17 - 03_salesfc_deep_learning - DEBUG - Store 469: 770 sequences built.
2026-09-06 18:25:17 - 03_salesfc_deep_learning - DEBUG - Store 470: 762 sequences built.
2026-09-06 18:25:17 - 03_salesfc_deep_learning - DEBUG - Store 471: 608 sequences built.
2026-09-06 18:25:17 - 03_salesfc_deep_learning - DEBUG - Store 472: 770 sequences built.
2026-09-06 18:25:17 - 03_salesfc_deep_learning - DEBUG - Store 473: 765 sequences built.
2026-09-06 18:25:17 - 03_salesfc_deep_learning - DEBUG - Store 474: 768 sequences built.
2026-09-06 18:25:17 - 03_salesfc_deep_learning - DEBUG - Store 475: 762 sequences built.
2026-09-06 18:25:17 - 03_salesfc_deep_learning - DEBUG - Store 476: 766 sequences built.
2026-09-06 18:25:17 - 03_salesfc_deep_learning - DEBUG - Store 477: 608 sequences built.
2026-09-06 18:25:17 - 03_salesfc_deep_learning - DEBUG - Store 478: 770 sequences built.
2026-09-06 18:25:17 - 03_salesfc_deep_learning - DEBUG - Store 479: 768 sequences built.
2026-09-06 18:25:17 - 03_salesfc_deep_learning - DEBUG - Store 480: 770 sequences built.
2026-09-06 18:25:17 - 03_salesfc_deep_learning - DEBUG - Store 481: 767 sequences built.
2026-09-06 18:25:17 - 03_salesfc_deep_learning - DEBUG - Store 482: 768 sequences built.
2026-09-06 18:25:17 - 03_salesfc_deep_learning - DEBUG - Store 483: 766 sequences built.
2026-09-06 18:25:17 - 03_salesfc_deep_learning - DEBUG - Store 484: 770 sequences built.
2026-09-06 18:25:17 - 03_salesfc_deep_learning - DEBUG - Store 485: 608 sequences built.
2026-09-06 18:25:17 - 03_salesfc_deep_learning - DEBUG - Store 486: 765 sequences built.
2026-09-06 18:25:17 - 03_salesfc_deep_learning - DEBUG - Store 487: 770 sequences built.
2026-09-06 18:25:17 - 03_salesfc_deep_learning - DEBUG - Store 488: 770 sequences built.
2026-09-06 18:25:17 - 03_salesfc_deep_learning - DEBUG - Store 489: 766 sequences built.
2026-09-06 18:25:17 - 03_salesfc_deep_learning - DEBUG - Store 490: 608 sequences built.
2026-09-06 18:25:17 - 03_salesfc_deep_learning - DEBUG - Store 491: 763 sequences built.
2026-09-06 18:25:17 - 03_salesfc_deep_learning - DEBUG - Store 492: 600 sequences built.
2026-09-06 18:25:17 - 03_salesfc_deep_learning - DEBUG - Store 493: 765 sequences built.
2026-09-06 18:25:17 - 03_salesfc_deep_learning - DEBUG - Store 494: 928 sequences built.
2026-09-06 18:25:17 - 03_salesfc_deep_learning - DEBUG - Store 495: 763 sequences built.
2026-09-06 18:25:17 - 03_salesfc_deep_learning - DEBUG - Store 496: 770 sequences built.
2026-09-06 18:25:17 - 03_salesfc_deep_learning - DEBUG - Store 497: 767 sequences built.
2026-09-06 18:25:17 - 03_salesfc_deep_learning - DEBUG - Store 498: 608 sequences built.
2026-09-06 18:25:17 - 03_salesfc_deep_learning - DEBUG - Store 499: 763 sequences built.
2026-09-06 18:25:17 - 03_salesfc_deep_learning - DEBUG - Store 500: 608 sequences built.
2026-09-06 18:25:17 - 03_salesfc_deep_learning - DEBUG - Store 501: 608 sequences built.
2026-09-06 18:25:17 - 03_salesfc_deep_learning - DEBUG - Store 502: 760 sequences built.
2026-09-06 18:25:17 - 03_salesfc_deep_learning - DEBUG - Store 503: 766 sequences built.
2026-09-06 18:25:17 - 03_salesfc_deep_learning - DEBUG - Store 504: 770 sequences built.
2026-09-06 18:25:17 - 03_salesfc_deep_learning - DEBUG - Store 505: 763 sequences built.
2026-09-06 18:25:17 - 03_salesfc_deep_learning - DEBUG - Store 506: 765 sequences built.
2026-09-06 18:25:17 - 03_salesfc_deep_learning - DEBUG - Store 507: 765 sequences built.
2026-09-06 18:25:17 - 03_salesfc_deep_learning - DEBUG - Store 508: 762 sequences built.
2026-09-06 18:25:17 - 03_salesfc_deep_learning - DEBUG - Store 509: 767 sequences built.
2026-09-06 18:25:17 - 03_salesfc_deep_learning - DEBUG - Store 510: 765 sequences built.
2026-09-06 18:25:17 - 03_salesfc_deep_learning - DEBUG - Store 511: 770 sequences built.
2026-09-06 18:25:17 - 03_salesfc_deep_learning - DEBUG - Store 512: 731 sequences built.
2026-09-06 18:25:17 - 03_salesfc_deep_learning - DEBUG - Store 513: 770 sequences built.
2026-09-06 18:25:17 - 03_salesfc_deep_learning - DEBUG - Store 514: 608 sequences built.
2026-09-06 18:25:17 - 03_salesfc_deep_learning - DEBUG - Store 515: 765 sequences built.
2026-09-06 18:25:17 - 03_salesfc_deep_learning - DEBUG - Store 516: 765 sequences built.
2026-09-06 18:25:17 - 03_salesfc_deep_learning - DEBUG - Store 517: 745 sequences built.
2026-09-06 18:25:17 - 03_salesfc_deep_learning - DEBUG - Store 518: 609 sequences built.
2026-09-06 18:25:17 - 03_salesfc_deep_learning - DEBUG - Store 519: 770 sequences built.
2026-09-06 18:25:17 - 03_salesfc_deep_learning - DEBUG - Store 520: 770 sequences built.
2026-09-06 18:25:18 - 03_salesfc_deep_learning - DEBUG - Store 521: 765 sequences built.
2026-09-06 18:25:18 - 03_salesfc_deep_learning - DEBUG - Store 522: 609 sequences built.
2026-09-06 18:25:18 - 03_salesfc_deep_learning - DEBUG - Store 523: 770 sequences built.
2026-09-06 18:25:18 - 03_salesfc_deep_learning - DEBUG - Store 524: 867 sequences built.
2026-09-06 18:25:18 - 03_salesfc_deep_learning - DEBUG - Store 525: 769 sequences built.
2026-09-06 18:25:18 - 03_salesfc_deep_learning - DEBUG - Store 526: 768 sequences built.
2026-09-06 18:25:18 - 03_salesfc_deep_learning - DEBUG - Store 527: 767 sequences built.
2026-09-06 18:25:18 - 03_salesfc_deep_learning - DEBUG - Store 528: 765 sequences built.
2026-09-06 18:25:18 - 03_salesfc_deep_learning - DEBUG - Store 529: 770 sequences built.
2026-09-06 18:25:18 - 03_salesfc_deep_learning - DEBUG - Store 530: 892 sequences built.
2026-09-06 18:25:18 - 03_salesfc_deep_learning - DEBUG - Store 531: 770 sequences built.
2026-09-06 18:25:18 - 03_salesfc_deep_learning - DEBUG - Store 532: 765 sequences built.
2026-09-06 18:25:18 - 03_salesfc_deep_learning - DEBUG - Store 533: 763 sequences built.
2026-09-06 18:25:18 - 03_salesfc_deep_learning - DEBUG - Store 534: 609 sequences built.
2026-09-06 18:25:18 - 03_salesfc_deep_learning - DEBUG - Store 535: 765 sequences built.
2026-09-06 18:25:18 - 03_salesfc_deep_learning - DEBUG - Store 536: 765 sequences built.
2026-09-06 18:25:18 - 03_salesfc_deep_learning - DEBUG - Store 537: 763 sequences built.
2026-09-06 18:25:18 - 03_salesfc_deep_learning - DEBUG - Store 538: 770 sequences built.
2026-09-06 18:25:18 - 03_salesfc_deep_learning - DEBUG - Store 539: 608 sequences built.
2026-09-06 18:25:18 - 03_salesfc_deep_learning - DEBUG - Store 540: 608 sequences built.
2026-09-06 18:25:18 - 03_salesfc_deep_learning - DEBUG - Store 541: 765 sequences built.
2026-09-06 18:25:18 - 03_salesfc_deep_learning - DEBUG - Store 542: 608 sequences built.
2026-09-06 18:25:18 - 03_salesfc_deep_learning - DEBUG - Store 543: 767 sequences built.
2026-09-06 18:25:18 - 03_salesfc_deep_learning - DEBUG - Store 544: 766 sequences built.
2026-09-06 18:25:18 - 03_salesfc_deep_learning - DEBUG - Store 545: 765 sequences built.
2026-09-06 18:25:18 - 03_salesfc_deep_learning - DEBUG - Store 546: 770 sequences built.
2026-09-06 18:25:18 - 03_salesfc_deep_learning - DEBUG - Store 547: 608 sequences built.
2026-09-06 18:25:18 - 03_salesfc_deep_learning - DEBUG - Store 548: 755 sequences built.
2026-09-06 18:25:18 - 03_salesfc_deep_learning - DEBUG - Store 549: 770 sequences built.
2026-09-06 18:25:18 - 03_salesfc_deep_learning - DEBUG - Store 550: 767 sequences built.
2026-09-06 18:25:18 - 03_salesfc_deep_learning - DEBUG - Store 551: 770 sequences built.
2026-09-06 18:25:18 - 03_salesfc_deep_learning - DEBUG - Store 552: 767 sequences built.
2026-09-06 18:25:18 - 03_salesfc_deep_learning - DEBUG - Store 553: 763 sequences built.
2026-09-06 18:25:18 - 03_salesfc_deep_learning - DEBUG - Store 554: 770 sequences built.
2026-09-06 18:25:18 - 03_salesfc_deep_learning - DEBUG - Store 555: 609 sequences built.
2026-09-06 18:25:18 - 03_salesfc_deep_learning - DEBUG - Store 556: 769 sequences built.
2026-09-06 18:25:18 - 03_salesfc_deep_learning - DEBUG - Store 557: 764 sequences built.
2026-09-06 18:25:18 - 03_salesfc_deep_learning - DEBUG - Store 558: 770 sequences built.
2026-09-06 18:25:18 - 03_salesfc_deep_learning - DEBUG - Store 559: 766 sequences built.
2026-09-06 18:25:18 - 03_salesfc_deep_learning - DEBUG - Store 560: 733 sequences built.
2026-09-06 18:25:18 - 03_salesfc_deep_learning - DEBUG - Store 561: 765 sequences built.
2026-09-06 18:25:18 - 03_salesfc_deep_learning - DEBUG - Store 562: 928 sequences built.
2026-09-06 18:25:18 - 03_salesfc_deep_learning - DEBUG - Store 563: 762 sequences built.
2026-09-06 18:25:18 - 03_salesfc_deep_learning - DEBUG - Store 564: 765 sequences built.
2026-09-06 18:25:18 - 03_salesfc_deep_learning - DEBUG - Store 565: 765 sequences built.
2026-09-06 18:25:18 - 03_salesfc_deep_learning - DEBUG - Store 566: 770 sequences built.
2026-09-06 18:25:18 - 03_salesfc_deep_learning - DEBUG - Store 567: 765 sequences built.
2026-09-06 18:25:18 - 03_salesfc_deep_learning - DEBUG - Store 568: 767 sequences built.
2026-09-06 18:25:18 - 03_salesfc_deep_learning - DEBUG - Store 569: 770 sequences built.
2026-09-06 18:25:18 - 03_salesfc_deep_learning - DEBUG - Store 570: 765 sequences built.
2026-09-06 18:25:18 - 03_salesfc_deep_learning - DEBUG - Store 571: 608 sequences built.
2026-09-06 18:25:18 - 03_salesfc_deep_learning - DEBUG - Store 572: 762 sequences built.
2026-09-06 18:25:18 - 03_salesfc_deep_learning - DEBUG - Store 573: 608 sequences built.
2026-09-06 18:25:18 - 03_salesfc_deep_learning - DEBUG - Store 574: 763 sequences built.
2026-09-06 18:25:18 - 03_salesfc_deep_learning - DEBUG - Store 575: 609 sequences built.
2026-09-06 18:25:18 - 03_salesfc_deep_learning - DEBUG - Store 576: 770 sequences built.
2026-09-06 18:25:18 - 03_salesfc_deep_learning - DEBUG - Store 577: 770 sequences built.
2026-09-06 18:25:18 - 03_salesfc_deep_learning - DEBUG - Store 578: 887 sequences built.
2026-09-06 18:25:18 - 03_salesfc_deep_learning - DEBUG - Store 579: 765 sequences built.
2026-09-06 18:25:18 - 03_salesfc_deep_learning - DEBUG - Store 580: 770 sequences built.
2026-09-06 18:25:18 - 03_salesfc_deep_learning - DEBUG - Store 581: 765 sequences built.
2026-09-06 18:25:18 - 03_salesfc_deep_learning - DEBUG - Store 582: 768 sequences built.
2026-09-06 18:25:18 - 03_salesfc_deep_learning - DEBUG - Store 583: 766 sequences built.
2026-09-06 18:25:18 - 03_salesfc_deep_learning - DEBUG - Store 584: 767 sequences built.
2026-09-06 18:25:18 - 03_salesfc_deep_learning - DEBUG - Store 585: 770 sequences built.
2026-09-06 18:25:18 - 03_salesfc_deep_learning - DEBUG - Store 586: 762 sequences built.
2026-09-06 18:25:18 - 03_salesfc_deep_learning - DEBUG - Store 587: 609 sequences built.
2026-09-06 18:25:18 - 03_salesfc_deep_learning - DEBUG - Store 588: 770 sequences built.
2026-09-06 18:25:18 - 03_salesfc_deep_learning - DEBUG - Store 589: 743 sequences built.
2026-09-06 18:25:18 - 03_salesfc_deep_learning - DEBUG - Store 590: 763 sequences built.
2026-09-06 18:25:18 - 03_salesfc_deep_learning - DEBUG - Store 591: 763 sequences built.
2026-09-06 18:25:18 - 03_salesfc_deep_learning - DEBUG - Store 592: 765 sequences built.
2026-09-06 18:25:18 - 03_salesfc_deep_learning - DEBUG - Store 593: 770 sequences built.
2026-09-06 18:25:18 - 03_salesfc_deep_learning - DEBUG - Store 594: 770 sequences built.
2026-09-06 18:25:18 - 03_salesfc_deep_learning - DEBUG - Store 595: 770 sequences built.
2026-09-06 18:25:18 - 03_salesfc_deep_learning - DEBUG - Store 596: 770 sequences built.
2026-09-06 18:25:18 - 03_salesfc_deep_learning - DEBUG - Store 597: 765 sequences built.
2026-09-06 18:25:18 - 03_salesfc_deep_learning - DEBUG - Store 598: 608 sequences built.
2026-09-06 18:25:18 - 03_salesfc_deep_learning - DEBUG - Store 599: 770 sequences built.
2026-09-06 18:25:18 - 03_salesfc_deep_learning - DEBUG - Store 600: 770 sequences built.
2026-09-06 18:25:18 - 03_salesfc_deep_learning - DEBUG - Store 601: 767 sequences built.
2026-09-06 18:25:18 - 03_salesfc_deep_learning - DEBUG - Store 602: 767 sequences built.
2026-09-06 18:25:18 - 03_salesfc_deep_learning - DEBUG - Store 603: 750 sequences built.
2026-09-06 18:25:18 - 03_salesfc_deep_learning - DEBUG - Store 604: 608 sequences built.
2026-09-06 18:25:18 - 03_salesfc_deep_learning - DEBUG - Store 605: 764 sequences built.
2026-09-06 18:25:18 - 03_salesfc_deep_learning - DEBUG - Store 606: 770 sequences built.
2026-09-06 18:25:18 - 03_salesfc_deep_learning - DEBUG - Store 607: 768 sequences built.
2026-09-06 18:25:18 - 03_salesfc_deep_learning - DEBUG - Store 608: 766 sequences built.
2026-09-06 18:25:18 - 03_salesfc_deep_learning - DEBUG - Store 609: 770 sequences built.
2026-09-06 18:25:18 - 03_salesfc_deep_learning - DEBUG - Store 610: 765 sequences built.
2026-09-06 18:25:18 - 03_salesfc_deep_learning - DEBUG - Store 611: 608 sequences built.
2026-09-06 18:25:18 - 03_salesfc_deep_learning - DEBUG - Store 612: 609 sequences built.
2026-09-06 18:25:18 - 03_salesfc_deep_learning - DEBUG - Store 613: 768 sequences built.
2026-09-06 18:25:18 - 03_salesfc_deep_learning - DEBUG - Store 614: 766 sequences built.
2026-09-06 18:25:18 - 03_salesfc_deep_learning - DEBUG - Store 615: 767 sequences built.
2026-09-06 18:25:18 - 03_salesfc_deep_learning - DEBUG - Store 616: 765 sequences built.
2026-09-06 18:25:18 - 03_salesfc_deep_learning - DEBUG - Store 617: 766 sequences built.
2026-09-06 18:25:18 - 03_salesfc_deep_learning - DEBUG - Store 618: 767 sequences built.
2026-09-06 18:25:18 - 03_salesfc_deep_learning - DEBUG - Store 619: 608 sequences built.
2026-09-06 18:25:18 - 03_salesfc_deep_learning - DEBUG - Store 620: 608 sequences built.
2026-09-06 18:25:18 - 03_salesfc_deep_learning - DEBUG - Store 621: 765 sequences built.
2026-09-06 18:25:18 - 03_salesfc_deep_learning - DEBUG - Store 622: 770 sequences built.
2026-09-06 18:25:18 - 03_salesfc_deep_learning - DEBUG - Store 623: 754 sequences built.
2026-09-06 18:25:18 - 03_salesfc_deep_learning - DEBUG - Store 624: 765 sequences built.
2026-09-06 18:25:18 - 03_salesfc_deep_learning - DEBUG - Store 625: 765 sequences built.
2026-09-06 18:25:18 - 03_salesfc_deep_learning - DEBUG - Store 626: 766 sequences built.
2026-09-06 18:25:18 - 03_salesfc_deep_learning - DEBUG - Store 627: 767 sequences built.
2026-09-06 18:25:18 - 03_salesfc_deep_learning - DEBUG - Store 628: 770 sequences built.
2026-09-06 18:25:18 - 03_salesfc_deep_learning - DEBUG - Store 629: 608 sequences built.
2026-09-06 18:25:18 - 03_salesfc_deep_learning - DEBUG - Store 630: 765 sequences built.
2026-09-06 18:25:18 - 03_salesfc_deep_learning - DEBUG - Store 631: 770 sequences built.
2026-09-06 18:25:18 - 03_salesfc_deep_learning - DEBUG - Store 632: 770 sequences built.
2026-09-06 18:25:18 - 03_salesfc_deep_learning - DEBUG - Store 633: 608 sequences built.
2026-09-06 18:25:18 - 03_salesfc_deep_learning - DEBUG - Store 634: 766 sequences built.
2026-09-06 18:25:18 - 03_salesfc_deep_learning - DEBUG - Store 635: 766 sequences built.
2026-09-06 18:25:18 - 03_salesfc_deep_learning - DEBUG - Store 636: 609 sequences built.
2026-09-06 18:25:18 - 03_salesfc_deep_learning - DEBUG - Store 637: 608 sequences built.
2026-09-06 18:25:18 - 03_salesfc_deep_learning - DEBUG - Store 638: 604 sequences built.
2026-09-06 18:25:18 - 03_salesfc_deep_learning - DEBUG - Store 639: 765 sequences built.
2026-09-06 18:25:18 - 03_salesfc_deep_learning - DEBUG - Store 640: 765 sequences built.
2026-09-06 18:25:18 - 03_salesfc_deep_learning - DEBUG - Store 641: 765 sequences built.
2026-09-06 18:25:18 - 03_salesfc_deep_learning - DEBUG - Store 642: 765 sequences built.
2026-09-06 18:25:18 - 03_salesfc_deep_learning - DEBUG - Store 643: 770 sequences built.
2026-09-06 18:25:18 - 03_salesfc_deep_learning - DEBUG - Store 644: 578 sequences built.
2026-09-06 18:25:18 - 03_salesfc_deep_learning - DEBUG - Store 645: 763 sequences built.
2026-09-06 18:25:18 - 03_salesfc_deep_learning - DEBUG - Store 646: 608 sequences built.
2026-09-06 18:25:18 - 03_salesfc_deep_learning - DEBUG - Store 647: 770 sequences built.
2026-09-06 18:25:18 - 03_salesfc_deep_learning - DEBUG - Store 648: 770 sequences built.
2026-09-06 18:25:18 - 03_salesfc_deep_learning - DEBUG - Store 649: 766 sequences built.
2026-09-06 18:25:18 - 03_salesfc_deep_learning - DEBUG - Store 650: 608 sequences built.
2026-09-06 18:25:18 - 03_salesfc_deep_learning - DEBUG - Store 651: 765 sequences built.
2026-09-06 18:25:18 - 03_salesfc_deep_learning - DEBUG - Store 652: 768 sequences built.
2026-09-06 18:25:18 - 03_salesfc_deep_learning - DEBUG - Store 653: 765 sequences built.
2026-09-06 18:25:18 - 03_salesfc_deep_learning - DEBUG - Store 654: 766 sequences built.
2026-09-06 18:25:18 - 03_salesfc_deep_learning - DEBUG - Store 655: 765 sequences built.
2026-09-06 18:25:18 - 03_salesfc_deep_learning - DEBUG - Store 656: 767 sequences built.
2026-09-06 18:25:18 - 03_salesfc_deep_learning - DEBUG - Store 657: 762 sequences built.
2026-09-06 18:25:18 - 03_salesfc_deep_learning - DEBUG - Store 658: 765 sequences built.
2026-09-06 18:25:18 - 03_salesfc_deep_learning - DEBUG - Store 659: 767 sequences built.
2026-09-06 18:25:18 - 03_salesfc_deep_learning - DEBUG - Store 660: 608 sequences built.
2026-09-06 18:25:18 - 03_salesfc_deep_learning - DEBUG - Store 661: 755 sequences built.
2026-09-06 18:25:18 - 03_salesfc_deep_learning - DEBUG - Store 662: 770 sequences built.
2026-09-06 18:25:18 - 03_salesfc_deep_learning - DEBUG - Store 663: 743 sequences built.
2026-09-06 18:25:18 - 03_salesfc_deep_learning - DEBUG - Store 664: 766 sequences built.
2026-09-06 18:25:18 - 03_salesfc_deep_learning - DEBUG - Store 665: 761 sequences built.
2026-09-06 18:25:18 - 03_salesfc_deep_learning - DEBUG - Store 666: 763 sequences built.
2026-09-06 18:25:18 - 03_salesfc_deep_learning - DEBUG - Store 667: 769 sequences built.
2026-09-06 18:25:18 - 03_salesfc_deep_learning - DEBUG - Store 668: 770 sequences built.
2026-09-06 18:25:18 - 03_salesfc_deep_learning - DEBUG - Store 669: 608 sequences built.
2026-09-06 18:25:18 - 03_salesfc_deep_learning - DEBUG - Store 670: 607 sequences built.
2026-09-06 18:25:18 - 03_salesfc_deep_learning - DEBUG - Store 671: 608 sequences built.
2026-09-06 18:25:18 - 03_salesfc_deep_learning - DEBUG - Store 672: 766 sequences built.
2026-09-06 18:25:18 - 03_salesfc_deep_learning - DEBUG - Store 673: 763 sequences built.
2026-09-06 18:25:18 - 03_salesfc_deep_learning - DEBUG - Store 674: 732 sequences built.
2026-09-06 18:25:18 - 03_salesfc_deep_learning - DEBUG - Store 675: 767 sequences built.
2026-09-06 18:25:18 - 03_salesfc_deep_learning - DEBUG - Store 676: 904 sequences built.
2026-09-06 18:25:18 - 03_salesfc_deep_learning - DEBUG - Store 677: 608 sequences built.
2026-09-06 18:25:18 - 03_salesfc_deep_learning - DEBUG - Store 678: 765 sequences built.
2026-09-06 18:25:18 - 03_salesfc_deep_learning - DEBUG - Store 679: 770 sequences built.
2026-09-06 18:25:18 - 03_salesfc_deep_learning - DEBUG - Store 680: 770 sequences built.
2026-09-06 18:25:18 - 03_salesfc_deep_learning - DEBUG - Store 681: 753 sequences built.
2026-09-06 18:25:18 - 03_salesfc_deep_learning - DEBUG - Store 682: 928 sequences built.
2026-09-06 18:25:18 - 03_salesfc_deep_learning - DEBUG - Store 683: 770 sequences built.
2026-09-06 18:25:18 - 03_salesfc_deep_learning - DEBUG - Store 684: 608 sequences built.
2026-09-06 18:25:18 - 03_salesfc_deep_learning - DEBUG - Store 685: 765 sequences built.
2026-09-06 18:25:18 - 03_salesfc_deep_learning - DEBUG - Store 686: 766 sequences built.
2026-09-06 18:25:18 - 03_salesfc_deep_learning - DEBUG - Store 687: 765 sequences built.
2026-09-06 18:25:18 - 03_salesfc_deep_learning - DEBUG - Store 688: 766 sequences built.
2026-09-06 18:25:18 - 03_salesfc_deep_learning - DEBUG - Store 689: 767 sequences built.
2026-09-06 18:25:18 - 03_salesfc_deep_learning - DEBUG - Store 690: 765 sequences built.
2026-09-06 18:25:18 - 03_salesfc_deep_learning - DEBUG - Store 691: 765 sequences built.
2026-09-06 18:25:18 - 03_salesfc_deep_learning - DEBUG - Store 692: 765 sequences built.
2026-09-06 18:25:18 - 03_salesfc_deep_learning - DEBUG - Store 693: 767 sequences built.
2026-09-06 18:25:18 - 03_salesfc_deep_learning - DEBUG - Store 694: 608 sequences built.
2026-09-06 18:25:18 - 03_salesfc_deep_learning - DEBUG - Store 695: 765 sequences built.
2026-09-06 18:25:18 - 03_salesfc_deep_learning - DEBUG - Store 696: 770 sequences built.
2026-09-06 18:25:18 - 03_salesfc_deep_learning - DEBUG - Store 697: 765 sequences built.
2026-09-06 18:25:18 - 03_salesfc_deep_learning - DEBUG - Store 698: 770 sequences built.
2026-09-06 18:25:18 - 03_salesfc_deep_learning - DEBUG - Store 699: 752 sequences built.
2026-09-06 18:25:18 - 03_salesfc_deep_learning - DEBUG - Store 700: 743 sequences built.
2026-09-06 18:25:18 - 03_salesfc_deep_learning - DEBUG - Store 701: 608 sequences built.
2026-09-06 18:25:18 - 03_salesfc_deep_learning - DEBUG - Store 702: 608 sequences built.
2026-09-06 18:25:18 - 03_salesfc_deep_learning - DEBUG - Store 703: 765 sequences built.
2026-09-06 18:25:18 - 03_salesfc_deep_learning - DEBUG - Store 704: 769 sequences built.
2026-09-06 18:25:18 - 03_salesfc_deep_learning - DEBUG - Store 705: 765 sequences built.
2026-09-06 18:25:18 - 03_salesfc_deep_learning - DEBUG - Store 706: 608 sequences built.
2026-09-06 18:25:18 - 03_salesfc_deep_learning - DEBUG - Store 707: 765 sequences built.
2026-09-06 18:25:18 - 03_salesfc_deep_learning - DEBUG - Store 708: 674 sequences built.
2026-09-06 18:25:18 - 03_salesfc_deep_learning - DEBUG - Store 709: 770 sequences built.
2026-09-06 18:25:19 - 03_salesfc_deep_learning - DEBUG - Store 710: 608 sequences built.
2026-09-06 18:25:19 - 03_salesfc_deep_learning - DEBUG - Store 711: 609 sequences built.
2026-09-06 18:25:19 - 03_salesfc_deep_learning - DEBUG - Store 712: 608 sequences built.
2026-09-06 18:25:19 - 03_salesfc_deep_learning - DEBUG - Store 713: 765 sequences built.
2026-09-06 18:25:19 - 03_salesfc_deep_learning - DEBUG - Store 714: 763 sequences built.
2026-09-06 18:25:19 - 03_salesfc_deep_learning - DEBUG - Store 715: 762 sequences built.
2026-09-06 18:25:19 - 03_salesfc_deep_learning - DEBUG - Store 716: 608 sequences built.
2026-09-06 18:25:19 - 03_salesfc_deep_learning - DEBUG - Store 717: 765 sequences built.
2026-09-06 18:25:19 - 03_salesfc_deep_learning - DEBUG - Store 718: 767 sequences built.
2026-09-06 18:25:19 - 03_salesfc_deep_learning - DEBUG - Store 719: 608 sequences built.
2026-09-06 18:25:19 - 03_salesfc_deep_learning - DEBUG - Store 720: 770 sequences built.
2026-09-06 18:25:19 - 03_salesfc_deep_learning - DEBUG - Store 721: 770 sequences built.
2026-09-06 18:25:19 - 03_salesfc_deep_learning - DEBUG - Store 722: 770 sequences built.
2026-09-06 18:25:19 - 03_salesfc_deep_learning - DEBUG - Store 723: 767 sequences built.
2026-09-06 18:25:19 - 03_salesfc_deep_learning - DEBUG - Store 724: 765 sequences built.
2026-09-06 18:25:19 - 03_salesfc_deep_learning - DEBUG - Store 725: 770 sequences built.
2026-09-06 18:25:19 - 03_salesfc_deep_learning - DEBUG - Store 726: 766 sequences built.
2026-09-06 18:25:19 - 03_salesfc_deep_learning - DEBUG - Store 727: 767 sequences built.
2026-09-06 18:25:19 - 03_salesfc_deep_learning - DEBUG - Store 728: 763 sequences built.
2026-09-06 18:25:19 - 03_salesfc_deep_learning - DEBUG - Store 729: 765 sequences built.
2026-09-06 18:25:19 - 03_salesfc_deep_learning - DEBUG - Store 730: 770 sequences built.
2026-09-06 18:25:19 - 03_salesfc_deep_learning - DEBUG - Store 731: 762 sequences built.
2026-09-06 18:25:19 - 03_salesfc_deep_learning - DEBUG - Store 732: 869 sequences built.
2026-09-06 18:25:19 - 03_salesfc_deep_learning - DEBUG - Store 733: 928 sequences built.
2026-09-06 18:25:19 - 03_salesfc_deep_learning - DEBUG - Store 734: 765 sequences built.
2026-09-06 18:25:19 - 03_salesfc_deep_learning - DEBUG - Store 735: 766 sequences built.
2026-09-06 18:25:19 - 03_salesfc_deep_learning - DEBUG - Store 736: 608 sequences built.
2026-09-06 18:25:19 - 03_salesfc_deep_learning - DEBUG - Store 737: 765 sequences built.
2026-09-06 18:25:19 - 03_salesfc_deep_learning - DEBUG - Store 738: 765 sequences built.
2026-09-06 18:25:19 - 03_salesfc_deep_learning - DEBUG - Store 739: 608 sequences built.
2026-09-06 18:25:19 - 03_salesfc_deep_learning - DEBUG - Store 740: 767 sequences built.
2026-09-06 18:25:19 - 03_salesfc_deep_learning - DEBUG - Store 741: 770 sequences built.
2026-09-06 18:25:19 - 03_salesfc_deep_learning - DEBUG - Store 742: 765 sequences built.
2026-09-06 18:25:19 - 03_salesfc_deep_learning - DEBUG - Store 743: 766 sequences built.
2026-09-06 18:25:19 - 03_salesfc_deep_learning - DEBUG - Store 744: 591 sequences built.
2026-09-06 18:25:19 - 03_salesfc_deep_learning - DEBUG - Store 745: 766 sequences built.
2026-09-06 18:25:19 - 03_salesfc_deep_learning - DEBUG - Store 746: 767 sequences built.
2026-09-06 18:25:19 - 03_salesfc_deep_learning - DEBUG - Store 747: 766 sequences built.
2026-09-06 18:25:19 - 03_salesfc_deep_learning - DEBUG - Store 748: 765 sequences built.
2026-09-06 18:25:19 - 03_salesfc_deep_learning - DEBUG - Store 749: 765 sequences built.
2026-09-06 18:25:19 - 03_salesfc_deep_learning - DEBUG - Store 750: 608 sequences built.
2026-09-06 18:25:19 - 03_salesfc_deep_learning - DEBUG - Store 751: 765 sequences built.
2026-09-06 18:25:19 - 03_salesfc_deep_learning - DEBUG - Store 752: 765 sequences built.
2026-09-06 18:25:19 - 03_salesfc_deep_learning - DEBUG - Store 753: 765 sequences built.
2026-09-06 18:25:19 - 03_salesfc_deep_learning - DEBUG - Store 754: 768 sequences built.
2026-09-06 18:25:19 - 03_salesfc_deep_learning - DEBUG - Store 755: 767 sequences built.
2026-09-06 18:25:19 - 03_salesfc_deep_learning - DEBUG - Store 756: 765 sequences built.
2026-09-06 18:25:19 - 03_salesfc_deep_learning - DEBUG - Store 757: 763 sequences built.
2026-09-06 18:25:19 - 03_salesfc_deep_learning - DEBUG - Store 758: 760 sequences built.
2026-09-06 18:25:19 - 03_salesfc_deep_learning - DEBUG - Store 759: 765 sequences built.
2026-09-06 18:25:19 - 03_salesfc_deep_learning - DEBUG - Store 760: 763 sequences built.
2026-09-06 18:25:19 - 03_salesfc_deep_learning - DEBUG - Store 761: 770 sequences built.
2026-09-06 18:25:19 - 03_salesfc_deep_learning - DEBUG - Store 762: 749 sequences built.
2026-09-06 18:25:19 - 03_salesfc_deep_learning - DEBUG - Store 763: 770 sequences built.
2026-09-06 18:25:19 - 03_salesfc_deep_learning - DEBUG - Store 764: 753 sequences built.
2026-09-06 18:25:19 - 03_salesfc_deep_learning - DEBUG - Store 765: 763 sequences built.
2026-09-06 18:25:19 - 03_salesfc_deep_learning - DEBUG - Store 766: 608 sequences built.
2026-09-06 18:25:19 - 03_salesfc_deep_learning - DEBUG - Store 767: 770 sequences built.
2026-09-06 18:25:19 - 03_salesfc_deep_learning - DEBUG - Store 768: 770 sequences built.
2026-09-06 18:25:19 - 03_salesfc_deep_learning - DEBUG - Store 769: 928 sequences built.
2026-09-06 18:25:19 - 03_salesfc_deep_learning - DEBUG - Store 770: 765 sequences built.
2026-09-06 18:25:19 - 03_salesfc_deep_learning - DEBUG - Store 771: 608 sequences built.
2026-09-06 18:25:19 - 03_salesfc_deep_learning - DEBUG - Store 772: 769 sequences built.
2026-09-06 18:25:19 - 03_salesfc_deep_learning - DEBUG - Store 773: 767 sequences built.
2026-09-06 18:25:19 - 03_salesfc_deep_learning - DEBUG - Store 774: 770 sequences built.
2026-09-06 18:25:19 - 03_salesfc_deep_learning - DEBUG - Store 775: 608 sequences built.
2026-09-06 18:25:19 - 03_salesfc_deep_learning - DEBUG - Store 776: 762 sequences built.
2026-09-06 18:25:19 - 03_salesfc_deep_learning - DEBUG - Store 777: 765 sequences built.
2026-09-06 18:25:19 - 03_salesfc_deep_learning - DEBUG - Store 778: 608 sequences built.
2026-09-06 18:25:19 - 03_salesfc_deep_learning - DEBUG - Store 779: 766 sequences built.
2026-09-06 18:25:19 - 03_salesfc_deep_learning - DEBUG - Store 780: 766 sequences built.
2026-09-06 18:25:19 - 03_salesfc_deep_learning - DEBUG - Store 781: 766 sequences built.
2026-09-06 18:25:19 - 03_salesfc_deep_learning - DEBUG - Store 782: 765 sequences built.
2026-09-06 18:25:19 - 03_salesfc_deep_learning - DEBUG - Store 783: 768 sequences built.
2026-09-06 18:25:19 - 03_salesfc_deep_learning - DEBUG - Store 784: 765 sequences built.
2026-09-06 18:25:19 - 03_salesfc_deep_learning - DEBUG - Store 785: 765 sequences built.
2026-09-06 18:25:19 - 03_salesfc_deep_learning - DEBUG - Store 786: 766 sequences built.
2026-09-06 18:25:19 - 03_salesfc_deep_learning - DEBUG - Store 787: 766 sequences built.
2026-09-06 18:25:19 - 03_salesfc_deep_learning - DEBUG - Store 788: 770 sequences built.
2026-09-06 18:25:19 - 03_salesfc_deep_learning - DEBUG - Store 789: 763 sequences built.
2026-09-06 18:25:19 - 03_salesfc_deep_learning - DEBUG - Store 790: 767 sequences built.
2026-09-06 18:25:19 - 03_salesfc_deep_learning - DEBUG - Store 791: 765 sequences built.
2026-09-06 18:25:19 - 03_salesfc_deep_learning - DEBUG - Store 792: 765 sequences built.
2026-09-06 18:25:19 - 03_salesfc_deep_learning - DEBUG - Store 793: 765 sequences built.
2026-09-06 18:25:19 - 03_salesfc_deep_learning - DEBUG - Store 794: 766 sequences built.
2026-09-06 18:25:19 - 03_salesfc_deep_learning - DEBUG - Store 795: 765 sequences built.
2026-09-06 18:25:19 - 03_salesfc_deep_learning - DEBUG - Store 796: 765 sequences built.
2026-09-06 18:25:19 - 03_salesfc_deep_learning - DEBUG - Store 797: 608 sequences built.
2026-09-06 18:25:19 - 03_salesfc_deep_learning - DEBUG - Store 798: 766 sequences built.
2026-09-06 18:25:19 - 03_salesfc_deep_learning - DEBUG - Store 799: 765 sequences built.
2026-09-06 18:25:19 - 03_salesfc_deep_learning - DEBUG - Store 800: 765 sequences built.
2026-09-06 18:25:19 - 03_salesfc_deep_learning - DEBUG - Store 801: 770 sequences built.
2026-09-06 18:25:19 - 03_salesfc_deep_learning - DEBUG - Store 802: 770 sequences built.
2026-09-06 18:25:19 - 03_salesfc_deep_learning - DEBUG - Store 803: 755 sequences built.
2026-09-06 18:25:19 - 03_salesfc_deep_learning - DEBUG - Store 804: 608 sequences built.
2026-09-06 18:25:19 - 03_salesfc_deep_learning - DEBUG - Store 805: 608 sequences built.
2026-09-06 18:25:19 - 03_salesfc_deep_learning - DEBUG - Store 806: 608 sequences built.
2026-09-06 18:25:19 - 03_salesfc_deep_learning - DEBUG - Store 807: 767 sequences built.
2026-09-06 18:25:19 - 03_salesfc_deep_learning - DEBUG - Store 808: 766 sequences built.
2026-09-06 18:25:19 - 03_salesfc_deep_learning - DEBUG - Store 809: 765 sequences built.
2026-09-06 18:25:19 - 03_salesfc_deep_learning - DEBUG - Store 810: 765 sequences built.
2026-09-06 18:25:19 - 03_salesfc_deep_learning - DEBUG - Store 811: 770 sequences built.
2026-09-06 18:25:19 - 03_salesfc_deep_learning - DEBUG - Store 812: 766 sequences built.
2026-09-06 18:25:19 - 03_salesfc_deep_learning - DEBUG - Store 813: 763 sequences built.
2026-09-06 18:25:19 - 03_salesfc_deep_learning - DEBUG - Store 814: 768 sequences built.
2026-09-06 18:25:19 - 03_salesfc_deep_learning - DEBUG - Store 815: 608 sequences built.
2026-09-06 18:25:19 - 03_salesfc_deep_learning - DEBUG - Store 816: 765 sequences built.
2026-09-06 18:25:19 - 03_salesfc_deep_learning - DEBUG - Store 817: 770 sequences built.
2026-09-06 18:25:19 - 03_salesfc_deep_learning - DEBUG - Store 818: 767 sequences built.
2026-09-06 18:25:19 - 03_salesfc_deep_learning - DEBUG - Store 819: 770 sequences built.
2026-09-06 18:25:19 - 03_salesfc_deep_learning - DEBUG - Store 820: 608 sequences built.
2026-09-06 18:25:19 - 03_salesfc_deep_learning - DEBUG - Store 821: 770 sequences built.
2026-09-06 18:25:19 - 03_salesfc_deep_learning - DEBUG - Store 822: 770 sequences built.
2026-09-06 18:25:19 - 03_salesfc_deep_learning - DEBUG - Store 823: 770 sequences built.
2026-09-06 18:25:19 - 03_salesfc_deep_learning - DEBUG - Store 824: 770 sequences built.
2026-09-06 18:25:19 - 03_salesfc_deep_learning - DEBUG - Store 825: 608 sequences built.
2026-09-06 18:25:19 - 03_salesfc_deep_learning - DEBUG - Store 826: 762 sequences built.
2026-09-06 18:25:19 - 03_salesfc_deep_learning - DEBUG - Store 827: 769 sequences built.
2026-09-06 18:25:19 - 03_salesfc_deep_learning - DEBUG - Store 828: 766 sequences built.
2026-09-06 18:25:19 - 03_salesfc_deep_learning - DEBUG - Store 829: 767 sequences built.
2026-09-06 18:25:19 - 03_salesfc_deep_learning - DEBUG - Store 830: 766 sequences built.
2026-09-06 18:25:19 - 03_salesfc_deep_learning - DEBUG - Store 831: 765 sequences built.
2026-09-06 18:25:19 - 03_salesfc_deep_learning - DEBUG - Store 832: 767 sequences built.
2026-09-06 18:25:19 - 03_salesfc_deep_learning - DEBUG - Store 833: 765 sequences built.
2026-09-06 18:25:19 - 03_salesfc_deep_learning - DEBUG - Store 834: 770 sequences built.
2026-09-06 18:25:19 - 03_salesfc_deep_learning - DEBUG - Store 835: 755 sequences built.
2026-09-06 18:25:19 - 03_salesfc_deep_learning - DEBUG - Store 836: 766 sequences built.
2026-09-06 18:25:19 - 03_salesfc_deep_learning - DEBUG - Store 837: 737 sequences built.
2026-09-06 18:25:19 - 03_salesfc_deep_learning - DEBUG - Store 838: 768 sequences built.
2026-09-06 18:25:19 - 03_salesfc_deep_learning - DEBUG - Store 839: 770 sequences built.
2026-09-06 18:25:19 - 03_salesfc_deep_learning - DEBUG - Store 840: 770 sequences built.
2026-09-06 18:25:19 - 03_salesfc_deep_learning - DEBUG - Store 841: 766 sequences built.
2026-09-06 18:25:19 - 03_salesfc_deep_learning - DEBUG - Store 842: 608 sequences built.
2026-09-06 18:25:19 - 03_salesfc_deep_learning - DEBUG - Store 843: 770 sequences built.
2026-09-06 18:25:19 - 03_salesfc_deep_learning - DEBUG - Store 844: 765 sequences built.
2026-09-06 18:25:19 - 03_salesfc_deep_learning - DEBUG - Store 845: 762 sequences built.
2026-09-06 18:25:19 - 03_salesfc_deep_learning - DEBUG - Store 846: 765 sequences built.
2026-09-06 18:25:19 - 03_salesfc_deep_learning - DEBUG - Store 847: 762 sequences built.
2026-09-06 18:25:19 - 03_salesfc_deep_learning - DEBUG - Store 848: 749 sequences built.
2026-09-06 18:25:19 - 03_salesfc_deep_learning - DEBUG - Store 849: 770 sequences built.
2026-09-06 18:25:19 - 03_salesfc_deep_learning - DEBUG - Store 850: 759 sequences built.
2026-09-06 18:25:19 - 03_salesfc_deep_learning - DEBUG - Store 851: 608 sequences built.
2026-09-06 18:25:19 - 03_salesfc_deep_learning - DEBUG - Store 852: 767 sequences built.
2026-09-06 18:25:19 - 03_salesfc_deep_learning - DEBUG - Store 853: 763 sequences built.
2026-09-06 18:25:19 - 03_salesfc_deep_learning - DEBUG - Store 854: 766 sequences built.
2026-09-06 18:25:19 - 03_salesfc_deep_learning - DEBUG - Store 855: 763 sequences built.
2026-09-06 18:25:19 - 03_salesfc_deep_learning - DEBUG - Store 856: 770 sequences built.
2026-09-06 18:25:19 - 03_salesfc_deep_learning - DEBUG - Store 857: 767 sequences built.
2026-09-06 18:25:19 - 03_salesfc_deep_learning - DEBUG - Store 858: 608 sequences built.
2026-09-06 18:25:19 - 03_salesfc_deep_learning - DEBUG - Store 859: 608 sequences built.
2026-09-06 18:25:19 - 03_salesfc_deep_learning - DEBUG - Store 860: 768 sequences built.
2026-09-06 18:25:19 - 03_salesfc_deep_learning - DEBUG - Store 861: 750 sequences built.
2026-09-06 18:25:19 - 03_salesfc_deep_learning - DEBUG - Store 862: 770 sequences built.
2026-09-06 18:25:19 - 03_salesfc_deep_learning - DEBUG - Store 863: 873 sequences built.
2026-09-06 18:25:19 - 03_salesfc_deep_learning - DEBUG - Store 864: 763 sequences built.
2026-09-06 18:25:19 - 03_salesfc_deep_learning - DEBUG - Store 865: 765 sequences built.
2026-09-06 18:25:19 - 03_salesfc_deep_learning - DEBUG - Store 866: 767 sequences built.
2026-09-06 18:25:19 - 03_salesfc_deep_learning - DEBUG - Store 867: 866 sequences built.
2026-09-06 18:25:19 - 03_salesfc_deep_learning - DEBUG - Store 868: 767 sequences built.
2026-09-06 18:25:19 - 03_salesfc_deep_learning - DEBUG - Store 869: 766 sequences built.
2026-09-06 18:25:19 - 03_salesfc_deep_learning - DEBUG - Store 870: 758 sequences built.
2026-09-06 18:25:19 - 03_salesfc_deep_learning - DEBUG - Store 871: 767 sequences built.
2026-09-06 18:25:19 - 03_salesfc_deep_learning - DEBUG - Store 872: 765 sequences built.
2026-09-06 18:25:19 - 03_salesfc_deep_learning - DEBUG - Store 873: 766 sequences built.
2026-09-06 18:25:19 - 03_salesfc_deep_learning - DEBUG - Store 874: 770 sequences built.
2026-09-06 18:25:19 - 03_salesfc_deep_learning - DEBUG - Store 875: 765 sequences built.
2026-09-06 18:25:19 - 03_salesfc_deep_learning - DEBUG - Store 876: 752 sequences built.
2026-09-06 18:25:19 - 03_salesfc_deep_learning - DEBUG - Store 877: 792 sequences built.
2026-09-06 18:25:19 - 03_salesfc_deep_learning - DEBUG - Store 878: 766 sequences built.
2026-09-06 18:25:19 - 03_salesfc_deep_learning - DEBUG - Store 879: 608 sequences built.
2026-09-06 18:25:19 - 03_salesfc_deep_learning - DEBUG - Store 880: 763 sequences built.
2026-09-06 18:25:19 - 03_salesfc_deep_learning - DEBUG - Store 881: 765 sequences built.
2026-09-06 18:25:19 - 03_salesfc_deep_learning - DEBUG - Store 882: 755 sequences built.
2026-09-06 18:25:19 - 03_salesfc_deep_learning - DEBUG - Store 883: 765 sequences built.
2026-09-06 18:25:19 - 03_salesfc_deep_learning - DEBUG - Store 884: 608 sequences built.
2026-09-06 18:25:19 - 03_salesfc_deep_learning - DEBUG - Store 885: 762 sequences built.
2026-09-06 18:25:19 - 03_salesfc_deep_learning - DEBUG - Store 886: 765 sequences built.
2026-09-06 18:25:19 - 03_salesfc_deep_learning - DEBUG - Store 887: 758 sequences built.
2026-09-06 18:25:19 - 03_salesfc_deep_learning - DEBUG - Store 888: 770 sequences built.
2026-09-06 18:25:19 - 03_salesfc_deep_learning - DEBUG - Store 889: 766 sequences built.
2026-09-06 18:25:19 - 03_salesfc_deep_learning - DEBUG - Store 890: 608 sequences built.
2026-09-06 18:25:19 - 03_salesfc_deep_learning - DEBUG - Store 891: 762 sequences built.
2026-09-06 18:25:19 - 03_salesfc_deep_learning - DEBUG - Store 892: 766 sequences built.
2026-09-06 18:25:19 - 03_salesfc_deep_learning - DEBUG - Store 893: 608 sequences built.
2026-09-06 18:25:19 - 03_salesfc_deep_learning - DEBUG - Store 894: 757 sequences built.
2026-09-06 18:25:19 - 03_salesfc_deep_learning - DEBUG - Store 895: 763 sequences built.
2026-09-06 18:25:19 - 03_salesfc_deep_learning - DEBUG - Store 896: 770 sequences built.
2026-09-06 18:25:19 - 03_salesfc_deep_learning - DEBUG - Store 897: 764 sequences built.
2026-09-06 18:25:19 - 03_salesfc_deep_learning - DEBUG - Store 898: 768 sequences built.
2026-09-06 18:25:19 - 03_salesfc_deep_learning - DEBUG - Store 899: 766 sequences built.
2026-09-06 18:25:19 - 03_salesfc_deep_learning - DEBUG - Store 900: 608 sequences built.
2026-09-06 18:25:19 - 03_salesfc_deep_learning - DEBUG - Store 901: 770 sequences built.
2026-09-06 18:25:19 - 03_salesfc_deep_learning - DEBUG - Store 902: 608 sequences built.
2026-09-06 18:25:19 - 03_salesfc_deep_learning - DEBUG - Store 903: 608 sequences built.
2026-09-06 18:25:19 - 03_salesfc_deep_learning - DEBUG - Store 904: 608 sequences built.
2026-09-06 18:25:19 - 03_salesfc_deep_learning - DEBUG - Store 905: 765 sequences built.
2026-09-06 18:25:19 - 03_salesfc_deep_learning - DEBUG - Store 906: 767 sequences built.
2026-09-06 18:25:19 - 03_salesfc_deep_learning - DEBUG - Store 907: 765 sequences built.
2026-09-06 18:25:19 - 03_salesfc_deep_learning - DEBUG - Store 908: 767 sequences built.
2026-09-06 18:25:19 - 03_salesfc_deep_learning - DEBUG - Store 909: 593 sequences built.
2026-09-06 18:25:19 - 03_salesfc_deep_learning - DEBUG - Store 910: 766 sequences built.
2026-09-06 18:25:19 - 03_salesfc_deep_learning - DEBUG - Store 911: 770 sequences built.
2026-09-06 18:25:19 - 03_salesfc_deep_learning - DEBUG - Store 912: 770 sequences built.
2026-09-06 18:25:19 - 03_salesfc_deep_learning - DEBUG - Store 913: 762 sequences built.
2026-09-06 18:25:19 - 03_salesfc_deep_learning - DEBUG - Store 914: 770 sequences built.
2026-09-06 18:25:19 - 03_salesfc_deep_learning - DEBUG - Store 915: 608 sequences built.
2026-09-06 18:25:19 - 03_salesfc_deep_learning - DEBUG - Store 916: 762 sequences built.
2026-09-06 18:25:19 - 03_salesfc_deep_learning - DEBUG - Store 917: 765 sequences built.
2026-09-06 18:25:19 - 03_salesfc_deep_learning - DEBUG - Store 918: 766 sequences built.
2026-09-06 18:25:19 - 03_salesfc_deep_learning - DEBUG - Store 919: 607 sequences built.
2026-09-06 18:25:19 - 03_salesfc_deep_learning - DEBUG - Store 920: 608 sequences built.
2026-09-06 18:25:19 - 03_salesfc_deep_learning - DEBUG - Store 921: 766 sequences built.
2026-09-06 18:25:20 - 03_salesfc_deep_learning - DEBUG - Store 922: 761 sequences built.
2026-09-06 18:25:20 - 03_salesfc_deep_learning - DEBUG - Store 923: 770 sequences built.
2026-09-06 18:25:20 - 03_salesfc_deep_learning - DEBUG - Store 924: 765 sequences built.
2026-09-06 18:25:20 - 03_salesfc_deep_learning - DEBUG - Store 925: 755 sequences built.
2026-09-06 18:25:20 - 03_salesfc_deep_learning - DEBUG - Store 926: 765 sequences built.
2026-09-06 18:25:20 - 03_salesfc_deep_learning - DEBUG - Store 927: 758 sequences built.
2026-09-06 18:25:20 - 03_salesfc_deep_learning - DEBUG - Store 928: 765 sequences built.
2026-09-06 18:25:20 - 03_salesfc_deep_learning - DEBUG - Store 929: 770 sequences built.
2026-09-06 18:25:20 - 03_salesfc_deep_learning - DEBUG - Store 930: 765 sequences built.
2026-09-06 18:25:20 - 03_salesfc_deep_learning - DEBUG - Store 931: 861 sequences built.
2026-09-06 18:25:20 - 03_salesfc_deep_learning - DEBUG - Store 932: 609 sequences built.
2026-09-06 18:25:20 - 03_salesfc_deep_learning - DEBUG - Store 933: 766 sequences built.
2026-09-06 18:25:20 - 03_salesfc_deep_learning - DEBUG - Store 934: 765 sequences built.
2026-09-06 18:25:20 - 03_salesfc_deep_learning - DEBUG - Store 935: 770 sequences built.
2026-09-06 18:25:20 - 03_salesfc_deep_learning - DEBUG - Store 936: 765 sequences built.
2026-09-06 18:25:20 - 03_salesfc_deep_learning - DEBUG - Store 937: 767 sequences built.
2026-09-06 18:25:20 - 03_salesfc_deep_learning - DEBUG - Store 938: 770 sequences built.
2026-09-06 18:25:20 - 03_salesfc_deep_learning - DEBUG - Store 939: 765 sequences built.
2026-09-06 18:25:20 - 03_salesfc_deep_learning - DEBUG - Store 940: 766 sequences built.
2026-09-06 18:25:20 - 03_salesfc_deep_learning - DEBUG - Store 941: 608 sequences built.
2026-09-06 18:25:20 - 03_salesfc_deep_learning - DEBUG - Store 942: 767 sequences built.
2026-09-06 18:25:20 - 03_salesfc_deep_learning - DEBUG - Store 943: 765 sequences built.
2026-09-06 18:25:20 - 03_salesfc_deep_learning - DEBUG - Store 944: 770 sequences built.
2026-09-06 18:25:20 - 03_salesfc_deep_learning - DEBUG - Store 945: 770 sequences built.
2026-09-06 18:25:20 - 03_salesfc_deep_learning - DEBUG - Store 946: 765 sequences built.
2026-09-06 18:25:20 - 03_salesfc_deep_learning - DEBUG - Store 947: 757 sequences built.
2026-09-06 18:25:20 - 03_salesfc_deep_learning - DEBUG - Store 948: 914 sequences built.
2026-09-06 18:25:20 - 03_salesfc_deep_learning - DEBUG - Store 949: 770 sequences built.
2026-09-06 18:25:20 - 03_salesfc_deep_learning - DEBUG - Store 950: 761 sequences built.
2026-09-06 18:25:20 - 03_salesfc_deep_learning - DEBUG - Store 951: 765 sequences built.
2026-09-06 18:25:20 - 03_salesfc_deep_learning - DEBUG - Store 952: 608 sequences built.
2026-09-06 18:25:20 - 03_salesfc_deep_learning - DEBUG - Store 953: 768 sequences built.
2026-09-06 18:25:20 - 03_salesfc_deep_learning - DEBUG - Store 954: 765 sequences built.
2026-09-06 18:25:20 - 03_salesfc_deep_learning - DEBUG - Store 955: 765 sequences built.
2026-09-06 18:25:20 - 03_salesfc_deep_learning - DEBUG - Store 956: 762 sequences built.
2026-09-06 18:25:20 - 03_salesfc_deep_learning - DEBUG - Store 957: 770 sequences built.
2026-09-06 18:25:20 - 03_salesfc_deep_learning - DEBUG - Store 958: 770 sequences built.
2026-09-06 18:25:20 - 03_salesfc_deep_learning - DEBUG - Store 959: 770 sequences built.
2026-09-06 18:25:20 - 03_salesfc_deep_learning - DEBUG - Store 960: 767 sequences built.
2026-09-06 18:25:20 - 03_salesfc_deep_learning - DEBUG - Store 961: 765 sequences built.
2026-09-06 18:25:20 - 03_salesfc_deep_learning - DEBUG - Store 962: 752 sequences built.
2026-09-06 18:25:20 - 03_salesfc_deep_learning - DEBUG - Store 963: 765 sequences built.
2026-09-06 18:25:20 - 03_salesfc_deep_learning - DEBUG - Store 964: 758 sequences built.
2026-09-06 18:25:20 - 03_salesfc_deep_learning - DEBUG - Store 965: 767 sequences built.
2026-09-06 18:25:20 - 03_salesfc_deep_learning - DEBUG - Store 966: 765 sequences built.
2026-09-06 18:25:20 - 03_salesfc_deep_learning - DEBUG - Store 967: 765 sequences built.
2026-09-06 18:25:20 - 03_salesfc_deep_learning - DEBUG - Store 968: 766 sequences built.
2026-09-06 18:25:20 - 03_salesfc_deep_learning - DEBUG - Store 969: 741 sequences built.
2026-09-06 18:25:20 - 03_salesfc_deep_learning - DEBUG - Store 970: 767 sequences built.
2026-09-06 18:25:20 - 03_salesfc_deep_learning - DEBUG - Store 971: 759 sequences built.
2026-09-06 18:25:20 - 03_salesfc_deep_learning - DEBUG - Store 972: 688 sequences built.
2026-09-06 18:25:20 - 03_salesfc_deep_learning - DEBUG - Store 973: 765 sequences built.
2026-09-06 18:25:20 - 03_salesfc_deep_learning - DEBUG - Store 974: 608 sequences built.
2026-09-06 18:25:20 - 03_salesfc_deep_learning - DEBUG - Store 975: 765 sequences built.
2026-09-06 18:25:20 - 03_salesfc_deep_learning - DEBUG - Store 976: 765 sequences built.
2026-09-06 18:25:20 - 03_salesfc_deep_learning - DEBUG - Store 977: 609 sequences built.
2026-09-06 18:25:20 - 03_salesfc_deep_learning - DEBUG - Store 978: 766 sequences built.
2026-09-06 18:25:20 - 03_salesfc_deep_learning - DEBUG - Store 979: 768 sequences built.
2026-09-06 18:25:20 - 03_salesfc_deep_learning - DEBUG - Store 980: 765 sequences built.
2026-09-06 18:25:20 - 03_salesfc_deep_learning - DEBUG - Store 981: 766 sequences built.
2026-09-06 18:25:20 - 03_salesfc_deep_learning - DEBUG - Store 982: 766 sequences built.
2026-09-06 18:25:20 - 03_salesfc_deep_learning - DEBUG - Store 983: 760 sequences built.
2026-09-06 18:25:20 - 03_salesfc_deep_learning - DEBUG - Store 984: 762 sequences built.
2026-09-06 18:25:20 - 03_salesfc_deep_learning - DEBUG - Store 985: 763 sequences built.
2026-09-06 18:25:20 - 03_salesfc_deep_learning - DEBUG - Store 986: 758 sequences built.
2026-09-06 18:25:20 - 03_salesfc_deep_learning - DEBUG - Store 987: 770 sequences built.
2026-09-06 18:25:20 - 03_salesfc_deep_learning - DEBUG - Store 988: 770 sequences built.
2026-09-06 18:25:20 - 03_salesfc_deep_learning - DEBUG - Store 989: 608 sequences built.
2026-09-06 18:25:20 - 03_salesfc_deep_learning - DEBUG - Store 990: 766 sequences built.
2026-09-06 18:25:20 - 03_salesfc_deep_learning - DEBUG - Store 991: 765 sequences built.
2026-09-06 18:25:20 - 03_salesfc_deep_learning - DEBUG - Store 992: 765 sequences built.
2026-09-06 18:25:20 - 03_salesfc_deep_learning - DEBUG - Store 993: 766 sequences built.
2026-09-06 18:25:20 - 03_salesfc_deep_learning - DEBUG - Store 994: 765 sequences built.
2026-09-06 18:25:20 - 03_salesfc_deep_learning - DEBUG - Store 995: 766 sequences built.
2026-09-06 18:25:20 - 03_salesfc_deep_learning - DEBUG - Store 996: 753 sequences built.
2026-09-06 18:25:20 - 03_salesfc_deep_learning - DEBUG - Store 997: 767 sequences built.
2026-09-06 18:25:20 - 03_salesfc_deep_learning - DEBUG - Store 998: 763 sequences built.
2026-09-06 18:25:20 - 03_salesfc_deep_learning - DEBUG - Store 999: 766 sequences built.
2026-09-06 18:25:20 - 03_salesfc_deep_learning - DEBUG - Store 1000: 608 sequences built.
2026-09-06 18:25:20 - 03_salesfc_deep_learning - DEBUG - Store 1001: 768 sequences built.
2026-09-06 18:25:20 - 03_salesfc_deep_learning - DEBUG - Store 1002: 770 sequences built.
2026-09-06 18:25:20 - 03_salesfc_deep_learning - DEBUG - Store 1003: 765 sequences built.
2026-09-06 18:25:20 - 03_salesfc_deep_learning - DEBUG - Store 1004: 608 sequences built.
2026-09-06 18:25:20 - 03_salesfc_deep_learning - DEBUG - Store 1005: 765 sequences built.
2026-09-06 18:25:20 - 03_salesfc_deep_learning - DEBUG - Store 1006: 766 sequences built.
2026-09-06 18:25:20 - 03_salesfc_deep_learning - DEBUG - Store 1007: 770 sequences built.
2026-09-06 18:25:20 - 03_salesfc_deep_learning - DEBUG - Store 1008: 770 sequences built.
2026-09-06 18:25:20 - 03_salesfc_deep_learning - DEBUG - Store 1009: 608 sequences built.
2026-09-06 18:25:20 - 03_salesfc_deep_learning - DEBUG - Store 1010: 770 sequences built.
2026-09-06 18:25:20 - 03_salesfc_deep_learning - DEBUG - Store 1011: 765 sequences built.
2026-09-06 18:25:20 - 03_salesfc_deep_learning - DEBUG - Store 1012: 608 sequences built.
2026-09-06 18:25:20 - 03_salesfc_deep_learning - DEBUG - Store 1013: 765 sequences built.
2026-09-06 18:25:20 - 03_salesfc_deep_learning - DEBUG - Store 1014: 765 sequences built.
2026-09-06 18:25:20 - 03_salesfc_deep_learning - DEBUG - Store 1015: 765 sequences built.
2026-09-06 18:25:20 - 03_salesfc_deep_learning - DEBUG - Store 1016: 765 sequences built.
2026-09-06 18:25:20 - 03_salesfc_deep_learning - DEBUG - Store 1017: 755 sequences built.
2026-09-06 18:25:20 - 03_salesfc_deep_learning - DEBUG - Store 1018: 768 sequences built.
2026-09-06 18:25:20 - 03_salesfc_deep_learning - DEBUG - Store 1019: 609 sequences built.
2026-09-06 18:25:20 - 03_salesfc_deep_learning - DEBUG - Store 1020: 767 sequences built.
2026-09-06 18:25:20 - 03_salesfc_deep_learning - DEBUG - Store 1021: 756 sequences built.
2026-09-06 18:25:20 - 03_salesfc_deep_learning - DEBUG - Store 1022: 765 sequences built.
2026-09-06 18:25:20 - 03_salesfc_deep_learning - DEBUG - Store 1023: 766 sequences built.
2026-09-06 18:25:20 - 03_salesfc_deep_learning - DEBUG - Store 1024: 770 sequences built.
2026-09-06 18:25:20 - 03_salesfc_deep_learning - DEBUG - Store 1025: 762 sequences built.
2026-09-06 18:25:20 - 03_salesfc_deep_learning - DEBUG - Store 1026: 765 sequences built.
2026-09-06 18:25:20 - 03_salesfc_deep_learning - DEBUG - Store 1027: 609 sequences built.
2026-09-06 18:25:20 - 03_salesfc_deep_learning - DEBUG - Store 1028: 765 sequences built.
2026-09-06 18:25:20 - 03_salesfc_deep_learning - DEBUG - Store 1029: 766 sequences built.
2026-09-06 18:25:20 - 03_salesfc_deep_learning - DEBUG - Store 1030: 766 sequences built.
2026-09-06 18:25:20 - 03_salesfc_deep_learning - DEBUG - Store 1031: 765 sequences built.
2026-09-06 18:25:20 - 03_salesfc_deep_learning - DEBUG - Store 1032: 766 sequences built.
2026-09-06 18:25:20 - 03_salesfc_deep_learning - DEBUG - Store 1033: 770 sequences built.
2026-09-06 18:25:20 - 03_salesfc_deep_learning - DEBUG - Store 1034: 766 sequences built.
2026-09-06 18:25:20 - 03_salesfc_deep_learning - DEBUG - Store 1035: 766 sequences built.
2026-09-06 18:25:20 - 03_salesfc_deep_learning - DEBUG - Store 1036: 765 sequences built.
2026-09-06 18:25:20 - 03_salesfc_deep_learning - DEBUG - Store 1037: 766 sequences built.
2026-09-06 18:25:20 - 03_salesfc_deep_learning - DEBUG - Store 1038: 608 sequences built.
2026-09-06 18:25:20 - 03_salesfc_deep_learning - DEBUG - Store 1039: 757 sequences built.
2026-09-06 18:25:20 - 03_salesfc_deep_learning - DEBUG - Store 1040: 765 sequences built.
2026-09-06 18:25:20 - 03_salesfc_deep_learning - DEBUG - Store 1041: 608 sequences built.
2026-09-06 18:25:20 - 03_salesfc_deep_learning - DEBUG - Store 1042: 765 sequences built.
2026-09-06 18:25:20 - 03_salesfc_deep_learning - DEBUG - Store 1043: 766 sequences built.
2026-09-06 18:25:20 - 03_salesfc_deep_learning - DEBUG - Store 1044: 763 sequences built.
2026-09-06 18:25:20 - 03_salesfc_deep_learning - DEBUG - Store 1045: 869 sequences built.
2026-09-06 18:25:20 - 03_salesfc_deep_learning - DEBUG - Store 1046: 766 sequences built.
2026-09-06 18:25:20 - 03_salesfc_deep_learning - DEBUG - Store 1047: 762 sequences built.
2026-09-06 18:25:20 - 03_salesfc_deep_learning - DEBUG - Store 1048: 769 sequences built.
2026-09-06 18:25:20 - 03_salesfc_deep_learning - DEBUG - Store 1049: 608 sequences built.
2026-09-06 18:25:20 - 03_salesfc_deep_learning - DEBUG - Store 1050: 767 sequences built.
2026-09-06 18:25:20 - 03_salesfc_deep_learning - DEBUG - Store 1051: 752 sequences built.
2026-09-06 18:25:20 - 03_salesfc_deep_learning - DEBUG - Store 1052: 765 sequences built.
2026-09-06 18:25:20 - 03_salesfc_deep_learning - DEBUG - Store 1053: 770 sequences built.
2026-09-06 18:25:20 - 03_salesfc_deep_learning - DEBUG - Store 1054: 770 sequences built.
2026-09-06 18:25:20 - 03_salesfc_deep_learning - DEBUG - Store 1055: 769 sequences built.
2026-09-06 18:25:20 - 03_salesfc_deep_learning - DEBUG - Store 1056: 609 sequences built.
2026-09-06 18:25:20 - 03_salesfc_deep_learning - DEBUG - Store 1057: 770 sequences built.
2026-09-06 18:25:20 - 03_salesfc_deep_learning - DEBUG - Store 1058: 765 sequences built.
2026-09-06 18:25:20 - 03_salesfc_deep_learning - DEBUG - Store 1059: 770 sequences built.
2026-09-06 18:25:20 - 03_salesfc_deep_learning - DEBUG - Store 1060: 765 sequences built.
2026-09-06 18:25:20 - 03_salesfc_deep_learning - DEBUG - Store 1061: 763 sequences built.
2026-09-06 18:25:20 - 03_salesfc_deep_learning - DEBUG - Store 1062: 765 sequences built.
2026-09-06 18:25:20 - 03_salesfc_deep_learning - DEBUG - Store 1063: 770 sequences built.
2026-09-06 18:25:20 - 03_salesfc_deep_learning - DEBUG - Store 1064: 765 sequences built.
2026-09-06 18:25:20 - 03_salesfc_deep_learning - DEBUG - Store 1065: 608 sequences built.
2026-09-06 18:25:20 - 03_salesfc_deep_learning - DEBUG - Store 1066: 765 sequences built.
2026-09-06 18:25:20 - 03_salesfc_deep_learning - DEBUG - Store 1067: 608 sequences built.
2026-09-06 18:25:20 - 03_salesfc_deep_learning - DEBUG - Store 1068: 763 sequences built.
2026-09-06 18:25:20 - 03_salesfc_deep_learning - DEBUG - Store 1069: 768 sequences built.
2026-09-06 18:25:20 - 03_salesfc_deep_learning - DEBUG - Store 1070: 770 sequences built.
2026-09-06 18:25:20 - 03_salesfc_deep_learning - DEBUG - Store 1071: 770 sequences built.
2026-09-06 18:25:20 - 03_salesfc_deep_learning - DEBUG - Store 1072: 765 sequences built.
2026-09-06 18:25:20 - 03_salesfc_deep_learning - DEBUG - Store 1073: 765 sequences built.
2026-09-06 18:25:20 - 03_salesfc_deep_learning - DEBUG - Store 1074: 766 sequences built.
2026-09-06 18:25:20 - 03_salesfc_deep_learning - DEBUG - Store 1075: 770 sequences built.
2026-09-06 18:25:20 - 03_salesfc_deep_learning - DEBUG - Store 1076: 765 sequences built.
2026-09-06 18:25:20 - 03_salesfc_deep_learning - DEBUG - Store 1077: 765 sequences built.
2026-09-06 18:25:20 - 03_salesfc_deep_learning - DEBUG - Store 1078: 763 sequences built.
2026-09-06 18:25:20 - 03_salesfc_deep_learning - DEBUG - Store 1079: 767 sequences built.
2026-09-06 18:25:20 - 03_salesfc_deep_learning - DEBUG - Store 1080: 608 sequences built.
2026-09-06 18:25:20 - 03_salesfc_deep_learning - DEBUG - Store 1081: 743 sequences built.
2026-09-06 18:25:20 - 03_salesfc_deep_learning - DEBUG - Store 1082: 766 sequences built.
2026-09-06 18:25:20 - 03_salesfc_deep_learning - DEBUG - Store 1083: 767 sequences built.
2026-09-06 18:25:20 - 03_salesfc_deep_learning - DEBUG - Store 1084: 768 sequences built.
2026-09-06 18:25:20 - 03_salesfc_deep_learning - DEBUG - Store 1085: 770 sequences built.
2026-09-06 18:25:20 - 03_salesfc_deep_learning - DEBUG - Store 1086: 767 sequences built.
2026-09-06 18:25:20 - 03_salesfc_deep_learning - DEBUG - Store 1087: 770 sequences built.
2026-09-06 18:25:20 - 03_salesfc_deep_learning - DEBUG - Store 1088: 765 sequences built.
2026-09-06 18:25:20 - 03_salesfc_deep_learning - DEBUG - Store 1089: 765 sequences built.
2026-09-06 18:25:20 - 03_salesfc_deep_learning - DEBUG - Store 1090: 766 sequences built.
2026-09-06 18:25:20 - 03_salesfc_deep_learning - DEBUG - Store 1091: 770 sequences built.
2026-09-06 18:25:20 - 03_salesfc_deep_learning - DEBUG - Store 1092: 608 sequences built.
2026-09-06 18:25:20 - 03_salesfc_deep_learning - DEBUG - Store 1093: 766 sequences built.
2026-09-06 18:25:20 - 03_salesfc_deep_learning - DEBUG - Store 1094: 608 sequences built.
2026-09-06 18:25:20 - 03_salesfc_deep_learning - DEBUG - Store 1095: 768 sequences built.
2026-09-06 18:25:20 - 03_salesfc_deep_learning - DEBUG - Store 1096: 765 sequences built.
2026-09-06 18:25:20 - 03_salesfc_deep_learning - DEBUG - Store 1097: 928 sequences built.
2026-09-06 18:25:20 - 03_salesfc_deep_learning - DEBUG - Store 1098: 766 sequences built.
2026-09-06 18:25:20 - 03_salesfc_deep_learning - DEBUG - Store 1099: 879 sequences built.
2026-09-06 18:25:20 - 03_salesfc_deep_learning - DEBUG - Store 1100: 757 sequences built.
2026-09-06 18:25:20 - 03_salesfc_deep_learning - DEBUG - Store 1101: 770 sequences built.
2026-09-06 18:25:21 - 03_salesfc_deep_learning - DEBUG - Store 1102: 608 sequences built.
2026-09-06 18:25:21 - 03_salesfc_deep_learning - DEBUG - Store 1103: 767 sequences built.
2026-09-06 18:25:21 - 03_salesfc_deep_learning - DEBUG - Store 1104: 608 sequences built.
2026-09-06 18:25:21 - 03_salesfc_deep_learning - DEBUG - Store 1105: 765 sequences built.
2026-09-06 18:25:21 - 03_salesfc_deep_learning - DEBUG - Store 1106: 770 sequences built.
2026-09-06 18:25:21 - 03_salesfc_deep_learning - DEBUG - Store 1107: 609 sequences built.
2026-09-06 18:25:21 - 03_salesfc_deep_learning - DEBUG - Store 1108: 766 sequences built.
2026-09-06 18:25:21 - 03_salesfc_deep_learning - DEBUG - Store 1109: 608 sequences built.
2026-09-06 18:25:21 - 03_salesfc_deep_learning - DEBUG - Store 1110: 769 sequences built.
2026-09-06 18:25:21 - 03_salesfc_deep_learning - DEBUG - Store 1111: 765 sequences built.
2026-09-06 18:25:21 - 03_salesfc_deep_learning - DEBUG - Store 1112: 765 sequences built.
2026-09-06 18:25:21 - 03_salesfc_deep_learning - DEBUG - Store 1113: 770 sequences built.
2026-09-06 18:25:21 - 03_salesfc_deep_learning - DEBUG - Store 1114: 770 sequences built.
2026-09-06 18:25:21 - 03_salesfc_deep_learning - DEBUG - Store 1115: 767 sequences built.
2026-09-06 18:25:33 - 03_salesfc_deep_learning - INFO - Sliding-window transform complete. X_sequences: (828782, 14, 39), y_sequences: (828782,).
2026-09-06 18:28:05 - 03_salesfc_deep_learning - INFO - Logging session started for '03_salesfc_deep_learning' -> Logs/YS_03_salesfc_deep_learning_20260906.log
2026-09-06 18:28:06 - 03_salesfc_deep_learning - INFO - Loaded 'store_train_data.csv' from local Assets/ folder.
2026-09-06 18:28:11 - 03_salesfc_deep_learning - INFO - Loaded 'store_test_data.csv' from local Assets/ folder.
2026-09-06 18:28:11 - 03_salesfc_deep_learning - INFO - Loaded store_train_data.csv (shape=(1017209, 26)) and store_test_data.csv (shape=(41088, 25)) for LSTM pipeline.
2026-09-06 18:28:11 - 03_salesfc_deep_learning - DEBUG - Encoding categorical column: StoreType (4 unique values)
2026-09-06 18:28:12 - 03_salesfc_deep_learning - DEBUG - Encoding categorical column: Assortment (3 unique values)
2026-09-06 18:28:12 - 03_salesfc_deep_learning - DEBUG - Encoding categorical column: StateHoliday (4 unique values)
2026-09-06 18:28:12 - 03_salesfc_deep_learning - DEBUG - Encoding categorical column: MonthPosition (3 unique values)
2026-09-06 18:28:12 - 03_salesfc_deep_learning - DEBUG - Encoding categorical column: DayOfWeek (7 unique values)
2026-09-06 18:28:12 - 03_salesfc_deep_learning - INFO - One-hot encoding complete. store_train_encoded shape: (1017209, 42), store_test_encoded shape: (41088, 42).
2026-09-06 18:28:13 - 03_salesfc_deep_learning - INFO - Store-aware sort complete. 1115 unique stores, date range 2013-01-01 to 2015-07-31.
2026-09-06 18:28:14 - 03_salesfc_deep_learning - INFO - Aggregate daily sales series built. 942 daily observations, 2013-01-01 to 2015-07-31.
2026-09-06 18:28:14 - 03_salesfc_deep_learning - INFO - ADF test complete. Statistic: -4.7616, p-value: 0.000064.
2026-09-06 18:28:15 - 03_salesfc_deep_learning - INFO - ACF and PACF plots generated (30 lags) on the stationary daily sales series.
2026-09-06 18:28:15 - 03_salesfc_deep_learning - INFO - ACF/PACF computed. Significant ACF lags: [2, 5, 6, 7, 8, 9, 12, 14, 16, 19, 20, 21, 22, 23, 26, 27, 28, 29, 30]. Significant PACF lags: [2, 5, 6, 7, 8, 9, 10, 11, 13, 14, 17, 21, 28].
2026-09-06 18:28:15 - 03_salesfc_deep_learning - INFO - feature_cols_dl rebuilt to include Store. New count: 39.
2026-09-06 18:28:15 - 03_salesfc_deep_learning - DEBUG - Store 1: 767 sequences built.
2026-09-06 18:28:15 - 03_salesfc_deep_learning - DEBUG - Store 2: 770 sequences built.
2026-09-06 18:28:15 - 03_salesfc_deep_learning - DEBUG - Store 3: 765 sequences built.
2026-09-06 18:28:15 - 03_salesfc_deep_learning - DEBUG - Store 4: 770 sequences built.
2026-09-06 18:28:15 - 03_salesfc_deep_learning - DEBUG - Store 5: 765 sequences built.
2026-09-06 18:28:15 - 03_salesfc_deep_learning - DEBUG - Store 6: 766 sequences built.
2026-09-06 18:28:15 - 03_salesfc_deep_learning - DEBUG - Store 7: 772 sequences built.
2026-09-06 18:28:15 - 03_salesfc_deep_learning - DEBUG - Store 8: 770 sequences built.
2026-09-06 18:28:15 - 03_salesfc_deep_learning - DEBUG - Store 9: 765 sequences built.
2026-09-06 18:28:15 - 03_salesfc_deep_learning - DEBUG - Store 10: 770 sequences built.
2026-09-06 18:28:15 - 03_salesfc_deep_learning - DEBUG - Store 11: 770 sequences built.
2026-09-06 18:28:15 - 03_salesfc_deep_learning - DEBUG - Store 12: 770 sequences built.
2026-09-06 18:28:15 - 03_salesfc_deep_learning - DEBUG - Store 13: 607 sequences built.
2026-09-06 18:28:15 - 03_salesfc_deep_learning - DEBUG - Store 14: 765 sequences built.
2026-09-06 18:28:15 - 03_salesfc_deep_learning - DEBUG - Store 15: 770 sequences built.
2026-09-06 18:28:15 - 03_salesfc_deep_learning - DEBUG - Store 16: 763 sequences built.
2026-09-06 18:28:15 - 03_salesfc_deep_learning - DEBUG - Store 17: 768 sequences built.
2026-09-06 18:28:15 - 03_salesfc_deep_learning - DEBUG - Store 18: 768 sequences built.
2026-09-06 18:28:15 - 03_salesfc_deep_learning - DEBUG - Store 19: 765 sequences built.
2026-09-06 18:28:15 - 03_salesfc_deep_learning - DEBUG - Store 20: 605 sequences built.
2026-09-06 18:28:15 - 03_salesfc_deep_learning - DEBUG - Store 21: 763 sequences built.
2026-09-06 18:28:15 - 03_salesfc_deep_learning - DEBUG - Store 22: 605 sequences built.
2026-09-06 18:28:15 - 03_salesfc_deep_learning - DEBUG - Store 23: 765 sequences built.
2026-09-06 18:28:15 - 03_salesfc_deep_learning - DEBUG - Store 24: 765 sequences built.
2026-09-06 18:28:15 - 03_salesfc_deep_learning - DEBUG - Store 25: 738 sequences built.
2026-09-06 18:28:15 - 03_salesfc_deep_learning - DEBUG - Store 26: 768 sequences built.
2026-09-06 18:28:15 - 03_salesfc_deep_learning - DEBUG - Store 27: 765 sequences built.
2026-09-06 18:28:15 - 03_salesfc_deep_learning - DEBUG - Store 28: 757 sequences built.
2026-09-06 18:28:15 - 03_salesfc_deep_learning - DEBUG - Store 29: 765 sequences built.
2026-09-06 18:28:15 - 03_salesfc_deep_learning - DEBUG - Store 30: 763 sequences built.
2026-09-06 18:28:15 - 03_salesfc_deep_learning - DEBUG - Store 31: 770 sequences built.
2026-09-06 18:28:15 - 03_salesfc_deep_learning - DEBUG - Store 32: 607 sequences built.
2026-09-06 18:28:15 - 03_salesfc_deep_learning - DEBUG - Store 33: 765 sequences built.
2026-09-06 18:28:15 - 03_salesfc_deep_learning - DEBUG - Store 34: 770 sequences built.
2026-09-06 18:28:15 - 03_salesfc_deep_learning - DEBUG - Store 35: 765 sequences built.
2026-09-06 18:28:15 - 03_salesfc_deep_learning - DEBUG - Store 36: 608 sequences built.
2026-09-06 18:28:15 - 03_salesfc_deep_learning - DEBUG - Store 37: 766 sequences built.
2026-09-06 18:28:15 - 03_salesfc_deep_learning - DEBUG - Store 38: 765 sequences built.
2026-09-06 18:28:15 - 03_salesfc_deep_learning - DEBUG - Store 39: 765 sequences built.
2026-09-06 18:28:15 - 03_salesfc_deep_learning - DEBUG - Store 40: 762 sequences built.
2026-09-06 18:28:15 - 03_salesfc_deep_learning - DEBUG - Store 41: 608 sequences built.
2026-09-06 18:28:15 - 03_salesfc_deep_learning - DEBUG - Store 42: 765 sequences built.
2026-09-06 18:28:15 - 03_salesfc_deep_learning - DEBUG - Store 43: 765 sequences built.
2026-09-06 18:28:15 - 03_salesfc_deep_learning - DEBUG - Store 44: 770 sequences built.
2026-09-06 18:28:15 - 03_salesfc_deep_learning - DEBUG - Store 45: 765 sequences built.
2026-09-06 18:28:15 - 03_salesfc_deep_learning - DEBUG - Store 46: 608 sequences built.
2026-09-06 18:28:15 - 03_salesfc_deep_learning - DEBUG - Store 47: 770 sequences built.
2026-09-06 18:28:15 - 03_salesfc_deep_learning - DEBUG - Store 48: 770 sequences built.
2026-09-06 18:28:15 - 03_salesfc_deep_learning - DEBUG - Store 49: 763 sequences built.
2026-09-06 18:28:15 - 03_salesfc_deep_learning - DEBUG - Store 50: 765 sequences built.
2026-09-06 18:28:15 - 03_salesfc_deep_learning - DEBUG - Store 51: 608 sequences built.
2026-09-06 18:28:15 - 03_salesfc_deep_learning - DEBUG - Store 52: 608 sequences built.
2026-09-06 18:28:15 - 03_salesfc_deep_learning - DEBUG - Store 53: 770 sequences built.
2026-09-06 18:28:15 - 03_salesfc_deep_learning - DEBUG - Store 54: 771 sequences built.
2026-09-06 18:28:15 - 03_salesfc_deep_learning - DEBUG - Store 55: 766 sequences built.
2026-09-06 18:28:15 - 03_salesfc_deep_learning - DEBUG - Store 56: 767 sequences built.
2026-09-06 18:28:15 - 03_salesfc_deep_learning - DEBUG - Store 57: 756 sequences built.
2026-09-06 18:28:15 - 03_salesfc_deep_learning - DEBUG - Store 58: 609 sequences built.
2026-09-06 18:28:15 - 03_salesfc_deep_learning - DEBUG - Store 59: 768 sequences built.
2026-09-06 18:28:15 - 03_salesfc_deep_learning - DEBUG - Store 60: 766 sequences built.
2026-09-06 18:28:15 - 03_salesfc_deep_learning - DEBUG - Store 61: 763 sequences built.
2026-09-06 18:28:15 - 03_salesfc_deep_learning - DEBUG - Store 62: 765 sequences built.
2026-09-06 18:28:15 - 03_salesfc_deep_learning - DEBUG - Store 63: 770 sequences built.
2026-09-06 18:28:15 - 03_salesfc_deep_learning - DEBUG - Store 64: 765 sequences built.
2026-09-06 18:28:15 - 03_salesfc_deep_learning - DEBUG - Store 65: 766 sequences built.
2026-09-06 18:28:15 - 03_salesfc_deep_learning - DEBUG - Store 66: 763 sequences built.
2026-09-06 18:28:15 - 03_salesfc_deep_learning - DEBUG - Store 67: 763 sequences built.
2026-09-06 18:28:15 - 03_salesfc_deep_learning - DEBUG - Store 68: 770 sequences built.
2026-09-06 18:28:15 - 03_salesfc_deep_learning - DEBUG - Store 69: 767 sequences built.
2026-09-06 18:28:15 - 03_salesfc_deep_learning - DEBUG - Store 70: 768 sequences built.
2026-09-06 18:28:15 - 03_salesfc_deep_learning - DEBUG - Store 71: 765 sequences built.
2026-09-06 18:28:15 - 03_salesfc_deep_learning - DEBUG - Store 72: 609 sequences built.
2026-09-06 18:28:15 - 03_salesfc_deep_learning - DEBUG - Store 73: 770 sequences built.
2026-09-06 18:28:15 - 03_salesfc_deep_learning - DEBUG - Store 74: 762 sequences built.
2026-09-06 18:28:15 - 03_salesfc_deep_learning - DEBUG - Store 75: 770 sequences built.
2026-09-06 18:28:15 - 03_salesfc_deep_learning - DEBUG - Store 76: 609 sequences built.
2026-09-06 18:28:15 - 03_salesfc_deep_learning - DEBUG - Store 77: 767 sequences built.
2026-09-06 18:28:15 - 03_salesfc_deep_learning - DEBUG - Store 78: 766 sequences built.
2026-09-06 18:28:15 - 03_salesfc_deep_learning - DEBUG - Store 79: 763 sequences built.
2026-09-06 18:28:15 - 03_salesfc_deep_learning - DEBUG - Store 80: 765 sequences built.
2026-09-06 18:28:15 - 03_salesfc_deep_learning - DEBUG - Store 81: 608 sequences built.
2026-09-06 18:28:15 - 03_salesfc_deep_learning - DEBUG - Store 82: 765 sequences built.
2026-09-06 18:28:15 - 03_salesfc_deep_learning - DEBUG - Store 83: 765 sequences built.
2026-09-06 18:28:15 - 03_salesfc_deep_learning - DEBUG - Store 84: 765 sequences built.
2026-09-06 18:28:15 - 03_salesfc_deep_learning - DEBUG - Store 85: 928 sequences built.
2026-09-06 18:28:15 - 03_salesfc_deep_learning - DEBUG - Store 86: 764 sequences built.
2026-09-06 18:28:15 - 03_salesfc_deep_learning - DEBUG - Store 87: 770 sequences built.
2026-09-06 18:28:15 - 03_salesfc_deep_learning - DEBUG - Store 88: 766 sequences built.
2026-09-06 18:28:15 - 03_salesfc_deep_learning - DEBUG - Store 89: 608 sequences built.
2026-09-06 18:28:15 - 03_salesfc_deep_learning - DEBUG - Store 90: 764 sequences built.
2026-09-06 18:28:15 - 03_salesfc_deep_learning - DEBUG - Store 91: 764 sequences built.
2026-09-06 18:28:15 - 03_salesfc_deep_learning - DEBUG - Store 92: 765 sequences built.
2026-09-06 18:28:15 - 03_salesfc_deep_learning - DEBUG - Store 93: 765 sequences built.
2026-09-06 18:28:15 - 03_salesfc_deep_learning - DEBUG - Store 94: 765 sequences built.
2026-09-06 18:28:15 - 03_salesfc_deep_learning - DEBUG - Store 95: 766 sequences built.
2026-09-06 18:28:15 - 03_salesfc_deep_learning - DEBUG - Store 96: 766 sequences built.
2026-09-06 18:28:15 - 03_salesfc_deep_learning - DEBUG - Store 97: 766 sequences built.
2026-09-06 18:28:15 - 03_salesfc_deep_learning - DEBUG - Store 98: 765 sequences built.
2026-09-06 18:28:15 - 03_salesfc_deep_learning - DEBUG - Store 99: 608 sequences built.
2026-09-06 18:28:15 - 03_salesfc_deep_learning - DEBUG - Store 100: 592 sequences built.
2026-09-06 18:28:15 - 03_salesfc_deep_learning - DEBUG - Store 101: 770 sequences built.
2026-09-06 18:28:15 - 03_salesfc_deep_learning - DEBUG - Store 102: 757 sequences built.
2026-09-06 18:28:15 - 03_salesfc_deep_learning - DEBUG - Store 103: 617 sequences built.
2026-09-06 18:28:15 - 03_salesfc_deep_learning - DEBUG - Store 104: 770 sequences built.
2026-09-06 18:28:15 - 03_salesfc_deep_learning - DEBUG - Store 105: 740 sequences built.
2026-09-06 18:28:15 - 03_salesfc_deep_learning - DEBUG - Store 106: 761 sequences built.
2026-09-06 18:28:15 - 03_salesfc_deep_learning - DEBUG - Store 107: 770 sequences built.
2026-09-06 18:28:15 - 03_salesfc_deep_learning - DEBUG - Store 108: 608 sequences built.
2026-09-06 18:28:15 - 03_salesfc_deep_learning - DEBUG - Store 109: 770 sequences built.
2026-09-06 18:28:15 - 03_salesfc_deep_learning - DEBUG - Store 110: 770 sequences built.
2026-09-06 18:28:16 - 03_salesfc_deep_learning - DEBUG - Store 111: 767 sequences built.
2026-09-06 18:28:16 - 03_salesfc_deep_learning - DEBUG - Store 112: 770 sequences built.
2026-09-06 18:28:16 - 03_salesfc_deep_learning - DEBUG - Store 113: 608 sequences built.
2026-09-06 18:28:16 - 03_salesfc_deep_learning - DEBUG - Store 114: 770 sequences built.
2026-09-06 18:28:16 - 03_salesfc_deep_learning - DEBUG - Store 115: 608 sequences built.
2026-09-06 18:28:16 - 03_salesfc_deep_learning - DEBUG - Store 116: 769 sequences built.
2026-09-06 18:28:16 - 03_salesfc_deep_learning - DEBUG - Store 117: 765 sequences built.
2026-09-06 18:28:16 - 03_salesfc_deep_learning - DEBUG - Store 118: 768 sequences built.
2026-09-06 18:28:16 - 03_salesfc_deep_learning - DEBUG - Store 119: 770 sequences built.
2026-09-06 18:28:16 - 03_salesfc_deep_learning - DEBUG - Store 120: 767 sequences built.
2026-09-06 18:28:16 - 03_salesfc_deep_learning - DEBUG - Store 121: 766 sequences built.
2026-09-06 18:28:16 - 03_salesfc_deep_learning - DEBUG - Store 122: 871 sequences built.
2026-09-06 18:28:16 - 03_salesfc_deep_learning - DEBUG - Store 123: 754 sequences built.
2026-09-06 18:28:16 - 03_salesfc_deep_learning - DEBUG - Store 124: 765 sequences built.
2026-09-06 18:28:16 - 03_salesfc_deep_learning - DEBUG - Store 125: 770 sequences built.
2026-09-06 18:28:16 - 03_salesfc_deep_learning - DEBUG - Store 126: 765 sequences built.
2026-09-06 18:28:16 - 03_salesfc_deep_learning - DEBUG - Store 127: 609 sequences built.
2026-09-06 18:28:16 - 03_salesfc_deep_learning - DEBUG - Store 128: 767 sequences built.
2026-09-06 18:28:16 - 03_salesfc_deep_learning - DEBUG - Store 129: 608 sequences built.
2026-09-06 18:28:16 - 03_salesfc_deep_learning - DEBUG - Store 130: 767 sequences built.
2026-09-06 18:28:16 - 03_salesfc_deep_learning - DEBUG - Store 131: 765 sequences built.
2026-09-06 18:28:16 - 03_salesfc_deep_learning - DEBUG - Store 132: 608 sequences built.
2026-09-06 18:28:16 - 03_salesfc_deep_learning - DEBUG - Store 133: 768 sequences built.
2026-09-06 18:28:16 - 03_salesfc_deep_learning - DEBUG - Store 134: 770 sequences built.
2026-09-06 18:28:16 - 03_salesfc_deep_learning - DEBUG - Store 135: 767 sequences built.
2026-09-06 18:28:16 - 03_salesfc_deep_learning - DEBUG - Store 136: 608 sequences built.
2026-09-06 18:28:16 - 03_salesfc_deep_learning - DEBUG - Store 137: 608 sequences built.
2026-09-06 18:28:16 - 03_salesfc_deep_learning - DEBUG - Store 138: 766 sequences built.
2026-09-06 18:28:16 - 03_salesfc_deep_learning - DEBUG - Store 139: 608 sequences built.
2026-09-06 18:28:16 - 03_salesfc_deep_learning - DEBUG - Store 140: 767 sequences built.
2026-09-06 18:28:16 - 03_salesfc_deep_learning - DEBUG - Store 141: 763 sequences built.
2026-09-06 18:28:16 - 03_salesfc_deep_learning - DEBUG - Store 142: 765 sequences built.
2026-09-06 18:28:16 - 03_salesfc_deep_learning - DEBUG - Store 143: 765 sequences built.
2026-09-06 18:28:16 - 03_salesfc_deep_learning - DEBUG - Store 144: 611 sequences built.
2026-09-06 18:28:16 - 03_salesfc_deep_learning - DEBUG - Store 145: 594 sequences built.
2026-09-06 18:28:16 - 03_salesfc_deep_learning - DEBUG - Store 146: 765 sequences built.
2026-09-06 18:28:16 - 03_salesfc_deep_learning - DEBUG - Store 147: 765 sequences built.
2026-09-06 18:28:16 - 03_salesfc_deep_learning - DEBUG - Store 148: 770 sequences built.
2026-09-06 18:28:16 - 03_salesfc_deep_learning - DEBUG - Store 149: 608 sequences built.
2026-09-06 18:28:16 - 03_salesfc_deep_learning - DEBUG - Store 150: 770 sequences built.
2026-09-06 18:28:16 - 03_salesfc_deep_learning - DEBUG - Store 151: 766 sequences built.
2026-09-06 18:28:16 - 03_salesfc_deep_learning - DEBUG - Store 152: 765 sequences built.
2026-09-06 18:28:16 - 03_salesfc_deep_learning - DEBUG - Store 153: 765 sequences built.
2026-09-06 18:28:16 - 03_salesfc_deep_learning - DEBUG - Store 154: 767 sequences built.
2026-09-06 18:28:16 - 03_salesfc_deep_learning - DEBUG - Store 155: 609 sequences built.
2026-09-06 18:28:16 - 03_salesfc_deep_learning - DEBUG - Store 156: 768 sequences built.
2026-09-06 18:28:16 - 03_salesfc_deep_learning - DEBUG - Store 157: 765 sequences built.
2026-09-06 18:28:16 - 03_salesfc_deep_learning - DEBUG - Store 158: 765 sequences built.
2026-09-06 18:28:16 - 03_salesfc_deep_learning - DEBUG - Store 159: 609 sequences built.
2026-09-06 18:28:16 - 03_salesfc_deep_learning - DEBUG - Store 160: 767 sequences built.
2026-09-06 18:28:16 - 03_salesfc_deep_learning - DEBUG - Store 161: 765 sequences built.
2026-09-06 18:28:16 - 03_salesfc_deep_learning - DEBUG - Store 162: 767 sequences built.
2026-09-06 18:28:16 - 03_salesfc_deep_learning - DEBUG - Store 163: 770 sequences built.
2026-09-06 18:28:16 - 03_salesfc_deep_learning - DEBUG - Store 164: 609 sequences built.
2026-09-06 18:28:16 - 03_salesfc_deep_learning - DEBUG - Store 165: 608 sequences built.
2026-09-06 18:28:16 - 03_salesfc_deep_learning - DEBUG - Store 166: 765 sequences built.
2026-09-06 18:28:16 - 03_salesfc_deep_learning - DEBUG - Store 167: 766 sequences built.
2026-09-06 18:28:16 - 03_salesfc_deep_learning - DEBUG - Store 168: 763 sequences built.
2026-09-06 18:28:16 - 03_salesfc_deep_learning - DEBUG - Store 169: 752 sequences built.
2026-09-06 18:28:16 - 03_salesfc_deep_learning - DEBUG - Store 170: 765 sequences built.
2026-09-06 18:28:16 - 03_salesfc_deep_learning - DEBUG - Store 171: 765 sequences built.
2026-09-06 18:28:16 - 03_salesfc_deep_learning - DEBUG - Store 172: 608 sequences built.
2026-09-06 18:28:16 - 03_salesfc_deep_learning - DEBUG - Store 173: 770 sequences built.
2026-09-06 18:28:16 - 03_salesfc_deep_learning - DEBUG - Store 174: 608 sequences built.
2026-09-06 18:28:16 - 03_salesfc_deep_learning - DEBUG - Store 175: 770 sequences built.
2026-09-06 18:28:16 - 03_salesfc_deep_learning - DEBUG - Store 176: 765 sequences built.
2026-09-06 18:28:16 - 03_salesfc_deep_learning - DEBUG - Store 177: 766 sequences built.
2026-09-06 18:28:16 - 03_salesfc_deep_learning - DEBUG - Store 178: 766 sequences built.
2026-09-06 18:28:16 - 03_salesfc_deep_learning - DEBUG - Store 179: 765 sequences built.
2026-09-06 18:28:16 - 03_salesfc_deep_learning - DEBUG - Store 180: 770 sequences built.
2026-09-06 18:28:16 - 03_salesfc_deep_learning - DEBUG - Store 181: 609 sequences built.
2026-09-06 18:28:16 - 03_salesfc_deep_learning - DEBUG - Store 182: 767 sequences built.
2026-09-06 18:28:16 - 03_salesfc_deep_learning - DEBUG - Store 183: 597 sequences built.
2026-09-06 18:28:16 - 03_salesfc_deep_learning - DEBUG - Store 184: 763 sequences built.
2026-09-06 18:28:16 - 03_salesfc_deep_learning - DEBUG - Store 185: 770 sequences built.
2026-09-06 18:28:16 - 03_salesfc_deep_learning - DEBUG - Store 186: 608 sequences built.
2026-09-06 18:28:16 - 03_salesfc_deep_learning - DEBUG - Store 187: 770 sequences built.
2026-09-06 18:28:16 - 03_salesfc_deep_learning - DEBUG - Store 188: 765 sequences built.
2026-09-06 18:28:16 - 03_salesfc_deep_learning - DEBUG - Store 189: 765 sequences built.
2026-09-06 18:28:16 - 03_salesfc_deep_learning - DEBUG - Store 190: 608 sequences built.
2026-09-06 18:28:16 - 03_salesfc_deep_learning - DEBUG - Store 191: 608 sequences built.
2026-09-06 18:28:16 - 03_salesfc_deep_learning - DEBUG - Store 192: 608 sequences built.
2026-09-06 18:28:16 - 03_salesfc_deep_learning - DEBUG - Store 193: 763 sequences built.
2026-09-06 18:28:16 - 03_salesfc_deep_learning - DEBUG - Store 194: 763 sequences built.
2026-09-06 18:28:16 - 03_salesfc_deep_learning - DEBUG - Store 195: 765 sequences built.
2026-09-06 18:28:16 - 03_salesfc_deep_learning - DEBUG - Store 196: 768 sequences built.
2026-09-06 18:28:16 - 03_salesfc_deep_learning - DEBUG - Store 197: 770 sequences built.
2026-09-06 18:28:16 - 03_salesfc_deep_learning - DEBUG - Store 198: 768 sequences built.
2026-09-06 18:28:16 - 03_salesfc_deep_learning - DEBUG - Store 199: 765 sequences built.
2026-09-06 18:28:16 - 03_salesfc_deep_learning - DEBUG - Store 200: 765 sequences built.
2026-09-06 18:28:16 - 03_salesfc_deep_learning - DEBUG - Store 201: 765 sequences built.
2026-09-06 18:28:16 - 03_salesfc_deep_learning - DEBUG - Store 202: 767 sequences built.
2026-09-06 18:28:16 - 03_salesfc_deep_learning - DEBUG - Store 203: 768 sequences built.
2026-09-06 18:28:16 - 03_salesfc_deep_learning - DEBUG - Store 204: 608 sequences built.
2026-09-06 18:28:16 - 03_salesfc_deep_learning - DEBUG - Store 205: 770 sequences built.
2026-09-06 18:28:16 - 03_salesfc_deep_learning - DEBUG - Store 206: 765 sequences built.
2026-09-06 18:28:16 - 03_salesfc_deep_learning - DEBUG - Store 207: 770 sequences built.
2026-09-06 18:28:16 - 03_salesfc_deep_learning - DEBUG - Store 208: 770 sequences built.
2026-09-06 18:28:16 - 03_salesfc_deep_learning - DEBUG - Store 209: 868 sequences built.
2026-09-06 18:28:16 - 03_salesfc_deep_learning - DEBUG - Store 210: 765 sequences built.
2026-09-06 18:28:16 - 03_salesfc_deep_learning - DEBUG - Store 211: 770 sequences built.
2026-09-06 18:28:16 - 03_salesfc_deep_learning - DEBUG - Store 212: 770 sequences built.
2026-09-06 18:28:16 - 03_salesfc_deep_learning - DEBUG - Store 213: 765 sequences built.
2026-09-06 18:28:16 - 03_salesfc_deep_learning - DEBUG - Store 214: 765 sequences built.
2026-09-06 18:28:16 - 03_salesfc_deep_learning - DEBUG - Store 215: 607 sequences built.
2026-09-06 18:28:16 - 03_salesfc_deep_learning - DEBUG - Store 216: 762 sequences built.
2026-09-06 18:28:16 - 03_salesfc_deep_learning - DEBUG - Store 217: 770 sequences built.
2026-09-06 18:28:16 - 03_salesfc_deep_learning - DEBUG - Store 218: 608 sequences built.
2026-09-06 18:28:16 - 03_salesfc_deep_learning - DEBUG - Store 219: 765 sequences built.
2026-09-06 18:28:16 - 03_salesfc_deep_learning - DEBUG - Store 220: 762 sequences built.
2026-09-06 18:28:16 - 03_salesfc_deep_learning - DEBUG - Store 221: 770 sequences built.
2026-09-06 18:28:16 - 03_salesfc_deep_learning - DEBUG - Store 222: 770 sequences built.
2026-09-06 18:28:16 - 03_salesfc_deep_learning - DEBUG - Store 223: 768 sequences built.
2026-09-06 18:28:16 - 03_salesfc_deep_learning - DEBUG - Store 224: 763 sequences built.
2026-09-06 18:28:16 - 03_salesfc_deep_learning - DEBUG - Store 225: 768 sequences built.
2026-09-06 18:28:16 - 03_salesfc_deep_learning - DEBUG - Store 226: 767 sequences built.
2026-09-06 18:28:16 - 03_salesfc_deep_learning - DEBUG - Store 227: 754 sequences built.
2026-09-06 18:28:16 - 03_salesfc_deep_learning - DEBUG - Store 228: 765 sequences built.
2026-09-06 18:28:16 - 03_salesfc_deep_learning - DEBUG - Store 229: 765 sequences built.
2026-09-06 18:28:16 - 03_salesfc_deep_learning - DEBUG - Store 230: 770 sequences built.
2026-09-06 18:28:16 - 03_salesfc_deep_learning - DEBUG - Store 231: 608 sequences built.
2026-09-06 18:28:16 - 03_salesfc_deep_learning - DEBUG - Store 232: 752 sequences built.
2026-09-06 18:28:16 - 03_salesfc_deep_learning - DEBUG - Store 233: 767 sequences built.
2026-09-06 18:28:16 - 03_salesfc_deep_learning - DEBUG - Store 234: 765 sequences built.
2026-09-06 18:28:16 - 03_salesfc_deep_learning - DEBUG - Store 235: 767 sequences built.
2026-09-06 18:28:16 - 03_salesfc_deep_learning - DEBUG - Store 236: 770 sequences built.
2026-09-06 18:28:16 - 03_salesfc_deep_learning - DEBUG - Store 237: 770 sequences built.
2026-09-06 18:28:16 - 03_salesfc_deep_learning - DEBUG - Store 238: 752 sequences built.
2026-09-06 18:28:16 - 03_salesfc_deep_learning - DEBUG - Store 239: 765 sequences built.
2026-09-06 18:28:16 - 03_salesfc_deep_learning - DEBUG - Store 240: 770 sequences built.
2026-09-06 18:28:16 - 03_salesfc_deep_learning - DEBUG - Store 241: 765 sequences built.
2026-09-06 18:28:16 - 03_salesfc_deep_learning - DEBUG - Store 242: 767 sequences built.
2026-09-06 18:28:16 - 03_salesfc_deep_learning - DEBUG - Store 243: 609 sequences built.
2026-09-06 18:28:16 - 03_salesfc_deep_learning - DEBUG - Store 244: 765 sequences built.
2026-09-06 18:28:16 - 03_salesfc_deep_learning - DEBUG - Store 245: 767 sequences built.
2026-09-06 18:28:16 - 03_salesfc_deep_learning - DEBUG - Store 246: 770 sequences built.
2026-09-06 18:28:16 - 03_salesfc_deep_learning - DEBUG - Store 247: 767 sequences built.
2026-09-06 18:28:16 - 03_salesfc_deep_learning - DEBUG - Store 248: 770 sequences built.
2026-09-06 18:28:16 - 03_salesfc_deep_learning - DEBUG - Store 249: 770 sequences built.
2026-09-06 18:28:16 - 03_salesfc_deep_learning - DEBUG - Store 250: 767 sequences built.
2026-09-06 18:28:16 - 03_salesfc_deep_learning - DEBUG - Store 251: 765 sequences built.
2026-09-06 18:28:16 - 03_salesfc_deep_learning - DEBUG - Store 252: 765 sequences built.
2026-09-06 18:28:16 - 03_salesfc_deep_learning - DEBUG - Store 253: 765 sequences built.
2026-09-06 18:28:16 - 03_salesfc_deep_learning - DEBUG - Store 254: 765 sequences built.
2026-09-06 18:28:16 - 03_salesfc_deep_learning - DEBUG - Store 255: 765 sequences built.
2026-09-06 18:28:16 - 03_salesfc_deep_learning - DEBUG - Store 256: 762 sequences built.
2026-09-06 18:28:16 - 03_salesfc_deep_learning - DEBUG - Store 257: 770 sequences built.
2026-09-06 18:28:16 - 03_salesfc_deep_learning - DEBUG - Store 258: 608 sequences built.
2026-09-06 18:28:16 - 03_salesfc_deep_learning - DEBUG - Store 259: 918 sequences built.
2026-09-06 18:28:16 - 03_salesfc_deep_learning - DEBUG - Store 260: 770 sequences built.
2026-09-06 18:28:16 - 03_salesfc_deep_learning - DEBUG - Store 261: 765 sequences built.
2026-09-06 18:28:16 - 03_salesfc_deep_learning - DEBUG - Store 262: 928 sequences built.
2026-09-06 18:28:16 - 03_salesfc_deep_learning - DEBUG - Store 263: 608 sequences built.
2026-09-06 18:28:16 - 03_salesfc_deep_learning - DEBUG - Store 264: 748 sequences built.
2026-09-06 18:28:16 - 03_salesfc_deep_learning - DEBUG - Store 265: 765 sequences built.
2026-09-06 18:28:16 - 03_salesfc_deep_learning - DEBUG - Store 266: 766 sequences built.
2026-09-06 18:28:16 - 03_salesfc_deep_learning - DEBUG - Store 267: 770 sequences built.
2026-09-06 18:28:16 - 03_salesfc_deep_learning - DEBUG - Store 268: 770 sequences built.
2026-09-06 18:28:16 - 03_salesfc_deep_learning - DEBUG - Store 269: 765 sequences built.
2026-09-06 18:28:16 - 03_salesfc_deep_learning - DEBUG - Store 270: 770 sequences built.
2026-09-06 18:28:16 - 03_salesfc_deep_learning - DEBUG - Store 271: 766 sequences built.
2026-09-06 18:28:16 - 03_salesfc_deep_learning - DEBUG - Store 272: 767 sequences built.
2026-09-06 18:28:16 - 03_salesfc_deep_learning - DEBUG - Store 273: 765 sequences built.
2026-09-06 18:28:16 - 03_salesfc_deep_learning - DEBUG - Store 274: 918 sequences built.
2026-09-06 18:28:16 - 03_salesfc_deep_learning - DEBUG - Store 275: 608 sequences built.
2026-09-06 18:28:16 - 03_salesfc_deep_learning - DEBUG - Store 276: 766 sequences built.
2026-09-06 18:28:16 - 03_salesfc_deep_learning - DEBUG - Store 277: 608 sequences built.
2026-09-06 18:28:16 - 03_salesfc_deep_learning - DEBUG - Store 278: 770 sequences built.
2026-09-06 18:28:16 - 03_salesfc_deep_learning - DEBUG - Store 279: 609 sequences built.
2026-09-06 18:28:16 - 03_salesfc_deep_learning - DEBUG - Store 280: 763 sequences built.
2026-09-06 18:28:16 - 03_salesfc_deep_learning - DEBUG - Store 281: 770 sequences built.
2026-09-06 18:28:16 - 03_salesfc_deep_learning - DEBUG - Store 282: 770 sequences built.
2026-09-06 18:28:16 - 03_salesfc_deep_learning - DEBUG - Store 283: 608 sequences built.
2026-09-06 18:28:16 - 03_salesfc_deep_learning - DEBUG - Store 284: 608 sequences built.
2026-09-06 18:28:16 - 03_salesfc_deep_learning - DEBUG - Store 285: 767 sequences built.
2026-09-06 18:28:16 - 03_salesfc_deep_learning - DEBUG - Store 286: 765 sequences built.
2026-09-06 18:28:16 - 03_salesfc_deep_learning - DEBUG - Store 287: 608 sequences built.
2026-09-06 18:28:16 - 03_salesfc_deep_learning - DEBUG - Store 288: 608 sequences built.
2026-09-06 18:28:16 - 03_salesfc_deep_learning - DEBUG - Store 289: 767 sequences built.
2026-09-06 18:28:16 - 03_salesfc_deep_learning - DEBUG - Store 290: 765 sequences built.
2026-09-06 18:28:16 - 03_salesfc_deep_learning - DEBUG - Store 291: 766 sequences built.
2026-09-06 18:28:16 - 03_salesfc_deep_learning - DEBUG - Store 292: 752 sequences built.
2026-09-06 18:28:16 - 03_salesfc_deep_learning - DEBUG - Store 293: 769 sequences built.
2026-09-06 18:28:16 - 03_salesfc_deep_learning - DEBUG - Store 294: 767 sequences built.
2026-09-06 18:28:16 - 03_salesfc_deep_learning - DEBUG - Store 295: 763 sequences built.
2026-09-06 18:28:16 - 03_salesfc_deep_learning - DEBUG - Store 296: 767 sequences built.
2026-09-06 18:28:16 - 03_salesfc_deep_learning - DEBUG - Store 297: 763 sequences built.
2026-09-06 18:28:16 - 03_salesfc_deep_learning - DEBUG - Store 298: 608 sequences built.
2026-09-06 18:28:16 - 03_salesfc_deep_learning - DEBUG - Store 299: 868 sequences built.
2026-09-06 18:28:16 - 03_salesfc_deep_learning - DEBUG - Store 300: 768 sequences built.
2026-09-06 18:28:16 - 03_salesfc_deep_learning - DEBUG - Store 301: 770 sequences built.
2026-09-06 18:28:16 - 03_salesfc_deep_learning - DEBUG - Store 302: 767 sequences built.
2026-09-06 18:28:16 - 03_salesfc_deep_learning - DEBUG - Store 303: 753 sequences built.
2026-09-06 18:28:16 - 03_salesfc_deep_learning - DEBUG - Store 304: 770 sequences built.
2026-09-06 18:28:16 - 03_salesfc_deep_learning - DEBUG - Store 305: 767 sequences built.
2026-09-06 18:28:16 - 03_salesfc_deep_learning - DEBUG - Store 306: 608 sequences built.
2026-09-06 18:28:16 - 03_salesfc_deep_learning - DEBUG - Store 307: 768 sequences built.
2026-09-06 18:28:16 - 03_salesfc_deep_learning - DEBUG - Store 308: 754 sequences built.
2026-09-06 18:28:16 - 03_salesfc_deep_learning - DEBUG - Store 309: 765 sequences built.
2026-09-06 18:28:16 - 03_salesfc_deep_learning - DEBUG - Store 310: 883 sequences built.
2026-09-06 18:28:16 - 03_salesfc_deep_learning - DEBUG - Store 311: 767 sequences built.
2026-09-06 18:28:16 - 03_salesfc_deep_learning - DEBUG - Store 312: 767 sequences built.
2026-09-06 18:28:16 - 03_salesfc_deep_learning - DEBUG - Store 313: 768 sequences built.
2026-09-06 18:28:16 - 03_salesfc_deep_learning - DEBUG - Store 314: 765 sequences built.
2026-09-06 18:28:16 - 03_salesfc_deep_learning - DEBUG - Store 315: 770 sequences built.
2026-09-06 18:28:16 - 03_salesfc_deep_learning - DEBUG - Store 316: 765 sequences built.
2026-09-06 18:28:16 - 03_salesfc_deep_learning - DEBUG - Store 317: 608 sequences built.
2026-09-06 18:28:16 - 03_salesfc_deep_learning - DEBUG - Store 318: 766 sequences built.
2026-09-06 18:28:16 - 03_salesfc_deep_learning - DEBUG - Store 319: 770 sequences built.
2026-09-06 18:28:16 - 03_salesfc_deep_learning - DEBUG - Store 320: 770 sequences built.
2026-09-06 18:28:16 - 03_salesfc_deep_learning - DEBUG - Store 321: 766 sequences built.
2026-09-06 18:28:16 - 03_salesfc_deep_learning - DEBUG - Store 322: 768 sequences built.
2026-09-06 18:28:17 - 03_salesfc_deep_learning - DEBUG - Store 323: 765 sequences built.
2026-09-06 18:28:17 - 03_salesfc_deep_learning - DEBUG - Store 324: 766 sequences built.
2026-09-06 18:28:17 - 03_salesfc_deep_learning - DEBUG - Store 325: 765 sequences built.
2026-09-06 18:28:17 - 03_salesfc_deep_learning - DEBUG - Store 326: 765 sequences built.
2026-09-06 18:28:17 - 03_salesfc_deep_learning - DEBUG - Store 327: 764 sequences built.
2026-09-06 18:28:17 - 03_salesfc_deep_learning - DEBUG - Store 328: 765 sequences built.
2026-09-06 18:28:17 - 03_salesfc_deep_learning - DEBUG - Store 329: 765 sequences built.
2026-09-06 18:28:17 - 03_salesfc_deep_learning - DEBUG - Store 330: 765 sequences built.
2026-09-06 18:28:17 - 03_salesfc_deep_learning - DEBUG - Store 331: 765 sequences built.
2026-09-06 18:28:17 - 03_salesfc_deep_learning - DEBUG - Store 332: 766 sequences built.
2026-09-06 18:28:17 - 03_salesfc_deep_learning - DEBUG - Store 333: 770 sequences built.
2026-09-06 18:28:17 - 03_salesfc_deep_learning - DEBUG - Store 334: 765 sequences built.
2026-09-06 18:28:17 - 03_salesfc_deep_learning - DEBUG - Store 335: 928 sequences built.
2026-09-06 18:28:17 - 03_salesfc_deep_learning - DEBUG - Store 336: 766 sequences built.
2026-09-06 18:28:17 - 03_salesfc_deep_learning - DEBUG - Store 337: 767 sequences built.
2026-09-06 18:28:17 - 03_salesfc_deep_learning - DEBUG - Store 338: 767 sequences built.
2026-09-06 18:28:17 - 03_salesfc_deep_learning - DEBUG - Store 339: 742 sequences built.
2026-09-06 18:28:17 - 03_salesfc_deep_learning - DEBUG - Store 340: 770 sequences built.
2026-09-06 18:28:17 - 03_salesfc_deep_learning - DEBUG - Store 341: 765 sequences built.
2026-09-06 18:28:17 - 03_salesfc_deep_learning - DEBUG - Store 342: 607 sequences built.
2026-09-06 18:28:17 - 03_salesfc_deep_learning - DEBUG - Store 343: 765 sequences built.
2026-09-06 18:28:17 - 03_salesfc_deep_learning - DEBUG - Store 344: 770 sequences built.
2026-09-06 18:28:17 - 03_salesfc_deep_learning - DEBUG - Store 345: 608 sequences built.
2026-09-06 18:28:17 - 03_salesfc_deep_learning - DEBUG - Store 346: 765 sequences built.
2026-09-06 18:28:17 - 03_salesfc_deep_learning - DEBUG - Store 347: 763 sequences built.
2026-09-06 18:28:17 - 03_salesfc_deep_learning - DEBUG - Store 348: 583 sequences built.
2026-09-06 18:28:17 - 03_salesfc_deep_learning - DEBUG - Store 349: 686 sequences built.
2026-09-06 18:28:17 - 03_salesfc_deep_learning - DEBUG - Store 350: 767 sequences built.
2026-09-06 18:28:17 - 03_salesfc_deep_learning - DEBUG - Store 351: 765 sequences built.
2026-09-06 18:28:17 - 03_salesfc_deep_learning - DEBUG - Store 352: 770 sequences built.
2026-09-06 18:28:17 - 03_salesfc_deep_learning - DEBUG - Store 353: 917 sequences built.
2026-09-06 18:28:17 - 03_salesfc_deep_learning - DEBUG - Store 354: 765 sequences built.
2026-09-06 18:28:17 - 03_salesfc_deep_learning - DEBUG - Store 355: 770 sequences built.
2026-09-06 18:28:17 - 03_salesfc_deep_learning - DEBUG - Store 356: 763 sequences built.
2026-09-06 18:28:17 - 03_salesfc_deep_learning - DEBUG - Store 357: 754 sequences built.
2026-09-06 18:28:17 - 03_salesfc_deep_learning - DEBUG - Store 358: 765 sequences built.
2026-09-06 18:28:17 - 03_salesfc_deep_learning - DEBUG - Store 359: 765 sequences built.
2026-09-06 18:28:17 - 03_salesfc_deep_learning - DEBUG - Store 360: 770 sequences built.
2026-09-06 18:28:17 - 03_salesfc_deep_learning - DEBUG - Store 361: 766 sequences built.
2026-09-06 18:28:17 - 03_salesfc_deep_learning - DEBUG - Store 362: 767 sequences built.
2026-09-06 18:28:17 - 03_salesfc_deep_learning - DEBUG - Store 363: 770 sequences built.
2026-09-06 18:28:17 - 03_salesfc_deep_learning - DEBUG - Store 364: 757 sequences built.
2026-09-06 18:28:17 - 03_salesfc_deep_learning - DEBUG - Store 365: 607 sequences built.
2026-09-06 18:28:17 - 03_salesfc_deep_learning - DEBUG - Store 366: 766 sequences built.
2026-09-06 18:28:17 - 03_salesfc_deep_learning - DEBUG - Store 367: 770 sequences built.
2026-09-06 18:28:17 - 03_salesfc_deep_learning - DEBUG - Store 368: 763 sequences built.
2026-09-06 18:28:17 - 03_salesfc_deep_learning - DEBUG - Store 369: 767 sequences built.
2026-09-06 18:28:17 - 03_salesfc_deep_learning - DEBUG - Store 370: 765 sequences built.
2026-09-06 18:28:17 - 03_salesfc_deep_learning - DEBUG - Store 371: 767 sequences built.
2026-09-06 18:28:17 - 03_salesfc_deep_learning - DEBUG - Store 372: 765 sequences built.
2026-09-06 18:28:17 - 03_salesfc_deep_learning - DEBUG - Store 373: 763 sequences built.
2026-09-06 18:28:17 - 03_salesfc_deep_learning - DEBUG - Store 374: 770 sequences built.
2026-09-06 18:28:17 - 03_salesfc_deep_learning - DEBUG - Store 375: 766 sequences built.
2026-09-06 18:28:17 - 03_salesfc_deep_learning - DEBUG - Store 376: 760 sequences built.
2026-09-06 18:28:17 - 03_salesfc_deep_learning - DEBUG - Store 377: 770 sequences built.
2026-09-06 18:28:17 - 03_salesfc_deep_learning - DEBUG - Store 378: 765 sequences built.
2026-09-06 18:28:17 - 03_salesfc_deep_learning - DEBUG - Store 379: 770 sequences built.
2026-09-06 18:28:17 - 03_salesfc_deep_learning - DEBUG - Store 380: 765 sequences built.
2026-09-06 18:28:17 - 03_salesfc_deep_learning - DEBUG - Store 381: 766 sequences built.
2026-09-06 18:28:17 - 03_salesfc_deep_learning - DEBUG - Store 382: 766 sequences built.
2026-09-06 18:28:17 - 03_salesfc_deep_learning - DEBUG - Store 383: 766 sequences built.
2026-09-06 18:28:17 - 03_salesfc_deep_learning - DEBUG - Store 384: 768 sequences built.
2026-09-06 18:28:17 - 03_salesfc_deep_learning - DEBUG - Store 385: 608 sequences built.
2026-09-06 18:28:17 - 03_salesfc_deep_learning - DEBUG - Store 386: 765 sequences built.
2026-09-06 18:28:17 - 03_salesfc_deep_learning - DEBUG - Store 387: 752 sequences built.
2026-09-06 18:28:17 - 03_salesfc_deep_learning - DEBUG - Store 388: 765 sequences built.
2026-09-06 18:28:17 - 03_salesfc_deep_learning - DEBUG - Store 389: 770 sequences built.
2026-09-06 18:28:17 - 03_salesfc_deep_learning - DEBUG - Store 390: 766 sequences built.
2026-09-06 18:28:17 - 03_salesfc_deep_learning - DEBUG - Store 391: 754 sequences built.
2026-09-06 18:28:17 - 03_salesfc_deep_learning - DEBUG - Store 392: 765 sequences built.
2026-09-06 18:28:17 - 03_salesfc_deep_learning - DEBUG - Store 393: 765 sequences built.
2026-09-06 18:28:17 - 03_salesfc_deep_learning - DEBUG - Store 394: 767 sequences built.
2026-09-06 18:28:17 - 03_salesfc_deep_learning - DEBUG - Store 395: 765 sequences built.
2026-09-06 18:28:17 - 03_salesfc_deep_learning - DEBUG - Store 396: 766 sequences built.
2026-09-06 18:28:17 - 03_salesfc_deep_learning - DEBUG - Store 397: 765 sequences built.
2026-09-06 18:28:17 - 03_salesfc_deep_learning - DEBUG - Store 398: 770 sequences built.
2026-09-06 18:28:17 - 03_salesfc_deep_learning - DEBUG - Store 399: 608 sequences built.
2026-09-06 18:28:17 - 03_salesfc_deep_learning - DEBUG - Store 400: 768 sequences built.
2026-09-06 18:28:17 - 03_salesfc_deep_learning - DEBUG - Store 401: 766 sequences built.
2026-09-06 18:28:17 - 03_salesfc_deep_learning - DEBUG - Store 402: 766 sequences built.
2026-09-06 18:28:17 - 03_salesfc_deep_learning - DEBUG - Store 403: 765 sequences built.
2026-09-06 18:28:17 - 03_salesfc_deep_learning - DEBUG - Store 404: 745 sequences built.
2026-09-06 18:28:17 - 03_salesfc_deep_learning - DEBUG - Store 405: 765 sequences built.
2026-09-06 18:28:17 - 03_salesfc_deep_learning - DEBUG - Store 406: 765 sequences built.
2026-09-06 18:28:17 - 03_salesfc_deep_learning - DEBUG - Store 407: 608 sequences built.
2026-09-06 18:28:17 - 03_salesfc_deep_learning - DEBUG - Store 408: 763 sequences built.
2026-09-06 18:28:17 - 03_salesfc_deep_learning - DEBUG - Store 409: 767 sequences built.
2026-09-06 18:28:17 - 03_salesfc_deep_learning - DEBUG - Store 410: 765 sequences built.
2026-09-06 18:28:17 - 03_salesfc_deep_learning - DEBUG - Store 411: 767 sequences built.
2026-09-06 18:28:17 - 03_salesfc_deep_learning - DEBUG - Store 412: 608 sequences built.
2026-09-06 18:28:17 - 03_salesfc_deep_learning - DEBUG - Store 413: 608 sequences built.
2026-09-06 18:28:17 - 03_salesfc_deep_learning - DEBUG - Store 414: 767 sequences built.
2026-09-06 18:28:17 - 03_salesfc_deep_learning - DEBUG - Store 415: 766 sequences built.
2026-09-06 18:28:17 - 03_salesfc_deep_learning - DEBUG - Store 416: 770 sequences built.
2026-09-06 18:28:17 - 03_salesfc_deep_learning - DEBUG - Store 417: 765 sequences built.
2026-09-06 18:28:17 - 03_salesfc_deep_learning - DEBUG - Store 418: 762 sequences built.
2026-09-06 18:28:17 - 03_salesfc_deep_learning - DEBUG - Store 419: 770 sequences built.
2026-09-06 18:28:17 - 03_salesfc_deep_learning - DEBUG - Store 420: 608 sequences built.
2026-09-06 18:28:17 - 03_salesfc_deep_learning - DEBUG - Store 421: 770 sequences built.
2026-09-06 18:28:17 - 03_salesfc_deep_learning - DEBUG - Store 422: 770 sequences built.
2026-09-06 18:28:17 - 03_salesfc_deep_learning - DEBUG - Store 423: 928 sequences built.
2026-09-06 18:28:17 - 03_salesfc_deep_learning - DEBUG - Store 424: 765 sequences built.
2026-09-06 18:28:17 - 03_salesfc_deep_learning - DEBUG - Store 425: 762 sequences built.
2026-09-06 18:28:17 - 03_salesfc_deep_learning - DEBUG - Store 426: 765 sequences built.
2026-09-06 18:28:17 - 03_salesfc_deep_learning - DEBUG - Store 427: 609 sequences built.
2026-09-06 18:28:17 - 03_salesfc_deep_learning - DEBUG - Store 428: 608 sequences built.
2026-09-06 18:28:17 - 03_salesfc_deep_learning - DEBUG - Store 429: 608 sequences built.
2026-09-06 18:28:17 - 03_salesfc_deep_learning - DEBUG - Store 430: 608 sequences built.
2026-09-06 18:28:17 - 03_salesfc_deep_learning - DEBUG - Store 431: 765 sequences built.
2026-09-06 18:28:17 - 03_salesfc_deep_learning - DEBUG - Store 432: 770 sequences built.
2026-09-06 18:28:17 - 03_salesfc_deep_learning - DEBUG - Store 433: 848 sequences built.
2026-09-06 18:28:17 - 03_salesfc_deep_learning - DEBUG - Store 434: 608 sequences built.
2026-09-06 18:28:17 - 03_salesfc_deep_learning - DEBUG - Store 435: 765 sequences built.
2026-09-06 18:28:17 - 03_salesfc_deep_learning - DEBUG - Store 436: 766 sequences built.
2026-09-06 18:28:17 - 03_salesfc_deep_learning - DEBUG - Store 437: 766 sequences built.
2026-09-06 18:28:17 - 03_salesfc_deep_learning - DEBUG - Store 438: 766 sequences built.
2026-09-06 18:28:17 - 03_salesfc_deep_learning - DEBUG - Store 439: 770 sequences built.
2026-09-06 18:28:17 - 03_salesfc_deep_learning - DEBUG - Store 440: 763 sequences built.
2026-09-06 18:28:17 - 03_salesfc_deep_learning - DEBUG - Store 441: 765 sequences built.
2026-09-06 18:28:17 - 03_salesfc_deep_learning - DEBUG - Store 442: 763 sequences built.
2026-09-06 18:28:17 - 03_salesfc_deep_learning - DEBUG - Store 443: 766 sequences built.
2026-09-06 18:28:17 - 03_salesfc_deep_learning - DEBUG - Store 444: 763 sequences built.
2026-09-06 18:28:17 - 03_salesfc_deep_learning - DEBUG - Store 445: 762 sequences built.
2026-09-06 18:28:17 - 03_salesfc_deep_learning - DEBUG - Store 446: 765 sequences built.
2026-09-06 18:28:17 - 03_salesfc_deep_learning - DEBUG - Store 447: 770 sequences built.
2026-09-06 18:28:17 - 03_salesfc_deep_learning - DEBUG - Store 448: 765 sequences built.
2026-09-06 18:28:17 - 03_salesfc_deep_learning - DEBUG - Store 449: 767 sequences built.
2026-09-06 18:28:17 - 03_salesfc_deep_learning - DEBUG - Store 450: 763 sequences built.
2026-09-06 18:28:17 - 03_salesfc_deep_learning - DEBUG - Store 451: 767 sequences built.
2026-09-06 18:28:17 - 03_salesfc_deep_learning - DEBUG - Store 452: 770 sequences built.
2026-09-06 18:28:17 - 03_salesfc_deep_learning - DEBUG - Store 453: 873 sequences built.
2026-09-06 18:28:17 - 03_salesfc_deep_learning - DEBUG - Store 454: 766 sequences built.
2026-09-06 18:28:17 - 03_salesfc_deep_learning - DEBUG - Store 455: 763 sequences built.
2026-09-06 18:28:17 - 03_salesfc_deep_learning - DEBUG - Store 456: 765 sequences built.
2026-09-06 18:28:17 - 03_salesfc_deep_learning - DEBUG - Store 457: 608 sequences built.
2026-09-06 18:28:17 - 03_salesfc_deep_learning - DEBUG - Store 458: 767 sequences built.
2026-09-06 18:28:17 - 03_salesfc_deep_learning - DEBUG - Store 459: 770 sequences built.
2026-09-06 18:28:17 - 03_salesfc_deep_learning - DEBUG - Store 460: 766 sequences built.
2026-09-06 18:28:17 - 03_salesfc_deep_learning - DEBUG - Store 461: 763 sequences built.
2026-09-06 18:28:17 - 03_salesfc_deep_learning - DEBUG - Store 462: 766 sequences built.
2026-09-06 18:28:17 - 03_salesfc_deep_learning - DEBUG - Store 463: 765 sequences built.
2026-09-06 18:28:17 - 03_salesfc_deep_learning - DEBUG - Store 464: 770 sequences built.
2026-09-06 18:28:17 - 03_salesfc_deep_learning - DEBUG - Store 465: 767 sequences built.
2026-09-06 18:28:17 - 03_salesfc_deep_learning - DEBUG - Store 466: 765 sequences built.
2026-09-06 18:28:17 - 03_salesfc_deep_learning - DEBUG - Store 467: 765 sequences built.
2026-09-06 18:28:17 - 03_salesfc_deep_learning - DEBUG - Store 468: 770 sequences built.
2026-09-06 18:28:17 - 03_salesfc_deep_learning - DEBUG - Store 469: 770 sequences built.
2026-09-06 18:28:17 - 03_salesfc_deep_learning - DEBUG - Store 470: 762 sequences built.
2026-09-06 18:28:17 - 03_salesfc_deep_learning - DEBUG - Store 471: 608 sequences built.
2026-09-06 18:28:17 - 03_salesfc_deep_learning - DEBUG - Store 472: 770 sequences built.
2026-09-06 18:28:17 - 03_salesfc_deep_learning - DEBUG - Store 473: 765 sequences built.
2026-09-06 18:28:17 - 03_salesfc_deep_learning - DEBUG - Store 474: 768 sequences built.
2026-09-06 18:28:17 - 03_salesfc_deep_learning - DEBUG - Store 475: 762 sequences built.
2026-09-06 18:28:17 - 03_salesfc_deep_learning - DEBUG - Store 476: 766 sequences built.
2026-09-06 18:28:17 - 03_salesfc_deep_learning - DEBUG - Store 477: 608 sequences built.
2026-09-06 18:28:17 - 03_salesfc_deep_learning - DEBUG - Store 478: 770 sequences built.
2026-09-06 18:28:17 - 03_salesfc_deep_learning - DEBUG - Store 479: 768 sequences built.
2026-09-06 18:28:17 - 03_salesfc_deep_learning - DEBUG - Store 480: 770 sequences built.
2026-09-06 18:28:17 - 03_salesfc_deep_learning - DEBUG - Store 481: 767 sequences built.
2026-09-06 18:28:17 - 03_salesfc_deep_learning - DEBUG - Store 482: 768 sequences built.
2026-09-06 18:28:17 - 03_salesfc_deep_learning - DEBUG - Store 483: 766 sequences built.
2026-09-06 18:28:17 - 03_salesfc_deep_learning - DEBUG - Store 484: 770 sequences built.
2026-09-06 18:28:17 - 03_salesfc_deep_learning - DEBUG - Store 485: 608 sequences built.
2026-09-06 18:28:17 - 03_salesfc_deep_learning - DEBUG - Store 486: 765 sequences built.
2026-09-06 18:28:17 - 03_salesfc_deep_learning - DEBUG - Store 487: 770 sequences built.
2026-09-06 18:28:17 - 03_salesfc_deep_learning - DEBUG - Store 488: 770 sequences built.
2026-09-06 18:28:17 - 03_salesfc_deep_learning - DEBUG - Store 489: 766 sequences built.
2026-09-06 18:28:17 - 03_salesfc_deep_learning - DEBUG - Store 490: 608 sequences built.
2026-09-06 18:28:17 - 03_salesfc_deep_learning - DEBUG - Store 491: 763 sequences built.
2026-09-06 18:28:17 - 03_salesfc_deep_learning - DEBUG - Store 492: 600 sequences built.
2026-09-06 18:28:17 - 03_salesfc_deep_learning - DEBUG - Store 493: 765 sequences built.
2026-09-06 18:28:17 - 03_salesfc_deep_learning - DEBUG - Store 494: 928 sequences built.
2026-09-06 18:28:17 - 03_salesfc_deep_learning - DEBUG - Store 495: 763 sequences built.
2026-09-06 18:28:17 - 03_salesfc_deep_learning - DEBUG - Store 496: 770 sequences built.
2026-09-06 18:28:17 - 03_salesfc_deep_learning - DEBUG - Store 497: 767 sequences built.
2026-09-06 18:28:17 - 03_salesfc_deep_learning - DEBUG - Store 498: 608 sequences built.
2026-09-06 18:28:17 - 03_salesfc_deep_learning - DEBUG - Store 499: 763 sequences built.
2026-09-06 18:28:17 - 03_salesfc_deep_learning - DEBUG - Store 500: 608 sequences built.
2026-09-06 18:28:17 - 03_salesfc_deep_learning - DEBUG - Store 501: 608 sequences built.
2026-09-06 18:28:17 - 03_salesfc_deep_learning - DEBUG - Store 502: 760 sequences built.
2026-09-06 18:28:17 - 03_salesfc_deep_learning - DEBUG - Store 503: 766 sequences built.
2026-09-06 18:28:17 - 03_salesfc_deep_learning - DEBUG - Store 504: 770 sequences built.
2026-09-06 18:28:17 - 03_salesfc_deep_learning - DEBUG - Store 505: 763 sequences built.
2026-09-06 18:28:17 - 03_salesfc_deep_learning - DEBUG - Store 506: 765 sequences built.
2026-09-06 18:28:17 - 03_salesfc_deep_learning - DEBUG - Store 507: 765 sequences built.
2026-09-06 18:28:17 - 03_salesfc_deep_learning - DEBUG - Store 508: 762 sequences built.
2026-09-06 18:28:17 - 03_salesfc_deep_learning - DEBUG - Store 509: 767 sequences built.
2026-09-06 18:28:17 - 03_salesfc_deep_learning - DEBUG - Store 510: 765 sequences built.
2026-09-06 18:28:17 - 03_salesfc_deep_learning - DEBUG - Store 511: 770 sequences built.
2026-09-06 18:28:17 - 03_salesfc_deep_learning - DEBUG - Store 512: 731 sequences built.
2026-09-06 18:28:17 - 03_salesfc_deep_learning - DEBUG - Store 513: 770 sequences built.
2026-09-06 18:28:17 - 03_salesfc_deep_learning - DEBUG - Store 514: 608 sequences built.
2026-09-06 18:28:17 - 03_salesfc_deep_learning - DEBUG - Store 515: 765 sequences built.
2026-09-06 18:28:17 - 03_salesfc_deep_learning - DEBUG - Store 516: 765 sequences built.
2026-09-06 18:28:17 - 03_salesfc_deep_learning - DEBUG - Store 517: 745 sequences built.
2026-09-06 18:28:17 - 03_salesfc_deep_learning - DEBUG - Store 518: 609 sequences built.
2026-09-06 18:28:17 - 03_salesfc_deep_learning - DEBUG - Store 519: 770 sequences built.
2026-09-06 18:28:17 - 03_salesfc_deep_learning - DEBUG - Store 520: 770 sequences built.
2026-09-06 18:28:17 - 03_salesfc_deep_learning - DEBUG - Store 521: 765 sequences built.
2026-09-06 18:28:17 - 03_salesfc_deep_learning - DEBUG - Store 522: 609 sequences built.
2026-09-06 18:28:17 - 03_salesfc_deep_learning - DEBUG - Store 523: 770 sequences built.
2026-09-06 18:28:17 - 03_salesfc_deep_learning - DEBUG - Store 524: 867 sequences built.
2026-09-06 18:28:17 - 03_salesfc_deep_learning - DEBUG - Store 525: 769 sequences built.
2026-09-06 18:28:17 - 03_salesfc_deep_learning - DEBUG - Store 526: 768 sequences built.
2026-09-06 18:28:17 - 03_salesfc_deep_learning - DEBUG - Store 527: 767 sequences built.
2026-09-06 18:28:17 - 03_salesfc_deep_learning - DEBUG - Store 528: 765 sequences built.
2026-09-06 18:28:18 - 03_salesfc_deep_learning - DEBUG - Store 529: 770 sequences built.
2026-09-06 18:28:18 - 03_salesfc_deep_learning - DEBUG - Store 530: 892 sequences built.
2026-09-06 18:28:18 - 03_salesfc_deep_learning - DEBUG - Store 531: 770 sequences built.
2026-09-06 18:28:18 - 03_salesfc_deep_learning - DEBUG - Store 532: 765 sequences built.
2026-09-06 18:28:18 - 03_salesfc_deep_learning - DEBUG - Store 533: 763 sequences built.
2026-09-06 18:28:18 - 03_salesfc_deep_learning - DEBUG - Store 534: 609 sequences built.
2026-09-06 18:28:18 - 03_salesfc_deep_learning - DEBUG - Store 535: 765 sequences built.
2026-09-06 18:28:18 - 03_salesfc_deep_learning - DEBUG - Store 536: 765 sequences built.
2026-09-06 18:28:18 - 03_salesfc_deep_learning - DEBUG - Store 537: 763 sequences built.
2026-09-06 18:28:18 - 03_salesfc_deep_learning - DEBUG - Store 538: 770 sequences built.
2026-09-06 18:28:18 - 03_salesfc_deep_learning - DEBUG - Store 539: 608 sequences built.
2026-09-06 18:28:18 - 03_salesfc_deep_learning - DEBUG - Store 540: 608 sequences built.
2026-09-06 18:28:18 - 03_salesfc_deep_learning - DEBUG - Store 541: 765 sequences built.
2026-09-06 18:28:18 - 03_salesfc_deep_learning - DEBUG - Store 542: 608 sequences built.
2026-09-06 18:28:18 - 03_salesfc_deep_learning - DEBUG - Store 543: 767 sequences built.
2026-09-06 18:28:18 - 03_salesfc_deep_learning - DEBUG - Store 544: 766 sequences built.
2026-09-06 18:28:18 - 03_salesfc_deep_learning - DEBUG - Store 545: 765 sequences built.
2026-09-06 18:28:18 - 03_salesfc_deep_learning - DEBUG - Store 546: 770 sequences built.
2026-09-06 18:28:18 - 03_salesfc_deep_learning - DEBUG - Store 547: 608 sequences built.
2026-09-06 18:28:18 - 03_salesfc_deep_learning - DEBUG - Store 548: 755 sequences built.
2026-09-06 18:28:18 - 03_salesfc_deep_learning - DEBUG - Store 549: 770 sequences built.
2026-09-06 18:28:18 - 03_salesfc_deep_learning - DEBUG - Store 550: 767 sequences built.
2026-09-06 18:28:18 - 03_salesfc_deep_learning - DEBUG - Store 551: 770 sequences built.
2026-09-06 18:28:18 - 03_salesfc_deep_learning - DEBUG - Store 552: 767 sequences built.
2026-09-06 18:28:18 - 03_salesfc_deep_learning - DEBUG - Store 553: 763 sequences built.
2026-09-06 18:28:18 - 03_salesfc_deep_learning - DEBUG - Store 554: 770 sequences built.
2026-09-06 18:28:18 - 03_salesfc_deep_learning - DEBUG - Store 555: 609 sequences built.
2026-09-06 18:28:18 - 03_salesfc_deep_learning - DEBUG - Store 556: 769 sequences built.
2026-09-06 18:28:18 - 03_salesfc_deep_learning - DEBUG - Store 557: 764 sequences built.
2026-09-06 18:28:18 - 03_salesfc_deep_learning - DEBUG - Store 558: 770 sequences built.
2026-09-06 18:28:18 - 03_salesfc_deep_learning - DEBUG - Store 559: 766 sequences built.
2026-09-06 18:28:18 - 03_salesfc_deep_learning - DEBUG - Store 560: 733 sequences built.
2026-09-06 18:28:18 - 03_salesfc_deep_learning - DEBUG - Store 561: 765 sequences built.
2026-09-06 18:28:18 - 03_salesfc_deep_learning - DEBUG - Store 562: 928 sequences built.
2026-09-06 18:28:18 - 03_salesfc_deep_learning - DEBUG - Store 563: 762 sequences built.
2026-09-06 18:28:18 - 03_salesfc_deep_learning - DEBUG - Store 564: 765 sequences built.
2026-09-06 18:28:18 - 03_salesfc_deep_learning - DEBUG - Store 565: 765 sequences built.
2026-09-06 18:28:18 - 03_salesfc_deep_learning - DEBUG - Store 566: 770 sequences built.
2026-09-06 18:28:18 - 03_salesfc_deep_learning - DEBUG - Store 567: 765 sequences built.
2026-09-06 18:28:18 - 03_salesfc_deep_learning - DEBUG - Store 568: 767 sequences built.
2026-09-06 18:28:18 - 03_salesfc_deep_learning - DEBUG - Store 569: 770 sequences built.
2026-09-06 18:28:18 - 03_salesfc_deep_learning - DEBUG - Store 570: 765 sequences built.
2026-09-06 18:28:18 - 03_salesfc_deep_learning - DEBUG - Store 571: 608 sequences built.
2026-09-06 18:28:18 - 03_salesfc_deep_learning - DEBUG - Store 572: 762 sequences built.
2026-09-06 18:28:18 - 03_salesfc_deep_learning - DEBUG - Store 573: 608 sequences built.
2026-09-06 18:28:18 - 03_salesfc_deep_learning - DEBUG - Store 574: 763 sequences built.
2026-09-06 18:28:18 - 03_salesfc_deep_learning - DEBUG - Store 575: 609 sequences built.
2026-09-06 18:28:18 - 03_salesfc_deep_learning - DEBUG - Store 576: 770 sequences built.
2026-09-06 18:28:18 - 03_salesfc_deep_learning - DEBUG - Store 577: 770 sequences built.
2026-09-06 18:28:18 - 03_salesfc_deep_learning - DEBUG - Store 578: 887 sequences built.
2026-09-06 18:28:18 - 03_salesfc_deep_learning - DEBUG - Store 579: 765 sequences built.
2026-09-06 18:28:18 - 03_salesfc_deep_learning - DEBUG - Store 580: 770 sequences built.
2026-09-06 18:28:18 - 03_salesfc_deep_learning - DEBUG - Store 581: 765 sequences built.
2026-09-06 18:28:18 - 03_salesfc_deep_learning - DEBUG - Store 582: 768 sequences built.
2026-09-06 18:28:18 - 03_salesfc_deep_learning - DEBUG - Store 583: 766 sequences built.
2026-09-06 18:28:18 - 03_salesfc_deep_learning - DEBUG - Store 584: 767 sequences built.
2026-09-06 18:28:18 - 03_salesfc_deep_learning - DEBUG - Store 585: 770 sequences built.
2026-09-06 18:28:18 - 03_salesfc_deep_learning - DEBUG - Store 586: 762 sequences built.
2026-09-06 18:28:18 - 03_salesfc_deep_learning - DEBUG - Store 587: 609 sequences built.
2026-09-06 18:28:18 - 03_salesfc_deep_learning - DEBUG - Store 588: 770 sequences built.
2026-09-06 18:28:18 - 03_salesfc_deep_learning - DEBUG - Store 589: 743 sequences built.
2026-09-06 18:28:18 - 03_salesfc_deep_learning - DEBUG - Store 590: 763 sequences built.
2026-09-06 18:28:18 - 03_salesfc_deep_learning - DEBUG - Store 591: 763 sequences built.
2026-09-06 18:28:18 - 03_salesfc_deep_learning - DEBUG - Store 592: 765 sequences built.
2026-09-06 18:28:18 - 03_salesfc_deep_learning - DEBUG - Store 593: 770 sequences built.
2026-09-06 18:28:18 - 03_salesfc_deep_learning - DEBUG - Store 594: 770 sequences built.
2026-09-06 18:28:18 - 03_salesfc_deep_learning - DEBUG - Store 595: 770 sequences built.
2026-09-06 18:28:18 - 03_salesfc_deep_learning - DEBUG - Store 596: 770 sequences built.
2026-09-06 18:28:18 - 03_salesfc_deep_learning - DEBUG - Store 597: 765 sequences built.
2026-09-06 18:28:18 - 03_salesfc_deep_learning - DEBUG - Store 598: 608 sequences built.
2026-09-06 18:28:18 - 03_salesfc_deep_learning - DEBUG - Store 599: 770 sequences built.
2026-09-06 18:28:18 - 03_salesfc_deep_learning - DEBUG - Store 600: 770 sequences built.
2026-09-06 18:28:18 - 03_salesfc_deep_learning - DEBUG - Store 601: 767 sequences built.
2026-09-06 18:28:18 - 03_salesfc_deep_learning - DEBUG - Store 602: 767 sequences built.
2026-09-06 18:28:18 - 03_salesfc_deep_learning - DEBUG - Store 603: 750 sequences built.
2026-09-06 18:28:18 - 03_salesfc_deep_learning - DEBUG - Store 604: 608 sequences built.
2026-09-06 18:28:18 - 03_salesfc_deep_learning - DEBUG - Store 605: 764 sequences built.
2026-09-06 18:28:18 - 03_salesfc_deep_learning - DEBUG - Store 606: 770 sequences built.
2026-09-06 18:28:18 - 03_salesfc_deep_learning - DEBUG - Store 607: 768 sequences built.
2026-09-06 18:28:18 - 03_salesfc_deep_learning - DEBUG - Store 608: 766 sequences built.
2026-09-06 18:28:18 - 03_salesfc_deep_learning - DEBUG - Store 609: 770 sequences built.
2026-09-06 18:28:18 - 03_salesfc_deep_learning - DEBUG - Store 610: 765 sequences built.
2026-09-06 18:28:18 - 03_salesfc_deep_learning - DEBUG - Store 611: 608 sequences built.
2026-09-06 18:28:18 - 03_salesfc_deep_learning - DEBUG - Store 612: 609 sequences built.
2026-09-06 18:28:18 - 03_salesfc_deep_learning - DEBUG - Store 613: 768 sequences built.
2026-09-06 18:28:18 - 03_salesfc_deep_learning - DEBUG - Store 614: 766 sequences built.
2026-09-06 18:28:18 - 03_salesfc_deep_learning - DEBUG - Store 615: 767 sequences built.
2026-09-06 18:28:18 - 03_salesfc_deep_learning - DEBUG - Store 616: 765 sequences built.
2026-09-06 18:28:18 - 03_salesfc_deep_learning - DEBUG - Store 617: 766 sequences built.
2026-09-06 18:28:18 - 03_salesfc_deep_learning - DEBUG - Store 618: 767 sequences built.
2026-09-06 18:28:18 - 03_salesfc_deep_learning - DEBUG - Store 619: 608 sequences built.
2026-09-06 18:28:18 - 03_salesfc_deep_learning - DEBUG - Store 620: 608 sequences built.
2026-09-06 18:28:18 - 03_salesfc_deep_learning - DEBUG - Store 621: 765 sequences built.
2026-09-06 18:28:18 - 03_salesfc_deep_learning - DEBUG - Store 622: 770 sequences built.
2026-09-06 18:28:18 - 03_salesfc_deep_learning - DEBUG - Store 623: 754 sequences built.
2026-09-06 18:28:18 - 03_salesfc_deep_learning - DEBUG - Store 624: 765 sequences built.
2026-09-06 18:28:18 - 03_salesfc_deep_learning - DEBUG - Store 625: 765 sequences built.
2026-09-06 18:28:18 - 03_salesfc_deep_learning - DEBUG - Store 626: 766 sequences built.
2026-09-06 18:28:18 - 03_salesfc_deep_learning - DEBUG - Store 627: 767 sequences built.
2026-09-06 18:28:18 - 03_salesfc_deep_learning - DEBUG - Store 628: 770 sequences built.
2026-09-06 18:28:18 - 03_salesfc_deep_learning - DEBUG - Store 629: 608 sequences built.
2026-09-06 18:28:18 - 03_salesfc_deep_learning - DEBUG - Store 630: 765 sequences built.
2026-09-06 18:28:18 - 03_salesfc_deep_learning - DEBUG - Store 631: 770 sequences built.
2026-09-06 18:28:18 - 03_salesfc_deep_learning - DEBUG - Store 632: 770 sequences built.
2026-09-06 18:28:18 - 03_salesfc_deep_learning - DEBUG - Store 633: 608 sequences built.
2026-09-06 18:28:18 - 03_salesfc_deep_learning - DEBUG - Store 634: 766 sequences built.
2026-09-06 18:28:18 - 03_salesfc_deep_learning - DEBUG - Store 635: 766 sequences built.
2026-09-06 18:28:18 - 03_salesfc_deep_learning - DEBUG - Store 636: 609 sequences built.
2026-09-06 18:28:18 - 03_salesfc_deep_learning - DEBUG - Store 637: 608 sequences built.
2026-09-06 18:28:18 - 03_salesfc_deep_learning - DEBUG - Store 638: 604 sequences built.
2026-09-06 18:28:18 - 03_salesfc_deep_learning - DEBUG - Store 639: 765 sequences built.
2026-09-06 18:28:18 - 03_salesfc_deep_learning - DEBUG - Store 640: 765 sequences built.
2026-09-06 18:28:18 - 03_salesfc_deep_learning - DEBUG - Store 641: 765 sequences built.
2026-09-06 18:28:18 - 03_salesfc_deep_learning - DEBUG - Store 642: 765 sequences built.
2026-09-06 18:28:18 - 03_salesfc_deep_learning - DEBUG - Store 643: 770 sequences built.
2026-09-06 18:28:18 - 03_salesfc_deep_learning - DEBUG - Store 644: 578 sequences built.
2026-09-06 18:28:18 - 03_salesfc_deep_learning - DEBUG - Store 645: 763 sequences built.
2026-09-06 18:28:18 - 03_salesfc_deep_learning - DEBUG - Store 646: 608 sequences built.
2026-09-06 18:28:18 - 03_salesfc_deep_learning - DEBUG - Store 647: 770 sequences built.
2026-09-06 18:28:18 - 03_salesfc_deep_learning - DEBUG - Store 648: 770 sequences built.
2026-09-06 18:28:18 - 03_salesfc_deep_learning - DEBUG - Store 649: 766 sequences built.
2026-09-06 18:28:18 - 03_salesfc_deep_learning - DEBUG - Store 650: 608 sequences built.
2026-09-06 18:28:18 - 03_salesfc_deep_learning - DEBUG - Store 651: 765 sequences built.
2026-09-06 18:28:18 - 03_salesfc_deep_learning - DEBUG - Store 652: 768 sequences built.
2026-09-06 18:28:18 - 03_salesfc_deep_learning - DEBUG - Store 653: 765 sequences built.
2026-09-06 18:28:18 - 03_salesfc_deep_learning - DEBUG - Store 654: 766 sequences built.
2026-09-06 18:28:18 - 03_salesfc_deep_learning - DEBUG - Store 655: 765 sequences built.
2026-09-06 18:28:18 - 03_salesfc_deep_learning - DEBUG - Store 656: 767 sequences built.
2026-09-06 18:28:18 - 03_salesfc_deep_learning - DEBUG - Store 657: 762 sequences built.
2026-09-06 18:28:18 - 03_salesfc_deep_learning - DEBUG - Store 658: 765 sequences built.
2026-09-06 18:28:18 - 03_salesfc_deep_learning - DEBUG - Store 659: 767 sequences built.
2026-09-06 18:28:18 - 03_salesfc_deep_learning - DEBUG - Store 660: 608 sequences built.
2026-09-06 18:28:18 - 03_salesfc_deep_learning - DEBUG - Store 661: 755 sequences built.
2026-09-06 18:28:18 - 03_salesfc_deep_learning - DEBUG - Store 662: 770 sequences built.
2026-09-06 18:28:18 - 03_salesfc_deep_learning - DEBUG - Store 663: 743 sequences built.
2026-09-06 18:28:18 - 03_salesfc_deep_learning - DEBUG - Store 664: 766 sequences built.
2026-09-06 18:28:18 - 03_salesfc_deep_learning - DEBUG - Store 665: 761 sequences built.
2026-09-06 18:28:18 - 03_salesfc_deep_learning - DEBUG - Store 666: 763 sequences built.
2026-09-06 18:28:18 - 03_salesfc_deep_learning - DEBUG - Store 667: 769 sequences built.
2026-09-06 18:28:18 - 03_salesfc_deep_learning - DEBUG - Store 668: 770 sequences built.
2026-09-06 18:28:18 - 03_salesfc_deep_learning - DEBUG - Store 669: 608 sequences built.
2026-09-06 18:28:18 - 03_salesfc_deep_learning - DEBUG - Store 670: 607 sequences built.
2026-09-06 18:28:18 - 03_salesfc_deep_learning - DEBUG - Store 671: 608 sequences built.
2026-09-06 18:28:18 - 03_salesfc_deep_learning - DEBUG - Store 672: 766 sequences built.
2026-09-06 18:28:18 - 03_salesfc_deep_learning - DEBUG - Store 673: 763 sequences built.
2026-09-06 18:28:18 - 03_salesfc_deep_learning - DEBUG - Store 674: 732 sequences built.
2026-09-06 18:28:18 - 03_salesfc_deep_learning - DEBUG - Store 675: 767 sequences built.
2026-09-06 18:28:18 - 03_salesfc_deep_learning - DEBUG - Store 676: 904 sequences built.
2026-09-06 18:28:18 - 03_salesfc_deep_learning - DEBUG - Store 677: 608 sequences built.
2026-09-06 18:28:18 - 03_salesfc_deep_learning - DEBUG - Store 678: 765 sequences built.
2026-09-06 18:28:18 - 03_salesfc_deep_learning - DEBUG - Store 679: 770 sequences built.
2026-09-06 18:28:18 - 03_salesfc_deep_learning - DEBUG - Store 680: 770 sequences built.
2026-09-06 18:28:18 - 03_salesfc_deep_learning - DEBUG - Store 681: 753 sequences built.
2026-09-06 18:28:18 - 03_salesfc_deep_learning - DEBUG - Store 682: 928 sequences built.
2026-09-06 18:28:18 - 03_salesfc_deep_learning - DEBUG - Store 683: 770 sequences built.
2026-09-06 18:28:18 - 03_salesfc_deep_learning - DEBUG - Store 684: 608 sequences built.
2026-09-06 18:28:18 - 03_salesfc_deep_learning - DEBUG - Store 685: 765 sequences built.
2026-09-06 18:28:18 - 03_salesfc_deep_learning - DEBUG - Store 686: 766 sequences built.
2026-09-06 18:28:18 - 03_salesfc_deep_learning - DEBUG - Store 687: 765 sequences built.
2026-09-06 18:28:18 - 03_salesfc_deep_learning - DEBUG - Store 688: 766 sequences built.
2026-09-06 18:28:18 - 03_salesfc_deep_learning - DEBUG - Store 689: 767 sequences built.
2026-09-06 18:28:18 - 03_salesfc_deep_learning - DEBUG - Store 690: 765 sequences built.
2026-09-06 18:28:18 - 03_salesfc_deep_learning - DEBUG - Store 691: 765 sequences built.
2026-09-06 18:28:18 - 03_salesfc_deep_learning - DEBUG - Store 692: 765 sequences built.
2026-09-06 18:28:18 - 03_salesfc_deep_learning - DEBUG - Store 693: 767 sequences built.
2026-09-06 18:28:18 - 03_salesfc_deep_learning - DEBUG - Store 694: 608 sequences built.
2026-09-06 18:28:18 - 03_salesfc_deep_learning - DEBUG - Store 695: 765 sequences built.
2026-09-06 18:28:18 - 03_salesfc_deep_learning - DEBUG - Store 696: 770 sequences built.
2026-09-06 18:28:18 - 03_salesfc_deep_learning - DEBUG - Store 697: 765 sequences built.
2026-09-06 18:28:18 - 03_salesfc_deep_learning - DEBUG - Store 698: 770 sequences built.
2026-09-06 18:28:18 - 03_salesfc_deep_learning - DEBUG - Store 699: 752 sequences built.
2026-09-06 18:28:18 - 03_salesfc_deep_learning - DEBUG - Store 700: 743 sequences built.
2026-09-06 18:28:18 - 03_salesfc_deep_learning - DEBUG - Store 701: 608 sequences built.
2026-09-06 18:28:18 - 03_salesfc_deep_learning - DEBUG - Store 702: 608 sequences built.
2026-09-06 18:28:18 - 03_salesfc_deep_learning - DEBUG - Store 703: 765 sequences built.
2026-09-06 18:28:18 - 03_salesfc_deep_learning - DEBUG - Store 704: 769 sequences built.
2026-09-06 18:28:18 - 03_salesfc_deep_learning - DEBUG - Store 705: 765 sequences built.
2026-09-06 18:28:18 - 03_salesfc_deep_learning - DEBUG - Store 706: 608 sequences built.
2026-09-06 18:28:18 - 03_salesfc_deep_learning - DEBUG - Store 707: 765 sequences built.
2026-09-06 18:28:18 - 03_salesfc_deep_learning - DEBUG - Store 708: 674 sequences built.
2026-09-06 18:28:18 - 03_salesfc_deep_learning - DEBUG - Store 709: 770 sequences built.
2026-09-06 18:28:18 - 03_salesfc_deep_learning - DEBUG - Store 710: 608 sequences built.
2026-09-06 18:28:18 - 03_salesfc_deep_learning - DEBUG - Store 711: 609 sequences built.
2026-09-06 18:28:18 - 03_salesfc_deep_learning - DEBUG - Store 712: 608 sequences built.
2026-09-06 18:28:18 - 03_salesfc_deep_learning - DEBUG - Store 713: 765 sequences built.
2026-09-06 18:28:18 - 03_salesfc_deep_learning - DEBUG - Store 714: 763 sequences built.
2026-09-06 18:28:18 - 03_salesfc_deep_learning - DEBUG - Store 715: 762 sequences built.
2026-09-06 18:28:18 - 03_salesfc_deep_learning - DEBUG - Store 716: 608 sequences built.
2026-09-06 18:28:18 - 03_salesfc_deep_learning - DEBUG - Store 717: 765 sequences built.
2026-09-06 18:28:18 - 03_salesfc_deep_learning - DEBUG - Store 718: 767 sequences built.
2026-09-06 18:28:18 - 03_salesfc_deep_learning - DEBUG - Store 719: 608 sequences built.
2026-09-06 18:28:18 - 03_salesfc_deep_learning - DEBUG - Store 720: 770 sequences built.
2026-09-06 18:28:18 - 03_salesfc_deep_learning - DEBUG - Store 721: 770 sequences built.
2026-09-06 18:28:18 - 03_salesfc_deep_learning - DEBUG - Store 722: 770 sequences built.
2026-09-06 18:28:18 - 03_salesfc_deep_learning - DEBUG - Store 723: 767 sequences built.
2026-09-06 18:28:18 - 03_salesfc_deep_learning - DEBUG - Store 724: 765 sequences built.
2026-09-06 18:28:18 - 03_salesfc_deep_learning - DEBUG - Store 725: 770 sequences built.
2026-09-06 18:28:18 - 03_salesfc_deep_learning - DEBUG - Store 726: 766 sequences built.
2026-09-06 18:28:18 - 03_salesfc_deep_learning - DEBUG - Store 727: 767 sequences built.
2026-09-06 18:28:19 - 03_salesfc_deep_learning - DEBUG - Store 728: 763 sequences built.
2026-09-06 18:28:19 - 03_salesfc_deep_learning - DEBUG - Store 729: 765 sequences built.
2026-09-06 18:28:19 - 03_salesfc_deep_learning - DEBUG - Store 730: 770 sequences built.
2026-09-06 18:28:19 - 03_salesfc_deep_learning - DEBUG - Store 731: 762 sequences built.
2026-09-06 18:28:19 - 03_salesfc_deep_learning - DEBUG - Store 732: 869 sequences built.
2026-09-06 18:28:19 - 03_salesfc_deep_learning - DEBUG - Store 733: 928 sequences built.
2026-09-06 18:28:19 - 03_salesfc_deep_learning - DEBUG - Store 734: 765 sequences built.
2026-09-06 18:28:19 - 03_salesfc_deep_learning - DEBUG - Store 735: 766 sequences built.
2026-09-06 18:28:19 - 03_salesfc_deep_learning - DEBUG - Store 736: 608 sequences built.
2026-09-06 18:28:19 - 03_salesfc_deep_learning - DEBUG - Store 737: 765 sequences built.
2026-09-06 18:28:19 - 03_salesfc_deep_learning - DEBUG - Store 738: 765 sequences built.
2026-09-06 18:28:19 - 03_salesfc_deep_learning - DEBUG - Store 739: 608 sequences built.
2026-09-06 18:28:19 - 03_salesfc_deep_learning - DEBUG - Store 740: 767 sequences built.
2026-09-06 18:28:19 - 03_salesfc_deep_learning - DEBUG - Store 741: 770 sequences built.
2026-09-06 18:28:19 - 03_salesfc_deep_learning - DEBUG - Store 742: 765 sequences built.
2026-09-06 18:28:19 - 03_salesfc_deep_learning - DEBUG - Store 743: 766 sequences built.
2026-09-06 18:28:19 - 03_salesfc_deep_learning - DEBUG - Store 744: 591 sequences built.
2026-09-06 18:28:19 - 03_salesfc_deep_learning - DEBUG - Store 745: 766 sequences built.
2026-09-06 18:28:19 - 03_salesfc_deep_learning - DEBUG - Store 746: 767 sequences built.
2026-09-06 18:28:19 - 03_salesfc_deep_learning - DEBUG - Store 747: 766 sequences built.
2026-09-06 18:28:19 - 03_salesfc_deep_learning - DEBUG - Store 748: 765 sequences built.
2026-09-06 18:28:19 - 03_salesfc_deep_learning - DEBUG - Store 749: 765 sequences built.
2026-09-06 18:28:19 - 03_salesfc_deep_learning - DEBUG - Store 750: 608 sequences built.
2026-09-06 18:28:19 - 03_salesfc_deep_learning - DEBUG - Store 751: 765 sequences built.
2026-09-06 18:28:19 - 03_salesfc_deep_learning - DEBUG - Store 752: 765 sequences built.
2026-09-06 18:28:19 - 03_salesfc_deep_learning - DEBUG - Store 753: 765 sequences built.
2026-09-06 18:28:19 - 03_salesfc_deep_learning - DEBUG - Store 754: 768 sequences built.
2026-09-06 18:28:19 - 03_salesfc_deep_learning - DEBUG - Store 755: 767 sequences built.
2026-09-06 18:28:19 - 03_salesfc_deep_learning - DEBUG - Store 756: 765 sequences built.
2026-09-06 18:28:19 - 03_salesfc_deep_learning - DEBUG - Store 757: 763 sequences built.
2026-09-06 18:28:19 - 03_salesfc_deep_learning - DEBUG - Store 758: 760 sequences built.
2026-09-06 18:28:19 - 03_salesfc_deep_learning - DEBUG - Store 759: 765 sequences built.
2026-09-06 18:28:19 - 03_salesfc_deep_learning - DEBUG - Store 760: 763 sequences built.
2026-09-06 18:28:19 - 03_salesfc_deep_learning - DEBUG - Store 761: 770 sequences built.
2026-09-06 18:28:19 - 03_salesfc_deep_learning - DEBUG - Store 762: 749 sequences built.
2026-09-06 18:28:19 - 03_salesfc_deep_learning - DEBUG - Store 763: 770 sequences built.
2026-09-06 18:28:19 - 03_salesfc_deep_learning - DEBUG - Store 764: 753 sequences built.
2026-09-06 18:28:19 - 03_salesfc_deep_learning - DEBUG - Store 765: 763 sequences built.
2026-09-06 18:28:19 - 03_salesfc_deep_learning - DEBUG - Store 766: 608 sequences built.
2026-09-06 18:28:19 - 03_salesfc_deep_learning - DEBUG - Store 767: 770 sequences built.
2026-09-06 18:28:19 - 03_salesfc_deep_learning - DEBUG - Store 768: 770 sequences built.
2026-09-06 18:28:19 - 03_salesfc_deep_learning - DEBUG - Store 769: 928 sequences built.
2026-09-06 18:28:19 - 03_salesfc_deep_learning - DEBUG - Store 770: 765 sequences built.
2026-09-06 18:28:19 - 03_salesfc_deep_learning - DEBUG - Store 771: 608 sequences built.
2026-09-06 18:28:19 - 03_salesfc_deep_learning - DEBUG - Store 772: 769 sequences built.
2026-09-06 18:28:19 - 03_salesfc_deep_learning - DEBUG - Store 773: 767 sequences built.
2026-09-06 18:28:19 - 03_salesfc_deep_learning - DEBUG - Store 774: 770 sequences built.
2026-09-06 18:28:19 - 03_salesfc_deep_learning - DEBUG - Store 775: 608 sequences built.
2026-09-06 18:28:19 - 03_salesfc_deep_learning - DEBUG - Store 776: 762 sequences built.
2026-09-06 18:28:19 - 03_salesfc_deep_learning - DEBUG - Store 777: 765 sequences built.
2026-09-06 18:28:19 - 03_salesfc_deep_learning - DEBUG - Store 778: 608 sequences built.
2026-09-06 18:28:19 - 03_salesfc_deep_learning - DEBUG - Store 779: 766 sequences built.
2026-09-06 18:28:19 - 03_salesfc_deep_learning - DEBUG - Store 780: 766 sequences built.
2026-09-06 18:28:19 - 03_salesfc_deep_learning - DEBUG - Store 781: 766 sequences built.
2026-09-06 18:28:19 - 03_salesfc_deep_learning - DEBUG - Store 782: 765 sequences built.
2026-09-06 18:28:19 - 03_salesfc_deep_learning - DEBUG - Store 783: 768 sequences built.
2026-09-06 18:28:19 - 03_salesfc_deep_learning - DEBUG - Store 784: 765 sequences built.
2026-09-06 18:28:19 - 03_salesfc_deep_learning - DEBUG - Store 785: 765 sequences built.
2026-09-06 18:28:19 - 03_salesfc_deep_learning - DEBUG - Store 786: 766 sequences built.
2026-09-06 18:28:19 - 03_salesfc_deep_learning - DEBUG - Store 787: 766 sequences built.
2026-09-06 18:28:19 - 03_salesfc_deep_learning - DEBUG - Store 788: 770 sequences built.
2026-09-06 18:28:19 - 03_salesfc_deep_learning - DEBUG - Store 789: 763 sequences built.
2026-09-06 18:28:19 - 03_salesfc_deep_learning - DEBUG - Store 790: 767 sequences built.
2026-09-06 18:28:19 - 03_salesfc_deep_learning - DEBUG - Store 791: 765 sequences built.
2026-09-06 18:28:19 - 03_salesfc_deep_learning - DEBUG - Store 792: 765 sequences built.
2026-09-06 18:28:19 - 03_salesfc_deep_learning - DEBUG - Store 793: 765 sequences built.
2026-09-06 18:28:19 - 03_salesfc_deep_learning - DEBUG - Store 794: 766 sequences built.
2026-09-06 18:28:19 - 03_salesfc_deep_learning - DEBUG - Store 795: 765 sequences built.
2026-09-06 18:28:19 - 03_salesfc_deep_learning - DEBUG - Store 796: 765 sequences built.
2026-09-06 18:28:19 - 03_salesfc_deep_learning - DEBUG - Store 797: 608 sequences built.
2026-09-06 18:28:19 - 03_salesfc_deep_learning - DEBUG - Store 798: 766 sequences built.
2026-09-06 18:28:19 - 03_salesfc_deep_learning - DEBUG - Store 799: 765 sequences built.
2026-09-06 18:28:19 - 03_salesfc_deep_learning - DEBUG - Store 800: 765 sequences built.
2026-09-06 18:28:19 - 03_salesfc_deep_learning - DEBUG - Store 801: 770 sequences built.
2026-09-06 18:28:19 - 03_salesfc_deep_learning - DEBUG - Store 802: 770 sequences built.
2026-09-06 18:28:19 - 03_salesfc_deep_learning - DEBUG - Store 803: 755 sequences built.
2026-09-06 18:28:19 - 03_salesfc_deep_learning - DEBUG - Store 804: 608 sequences built.
2026-09-06 18:28:19 - 03_salesfc_deep_learning - DEBUG - Store 805: 608 sequences built.
2026-09-06 18:28:19 - 03_salesfc_deep_learning - DEBUG - Store 806: 608 sequences built.
2026-09-06 18:28:19 - 03_salesfc_deep_learning - DEBUG - Store 807: 767 sequences built.
2026-09-06 18:28:19 - 03_salesfc_deep_learning - DEBUG - Store 808: 766 sequences built.
2026-09-06 18:28:19 - 03_salesfc_deep_learning - DEBUG - Store 809: 765 sequences built.
2026-09-06 18:28:19 - 03_salesfc_deep_learning - DEBUG - Store 810: 765 sequences built.
2026-09-06 18:28:19 - 03_salesfc_deep_learning - DEBUG - Store 811: 770 sequences built.
2026-09-06 18:28:19 - 03_salesfc_deep_learning - DEBUG - Store 812: 766 sequences built.
2026-09-06 18:28:19 - 03_salesfc_deep_learning - DEBUG - Store 813: 763 sequences built.
2026-09-06 18:28:19 - 03_salesfc_deep_learning - DEBUG - Store 814: 768 sequences built.
2026-09-06 18:28:19 - 03_salesfc_deep_learning - DEBUG - Store 815: 608 sequences built.
2026-09-06 18:28:19 - 03_salesfc_deep_learning - DEBUG - Store 816: 765 sequences built.
2026-09-06 18:28:19 - 03_salesfc_deep_learning - DEBUG - Store 817: 770 sequences built.
2026-09-06 18:28:19 - 03_salesfc_deep_learning - DEBUG - Store 818: 767 sequences built.
2026-09-06 18:28:19 - 03_salesfc_deep_learning - DEBUG - Store 819: 770 sequences built.
2026-09-06 18:28:19 - 03_salesfc_deep_learning - DEBUG - Store 820: 608 sequences built.
2026-09-06 18:28:19 - 03_salesfc_deep_learning - DEBUG - Store 821: 770 sequences built.
2026-09-06 18:28:19 - 03_salesfc_deep_learning - DEBUG - Store 822: 770 sequences built.
2026-09-06 18:28:19 - 03_salesfc_deep_learning - DEBUG - Store 823: 770 sequences built.
2026-09-06 18:28:19 - 03_salesfc_deep_learning - DEBUG - Store 824: 770 sequences built.
2026-09-06 18:28:19 - 03_salesfc_deep_learning - DEBUG - Store 825: 608 sequences built.
2026-09-06 18:28:19 - 03_salesfc_deep_learning - DEBUG - Store 826: 762 sequences built.
2026-09-06 18:28:19 - 03_salesfc_deep_learning - DEBUG - Store 827: 769 sequences built.
2026-09-06 18:28:19 - 03_salesfc_deep_learning - DEBUG - Store 828: 766 sequences built.
2026-09-06 18:28:19 - 03_salesfc_deep_learning - DEBUG - Store 829: 767 sequences built.
2026-09-06 18:28:19 - 03_salesfc_deep_learning - DEBUG - Store 830: 766 sequences built.
2026-09-06 18:28:19 - 03_salesfc_deep_learning - DEBUG - Store 831: 765 sequences built.
2026-09-06 18:28:19 - 03_salesfc_deep_learning - DEBUG - Store 832: 767 sequences built.
2026-09-06 18:28:19 - 03_salesfc_deep_learning - DEBUG - Store 833: 765 sequences built.
2026-09-06 18:28:19 - 03_salesfc_deep_learning - DEBUG - Store 834: 770 sequences built.
2026-09-06 18:28:19 - 03_salesfc_deep_learning - DEBUG - Store 835: 755 sequences built.
2026-09-06 18:28:19 - 03_salesfc_deep_learning - DEBUG - Store 836: 766 sequences built.
2026-09-06 18:28:19 - 03_salesfc_deep_learning - DEBUG - Store 837: 737 sequences built.
2026-09-06 18:28:19 - 03_salesfc_deep_learning - DEBUG - Store 838: 768 sequences built.
2026-09-06 18:28:19 - 03_salesfc_deep_learning - DEBUG - Store 839: 770 sequences built.
2026-09-06 18:28:19 - 03_salesfc_deep_learning - DEBUG - Store 840: 770 sequences built.
2026-09-06 18:28:19 - 03_salesfc_deep_learning - DEBUG - Store 841: 766 sequences built.
2026-09-06 18:28:19 - 03_salesfc_deep_learning - DEBUG - Store 842: 608 sequences built.
2026-09-06 18:28:19 - 03_salesfc_deep_learning - DEBUG - Store 843: 770 sequences built.
2026-09-06 18:28:19 - 03_salesfc_deep_learning - DEBUG - Store 844: 765 sequences built.
2026-09-06 18:28:19 - 03_salesfc_deep_learning - DEBUG - Store 845: 762 sequences built.
2026-09-06 18:28:19 - 03_salesfc_deep_learning - DEBUG - Store 846: 765 sequences built.
2026-09-06 18:28:19 - 03_salesfc_deep_learning - DEBUG - Store 847: 762 sequences built.
2026-09-06 18:28:19 - 03_salesfc_deep_learning - DEBUG - Store 848: 749 sequences built.
2026-09-06 18:28:19 - 03_salesfc_deep_learning - DEBUG - Store 849: 770 sequences built.
2026-09-06 18:28:19 - 03_salesfc_deep_learning - DEBUG - Store 850: 759 sequences built.
2026-09-06 18:28:19 - 03_salesfc_deep_learning - DEBUG - Store 851: 608 sequences built.
2026-09-06 18:28:19 - 03_salesfc_deep_learning - DEBUG - Store 852: 767 sequences built.
2026-09-06 18:28:19 - 03_salesfc_deep_learning - DEBUG - Store 853: 763 sequences built.
2026-09-06 18:28:19 - 03_salesfc_deep_learning - DEBUG - Store 854: 766 sequences built.
2026-09-06 18:28:19 - 03_salesfc_deep_learning - DEBUG - Store 855: 763 sequences built.
2026-09-06 18:28:19 - 03_salesfc_deep_learning - DEBUG - Store 856: 770 sequences built.
2026-09-06 18:28:19 - 03_salesfc_deep_learning - DEBUG - Store 857: 767 sequences built.
2026-09-06 18:28:19 - 03_salesfc_deep_learning - DEBUG - Store 858: 608 sequences built.
2026-09-06 18:28:19 - 03_salesfc_deep_learning - DEBUG - Store 859: 608 sequences built.
2026-09-06 18:28:19 - 03_salesfc_deep_learning - DEBUG - Store 860: 768 sequences built.
2026-09-06 18:28:19 - 03_salesfc_deep_learning - DEBUG - Store 861: 750 sequences built.
2026-09-06 18:28:19 - 03_salesfc_deep_learning - DEBUG - Store 862: 770 sequences built.
2026-09-06 18:28:19 - 03_salesfc_deep_learning - DEBUG - Store 863: 873 sequences built.
2026-09-06 18:28:19 - 03_salesfc_deep_learning - DEBUG - Store 864: 763 sequences built.
2026-09-06 18:28:19 - 03_salesfc_deep_learning - DEBUG - Store 865: 765 sequences built.
2026-09-06 18:28:19 - 03_salesfc_deep_learning - DEBUG - Store 866: 767 sequences built.
2026-09-06 18:28:19 - 03_salesfc_deep_learning - DEBUG - Store 867: 866 sequences built.
2026-09-06 18:28:19 - 03_salesfc_deep_learning - DEBUG - Store 868: 767 sequences built.
2026-09-06 18:28:19 - 03_salesfc_deep_learning - DEBUG - Store 869: 766 sequences built.
2026-09-06 18:28:19 - 03_salesfc_deep_learning - DEBUG - Store 870: 758 sequences built.
2026-09-06 18:28:19 - 03_salesfc_deep_learning - DEBUG - Store 871: 767 sequences built.
2026-09-06 18:28:19 - 03_salesfc_deep_learning - DEBUG - Store 872: 765 sequences built.
2026-09-06 18:28:19 - 03_salesfc_deep_learning - DEBUG - Store 873: 766 sequences built.
2026-09-06 18:28:19 - 03_salesfc_deep_learning - DEBUG - Store 874: 770 sequences built.
2026-09-06 18:28:19 - 03_salesfc_deep_learning - DEBUG - Store 875: 765 sequences built.
2026-09-06 18:28:19 - 03_salesfc_deep_learning - DEBUG - Store 876: 752 sequences built.
2026-09-06 18:28:19 - 03_salesfc_deep_learning - DEBUG - Store 877: 792 sequences built.
2026-09-06 18:28:19 - 03_salesfc_deep_learning - DEBUG - Store 878: 766 sequences built.
2026-09-06 18:28:19 - 03_salesfc_deep_learning - DEBUG - Store 879: 608 sequences built.
2026-09-06 18:28:19 - 03_salesfc_deep_learning - DEBUG - Store 880: 763 sequences built.
2026-09-06 18:28:19 - 03_salesfc_deep_learning - DEBUG - Store 881: 765 sequences built.
2026-09-06 18:28:19 - 03_salesfc_deep_learning - DEBUG - Store 882: 755 sequences built.
2026-09-06 18:28:19 - 03_salesfc_deep_learning - DEBUG - Store 883: 765 sequences built.
2026-09-06 18:28:19 - 03_salesfc_deep_learning - DEBUG - Store 884: 608 sequences built.
2026-09-06 18:28:19 - 03_salesfc_deep_learning - DEBUG - Store 885: 762 sequences built.
2026-09-06 18:28:19 - 03_salesfc_deep_learning - DEBUG - Store 886: 765 sequences built.
2026-09-06 18:28:19 - 03_salesfc_deep_learning - DEBUG - Store 887: 758 sequences built.
2026-09-06 18:28:19 - 03_salesfc_deep_learning - DEBUG - Store 888: 770 sequences built.
2026-09-06 18:28:19 - 03_salesfc_deep_learning - DEBUG - Store 889: 766 sequences built.
2026-09-06 18:28:19 - 03_salesfc_deep_learning - DEBUG - Store 890: 608 sequences built.
2026-09-06 18:28:19 - 03_salesfc_deep_learning - DEBUG - Store 891: 762 sequences built.
2026-09-06 18:28:19 - 03_salesfc_deep_learning - DEBUG - Store 892: 766 sequences built.
2026-09-06 18:28:19 - 03_salesfc_deep_learning - DEBUG - Store 893: 608 sequences built.
2026-09-06 18:28:19 - 03_salesfc_deep_learning - DEBUG - Store 894: 757 sequences built.
2026-09-06 18:28:19 - 03_salesfc_deep_learning - DEBUG - Store 895: 763 sequences built.
2026-09-06 18:28:19 - 03_salesfc_deep_learning - DEBUG - Store 896: 770 sequences built.
2026-09-06 18:28:19 - 03_salesfc_deep_learning - DEBUG - Store 897: 764 sequences built.
2026-09-06 18:28:19 - 03_salesfc_deep_learning - DEBUG - Store 898: 768 sequences built.
2026-09-06 18:28:19 - 03_salesfc_deep_learning - DEBUG - Store 899: 766 sequences built.
2026-09-06 18:28:19 - 03_salesfc_deep_learning - DEBUG - Store 900: 608 sequences built.
2026-09-06 18:28:19 - 03_salesfc_deep_learning - DEBUG - Store 901: 770 sequences built.
2026-09-06 18:28:19 - 03_salesfc_deep_learning - DEBUG - Store 902: 608 sequences built.
2026-09-06 18:28:19 - 03_salesfc_deep_learning - DEBUG - Store 903: 608 sequences built.
2026-09-06 18:28:19 - 03_salesfc_deep_learning - DEBUG - Store 904: 608 sequences built.
2026-09-06 18:28:19 - 03_salesfc_deep_learning - DEBUG - Store 905: 765 sequences built.
2026-09-06 18:28:19 - 03_salesfc_deep_learning - DEBUG - Store 906: 767 sequences built.
2026-09-06 18:28:19 - 03_salesfc_deep_learning - DEBUG - Store 907: 765 sequences built.
2026-09-06 18:28:19 - 03_salesfc_deep_learning - DEBUG - Store 908: 767 sequences built.
2026-09-06 18:28:19 - 03_salesfc_deep_learning - DEBUG - Store 909: 593 sequences built.
2026-09-06 18:28:19 - 03_salesfc_deep_learning - DEBUG - Store 910: 766 sequences built.
2026-09-06 18:28:19 - 03_salesfc_deep_learning - DEBUG - Store 911: 770 sequences built.
2026-09-06 18:28:19 - 03_salesfc_deep_learning - DEBUG - Store 912: 770 sequences built.
2026-09-06 18:28:19 - 03_salesfc_deep_learning - DEBUG - Store 913: 762 sequences built.
2026-09-06 18:28:19 - 03_salesfc_deep_learning - DEBUG - Store 914: 770 sequences built.
2026-09-06 18:28:19 - 03_salesfc_deep_learning - DEBUG - Store 915: 608 sequences built.
2026-09-06 18:28:19 - 03_salesfc_deep_learning - DEBUG - Store 916: 762 sequences built.
2026-09-06 18:28:19 - 03_salesfc_deep_learning - DEBUG - Store 917: 765 sequences built.
2026-09-06 18:28:19 - 03_salesfc_deep_learning - DEBUG - Store 918: 766 sequences built.
2026-09-06 18:28:19 - 03_salesfc_deep_learning - DEBUG - Store 919: 607 sequences built.
2026-09-06 18:28:19 - 03_salesfc_deep_learning - DEBUG - Store 920: 608 sequences built.
2026-09-06 18:28:19 - 03_salesfc_deep_learning - DEBUG - Store 921: 766 sequences built.
2026-09-06 18:28:19 - 03_salesfc_deep_learning - DEBUG - Store 922: 761 sequences built.
2026-09-06 18:28:19 - 03_salesfc_deep_learning - DEBUG - Store 923: 770 sequences built.
2026-09-06 18:28:19 - 03_salesfc_deep_learning - DEBUG - Store 924: 765 sequences built.
2026-09-06 18:28:19 - 03_salesfc_deep_learning - DEBUG - Store 925: 755 sequences built.
2026-09-06 18:28:19 - 03_salesfc_deep_learning - DEBUG - Store 926: 765 sequences built.
2026-09-06 18:28:19 - 03_salesfc_deep_learning - DEBUG - Store 927: 758 sequences built.
2026-09-06 18:28:19 - 03_salesfc_deep_learning - DEBUG - Store 928: 765 sequences built.
2026-09-06 18:28:19 - 03_salesfc_deep_learning - DEBUG - Store 929: 770 sequences built.
2026-09-06 18:28:20 - 03_salesfc_deep_learning - DEBUG - Store 930: 765 sequences built.
2026-09-06 18:28:20 - 03_salesfc_deep_learning - DEBUG - Store 931: 861 sequences built.
2026-09-06 18:28:20 - 03_salesfc_deep_learning - DEBUG - Store 932: 609 sequences built.
2026-09-06 18:28:20 - 03_salesfc_deep_learning - DEBUG - Store 933: 766 sequences built.
2026-09-06 18:28:20 - 03_salesfc_deep_learning - DEBUG - Store 934: 765 sequences built.
2026-09-06 18:28:20 - 03_salesfc_deep_learning - DEBUG - Store 935: 770 sequences built.
2026-09-06 18:28:20 - 03_salesfc_deep_learning - DEBUG - Store 936: 765 sequences built.
2026-09-06 18:28:20 - 03_salesfc_deep_learning - DEBUG - Store 937: 767 sequences built.
2026-09-06 18:28:20 - 03_salesfc_deep_learning - DEBUG - Store 938: 770 sequences built.
2026-09-06 18:28:20 - 03_salesfc_deep_learning - DEBUG - Store 939: 765 sequences built.
2026-09-06 18:28:20 - 03_salesfc_deep_learning - DEBUG - Store 940: 766 sequences built.
2026-09-06 18:28:20 - 03_salesfc_deep_learning - DEBUG - Store 941: 608 sequences built.
2026-09-06 18:28:20 - 03_salesfc_deep_learning - DEBUG - Store 942: 767 sequences built.
2026-09-06 18:28:20 - 03_salesfc_deep_learning - DEBUG - Store 943: 765 sequences built.
2026-09-06 18:28:20 - 03_salesfc_deep_learning - DEBUG - Store 944: 770 sequences built.
2026-09-06 18:28:20 - 03_salesfc_deep_learning - DEBUG - Store 945: 770 sequences built.
2026-09-06 18:28:20 - 03_salesfc_deep_learning - DEBUG - Store 946: 765 sequences built.
2026-09-06 18:28:20 - 03_salesfc_deep_learning - DEBUG - Store 947: 757 sequences built.
2026-09-06 18:28:20 - 03_salesfc_deep_learning - DEBUG - Store 948: 914 sequences built.
2026-09-06 18:28:20 - 03_salesfc_deep_learning - DEBUG - Store 949: 770 sequences built.
2026-09-06 18:28:20 - 03_salesfc_deep_learning - DEBUG - Store 950: 761 sequences built.
2026-09-06 18:28:20 - 03_salesfc_deep_learning - DEBUG - Store 951: 765 sequences built.
2026-09-06 18:28:20 - 03_salesfc_deep_learning - DEBUG - Store 952: 608 sequences built.
2026-09-06 18:28:20 - 03_salesfc_deep_learning - DEBUG - Store 953: 768 sequences built.
2026-09-06 18:28:20 - 03_salesfc_deep_learning - DEBUG - Store 954: 765 sequences built.
2026-09-06 18:28:20 - 03_salesfc_deep_learning - DEBUG - Store 955: 765 sequences built.
2026-09-06 18:28:20 - 03_salesfc_deep_learning - DEBUG - Store 956: 762 sequences built.
2026-09-06 18:28:20 - 03_salesfc_deep_learning - DEBUG - Store 957: 770 sequences built.
2026-09-06 18:28:20 - 03_salesfc_deep_learning - DEBUG - Store 958: 770 sequences built.
2026-09-06 18:28:20 - 03_salesfc_deep_learning - DEBUG - Store 959: 770 sequences built.
2026-09-06 18:28:20 - 03_salesfc_deep_learning - DEBUG - Store 960: 767 sequences built.
2026-09-06 18:28:20 - 03_salesfc_deep_learning - DEBUG - Store 961: 765 sequences built.
2026-09-06 18:28:20 - 03_salesfc_deep_learning - DEBUG - Store 962: 752 sequences built.
2026-09-06 18:28:20 - 03_salesfc_deep_learning - DEBUG - Store 963: 765 sequences built.
2026-09-06 18:28:20 - 03_salesfc_deep_learning - DEBUG - Store 964: 758 sequences built.
2026-09-06 18:28:20 - 03_salesfc_deep_learning - DEBUG - Store 965: 767 sequences built.
2026-09-06 18:28:20 - 03_salesfc_deep_learning - DEBUG - Store 966: 765 sequences built.
2026-09-06 18:28:20 - 03_salesfc_deep_learning - DEBUG - Store 967: 765 sequences built.
2026-09-06 18:28:20 - 03_salesfc_deep_learning - DEBUG - Store 968: 766 sequences built.
2026-09-06 18:28:20 - 03_salesfc_deep_learning - DEBUG - Store 969: 741 sequences built.
2026-09-06 18:28:20 - 03_salesfc_deep_learning - DEBUG - Store 970: 767 sequences built.
2026-09-06 18:28:20 - 03_salesfc_deep_learning - DEBUG - Store 971: 759 sequences built.
2026-09-06 18:28:20 - 03_salesfc_deep_learning - DEBUG - Store 972: 688 sequences built.
2026-09-06 18:28:20 - 03_salesfc_deep_learning - DEBUG - Store 973: 765 sequences built.
2026-09-06 18:28:20 - 03_salesfc_deep_learning - DEBUG - Store 974: 608 sequences built.
2026-09-06 18:28:20 - 03_salesfc_deep_learning - DEBUG - Store 975: 765 sequences built.
2026-09-06 18:28:20 - 03_salesfc_deep_learning - DEBUG - Store 976: 765 sequences built.
2026-09-06 18:28:20 - 03_salesfc_deep_learning - DEBUG - Store 977: 609 sequences built.
2026-09-06 18:28:20 - 03_salesfc_deep_learning - DEBUG - Store 978: 766 sequences built.
2026-09-06 18:28:20 - 03_salesfc_deep_learning - DEBUG - Store 979: 768 sequences built.
2026-09-06 18:28:20 - 03_salesfc_deep_learning - DEBUG - Store 980: 765 sequences built.
2026-09-06 18:28:20 - 03_salesfc_deep_learning - DEBUG - Store 981: 766 sequences built.
2026-09-06 18:28:20 - 03_salesfc_deep_learning - DEBUG - Store 982: 766 sequences built.
2026-09-06 18:28:20 - 03_salesfc_deep_learning - DEBUG - Store 983: 760 sequences built.
2026-09-06 18:28:20 - 03_salesfc_deep_learning - DEBUG - Store 984: 762 sequences built.
2026-09-06 18:28:20 - 03_salesfc_deep_learning - DEBUG - Store 985: 763 sequences built.
2026-09-06 18:28:20 - 03_salesfc_deep_learning - DEBUG - Store 986: 758 sequences built.
2026-09-06 18:28:20 - 03_salesfc_deep_learning - DEBUG - Store 987: 770 sequences built.
2026-09-06 18:28:20 - 03_salesfc_deep_learning - DEBUG - Store 988: 770 sequences built.
2026-09-06 18:28:20 - 03_salesfc_deep_learning - DEBUG - Store 989: 608 sequences built.
2026-09-06 18:28:20 - 03_salesfc_deep_learning - DEBUG - Store 990: 766 sequences built.
2026-09-06 18:28:20 - 03_salesfc_deep_learning - DEBUG - Store 991: 765 sequences built.
2026-09-06 18:28:20 - 03_salesfc_deep_learning - DEBUG - Store 992: 765 sequences built.
2026-09-06 18:28:20 - 03_salesfc_deep_learning - DEBUG - Store 993: 766 sequences built.
2026-09-06 18:28:20 - 03_salesfc_deep_learning - DEBUG - Store 994: 765 sequences built.
2026-09-06 18:28:20 - 03_salesfc_deep_learning - DEBUG - Store 995: 766 sequences built.
2026-09-06 18:28:20 - 03_salesfc_deep_learning - DEBUG - Store 996: 753 sequences built.
2026-09-06 18:28:20 - 03_salesfc_deep_learning - DEBUG - Store 997: 767 sequences built.
2026-09-06 18:28:20 - 03_salesfc_deep_learning - DEBUG - Store 998: 763 sequences built.
2026-09-06 18:28:20 - 03_salesfc_deep_learning - DEBUG - Store 999: 766 sequences built.
2026-09-06 18:28:20 - 03_salesfc_deep_learning - DEBUG - Store 1000: 608 sequences built.
2026-09-06 18:28:20 - 03_salesfc_deep_learning - DEBUG - Store 1001: 768 sequences built.
2026-09-06 18:28:20 - 03_salesfc_deep_learning - DEBUG - Store 1002: 770 sequences built.
2026-09-06 18:28:20 - 03_salesfc_deep_learning - DEBUG - Store 1003: 765 sequences built.
2026-09-06 18:28:20 - 03_salesfc_deep_learning - DEBUG - Store 1004: 608 sequences built.
2026-09-06 18:28:20 - 03_salesfc_deep_learning - DEBUG - Store 1005: 765 sequences built.
2026-09-06 18:28:20 - 03_salesfc_deep_learning - DEBUG - Store 1006: 766 sequences built.
2026-09-06 18:28:20 - 03_salesfc_deep_learning - DEBUG - Store 1007: 770 sequences built.
2026-09-06 18:28:20 - 03_salesfc_deep_learning - DEBUG - Store 1008: 770 sequences built.
2026-09-06 18:28:20 - 03_salesfc_deep_learning - DEBUG - Store 1009: 608 sequences built.
2026-09-06 18:28:20 - 03_salesfc_deep_learning - DEBUG - Store 1010: 770 sequences built.
2026-09-06 18:28:20 - 03_salesfc_deep_learning - DEBUG - Store 1011: 765 sequences built.
2026-09-06 18:28:20 - 03_salesfc_deep_learning - DEBUG - Store 1012: 608 sequences built.
2026-09-06 18:28:20 - 03_salesfc_deep_learning - DEBUG - Store 1013: 765 sequences built.
2026-09-06 18:28:20 - 03_salesfc_deep_learning - DEBUG - Store 1014: 765 sequences built.
2026-09-06 18:28:20 - 03_salesfc_deep_learning - DEBUG - Store 1015: 765 sequences built.
2026-09-06 18:28:20 - 03_salesfc_deep_learning - DEBUG - Store 1016: 765 sequences built.
2026-09-06 18:28:20 - 03_salesfc_deep_learning - DEBUG - Store 1017: 755 sequences built.
2026-09-06 18:28:20 - 03_salesfc_deep_learning - DEBUG - Store 1018: 768 sequences built.
2026-09-06 18:28:20 - 03_salesfc_deep_learning - DEBUG - Store 1019: 609 sequences built.
2026-09-06 18:28:20 - 03_salesfc_deep_learning - DEBUG - Store 1020: 767 sequences built.
2026-09-06 18:28:20 - 03_salesfc_deep_learning - DEBUG - Store 1021: 756 sequences built.
2026-09-06 18:28:20 - 03_salesfc_deep_learning - DEBUG - Store 1022: 765 sequences built.
2026-09-06 18:28:20 - 03_salesfc_deep_learning - DEBUG - Store 1023: 766 sequences built.
2026-09-06 18:28:20 - 03_salesfc_deep_learning - DEBUG - Store 1024: 770 sequences built.
2026-09-06 18:28:20 - 03_salesfc_deep_learning - DEBUG - Store 1025: 762 sequences built.
2026-09-06 18:28:20 - 03_salesfc_deep_learning - DEBUG - Store 1026: 765 sequences built.
2026-09-06 18:28:20 - 03_salesfc_deep_learning - DEBUG - Store 1027: 609 sequences built.
2026-09-06 18:28:20 - 03_salesfc_deep_learning - DEBUG - Store 1028: 765 sequences built.
2026-09-06 18:28:20 - 03_salesfc_deep_learning - DEBUG - Store 1029: 766 sequences built.
2026-09-06 18:28:20 - 03_salesfc_deep_learning - DEBUG - Store 1030: 766 sequences built.
2026-09-06 18:28:20 - 03_salesfc_deep_learning - DEBUG - Store 1031: 765 sequences built.
2026-09-06 18:28:20 - 03_salesfc_deep_learning - DEBUG - Store 1032: 766 sequences built.
2026-09-06 18:28:20 - 03_salesfc_deep_learning - DEBUG - Store 1033: 770 sequences built.
2026-09-06 18:28:20 - 03_salesfc_deep_learning - DEBUG - Store 1034: 766 sequences built.
2026-09-06 18:28:20 - 03_salesfc_deep_learning - DEBUG - Store 1035: 766 sequences built.
2026-09-06 18:28:20 - 03_salesfc_deep_learning - DEBUG - Store 1036: 765 sequences built.
2026-09-06 18:28:20 - 03_salesfc_deep_learning - DEBUG - Store 1037: 766 sequences built.
2026-09-06 18:28:20 - 03_salesfc_deep_learning - DEBUG - Store 1038: 608 sequences built.
2026-09-06 18:28:20 - 03_salesfc_deep_learning - DEBUG - Store 1039: 757 sequences built.
2026-09-06 18:28:20 - 03_salesfc_deep_learning - DEBUG - Store 1040: 765 sequences built.
2026-09-06 18:28:20 - 03_salesfc_deep_learning - DEBUG - Store 1041: 608 sequences built.
2026-09-06 18:28:20 - 03_salesfc_deep_learning - DEBUG - Store 1042: 765 sequences built.
2026-09-06 18:28:20 - 03_salesfc_deep_learning - DEBUG - Store 1043: 766 sequences built.
2026-09-06 18:28:20 - 03_salesfc_deep_learning - DEBUG - Store 1044: 763 sequences built.
2026-09-06 18:28:20 - 03_salesfc_deep_learning - DEBUG - Store 1045: 869 sequences built.
2026-09-06 18:28:20 - 03_salesfc_deep_learning - DEBUG - Store 1046: 766 sequences built.
2026-09-06 18:28:20 - 03_salesfc_deep_learning - DEBUG - Store 1047: 762 sequences built.
2026-09-06 18:28:20 - 03_salesfc_deep_learning - DEBUG - Store 1048: 769 sequences built.
2026-09-06 18:28:20 - 03_salesfc_deep_learning - DEBUG - Store 1049: 608 sequences built.
2026-09-06 18:28:20 - 03_salesfc_deep_learning - DEBUG - Store 1050: 767 sequences built.
2026-09-06 18:28:20 - 03_salesfc_deep_learning - DEBUG - Store 1051: 752 sequences built.
2026-09-06 18:28:20 - 03_salesfc_deep_learning - DEBUG - Store 1052: 765 sequences built.
2026-09-06 18:28:20 - 03_salesfc_deep_learning - DEBUG - Store 1053: 770 sequences built.
2026-09-06 18:28:20 - 03_salesfc_deep_learning - DEBUG - Store 1054: 770 sequences built.
2026-09-06 18:28:20 - 03_salesfc_deep_learning - DEBUG - Store 1055: 769 sequences built.
2026-09-06 18:28:20 - 03_salesfc_deep_learning - DEBUG - Store 1056: 609 sequences built.
2026-09-06 18:28:20 - 03_salesfc_deep_learning - DEBUG - Store 1057: 770 sequences built.
2026-09-06 18:28:20 - 03_salesfc_deep_learning - DEBUG - Store 1058: 765 sequences built.
2026-09-06 18:28:20 - 03_salesfc_deep_learning - DEBUG - Store 1059: 770 sequences built.
2026-09-06 18:28:20 - 03_salesfc_deep_learning - DEBUG - Store 1060: 765 sequences built.
2026-09-06 18:28:20 - 03_salesfc_deep_learning - DEBUG - Store 1061: 763 sequences built.
2026-09-06 18:28:20 - 03_salesfc_deep_learning - DEBUG - Store 1062: 765 sequences built.
2026-09-06 18:28:20 - 03_salesfc_deep_learning - DEBUG - Store 1063: 770 sequences built.
2026-09-06 18:28:20 - 03_salesfc_deep_learning - DEBUG - Store 1064: 765 sequences built.
2026-09-06 18:28:20 - 03_salesfc_deep_learning - DEBUG - Store 1065: 608 sequences built.
2026-09-06 18:28:20 - 03_salesfc_deep_learning - DEBUG - Store 1066: 765 sequences built.
2026-09-06 18:28:20 - 03_salesfc_deep_learning - DEBUG - Store 1067: 608 sequences built.
2026-09-06 18:28:20 - 03_salesfc_deep_learning - DEBUG - Store 1068: 763 sequences built.
2026-09-06 18:28:20 - 03_salesfc_deep_learning - DEBUG - Store 1069: 768 sequences built.
2026-09-06 18:28:20 - 03_salesfc_deep_learning - DEBUG - Store 1070: 770 sequences built.
2026-09-06 18:28:20 - 03_salesfc_deep_learning - DEBUG - Store 1071: 770 sequences built.
2026-09-06 18:28:20 - 03_salesfc_deep_learning - DEBUG - Store 1072: 765 sequences built.
2026-09-06 18:28:20 - 03_salesfc_deep_learning - DEBUG - Store 1073: 765 sequences built.
2026-09-06 18:28:20 - 03_salesfc_deep_learning - DEBUG - Store 1074: 766 sequences built.
2026-09-06 18:28:20 - 03_salesfc_deep_learning - DEBUG - Store 1075: 770 sequences built.
2026-09-06 18:28:20 - 03_salesfc_deep_learning - DEBUG - Store 1076: 765 sequences built.
2026-09-06 18:28:20 - 03_salesfc_deep_learning - DEBUG - Store 1077: 765 sequences built.
2026-09-06 18:28:20 - 03_salesfc_deep_learning - DEBUG - Store 1078: 763 sequences built.
2026-09-06 18:28:20 - 03_salesfc_deep_learning - DEBUG - Store 1079: 767 sequences built.
2026-09-06 18:28:20 - 03_salesfc_deep_learning - DEBUG - Store 1080: 608 sequences built.
2026-09-06 18:28:20 - 03_salesfc_deep_learning - DEBUG - Store 1081: 743 sequences built.
2026-09-06 18:28:20 - 03_salesfc_deep_learning - DEBUG - Store 1082: 766 sequences built.
2026-09-06 18:28:20 - 03_salesfc_deep_learning - DEBUG - Store 1083: 767 sequences built.
2026-09-06 18:28:20 - 03_salesfc_deep_learning - DEBUG - Store 1084: 768 sequences built.
2026-09-06 18:28:20 - 03_salesfc_deep_learning - DEBUG - Store 1085: 770 sequences built.
2026-09-06 18:28:20 - 03_salesfc_deep_learning - DEBUG - Store 1086: 767 sequences built.
2026-09-06 18:28:20 - 03_salesfc_deep_learning - DEBUG - Store 1087: 770 sequences built.
2026-09-06 18:28:20 - 03_salesfc_deep_learning - DEBUG - Store 1088: 765 sequences built.
2026-09-06 18:28:20 - 03_salesfc_deep_learning - DEBUG - Store 1089: 765 sequences built.
2026-09-06 18:28:20 - 03_salesfc_deep_learning - DEBUG - Store 1090: 766 sequences built.
2026-09-06 18:28:20 - 03_salesfc_deep_learning - DEBUG - Store 1091: 770 sequences built.
2026-09-06 18:28:20 - 03_salesfc_deep_learning - DEBUG - Store 1092: 608 sequences built.
2026-09-06 18:28:20 - 03_salesfc_deep_learning - DEBUG - Store 1093: 766 sequences built.
2026-09-06 18:28:20 - 03_salesfc_deep_learning - DEBUG - Store 1094: 608 sequences built.
2026-09-06 18:28:20 - 03_salesfc_deep_learning - DEBUG - Store 1095: 768 sequences built.
2026-09-06 18:28:20 - 03_salesfc_deep_learning - DEBUG - Store 1096: 765 sequences built.
2026-09-06 18:28:20 - 03_salesfc_deep_learning - DEBUG - Store 1097: 928 sequences built.
2026-09-06 18:28:20 - 03_salesfc_deep_learning - DEBUG - Store 1098: 766 sequences built.
2026-09-06 18:28:20 - 03_salesfc_deep_learning - DEBUG - Store 1099: 879 sequences built.
2026-09-06 18:28:20 - 03_salesfc_deep_learning - DEBUG - Store 1100: 757 sequences built.
2026-09-06 18:28:20 - 03_salesfc_deep_learning - DEBUG - Store 1101: 770 sequences built.
2026-09-06 18:28:20 - 03_salesfc_deep_learning - DEBUG - Store 1102: 608 sequences built.
2026-09-06 18:28:20 - 03_salesfc_deep_learning - DEBUG - Store 1103: 767 sequences built.
2026-09-06 18:28:20 - 03_salesfc_deep_learning - DEBUG - Store 1104: 608 sequences built.
2026-09-06 18:28:20 - 03_salesfc_deep_learning - DEBUG - Store 1105: 765 sequences built.
2026-09-06 18:28:20 - 03_salesfc_deep_learning - DEBUG - Store 1106: 770 sequences built.
2026-09-06 18:28:20 - 03_salesfc_deep_learning - DEBUG - Store 1107: 609 sequences built.
2026-09-06 18:28:20 - 03_salesfc_deep_learning - DEBUG - Store 1108: 766 sequences built.
2026-09-06 18:28:20 - 03_salesfc_deep_learning - DEBUG - Store 1109: 608 sequences built.
2026-09-06 18:28:20 - 03_salesfc_deep_learning - DEBUG - Store 1110: 769 sequences built.
2026-09-06 18:28:20 - 03_salesfc_deep_learning - DEBUG - Store 1111: 765 sequences built.
2026-09-06 18:28:20 - 03_salesfc_deep_learning - DEBUG - Store 1112: 765 sequences built.
2026-09-06 18:28:20 - 03_salesfc_deep_learning - DEBUG - Store 1113: 770 sequences built.
2026-09-06 18:28:20 - 03_salesfc_deep_learning - DEBUG - Store 1114: 770 sequences built.
2026-09-06 18:28:21 - 03_salesfc_deep_learning - DEBUG - Store 1115: 767 sequences built.
2026-09-06 18:28:32 - 03_salesfc_deep_learning - INFO - Sliding-window transform complete. X_sequences: (828782, 14, 39), y_sequences: (828782,).
2026-09-06 18:28:44 - 03_salesfc_deep_learning - INFO - Sequences rebuilt with dates (pre-allocated). Shape: (828782, 14, 39).
2026-09-06 18:28:45 - 03_salesfc_deep_learning - INFO - Sequence split complete. Train: (788500, 14, 39), Val: (40282, 14, 39).
2026-09-06 18:28:51 - 03_salesfc_deep_learning - INFO - Scaling complete (manual min-max, float32). X_train_scaled: (788500, 14, 39), X_val_scaled: (40282, 14, 39).
2026-09-06 18:28:51 - 03_salesfc_deep_learning - INFO - Target scaling complete. Train range used for scaling: [0.00, 38722.00].
2026-09-06 18:28:51 - 03_salesfc_deep_learning - INFO - LSTM architecture built. Total params: 39585. Input shape: (14, 39).
2026-09-06 18:28:51 - 03_salesfc_deep_learning - INFO - GPU check: No GPU detected.
2026-09-06 18:28:55 - 03_salesfc_deep_learning - INFO - LSTM checkpoint loaded, training skipped: /content/drive/MyDrive/NHIS_Project/Project 6/Assets/checkpoints/lstm_checkpoint.keras
2026-09-06 18:28:55 - 03_salesfc_deep_learning - INFO - Loss curve skipped — model loaded from checkpoint, no history object available.
2026-09-06 18:29:06 - 03_salesfc_deep_learning - INFO - LSTM validation — R2: 0.8390, MAE: 872.74, RMSE: 1225.56, RMSPE: 0.1902.
2026-09-06 18:29:07 - 03_salesfc_deep_learning - INFO - GRU checkpoint loaded, training skipped: /content/drive/MyDrive/NHIS_Project/Project 6/Assets/checkpoints/gru_checkpoint.keras
2026-09-06 18:29:15 - 03_salesfc_deep_learning - INFO - GRU validation — R2: 0.7469, RMSPE: 0.2770. LSTM RMSPE for comparison: 0.1902.
2026-09-06 18:29:15 - 03_salesfc_deep_learning - INFO - Per-StoreType RMSPE computed: [{'StoreType': 'a', 'RMSPE': '20.75%', 'N': 21694}, {'StoreType': 'b', 'RMSPE': '12.45%', 'N': 714}, {'StoreType': 'c', 'RMSPE': '17.78%', 'N': 5328}, {'StoreType': 'd', 'RMSPE': '16.54%', 'N': 12546}]
2026-09-06 18:29:15 - 03_salesfc_deep_learning - INFO - Final LSTM model serialized to Assets/final_lstm_model_06-09-2026-18-29-15.keras.
2026-09-06 19:25:01 - 03_salesfc_deep_learning - INFO - Logging session started for '03_salesfc_deep_learning' -> Logs/YS_03_salesfc_deep_learning_20260906.log
2026-09-06 19:25:03 - 03_salesfc_deep_learning - INFO - Loaded 'store_train_data.csv' from local Assets/ folder.
2026-09-06 19:25:07 - 03_salesfc_deep_learning - INFO - Loaded 'store_test_data.csv' from local Assets/ folder.
2026-09-06 19:25:08 - 03_salesfc_deep_learning - INFO - Loaded store_train_data.csv (shape=(1017209, 26)) and store_test_data.csv (shape=(41088, 25)) for LSTM pipeline.
2026-09-06 19:25:08 - 03_salesfc_deep_learning - DEBUG - Encoding categorical column: StoreType (4 unique values)
2026-09-06 19:25:08 - 03_salesfc_deep_learning - DEBUG - Encoding categorical column: Assortment (3 unique values)
2026-09-06 19:25:08 - 03_salesfc_deep_learning - DEBUG - Encoding categorical column: StateHoliday (4 unique values)
2026-09-06 19:25:08 - 03_salesfc_deep_learning - DEBUG - Encoding categorical column: MonthPosition (3 unique values)
2026-09-06 19:25:08 - 03_salesfc_deep_learning - DEBUG - Encoding categorical column: DayOfWeek (7 unique values)
2026-09-06 19:25:09 - 03_salesfc_deep_learning - INFO - One-hot encoding complete. store_train_encoded shape: (1017209, 42), store_test_encoded shape: (41088, 42).
2026-09-06 19:25:09 - 03_salesfc_deep_learning - INFO - Store-aware sort complete. 1115 unique stores, date range 2013-01-01 to 2015-07-31.
2026-09-06 19:25:11 - 03_salesfc_deep_learning - INFO - Aggregate daily sales series built. 942 daily observations, 2013-01-01 to 2015-07-31.
2026-09-06 19:25:11 - 03_salesfc_deep_learning - INFO - ADF test complete. Statistic: -4.7616, p-value: 0.000064.
2026-09-06 19:25:12 - 03_salesfc_deep_learning - INFO - ACF and PACF plots generated (30 lags) on the stationary daily sales series.
2026-09-06 19:25:12 - 03_salesfc_deep_learning - INFO - ACF/PACF computed. Significant ACF lags: [2, 5, 6, 7, 8, 9, 12, 14, 16, 19, 20, 21, 22, 23, 26, 27, 28, 29, 30]. Significant PACF lags: [2, 5, 6, 7, 8, 9, 10, 11, 13, 14, 17, 21, 28].
2026-09-06 19:25:12 - 03_salesfc_deep_learning - INFO - feature_cols_dl rebuilt to include Store. New count: 39.
2026-09-06 19:25:13 - 03_salesfc_deep_learning - DEBUG - Store 1: 767 sequences built.
2026-09-06 19:25:13 - 03_salesfc_deep_learning - DEBUG - Store 2: 770 sequences built.
2026-09-06 19:25:13 - 03_salesfc_deep_learning - DEBUG - Store 3: 765 sequences built.
2026-09-06 19:25:13 - 03_salesfc_deep_learning - DEBUG - Store 4: 770 sequences built.
2026-09-06 19:25:13 - 03_salesfc_deep_learning - DEBUG - Store 5: 765 sequences built.
2026-09-06 19:25:13 - 03_salesfc_deep_learning - DEBUG - Store 6: 766 sequences built.
2026-09-06 19:25:13 - 03_salesfc_deep_learning - DEBUG - Store 7: 772 sequences built.
2026-09-06 19:25:13 - 03_salesfc_deep_learning - DEBUG - Store 8: 770 sequences built.
2026-09-06 19:25:13 - 03_salesfc_deep_learning - DEBUG - Store 9: 765 sequences built.
2026-09-06 19:25:13 - 03_salesfc_deep_learning - DEBUG - Store 10: 770 sequences built.
2026-09-06 19:25:13 - 03_salesfc_deep_learning - DEBUG - Store 11: 770 sequences built.
2026-09-06 19:25:13 - 03_salesfc_deep_learning - DEBUG - Store 12: 770 sequences built.
2026-09-06 19:25:13 - 03_salesfc_deep_learning - DEBUG - Store 13: 607 sequences built.
2026-09-06 19:25:13 - 03_salesfc_deep_learning - DEBUG - Store 14: 765 sequences built.
2026-09-06 19:25:13 - 03_salesfc_deep_learning - DEBUG - Store 15: 770 sequences built.
2026-09-06 19:25:13 - 03_salesfc_deep_learning - DEBUG - Store 16: 763 sequences built.
2026-09-06 19:25:13 - 03_salesfc_deep_learning - DEBUG - Store 17: 768 sequences built.
2026-09-06 19:25:13 - 03_salesfc_deep_learning - DEBUG - Store 18: 768 sequences built.
2026-09-06 19:25:13 - 03_salesfc_deep_learning - DEBUG - Store 19: 765 sequences built.
2026-09-06 19:25:13 - 03_salesfc_deep_learning - DEBUG - Store 20: 605 sequences built.
2026-09-06 19:25:13 - 03_salesfc_deep_learning - DEBUG - Store 21: 763 sequences built.
2026-09-06 19:25:13 - 03_salesfc_deep_learning - DEBUG - Store 22: 605 sequences built.
2026-09-06 19:25:13 - 03_salesfc_deep_learning - DEBUG - Store 23: 765 sequences built.
2026-09-06 19:25:13 - 03_salesfc_deep_learning - DEBUG - Store 24: 765 sequences built.
2026-09-06 19:25:13 - 03_salesfc_deep_learning - DEBUG - Store 25: 738 sequences built.
2026-09-06 19:25:13 - 03_salesfc_deep_learning - DEBUG - Store 26: 768 sequences built.
2026-09-06 19:25:13 - 03_salesfc_deep_learning - DEBUG - Store 27: 765 sequences built.
2026-09-06 19:25:13 - 03_salesfc_deep_learning - DEBUG - Store 28: 757 sequences built.
2026-09-06 19:25:13 - 03_salesfc_deep_learning - DEBUG - Store 29: 765 sequences built.
2026-09-06 19:25:13 - 03_salesfc_deep_learning - DEBUG - Store 30: 763 sequences built.
2026-09-06 19:25:13 - 03_salesfc_deep_learning - DEBUG - Store 31: 770 sequences built.
2026-09-06 19:25:13 - 03_salesfc_deep_learning - DEBUG - Store 32: 607 sequences built.
2026-09-06 19:25:13 - 03_salesfc_deep_learning - DEBUG - Store 33: 765 sequences built.
2026-09-06 19:25:13 - 03_salesfc_deep_learning - DEBUG - Store 34: 770 sequences built.
2026-09-06 19:25:13 - 03_salesfc_deep_learning - DEBUG - Store 35: 765 sequences built.
2026-09-06 19:25:13 - 03_salesfc_deep_learning - DEBUG - Store 36: 608 sequences built.
2026-09-06 19:25:13 - 03_salesfc_deep_learning - DEBUG - Store 37: 766 sequences built.
2026-09-06 19:25:13 - 03_salesfc_deep_learning - DEBUG - Store 38: 765 sequences built.
2026-09-06 19:25:13 - 03_salesfc_deep_learning - DEBUG - Store 39: 765 sequences built.
2026-09-06 19:25:13 - 03_salesfc_deep_learning - DEBUG - Store 40: 762 sequences built.
2026-09-06 19:25:13 - 03_salesfc_deep_learning - DEBUG - Store 41: 608 sequences built.
2026-09-06 19:25:13 - 03_salesfc_deep_learning - DEBUG - Store 42: 765 sequences built.
2026-09-06 19:25:13 - 03_salesfc_deep_learning - DEBUG - Store 43: 765 sequences built.
2026-09-06 19:25:13 - 03_salesfc_deep_learning - DEBUG - Store 44: 770 sequences built.
2026-09-06 19:25:13 - 03_salesfc_deep_learning - DEBUG - Store 45: 765 sequences built.
2026-09-06 19:25:13 - 03_salesfc_deep_learning - DEBUG - Store 46: 608 sequences built.
2026-09-06 19:25:13 - 03_salesfc_deep_learning - DEBUG - Store 47: 770 sequences built.
2026-09-06 19:25:13 - 03_salesfc_deep_learning - DEBUG - Store 48: 770 sequences built.
2026-09-06 19:25:13 - 03_salesfc_deep_learning - DEBUG - Store 49: 763 sequences built.
2026-09-06 19:25:13 - 03_salesfc_deep_learning - DEBUG - Store 50: 765 sequences built.
2026-09-06 19:25:13 - 03_salesfc_deep_learning - DEBUG - Store 51: 608 sequences built.
2026-09-06 19:25:13 - 03_salesfc_deep_learning - DEBUG - Store 52: 608 sequences built.
2026-09-06 19:25:13 - 03_salesfc_deep_learning - DEBUG - Store 53: 770 sequences built.
2026-09-06 19:25:13 - 03_salesfc_deep_learning - DEBUG - Store 54: 771 sequences built.
2026-09-06 19:25:13 - 03_salesfc_deep_learning - DEBUG - Store 55: 766 sequences built.
2026-09-06 19:25:13 - 03_salesfc_deep_learning - DEBUG - Store 56: 767 sequences built.
2026-09-06 19:25:13 - 03_salesfc_deep_learning - DEBUG - Store 57: 756 sequences built.
2026-09-06 19:25:13 - 03_salesfc_deep_learning - DEBUG - Store 58: 609 sequences built.
2026-09-06 19:25:13 - 03_salesfc_deep_learning - DEBUG - Store 59: 768 sequences built.
2026-09-06 19:25:13 - 03_salesfc_deep_learning - DEBUG - Store 60: 766 sequences built.
2026-09-06 19:25:13 - 03_salesfc_deep_learning - DEBUG - Store 61: 763 sequences built.
2026-09-06 19:25:13 - 03_salesfc_deep_learning - DEBUG - Store 62: 765 sequences built.
2026-09-06 19:25:13 - 03_salesfc_deep_learning - DEBUG - Store 63: 770 sequences built.
2026-09-06 19:25:13 - 03_salesfc_deep_learning - DEBUG - Store 64: 765 sequences built.
2026-09-06 19:25:13 - 03_salesfc_deep_learning - DEBUG - Store 65: 766 sequences built.
2026-09-06 19:25:13 - 03_salesfc_deep_learning - DEBUG - Store 66: 763 sequences built.
2026-09-06 19:25:13 - 03_salesfc_deep_learning - DEBUG - Store 67: 763 sequences built.
2026-09-06 19:25:13 - 03_salesfc_deep_learning - DEBUG - Store 68: 770 sequences built.
2026-09-06 19:25:13 - 03_salesfc_deep_learning - DEBUG - Store 69: 767 sequences built.
2026-09-06 19:25:13 - 03_salesfc_deep_learning - DEBUG - Store 70: 768 sequences built.
2026-09-06 19:25:13 - 03_salesfc_deep_learning - DEBUG - Store 71: 765 sequences built.
2026-09-06 19:25:13 - 03_salesfc_deep_learning - DEBUG - Store 72: 609 sequences built.
2026-09-06 19:25:13 - 03_salesfc_deep_learning - DEBUG - Store 73: 770 sequences built.
2026-09-06 19:25:13 - 03_salesfc_deep_learning - DEBUG - Store 74: 762 sequences built.
2026-09-06 19:25:13 - 03_salesfc_deep_learning - DEBUG - Store 75: 770 sequences built.
2026-09-06 19:25:13 - 03_salesfc_deep_learning - DEBUG - Store 76: 609 sequences built.
2026-09-06 19:25:13 - 03_salesfc_deep_learning - DEBUG - Store 77: 767 sequences built.
2026-09-06 19:25:13 - 03_salesfc_deep_learning - DEBUG - Store 78: 766 sequences built.
2026-09-06 19:25:13 - 03_salesfc_deep_learning - DEBUG - Store 79: 763 sequences built.
2026-09-06 19:25:13 - 03_salesfc_deep_learning - DEBUG - Store 80: 765 sequences built.
2026-09-06 19:25:13 - 03_salesfc_deep_learning - DEBUG - Store 81: 608 sequences built.
2026-09-06 19:25:13 - 03_salesfc_deep_learning - DEBUG - Store 82: 765 sequences built.
2026-09-06 19:25:13 - 03_salesfc_deep_learning - DEBUG - Store 83: 765 sequences built.
2026-09-06 19:25:13 - 03_salesfc_deep_learning - DEBUG - Store 84: 765 sequences built.
2026-09-06 19:25:13 - 03_salesfc_deep_learning - DEBUG - Store 85: 928 sequences built.
2026-09-06 19:25:13 - 03_salesfc_deep_learning - DEBUG - Store 86: 764 sequences built.
2026-09-06 19:25:13 - 03_salesfc_deep_learning - DEBUG - Store 87: 770 sequences built.
2026-09-06 19:25:13 - 03_salesfc_deep_learning - DEBUG - Store 88: 766 sequences built.
2026-09-06 19:25:13 - 03_salesfc_deep_learning - DEBUG - Store 89: 608 sequences built.
2026-09-06 19:25:13 - 03_salesfc_deep_learning - DEBUG - Store 90: 764 sequences built.
2026-09-06 19:25:13 - 03_salesfc_deep_learning - DEBUG - Store 91: 764 sequences built.
2026-09-06 19:25:13 - 03_salesfc_deep_learning - DEBUG - Store 92: 765 sequences built.
2026-09-06 19:25:13 - 03_salesfc_deep_learning - DEBUG - Store 93: 765 sequences built.
2026-09-06 19:25:13 - 03_salesfc_deep_learning - DEBUG - Store 94: 765 sequences built.
2026-09-06 19:25:13 - 03_salesfc_deep_learning - DEBUG - Store 95: 766 sequences built.
2026-09-06 19:25:13 - 03_salesfc_deep_learning - DEBUG - Store 96: 766 sequences built.
2026-09-06 19:25:13 - 03_salesfc_deep_learning - DEBUG - Store 97: 766 sequences built.
2026-09-06 19:25:13 - 03_salesfc_deep_learning - DEBUG - Store 98: 765 sequences built.
2026-09-06 19:25:13 - 03_salesfc_deep_learning - DEBUG - Store 99: 608 sequences built.
2026-09-06 19:25:13 - 03_salesfc_deep_learning - DEBUG - Store 100: 592 sequences built.
2026-09-06 19:25:13 - 03_salesfc_deep_learning - DEBUG - Store 101: 770 sequences built.
2026-09-06 19:25:13 - 03_salesfc_deep_learning - DEBUG - Store 102: 757 sequences built.
2026-09-06 19:25:13 - 03_salesfc_deep_learning - DEBUG - Store 103: 617 sequences built.
2026-09-06 19:25:13 - 03_salesfc_deep_learning - DEBUG - Store 104: 770 sequences built.
2026-09-06 19:25:13 - 03_salesfc_deep_learning - DEBUG - Store 105: 740 sequences built.
2026-09-06 19:25:13 - 03_salesfc_deep_learning - DEBUG - Store 106: 761 sequences built.
2026-09-06 19:25:13 - 03_salesfc_deep_learning - DEBUG - Store 107: 770 sequences built.
2026-09-06 19:25:13 - 03_salesfc_deep_learning - DEBUG - Store 108: 608 sequences built.
2026-09-06 19:25:13 - 03_salesfc_deep_learning - DEBUG - Store 109: 770 sequences built.
2026-09-06 19:25:13 - 03_salesfc_deep_learning - DEBUG - Store 110: 770 sequences built.
2026-09-06 19:25:13 - 03_salesfc_deep_learning - DEBUG - Store 111: 767 sequences built.
2026-09-06 19:25:13 - 03_salesfc_deep_learning - DEBUG - Store 112: 770 sequences built.
2026-09-06 19:25:13 - 03_salesfc_deep_learning - DEBUG - Store 113: 608 sequences built.
2026-09-06 19:25:13 - 03_salesfc_deep_learning - DEBUG - Store 114: 770 sequences built.
2026-09-06 19:25:13 - 03_salesfc_deep_learning - DEBUG - Store 115: 608 sequences built.
2026-09-06 19:25:13 - 03_salesfc_deep_learning - DEBUG - Store 116: 769 sequences built.
2026-09-06 19:25:13 - 03_salesfc_deep_learning - DEBUG - Store 117: 765 sequences built.
2026-09-06 19:25:13 - 03_salesfc_deep_learning - DEBUG - Store 118: 768 sequences built.
2026-09-06 19:25:13 - 03_salesfc_deep_learning - DEBUG - Store 119: 770 sequences built.
2026-09-06 19:25:13 - 03_salesfc_deep_learning - DEBUG - Store 120: 767 sequences built.
2026-09-06 19:25:13 - 03_salesfc_deep_learning - DEBUG - Store 121: 766 sequences built.
2026-09-06 19:25:13 - 03_salesfc_deep_learning - DEBUG - Store 122: 871 sequences built.
2026-09-06 19:25:13 - 03_salesfc_deep_learning - DEBUG - Store 123: 754 sequences built.
2026-09-06 19:25:13 - 03_salesfc_deep_learning - DEBUG - Store 124: 765 sequences built.
2026-09-06 19:25:13 - 03_salesfc_deep_learning - DEBUG - Store 125: 770 sequences built.
2026-09-06 19:25:13 - 03_salesfc_deep_learning - DEBUG - Store 126: 765 sequences built.
2026-09-06 19:25:13 - 03_salesfc_deep_learning - DEBUG - Store 127: 609 sequences built.
2026-09-06 19:25:13 - 03_salesfc_deep_learning - DEBUG - Store 128: 767 sequences built.
2026-09-06 19:25:13 - 03_salesfc_deep_learning - DEBUG - Store 129: 608 sequences built.
2026-09-06 19:25:13 - 03_salesfc_deep_learning - DEBUG - Store 130: 767 sequences built.
2026-09-06 19:25:13 - 03_salesfc_deep_learning - DEBUG - Store 131: 765 sequences built.
2026-09-06 19:25:13 - 03_salesfc_deep_learning - DEBUG - Store 132: 608 sequences built.
2026-09-06 19:25:13 - 03_salesfc_deep_learning - DEBUG - Store 133: 768 sequences built.
2026-09-06 19:25:14 - 03_salesfc_deep_learning - DEBUG - Store 134: 770 sequences built.
2026-09-06 19:25:14 - 03_salesfc_deep_learning - DEBUG - Store 135: 767 sequences built.
2026-09-06 19:25:14 - 03_salesfc_deep_learning - DEBUG - Store 136: 608 sequences built.
2026-09-06 19:25:14 - 03_salesfc_deep_learning - DEBUG - Store 137: 608 sequences built.
2026-09-06 19:25:14 - 03_salesfc_deep_learning - DEBUG - Store 138: 766 sequences built.
2026-09-06 19:25:14 - 03_salesfc_deep_learning - DEBUG - Store 139: 608 sequences built.
2026-09-06 19:25:14 - 03_salesfc_deep_learning - DEBUG - Store 140: 767 sequences built.
2026-09-06 19:25:14 - 03_salesfc_deep_learning - DEBUG - Store 141: 763 sequences built.
2026-09-06 19:25:14 - 03_salesfc_deep_learning - DEBUG - Store 142: 765 sequences built.
2026-09-06 19:25:14 - 03_salesfc_deep_learning - DEBUG - Store 143: 765 sequences built.
2026-09-06 19:25:14 - 03_salesfc_deep_learning - DEBUG - Store 144: 611 sequences built.
2026-09-06 19:25:14 - 03_salesfc_deep_learning - DEBUG - Store 145: 594 sequences built.
2026-09-06 19:25:14 - 03_salesfc_deep_learning - DEBUG - Store 146: 765 sequences built.
2026-09-06 19:25:14 - 03_salesfc_deep_learning - DEBUG - Store 147: 765 sequences built.
2026-09-06 19:25:14 - 03_salesfc_deep_learning - DEBUG - Store 148: 770 sequences built.
2026-09-06 19:25:14 - 03_salesfc_deep_learning - DEBUG - Store 149: 608 sequences built.
2026-09-06 19:25:14 - 03_salesfc_deep_learning - DEBUG - Store 150: 770 sequences built.
2026-09-06 19:25:14 - 03_salesfc_deep_learning - DEBUG - Store 151: 766 sequences built.
2026-09-06 19:25:14 - 03_salesfc_deep_learning - DEBUG - Store 152: 765 sequences built.
2026-09-06 19:25:14 - 03_salesfc_deep_learning - DEBUG - Store 153: 765 sequences built.
2026-09-06 19:25:14 - 03_salesfc_deep_learning - DEBUG - Store 154: 767 sequences built.
2026-09-06 19:25:14 - 03_salesfc_deep_learning - DEBUG - Store 155: 609 sequences built.
2026-09-06 19:25:14 - 03_salesfc_deep_learning - DEBUG - Store 156: 768 sequences built.
2026-09-06 19:25:14 - 03_salesfc_deep_learning - DEBUG - Store 157: 765 sequences built.
2026-09-06 19:25:14 - 03_salesfc_deep_learning - DEBUG - Store 158: 765 sequences built.
2026-09-06 19:25:14 - 03_salesfc_deep_learning - DEBUG - Store 159: 609 sequences built.
2026-09-06 19:25:14 - 03_salesfc_deep_learning - DEBUG - Store 160: 767 sequences built.
2026-09-06 19:25:14 - 03_salesfc_deep_learning - DEBUG - Store 161: 765 sequences built.
2026-09-06 19:25:14 - 03_salesfc_deep_learning - DEBUG - Store 162: 767 sequences built.
2026-09-06 19:25:14 - 03_salesfc_deep_learning - DEBUG - Store 163: 770 sequences built.
2026-09-06 19:25:14 - 03_salesfc_deep_learning - DEBUG - Store 164: 609 sequences built.
2026-09-06 19:25:14 - 03_salesfc_deep_learning - DEBUG - Store 165: 608 sequences built.
2026-09-06 19:25:14 - 03_salesfc_deep_learning - DEBUG - Store 166: 765 sequences built.
2026-09-06 19:25:14 - 03_salesfc_deep_learning - DEBUG - Store 167: 766 sequences built.
2026-09-06 19:25:14 - 03_salesfc_deep_learning - DEBUG - Store 168: 763 sequences built.
2026-09-06 19:25:14 - 03_salesfc_deep_learning - DEBUG - Store 169: 752 sequences built.
2026-09-06 19:25:14 - 03_salesfc_deep_learning - DEBUG - Store 170: 765 sequences built.
2026-09-06 19:25:14 - 03_salesfc_deep_learning - DEBUG - Store 171: 765 sequences built.
2026-09-06 19:25:14 - 03_salesfc_deep_learning - DEBUG - Store 172: 608 sequences built.
2026-09-06 19:25:14 - 03_salesfc_deep_learning - DEBUG - Store 173: 770 sequences built.
2026-09-06 19:25:14 - 03_salesfc_deep_learning - DEBUG - Store 174: 608 sequences built.
2026-09-06 19:25:14 - 03_salesfc_deep_learning - DEBUG - Store 175: 770 sequences built.
2026-09-06 19:25:14 - 03_salesfc_deep_learning - DEBUG - Store 176: 765 sequences built.
2026-09-06 19:25:14 - 03_salesfc_deep_learning - DEBUG - Store 177: 766 sequences built.
2026-09-06 19:25:14 - 03_salesfc_deep_learning - DEBUG - Store 178: 766 sequences built.
2026-09-06 19:25:14 - 03_salesfc_deep_learning - DEBUG - Store 179: 765 sequences built.
2026-09-06 19:25:14 - 03_salesfc_deep_learning - DEBUG - Store 180: 770 sequences built.
2026-09-06 19:25:14 - 03_salesfc_deep_learning - DEBUG - Store 181: 609 sequences built.
2026-09-06 19:25:14 - 03_salesfc_deep_learning - DEBUG - Store 182: 767 sequences built.
2026-09-06 19:25:14 - 03_salesfc_deep_learning - DEBUG - Store 183: 597 sequences built.
2026-09-06 19:25:14 - 03_salesfc_deep_learning - DEBUG - Store 184: 763 sequences built.
2026-09-06 19:25:14 - 03_salesfc_deep_learning - DEBUG - Store 185: 770 sequences built.
2026-09-06 19:25:14 - 03_salesfc_deep_learning - DEBUG - Store 186: 608 sequences built.
2026-09-06 19:25:14 - 03_salesfc_deep_learning - DEBUG - Store 187: 770 sequences built.
2026-09-06 19:25:14 - 03_salesfc_deep_learning - DEBUG - Store 188: 765 sequences built.
2026-09-06 19:25:14 - 03_salesfc_deep_learning - DEBUG - Store 189: 765 sequences built.
2026-09-06 19:25:14 - 03_salesfc_deep_learning - DEBUG - Store 190: 608 sequences built.
2026-09-06 19:25:14 - 03_salesfc_deep_learning - DEBUG - Store 191: 608 sequences built.
2026-09-06 19:25:14 - 03_salesfc_deep_learning - DEBUG - Store 192: 608 sequences built.
2026-09-06 19:25:14 - 03_salesfc_deep_learning - DEBUG - Store 193: 763 sequences built.
2026-09-06 19:25:14 - 03_salesfc_deep_learning - DEBUG - Store 194: 763 sequences built.
2026-09-06 19:25:14 - 03_salesfc_deep_learning - DEBUG - Store 195: 765 sequences built.
2026-09-06 19:25:14 - 03_salesfc_deep_learning - DEBUG - Store 196: 768 sequences built.
2026-09-06 19:25:14 - 03_salesfc_deep_learning - DEBUG - Store 197: 770 sequences built.
2026-09-06 19:25:14 - 03_salesfc_deep_learning - DEBUG - Store 198: 768 sequences built.
2026-09-06 19:25:14 - 03_salesfc_deep_learning - DEBUG - Store 199: 765 sequences built.
2026-09-06 19:25:14 - 03_salesfc_deep_learning - DEBUG - Store 200: 765 sequences built.
2026-09-06 19:25:14 - 03_salesfc_deep_learning - DEBUG - Store 201: 765 sequences built.
2026-09-06 19:25:14 - 03_salesfc_deep_learning - DEBUG - Store 202: 767 sequences built.
2026-09-06 19:25:14 - 03_salesfc_deep_learning - DEBUG - Store 203: 768 sequences built.
2026-09-06 19:25:14 - 03_salesfc_deep_learning - DEBUG - Store 204: 608 sequences built.
2026-09-06 19:25:14 - 03_salesfc_deep_learning - DEBUG - Store 205: 770 sequences built.
2026-09-06 19:25:14 - 03_salesfc_deep_learning - DEBUG - Store 206: 765 sequences built.
2026-09-06 19:25:14 - 03_salesfc_deep_learning - DEBUG - Store 207: 770 sequences built.
2026-09-06 19:25:14 - 03_salesfc_deep_learning - DEBUG - Store 208: 770 sequences built.
2026-09-06 19:25:14 - 03_salesfc_deep_learning - DEBUG - Store 209: 868 sequences built.
2026-09-06 19:25:14 - 03_salesfc_deep_learning - DEBUG - Store 210: 765 sequences built.
2026-09-06 19:25:14 - 03_salesfc_deep_learning - DEBUG - Store 211: 770 sequences built.
2026-09-06 19:25:14 - 03_salesfc_deep_learning - DEBUG - Store 212: 770 sequences built.
2026-09-06 19:25:14 - 03_salesfc_deep_learning - DEBUG - Store 213: 765 sequences built.
2026-09-06 19:25:14 - 03_salesfc_deep_learning - DEBUG - Store 214: 765 sequences built.
2026-09-06 19:25:14 - 03_salesfc_deep_learning - DEBUG - Store 215: 607 sequences built.
2026-09-06 19:25:14 - 03_salesfc_deep_learning - DEBUG - Store 216: 762 sequences built.
2026-09-06 19:25:14 - 03_salesfc_deep_learning - DEBUG - Store 217: 770 sequences built.
2026-09-06 19:25:14 - 03_salesfc_deep_learning - DEBUG - Store 218: 608 sequences built.
2026-09-06 19:25:14 - 03_salesfc_deep_learning - DEBUG - Store 219: 765 sequences built.
2026-09-06 19:25:14 - 03_salesfc_deep_learning - DEBUG - Store 220: 762 sequences built.
2026-09-06 19:25:14 - 03_salesfc_deep_learning - DEBUG - Store 221: 770 sequences built.
2026-09-06 19:25:14 - 03_salesfc_deep_learning - DEBUG - Store 222: 770 sequences built.
2026-09-06 19:25:14 - 03_salesfc_deep_learning - DEBUG - Store 223: 768 sequences built.
2026-09-06 19:25:14 - 03_salesfc_deep_learning - DEBUG - Store 224: 763 sequences built.
2026-09-06 19:25:14 - 03_salesfc_deep_learning - DEBUG - Store 225: 768 sequences built.
2026-09-06 19:25:14 - 03_salesfc_deep_learning - DEBUG - Store 226: 767 sequences built.
2026-09-06 19:25:14 - 03_salesfc_deep_learning - DEBUG - Store 227: 754 sequences built.
2026-09-06 19:25:14 - 03_salesfc_deep_learning - DEBUG - Store 228: 765 sequences built.
2026-09-06 19:25:14 - 03_salesfc_deep_learning - DEBUG - Store 229: 765 sequences built.
2026-09-06 19:25:14 - 03_salesfc_deep_learning - DEBUG - Store 230: 770 sequences built.
2026-09-06 19:25:14 - 03_salesfc_deep_learning - DEBUG - Store 231: 608 sequences built.
2026-09-06 19:25:14 - 03_salesfc_deep_learning - DEBUG - Store 232: 752 sequences built.
2026-09-06 19:25:14 - 03_salesfc_deep_learning - DEBUG - Store 233: 767 sequences built.
2026-09-06 19:25:14 - 03_salesfc_deep_learning - DEBUG - Store 234: 765 sequences built.
2026-09-06 19:25:14 - 03_salesfc_deep_learning - DEBUG - Store 235: 767 sequences built.
2026-09-06 19:25:14 - 03_salesfc_deep_learning - DEBUG - Store 236: 770 sequences built.
2026-09-06 19:25:14 - 03_salesfc_deep_learning - DEBUG - Store 237: 770 sequences built.
2026-09-06 19:25:14 - 03_salesfc_deep_learning - DEBUG - Store 238: 752 sequences built.
2026-09-06 19:25:14 - 03_salesfc_deep_learning - DEBUG - Store 239: 765 sequences built.
2026-09-06 19:25:14 - 03_salesfc_deep_learning - DEBUG - Store 240: 770 sequences built.
2026-09-06 19:25:14 - 03_salesfc_deep_learning - DEBUG - Store 241: 765 sequences built.
2026-09-06 19:25:14 - 03_salesfc_deep_learning - DEBUG - Store 242: 767 sequences built.
2026-09-06 19:25:14 - 03_salesfc_deep_learning - DEBUG - Store 243: 609 sequences built.
2026-09-06 19:25:14 - 03_salesfc_deep_learning - DEBUG - Store 244: 765 sequences built.
2026-09-06 19:25:14 - 03_salesfc_deep_learning - DEBUG - Store 245: 767 sequences built.
2026-09-06 19:25:14 - 03_salesfc_deep_learning - DEBUG - Store 246: 770 sequences built.
2026-09-06 19:25:14 - 03_salesfc_deep_learning - DEBUG - Store 247: 767 sequences built.
2026-09-06 19:25:14 - 03_salesfc_deep_learning - DEBUG - Store 248: 770 sequences built.
2026-09-06 19:25:14 - 03_salesfc_deep_learning - DEBUG - Store 249: 770 sequences built.
2026-09-06 19:25:14 - 03_salesfc_deep_learning - DEBUG - Store 250: 767 sequences built.
2026-09-06 19:25:14 - 03_salesfc_deep_learning - DEBUG - Store 251: 765 sequences built.
2026-09-06 19:25:14 - 03_salesfc_deep_learning - DEBUG - Store 252: 765 sequences built.
2026-09-06 19:25:14 - 03_salesfc_deep_learning - DEBUG - Store 253: 765 sequences built.
2026-09-06 19:25:14 - 03_salesfc_deep_learning - DEBUG - Store 254: 765 sequences built.
2026-09-06 19:25:14 - 03_salesfc_deep_learning - DEBUG - Store 255: 765 sequences built.
2026-09-06 19:25:14 - 03_salesfc_deep_learning - DEBUG - Store 256: 762 sequences built.
2026-09-06 19:25:14 - 03_salesfc_deep_learning - DEBUG - Store 257: 770 sequences built.
2026-09-06 19:25:14 - 03_salesfc_deep_learning - DEBUG - Store 258: 608 sequences built.
2026-09-06 19:25:14 - 03_salesfc_deep_learning - DEBUG - Store 259: 918 sequences built.
2026-09-06 19:25:14 - 03_salesfc_deep_learning - DEBUG - Store 260: 770 sequences built.
2026-09-06 19:25:14 - 03_salesfc_deep_learning - DEBUG - Store 261: 765 sequences built.
2026-09-06 19:25:14 - 03_salesfc_deep_learning - DEBUG - Store 262: 928 sequences built.
2026-09-06 19:25:14 - 03_salesfc_deep_learning - DEBUG - Store 263: 608 sequences built.
2026-09-06 19:25:14 - 03_salesfc_deep_learning - DEBUG - Store 264: 748 sequences built.
2026-09-06 19:25:14 - 03_salesfc_deep_learning - DEBUG - Store 265: 765 sequences built.
2026-09-06 19:25:14 - 03_salesfc_deep_learning - DEBUG - Store 266: 766 sequences built.
2026-09-06 19:25:14 - 03_salesfc_deep_learning - DEBUG - Store 267: 770 sequences built.
2026-09-06 19:25:14 - 03_salesfc_deep_learning - DEBUG - Store 268: 770 sequences built.
2026-09-06 19:25:14 - 03_salesfc_deep_learning - DEBUG - Store 269: 765 sequences built.
2026-09-06 19:25:14 - 03_salesfc_deep_learning - DEBUG - Store 270: 770 sequences built.
2026-09-06 19:25:14 - 03_salesfc_deep_learning - DEBUG - Store 271: 766 sequences built.
2026-09-06 19:25:14 - 03_salesfc_deep_learning - DEBUG - Store 272: 767 sequences built.
2026-09-06 19:25:14 - 03_salesfc_deep_learning - DEBUG - Store 273: 765 sequences built.
2026-09-06 19:25:14 - 03_salesfc_deep_learning - DEBUG - Store 274: 918 sequences built.
2026-09-06 19:25:14 - 03_salesfc_deep_learning - DEBUG - Store 275: 608 sequences built.
2026-09-06 19:25:14 - 03_salesfc_deep_learning - DEBUG - Store 276: 766 sequences built.
2026-09-06 19:25:14 - 03_salesfc_deep_learning - DEBUG - Store 277: 608 sequences built.
2026-09-06 19:25:14 - 03_salesfc_deep_learning - DEBUG - Store 278: 770 sequences built.
2026-09-06 19:25:14 - 03_salesfc_deep_learning - DEBUG - Store 279: 609 sequences built.
2026-09-06 19:25:14 - 03_salesfc_deep_learning - DEBUG - Store 280: 763 sequences built.
2026-09-06 19:25:14 - 03_salesfc_deep_learning - DEBUG - Store 281: 770 sequences built.
2026-09-06 19:25:14 - 03_salesfc_deep_learning - DEBUG - Store 282: 770 sequences built.
2026-09-06 19:25:14 - 03_salesfc_deep_learning - DEBUG - Store 283: 608 sequences built.
2026-09-06 19:25:14 - 03_salesfc_deep_learning - DEBUG - Store 284: 608 sequences built.
2026-09-06 19:25:14 - 03_salesfc_deep_learning - DEBUG - Store 285: 767 sequences built.
2026-09-06 19:25:14 - 03_salesfc_deep_learning - DEBUG - Store 286: 765 sequences built.
2026-09-06 19:25:14 - 03_salesfc_deep_learning - DEBUG - Store 287: 608 sequences built.
2026-09-06 19:25:14 - 03_salesfc_deep_learning - DEBUG - Store 288: 608 sequences built.
2026-09-06 19:25:14 - 03_salesfc_deep_learning - DEBUG - Store 289: 767 sequences built.
2026-09-06 19:25:14 - 03_salesfc_deep_learning - DEBUG - Store 290: 765 sequences built.
2026-09-06 19:25:14 - 03_salesfc_deep_learning - DEBUG - Store 291: 766 sequences built.
2026-09-06 19:25:14 - 03_salesfc_deep_learning - DEBUG - Store 292: 752 sequences built.
2026-09-06 19:25:14 - 03_salesfc_deep_learning - DEBUG - Store 293: 769 sequences built.
2026-09-06 19:25:14 - 03_salesfc_deep_learning - DEBUG - Store 294: 767 sequences built.
2026-09-06 19:25:14 - 03_salesfc_deep_learning - DEBUG - Store 295: 763 sequences built.
2026-09-06 19:25:14 - 03_salesfc_deep_learning - DEBUG - Store 296: 767 sequences built.
2026-09-06 19:25:14 - 03_salesfc_deep_learning - DEBUG - Store 297: 763 sequences built.
2026-09-06 19:25:14 - 03_salesfc_deep_learning - DEBUG - Store 298: 608 sequences built.
2026-09-06 19:25:14 - 03_salesfc_deep_learning - DEBUG - Store 299: 868 sequences built.
2026-09-06 19:25:14 - 03_salesfc_deep_learning - DEBUG - Store 300: 768 sequences built.
2026-09-06 19:25:14 - 03_salesfc_deep_learning - DEBUG - Store 301: 770 sequences built.
2026-09-06 19:25:14 - 03_salesfc_deep_learning - DEBUG - Store 302: 767 sequences built.
2026-09-06 19:25:14 - 03_salesfc_deep_learning - DEBUG - Store 303: 753 sequences built.
2026-09-06 19:25:14 - 03_salesfc_deep_learning - DEBUG - Store 304: 770 sequences built.
2026-09-06 19:25:14 - 03_salesfc_deep_learning - DEBUG - Store 305: 767 sequences built.
2026-09-06 19:25:14 - 03_salesfc_deep_learning - DEBUG - Store 306: 608 sequences built.
2026-09-06 19:25:14 - 03_salesfc_deep_learning - DEBUG - Store 307: 768 sequences built.
2026-09-06 19:25:14 - 03_salesfc_deep_learning - DEBUG - Store 308: 754 sequences built.
2026-09-06 19:25:14 - 03_salesfc_deep_learning - DEBUG - Store 309: 765 sequences built.
2026-09-06 19:25:14 - 03_salesfc_deep_learning - DEBUG - Store 310: 883 sequences built.
2026-09-06 19:25:14 - 03_salesfc_deep_learning - DEBUG - Store 311: 767 sequences built.
2026-09-06 19:25:14 - 03_salesfc_deep_learning - DEBUG - Store 312: 767 sequences built.
2026-09-06 19:25:14 - 03_salesfc_deep_learning - DEBUG - Store 313: 768 sequences built.
2026-09-06 19:25:14 - 03_salesfc_deep_learning - DEBUG - Store 314: 765 sequences built.
2026-09-06 19:25:14 - 03_salesfc_deep_learning - DEBUG - Store 315: 770 sequences built.
2026-09-06 19:25:14 - 03_salesfc_deep_learning - DEBUG - Store 316: 765 sequences built.
2026-09-06 19:25:14 - 03_salesfc_deep_learning - DEBUG - Store 317: 608 sequences built.
2026-09-06 19:25:14 - 03_salesfc_deep_learning - DEBUG - Store 318: 766 sequences built.
2026-09-06 19:25:14 - 03_salesfc_deep_learning - DEBUG - Store 319: 770 sequences built.
2026-09-06 19:25:14 - 03_salesfc_deep_learning - DEBUG - Store 320: 770 sequences built.
2026-09-06 19:25:14 - 03_salesfc_deep_learning - DEBUG - Store 321: 766 sequences built.
2026-09-06 19:25:14 - 03_salesfc_deep_learning - DEBUG - Store 322: 768 sequences built.
2026-09-06 19:25:14 - 03_salesfc_deep_learning - DEBUG - Store 323: 765 sequences built.
2026-09-06 19:25:14 - 03_salesfc_deep_learning - DEBUG - Store 324: 766 sequences built.
2026-09-06 19:25:14 - 03_salesfc_deep_learning - DEBUG - Store 325: 765 sequences built.
2026-09-06 19:25:14 - 03_salesfc_deep_learning - DEBUG - Store 326: 765 sequences built.
2026-09-06 19:25:14 - 03_salesfc_deep_learning - DEBUG - Store 327: 764 sequences built.
2026-09-06 19:25:14 - 03_salesfc_deep_learning - DEBUG - Store 328: 765 sequences built.
2026-09-06 19:25:14 - 03_salesfc_deep_learning - DEBUG - Store 329: 765 sequences built.
2026-09-06 19:25:14 - 03_salesfc_deep_learning - DEBUG - Store 330: 765 sequences built.
2026-09-06 19:25:14 - 03_salesfc_deep_learning - DEBUG - Store 331: 765 sequences built.
2026-09-06 19:25:14 - 03_salesfc_deep_learning - DEBUG - Store 332: 766 sequences built.
2026-09-06 19:25:14 - 03_salesfc_deep_learning - DEBUG - Store 333: 770 sequences built.
2026-09-06 19:25:14 - 03_salesfc_deep_learning - DEBUG - Store 334: 765 sequences built.
2026-09-06 19:25:14 - 03_salesfc_deep_learning - DEBUG - Store 335: 928 sequences built.
2026-09-06 19:25:15 - 03_salesfc_deep_learning - DEBUG - Store 336: 766 sequences built.
2026-09-06 19:25:15 - 03_salesfc_deep_learning - DEBUG - Store 337: 767 sequences built.
2026-09-06 19:25:15 - 03_salesfc_deep_learning - DEBUG - Store 338: 767 sequences built.
2026-09-06 19:25:15 - 03_salesfc_deep_learning - DEBUG - Store 339: 742 sequences built.
2026-09-06 19:25:15 - 03_salesfc_deep_learning - DEBUG - Store 340: 770 sequences built.
2026-09-06 19:25:15 - 03_salesfc_deep_learning - DEBUG - Store 341: 765 sequences built.
2026-09-06 19:25:15 - 03_salesfc_deep_learning - DEBUG - Store 342: 607 sequences built.
2026-09-06 19:25:15 - 03_salesfc_deep_learning - DEBUG - Store 343: 765 sequences built.
2026-09-06 19:25:15 - 03_salesfc_deep_learning - DEBUG - Store 344: 770 sequences built.
2026-09-06 19:25:15 - 03_salesfc_deep_learning - DEBUG - Store 345: 608 sequences built.
2026-09-06 19:25:15 - 03_salesfc_deep_learning - DEBUG - Store 346: 765 sequences built.
2026-09-06 19:25:15 - 03_salesfc_deep_learning - DEBUG - Store 347: 763 sequences built.
2026-09-06 19:25:15 - 03_salesfc_deep_learning - DEBUG - Store 348: 583 sequences built.
2026-09-06 19:25:15 - 03_salesfc_deep_learning - DEBUG - Store 349: 686 sequences built.
2026-09-06 19:25:15 - 03_salesfc_deep_learning - DEBUG - Store 350: 767 sequences built.
2026-09-06 19:25:15 - 03_salesfc_deep_learning - DEBUG - Store 351: 765 sequences built.
2026-09-06 19:25:15 - 03_salesfc_deep_learning - DEBUG - Store 352: 770 sequences built.
2026-09-06 19:25:15 - 03_salesfc_deep_learning - DEBUG - Store 353: 917 sequences built.
2026-09-06 19:25:15 - 03_salesfc_deep_learning - DEBUG - Store 354: 765 sequences built.
2026-09-06 19:25:15 - 03_salesfc_deep_learning - DEBUG - Store 355: 770 sequences built.
2026-09-06 19:25:15 - 03_salesfc_deep_learning - DEBUG - Store 356: 763 sequences built.
2026-09-06 19:25:15 - 03_salesfc_deep_learning - DEBUG - Store 357: 754 sequences built.
2026-09-06 19:25:15 - 03_salesfc_deep_learning - DEBUG - Store 358: 765 sequences built.
2026-09-06 19:25:15 - 03_salesfc_deep_learning - DEBUG - Store 359: 765 sequences built.
2026-09-06 19:25:15 - 03_salesfc_deep_learning - DEBUG - Store 360: 770 sequences built.
2026-09-06 19:25:15 - 03_salesfc_deep_learning - DEBUG - Store 361: 766 sequences built.
2026-09-06 19:25:15 - 03_salesfc_deep_learning - DEBUG - Store 362: 767 sequences built.
2026-09-06 19:25:15 - 03_salesfc_deep_learning - DEBUG - Store 363: 770 sequences built.
2026-09-06 19:25:15 - 03_salesfc_deep_learning - DEBUG - Store 364: 757 sequences built.
2026-09-06 19:25:15 - 03_salesfc_deep_learning - DEBUG - Store 365: 607 sequences built.
2026-09-06 19:25:15 - 03_salesfc_deep_learning - DEBUG - Store 366: 766 sequences built.
2026-09-06 19:25:15 - 03_salesfc_deep_learning - DEBUG - Store 367: 770 sequences built.
2026-09-06 19:25:15 - 03_salesfc_deep_learning - DEBUG - Store 368: 763 sequences built.
2026-09-06 19:25:15 - 03_salesfc_deep_learning - DEBUG - Store 369: 767 sequences built.
2026-09-06 19:25:15 - 03_salesfc_deep_learning - DEBUG - Store 370: 765 sequences built.
2026-09-06 19:25:15 - 03_salesfc_deep_learning - DEBUG - Store 371: 767 sequences built.
2026-09-06 19:25:15 - 03_salesfc_deep_learning - DEBUG - Store 372: 765 sequences built.
2026-09-06 19:25:15 - 03_salesfc_deep_learning - DEBUG - Store 373: 763 sequences built.
2026-09-06 19:25:15 - 03_salesfc_deep_learning - DEBUG - Store 374: 770 sequences built.
2026-09-06 19:25:15 - 03_salesfc_deep_learning - DEBUG - Store 375: 766 sequences built.
2026-09-06 19:25:15 - 03_salesfc_deep_learning - DEBUG - Store 376: 760 sequences built.
2026-09-06 19:25:15 - 03_salesfc_deep_learning - DEBUG - Store 377: 770 sequences built.
2026-09-06 19:25:15 - 03_salesfc_deep_learning - DEBUG - Store 378: 765 sequences built.
2026-09-06 19:25:15 - 03_salesfc_deep_learning - DEBUG - Store 379: 770 sequences built.
2026-09-06 19:25:15 - 03_salesfc_deep_learning - DEBUG - Store 380: 765 sequences built.
2026-09-06 19:25:15 - 03_salesfc_deep_learning - DEBUG - Store 381: 766 sequences built.
2026-09-06 19:25:15 - 03_salesfc_deep_learning - DEBUG - Store 382: 766 sequences built.
2026-09-06 19:25:15 - 03_salesfc_deep_learning - DEBUG - Store 383: 766 sequences built.
2026-09-06 19:25:15 - 03_salesfc_deep_learning - DEBUG - Store 384: 768 sequences built.
2026-09-06 19:25:15 - 03_salesfc_deep_learning - DEBUG - Store 385: 608 sequences built.
2026-09-06 19:25:15 - 03_salesfc_deep_learning - DEBUG - Store 386: 765 sequences built.
2026-09-06 19:25:15 - 03_salesfc_deep_learning - DEBUG - Store 387: 752 sequences built.
2026-09-06 19:25:15 - 03_salesfc_deep_learning - DEBUG - Store 388: 765 sequences built.
2026-09-06 19:25:15 - 03_salesfc_deep_learning - DEBUG - Store 389: 770 sequences built.
2026-09-06 19:25:15 - 03_salesfc_deep_learning - DEBUG - Store 390: 766 sequences built.
2026-09-06 19:25:15 - 03_salesfc_deep_learning - DEBUG - Store 391: 754 sequences built.
2026-09-06 19:25:15 - 03_salesfc_deep_learning - DEBUG - Store 392: 765 sequences built.
2026-09-06 19:25:15 - 03_salesfc_deep_learning - DEBUG - Store 393: 765 sequences built.
2026-09-06 19:25:15 - 03_salesfc_deep_learning - DEBUG - Store 394: 767 sequences built.
2026-09-06 19:25:15 - 03_salesfc_deep_learning - DEBUG - Store 395: 765 sequences built.
2026-09-06 19:25:15 - 03_salesfc_deep_learning - DEBUG - Store 396: 766 sequences built.
2026-09-06 19:25:15 - 03_salesfc_deep_learning - DEBUG - Store 397: 765 sequences built.
2026-09-06 19:25:15 - 03_salesfc_deep_learning - DEBUG - Store 398: 770 sequences built.
2026-09-06 19:25:15 - 03_salesfc_deep_learning - DEBUG - Store 399: 608 sequences built.
2026-09-06 19:25:15 - 03_salesfc_deep_learning - DEBUG - Store 400: 768 sequences built.
2026-09-06 19:25:15 - 03_salesfc_deep_learning - DEBUG - Store 401: 766 sequences built.
2026-09-06 19:25:15 - 03_salesfc_deep_learning - DEBUG - Store 402: 766 sequences built.
2026-09-06 19:25:15 - 03_salesfc_deep_learning - DEBUG - Store 403: 765 sequences built.
2026-09-06 19:25:15 - 03_salesfc_deep_learning - DEBUG - Store 404: 745 sequences built.
2026-09-06 19:25:15 - 03_salesfc_deep_learning - DEBUG - Store 405: 765 sequences built.
2026-09-06 19:25:15 - 03_salesfc_deep_learning - DEBUG - Store 406: 765 sequences built.
2026-09-06 19:25:15 - 03_salesfc_deep_learning - DEBUG - Store 407: 608 sequences built.
2026-09-06 19:25:15 - 03_salesfc_deep_learning - DEBUG - Store 408: 763 sequences built.
2026-09-06 19:25:15 - 03_salesfc_deep_learning - DEBUG - Store 409: 767 sequences built.
2026-09-06 19:25:15 - 03_salesfc_deep_learning - DEBUG - Store 410: 765 sequences built.
2026-09-06 19:25:15 - 03_salesfc_deep_learning - DEBUG - Store 411: 767 sequences built.
2026-09-06 19:25:15 - 03_salesfc_deep_learning - DEBUG - Store 412: 608 sequences built.
2026-09-06 19:25:15 - 03_salesfc_deep_learning - DEBUG - Store 413: 608 sequences built.
2026-09-06 19:25:15 - 03_salesfc_deep_learning - DEBUG - Store 414: 767 sequences built.
2026-09-06 19:25:15 - 03_salesfc_deep_learning - DEBUG - Store 415: 766 sequences built.
2026-09-06 19:25:15 - 03_salesfc_deep_learning - DEBUG - Store 416: 770 sequences built.
2026-09-06 19:25:15 - 03_salesfc_deep_learning - DEBUG - Store 417: 765 sequences built.
2026-09-06 19:25:15 - 03_salesfc_deep_learning - DEBUG - Store 418: 762 sequences built.
2026-09-06 19:25:15 - 03_salesfc_deep_learning - DEBUG - Store 419: 770 sequences built.
2026-09-06 19:25:15 - 03_salesfc_deep_learning - DEBUG - Store 420: 608 sequences built.
2026-09-06 19:25:15 - 03_salesfc_deep_learning - DEBUG - Store 421: 770 sequences built.
2026-09-06 19:25:15 - 03_salesfc_deep_learning - DEBUG - Store 422: 770 sequences built.
2026-09-06 19:25:15 - 03_salesfc_deep_learning - DEBUG - Store 423: 928 sequences built.
2026-09-06 19:25:15 - 03_salesfc_deep_learning - DEBUG - Store 424: 765 sequences built.
2026-09-06 19:25:15 - 03_salesfc_deep_learning - DEBUG - Store 425: 762 sequences built.
2026-09-06 19:25:15 - 03_salesfc_deep_learning - DEBUG - Store 426: 765 sequences built.
2026-09-06 19:25:15 - 03_salesfc_deep_learning - DEBUG - Store 427: 609 sequences built.
2026-09-06 19:25:15 - 03_salesfc_deep_learning - DEBUG - Store 428: 608 sequences built.
2026-09-06 19:25:15 - 03_salesfc_deep_learning - DEBUG - Store 429: 608 sequences built.
2026-09-06 19:25:15 - 03_salesfc_deep_learning - DEBUG - Store 430: 608 sequences built.
2026-09-06 19:25:15 - 03_salesfc_deep_learning - DEBUG - Store 431: 765 sequences built.
2026-09-06 19:25:15 - 03_salesfc_deep_learning - DEBUG - Store 432: 770 sequences built.
2026-09-06 19:25:15 - 03_salesfc_deep_learning - DEBUG - Store 433: 848 sequences built.
2026-09-06 19:25:15 - 03_salesfc_deep_learning - DEBUG - Store 434: 608 sequences built.
2026-09-06 19:25:15 - 03_salesfc_deep_learning - DEBUG - Store 435: 765 sequences built.
2026-09-06 19:25:15 - 03_salesfc_deep_learning - DEBUG - Store 436: 766 sequences built.
2026-09-06 19:25:15 - 03_salesfc_deep_learning - DEBUG - Store 437: 766 sequences built.
2026-09-06 19:25:15 - 03_salesfc_deep_learning - DEBUG - Store 438: 766 sequences built.
2026-09-06 19:25:15 - 03_salesfc_deep_learning - DEBUG - Store 439: 770 sequences built.
2026-09-06 19:25:15 - 03_salesfc_deep_learning - DEBUG - Store 440: 763 sequences built.
2026-09-06 19:25:15 - 03_salesfc_deep_learning - DEBUG - Store 441: 765 sequences built.
2026-09-06 19:25:15 - 03_salesfc_deep_learning - DEBUG - Store 442: 763 sequences built.
2026-09-06 19:25:15 - 03_salesfc_deep_learning - DEBUG - Store 443: 766 sequences built.
2026-09-06 19:25:15 - 03_salesfc_deep_learning - DEBUG - Store 444: 763 sequences built.
2026-09-06 19:25:15 - 03_salesfc_deep_learning - DEBUG - Store 445: 762 sequences built.
2026-09-06 19:25:15 - 03_salesfc_deep_learning - DEBUG - Store 446: 765 sequences built.
2026-09-06 19:25:15 - 03_salesfc_deep_learning - DEBUG - Store 447: 770 sequences built.
2026-09-06 19:25:15 - 03_salesfc_deep_learning - DEBUG - Store 448: 765 sequences built.
2026-09-06 19:25:15 - 03_salesfc_deep_learning - DEBUG - Store 449: 767 sequences built.
2026-09-06 19:25:15 - 03_salesfc_deep_learning - DEBUG - Store 450: 763 sequences built.
2026-09-06 19:25:15 - 03_salesfc_deep_learning - DEBUG - Store 451: 767 sequences built.
2026-09-06 19:25:15 - 03_salesfc_deep_learning - DEBUG - Store 452: 770 sequences built.
2026-09-06 19:25:15 - 03_salesfc_deep_learning - DEBUG - Store 453: 873 sequences built.
2026-09-06 19:25:15 - 03_salesfc_deep_learning - DEBUG - Store 454: 766 sequences built.
2026-09-06 19:25:15 - 03_salesfc_deep_learning - DEBUG - Store 455: 763 sequences built.
2026-09-06 19:25:15 - 03_salesfc_deep_learning - DEBUG - Store 456: 765 sequences built.
2026-09-06 19:25:15 - 03_salesfc_deep_learning - DEBUG - Store 457: 608 sequences built.
2026-09-06 19:25:15 - 03_salesfc_deep_learning - DEBUG - Store 458: 767 sequences built.
2026-09-06 19:25:15 - 03_salesfc_deep_learning - DEBUG - Store 459: 770 sequences built.
2026-09-06 19:25:15 - 03_salesfc_deep_learning - DEBUG - Store 460: 766 sequences built.
2026-09-06 19:25:15 - 03_salesfc_deep_learning - DEBUG - Store 461: 763 sequences built.
2026-09-06 19:25:15 - 03_salesfc_deep_learning - DEBUG - Store 462: 766 sequences built.
2026-09-06 19:25:15 - 03_salesfc_deep_learning - DEBUG - Store 463: 765 sequences built.
2026-09-06 19:25:15 - 03_salesfc_deep_learning - DEBUG - Store 464: 770 sequences built.
2026-09-06 19:25:15 - 03_salesfc_deep_learning - DEBUG - Store 465: 767 sequences built.
2026-09-06 19:25:15 - 03_salesfc_deep_learning - DEBUG - Store 466: 765 sequences built.
2026-09-06 19:25:15 - 03_salesfc_deep_learning - DEBUG - Store 467: 765 sequences built.
2026-09-06 19:25:15 - 03_salesfc_deep_learning - DEBUG - Store 468: 770 sequences built.
2026-09-06 19:25:15 - 03_salesfc_deep_learning - DEBUG - Store 469: 770 sequences built.
2026-09-06 19:25:15 - 03_salesfc_deep_learning - DEBUG - Store 470: 762 sequences built.
2026-09-06 19:25:15 - 03_salesfc_deep_learning - DEBUG - Store 471: 608 sequences built.
2026-09-06 19:25:15 - 03_salesfc_deep_learning - DEBUG - Store 472: 770 sequences built.
2026-09-06 19:25:15 - 03_salesfc_deep_learning - DEBUG - Store 473: 765 sequences built.
2026-09-06 19:25:15 - 03_salesfc_deep_learning - DEBUG - Store 474: 768 sequences built.
2026-09-06 19:25:15 - 03_salesfc_deep_learning - DEBUG - Store 475: 762 sequences built.
2026-09-06 19:25:15 - 03_salesfc_deep_learning - DEBUG - Store 476: 766 sequences built.
2026-09-06 19:25:15 - 03_salesfc_deep_learning - DEBUG - Store 477: 608 sequences built.
2026-09-06 19:25:15 - 03_salesfc_deep_learning - DEBUG - Store 478: 770 sequences built.
2026-09-06 19:25:15 - 03_salesfc_deep_learning - DEBUG - Store 479: 768 sequences built.
2026-09-06 19:25:15 - 03_salesfc_deep_learning - DEBUG - Store 480: 770 sequences built.
2026-09-06 19:25:15 - 03_salesfc_deep_learning - DEBUG - Store 481: 767 sequences built.
2026-09-06 19:25:15 - 03_salesfc_deep_learning - DEBUG - Store 482: 768 sequences built.
2026-09-06 19:25:15 - 03_salesfc_deep_learning - DEBUG - Store 483: 766 sequences built.
2026-09-06 19:25:15 - 03_salesfc_deep_learning - DEBUG - Store 484: 770 sequences built.
2026-09-06 19:25:15 - 03_salesfc_deep_learning - DEBUG - Store 485: 608 sequences built.
2026-09-06 19:25:15 - 03_salesfc_deep_learning - DEBUG - Store 486: 765 sequences built.
2026-09-06 19:25:15 - 03_salesfc_deep_learning - DEBUG - Store 487: 770 sequences built.
2026-09-06 19:25:15 - 03_salesfc_deep_learning - DEBUG - Store 488: 770 sequences built.
2026-09-06 19:25:15 - 03_salesfc_deep_learning - DEBUG - Store 489: 766 sequences built.
2026-09-06 19:25:15 - 03_salesfc_deep_learning - DEBUG - Store 490: 608 sequences built.
2026-09-06 19:25:15 - 03_salesfc_deep_learning - DEBUG - Store 491: 763 sequences built.
2026-09-06 19:25:15 - 03_salesfc_deep_learning - DEBUG - Store 492: 600 sequences built.
2026-09-06 19:25:15 - 03_salesfc_deep_learning - DEBUG - Store 493: 765 sequences built.
2026-09-06 19:25:15 - 03_salesfc_deep_learning - DEBUG - Store 494: 928 sequences built.
2026-09-06 19:25:15 - 03_salesfc_deep_learning - DEBUG - Store 495: 763 sequences built.
2026-09-06 19:25:15 - 03_salesfc_deep_learning - DEBUG - Store 496: 770 sequences built.
2026-09-06 19:25:15 - 03_salesfc_deep_learning - DEBUG - Store 497: 767 sequences built.
2026-09-06 19:25:15 - 03_salesfc_deep_learning - DEBUG - Store 498: 608 sequences built.
2026-09-06 19:25:15 - 03_salesfc_deep_learning - DEBUG - Store 499: 763 sequences built.
2026-09-06 19:25:15 - 03_salesfc_deep_learning - DEBUG - Store 500: 608 sequences built.
2026-09-06 19:25:15 - 03_salesfc_deep_learning - DEBUG - Store 501: 608 sequences built.
2026-09-06 19:25:15 - 03_salesfc_deep_learning - DEBUG - Store 502: 760 sequences built.
2026-09-06 19:25:15 - 03_salesfc_deep_learning - DEBUG - Store 503: 766 sequences built.
2026-09-06 19:25:15 - 03_salesfc_deep_learning - DEBUG - Store 504: 770 sequences built.
2026-09-06 19:25:15 - 03_salesfc_deep_learning - DEBUG - Store 505: 763 sequences built.
2026-09-06 19:25:15 - 03_salesfc_deep_learning - DEBUG - Store 506: 765 sequences built.
2026-09-06 19:25:15 - 03_salesfc_deep_learning - DEBUG - Store 507: 765 sequences built.
2026-09-06 19:25:15 - 03_salesfc_deep_learning - DEBUG - Store 508: 762 sequences built.
2026-09-06 19:25:15 - 03_salesfc_deep_learning - DEBUG - Store 509: 767 sequences built.
2026-09-06 19:25:15 - 03_salesfc_deep_learning - DEBUG - Store 510: 765 sequences built.
2026-09-06 19:25:15 - 03_salesfc_deep_learning - DEBUG - Store 511: 770 sequences built.
2026-09-06 19:25:15 - 03_salesfc_deep_learning - DEBUG - Store 512: 731 sequences built.
2026-09-06 19:25:15 - 03_salesfc_deep_learning - DEBUG - Store 513: 770 sequences built.
2026-09-06 19:25:15 - 03_salesfc_deep_learning - DEBUG - Store 514: 608 sequences built.
2026-09-06 19:25:15 - 03_salesfc_deep_learning - DEBUG - Store 515: 765 sequences built.
2026-09-06 19:25:15 - 03_salesfc_deep_learning - DEBUG - Store 516: 765 sequences built.
2026-09-06 19:25:15 - 03_salesfc_deep_learning - DEBUG - Store 517: 745 sequences built.
2026-09-06 19:25:15 - 03_salesfc_deep_learning - DEBUG - Store 518: 609 sequences built.
2026-09-06 19:25:15 - 03_salesfc_deep_learning - DEBUG - Store 519: 770 sequences built.
2026-09-06 19:25:15 - 03_salesfc_deep_learning - DEBUG - Store 520: 770 sequences built.
2026-09-06 19:25:15 - 03_salesfc_deep_learning - DEBUG - Store 521: 765 sequences built.
2026-09-06 19:25:16 - 03_salesfc_deep_learning - DEBUG - Store 522: 609 sequences built.
2026-09-06 19:25:16 - 03_salesfc_deep_learning - DEBUG - Store 523: 770 sequences built.
2026-09-06 19:25:16 - 03_salesfc_deep_learning - DEBUG - Store 524: 867 sequences built.
2026-09-06 19:25:16 - 03_salesfc_deep_learning - DEBUG - Store 525: 769 sequences built.
2026-09-06 19:25:16 - 03_salesfc_deep_learning - DEBUG - Store 526: 768 sequences built.
2026-09-06 19:25:16 - 03_salesfc_deep_learning - DEBUG - Store 527: 767 sequences built.
2026-09-06 19:25:16 - 03_salesfc_deep_learning - DEBUG - Store 528: 765 sequences built.
2026-09-06 19:25:16 - 03_salesfc_deep_learning - DEBUG - Store 529: 770 sequences built.
2026-09-06 19:25:16 - 03_salesfc_deep_learning - DEBUG - Store 530: 892 sequences built.
2026-09-06 19:25:16 - 03_salesfc_deep_learning - DEBUG - Store 531: 770 sequences built.
2026-09-06 19:25:16 - 03_salesfc_deep_learning - DEBUG - Store 532: 765 sequences built.
2026-09-06 19:25:16 - 03_salesfc_deep_learning - DEBUG - Store 533: 763 sequences built.
2026-09-06 19:25:16 - 03_salesfc_deep_learning - DEBUG - Store 534: 609 sequences built.
2026-09-06 19:25:16 - 03_salesfc_deep_learning - DEBUG - Store 535: 765 sequences built.
2026-09-06 19:25:16 - 03_salesfc_deep_learning - DEBUG - Store 536: 765 sequences built.
2026-09-06 19:25:16 - 03_salesfc_deep_learning - DEBUG - Store 537: 763 sequences built.
2026-09-06 19:25:16 - 03_salesfc_deep_learning - DEBUG - Store 538: 770 sequences built.
2026-09-06 19:25:16 - 03_salesfc_deep_learning - DEBUG - Store 539: 608 sequences built.
2026-09-06 19:25:16 - 03_salesfc_deep_learning - DEBUG - Store 540: 608 sequences built.
2026-09-06 19:25:16 - 03_salesfc_deep_learning - DEBUG - Store 541: 765 sequences built.
2026-09-06 19:25:16 - 03_salesfc_deep_learning - DEBUG - Store 542: 608 sequences built.
2026-09-06 19:25:16 - 03_salesfc_deep_learning - DEBUG - Store 543: 767 sequences built.
2026-09-06 19:25:16 - 03_salesfc_deep_learning - DEBUG - Store 544: 766 sequences built.
2026-09-06 19:25:16 - 03_salesfc_deep_learning - DEBUG - Store 545: 765 sequences built.
2026-09-06 19:25:16 - 03_salesfc_deep_learning - DEBUG - Store 546: 770 sequences built.
2026-09-06 19:25:16 - 03_salesfc_deep_learning - DEBUG - Store 547: 608 sequences built.
2026-09-06 19:25:16 - 03_salesfc_deep_learning - DEBUG - Store 548: 755 sequences built.
2026-09-06 19:25:16 - 03_salesfc_deep_learning - DEBUG - Store 549: 770 sequences built.
2026-09-06 19:25:16 - 03_salesfc_deep_learning - DEBUG - Store 550: 767 sequences built.
2026-09-06 19:25:16 - 03_salesfc_deep_learning - DEBUG - Store 551: 770 sequences built.
2026-09-06 19:25:16 - 03_salesfc_deep_learning - DEBUG - Store 552: 767 sequences built.
2026-09-06 19:25:16 - 03_salesfc_deep_learning - DEBUG - Store 553: 763 sequences built.
2026-09-06 19:25:16 - 03_salesfc_deep_learning - DEBUG - Store 554: 770 sequences built.
2026-09-06 19:25:16 - 03_salesfc_deep_learning - DEBUG - Store 555: 609 sequences built.
2026-09-06 19:25:16 - 03_salesfc_deep_learning - DEBUG - Store 556: 769 sequences built.
2026-09-06 19:25:16 - 03_salesfc_deep_learning - DEBUG - Store 557: 764 sequences built.
2026-09-06 19:25:16 - 03_salesfc_deep_learning - DEBUG - Store 558: 770 sequences built.
2026-09-06 19:25:16 - 03_salesfc_deep_learning - DEBUG - Store 559: 766 sequences built.
2026-09-06 19:25:16 - 03_salesfc_deep_learning - DEBUG - Store 560: 733 sequences built.
2026-09-06 19:25:16 - 03_salesfc_deep_learning - DEBUG - Store 561: 765 sequences built.
2026-09-06 19:25:16 - 03_salesfc_deep_learning - DEBUG - Store 562: 928 sequences built.
2026-09-06 19:25:16 - 03_salesfc_deep_learning - DEBUG - Store 563: 762 sequences built.
2026-09-06 19:25:16 - 03_salesfc_deep_learning - DEBUG - Store 564: 765 sequences built.
2026-09-06 19:25:16 - 03_salesfc_deep_learning - DEBUG - Store 565: 765 sequences built.
2026-09-06 19:25:16 - 03_salesfc_deep_learning - DEBUG - Store 566: 770 sequences built.
2026-09-06 19:25:16 - 03_salesfc_deep_learning - DEBUG - Store 567: 765 sequences built.
2026-09-06 19:25:16 - 03_salesfc_deep_learning - DEBUG - Store 568: 767 sequences built.
2026-09-06 19:25:16 - 03_salesfc_deep_learning - DEBUG - Store 569: 770 sequences built.
2026-09-06 19:25:16 - 03_salesfc_deep_learning - DEBUG - Store 570: 765 sequences built.
2026-09-06 19:25:16 - 03_salesfc_deep_learning - DEBUG - Store 571: 608 sequences built.
2026-09-06 19:25:16 - 03_salesfc_deep_learning - DEBUG - Store 572: 762 sequences built.
2026-09-06 19:25:16 - 03_salesfc_deep_learning - DEBUG - Store 573: 608 sequences built.
2026-09-06 19:25:16 - 03_salesfc_deep_learning - DEBUG - Store 574: 763 sequences built.
2026-09-06 19:25:16 - 03_salesfc_deep_learning - DEBUG - Store 575: 609 sequences built.
2026-09-06 19:25:16 - 03_salesfc_deep_learning - DEBUG - Store 576: 770 sequences built.
2026-09-06 19:25:16 - 03_salesfc_deep_learning - DEBUG - Store 577: 770 sequences built.
2026-09-06 19:25:16 - 03_salesfc_deep_learning - DEBUG - Store 578: 887 sequences built.
2026-09-06 19:25:16 - 03_salesfc_deep_learning - DEBUG - Store 579: 765 sequences built.
2026-09-06 19:25:16 - 03_salesfc_deep_learning - DEBUG - Store 580: 770 sequences built.
2026-09-06 19:25:16 - 03_salesfc_deep_learning - DEBUG - Store 581: 765 sequences built.
2026-09-06 19:25:16 - 03_salesfc_deep_learning - DEBUG - Store 582: 768 sequences built.
2026-09-06 19:25:16 - 03_salesfc_deep_learning - DEBUG - Store 583: 766 sequences built.
2026-09-06 19:25:16 - 03_salesfc_deep_learning - DEBUG - Store 584: 767 sequences built.
2026-09-06 19:25:16 - 03_salesfc_deep_learning - DEBUG - Store 585: 770 sequences built.
2026-09-06 19:25:16 - 03_salesfc_deep_learning - DEBUG - Store 586: 762 sequences built.
2026-09-06 19:25:16 - 03_salesfc_deep_learning - DEBUG - Store 587: 609 sequences built.
2026-09-06 19:25:16 - 03_salesfc_deep_learning - DEBUG - Store 588: 770 sequences built.
2026-09-06 19:25:16 - 03_salesfc_deep_learning - DEBUG - Store 589: 743 sequences built.
2026-09-06 19:25:16 - 03_salesfc_deep_learning - DEBUG - Store 590: 763 sequences built.
2026-09-06 19:25:16 - 03_salesfc_deep_learning - DEBUG - Store 591: 763 sequences built.
2026-09-06 19:25:16 - 03_salesfc_deep_learning - DEBUG - Store 592: 765 sequences built.
2026-09-06 19:25:16 - 03_salesfc_deep_learning - DEBUG - Store 593: 770 sequences built.
2026-09-06 19:25:16 - 03_salesfc_deep_learning - DEBUG - Store 594: 770 sequences built.
2026-09-06 19:25:16 - 03_salesfc_deep_learning - DEBUG - Store 595: 770 sequences built.
2026-09-06 19:25:16 - 03_salesfc_deep_learning - DEBUG - Store 596: 770 sequences built.
2026-09-06 19:25:16 - 03_salesfc_deep_learning - DEBUG - Store 597: 765 sequences built.
2026-09-06 19:25:16 - 03_salesfc_deep_learning - DEBUG - Store 598: 608 sequences built.
2026-09-06 19:25:16 - 03_salesfc_deep_learning - DEBUG - Store 599: 770 sequences built.
2026-09-06 19:25:16 - 03_salesfc_deep_learning - DEBUG - Store 600: 770 sequences built.
2026-09-06 19:25:16 - 03_salesfc_deep_learning - DEBUG - Store 601: 767 sequences built.
2026-09-06 19:25:16 - 03_salesfc_deep_learning - DEBUG - Store 602: 767 sequences built.
2026-09-06 19:25:16 - 03_salesfc_deep_learning - DEBUG - Store 603: 750 sequences built.
2026-09-06 19:25:16 - 03_salesfc_deep_learning - DEBUG - Store 604: 608 sequences built.
2026-09-06 19:25:16 - 03_salesfc_deep_learning - DEBUG - Store 605: 764 sequences built.
2026-09-06 19:25:16 - 03_salesfc_deep_learning - DEBUG - Store 606: 770 sequences built.
2026-09-06 19:25:16 - 03_salesfc_deep_learning - DEBUG - Store 607: 768 sequences built.
2026-09-06 19:25:16 - 03_salesfc_deep_learning - DEBUG - Store 608: 766 sequences built.
2026-09-06 19:25:16 - 03_salesfc_deep_learning - DEBUG - Store 609: 770 sequences built.
2026-09-06 19:25:16 - 03_salesfc_deep_learning - DEBUG - Store 610: 765 sequences built.
2026-09-06 19:25:16 - 03_salesfc_deep_learning - DEBUG - Store 611: 608 sequences built.
2026-09-06 19:25:16 - 03_salesfc_deep_learning - DEBUG - Store 612: 609 sequences built.
2026-09-06 19:25:16 - 03_salesfc_deep_learning - DEBUG - Store 613: 768 sequences built.
2026-09-06 19:25:16 - 03_salesfc_deep_learning - DEBUG - Store 614: 766 sequences built.
2026-09-06 19:25:16 - 03_salesfc_deep_learning - DEBUG - Store 615: 767 sequences built.
2026-09-06 19:25:16 - 03_salesfc_deep_learning - DEBUG - Store 616: 765 sequences built.
2026-09-06 19:25:16 - 03_salesfc_deep_learning - DEBUG - Store 617: 766 sequences built.
2026-09-06 19:25:16 - 03_salesfc_deep_learning - DEBUG - Store 618: 767 sequences built.
2026-09-06 19:25:16 - 03_salesfc_deep_learning - DEBUG - Store 619: 608 sequences built.
2026-09-06 19:25:16 - 03_salesfc_deep_learning - DEBUG - Store 620: 608 sequences built.
2026-09-06 19:25:16 - 03_salesfc_deep_learning - DEBUG - Store 621: 765 sequences built.
2026-09-06 19:25:16 - 03_salesfc_deep_learning - DEBUG - Store 622: 770 sequences built.
2026-09-06 19:25:16 - 03_salesfc_deep_learning - DEBUG - Store 623: 754 sequences built.
2026-09-06 19:25:16 - 03_salesfc_deep_learning - DEBUG - Store 624: 765 sequences built.
2026-09-06 19:25:16 - 03_salesfc_deep_learning - DEBUG - Store 625: 765 sequences built.
2026-09-06 19:25:16 - 03_salesfc_deep_learning - DEBUG - Store 626: 766 sequences built.
2026-09-06 19:25:16 - 03_salesfc_deep_learning - DEBUG - Store 627: 767 sequences built.
2026-09-06 19:25:16 - 03_salesfc_deep_learning - DEBUG - Store 628: 770 sequences built.
2026-09-06 19:25:16 - 03_salesfc_deep_learning - DEBUG - Store 629: 608 sequences built.
2026-09-06 19:25:16 - 03_salesfc_deep_learning - DEBUG - Store 630: 765 sequences built.
2026-09-06 19:25:16 - 03_salesfc_deep_learning - DEBUG - Store 631: 770 sequences built.
2026-09-06 19:25:16 - 03_salesfc_deep_learning - DEBUG - Store 632: 770 sequences built.
2026-09-06 19:25:17 - 03_salesfc_deep_learning - DEBUG - Store 633: 608 sequences built.
2026-09-06 19:25:17 - 03_salesfc_deep_learning - DEBUG - Store 634: 766 sequences built.
2026-09-06 19:25:17 - 03_salesfc_deep_learning - DEBUG - Store 635: 766 sequences built.
2026-09-06 19:25:17 - 03_salesfc_deep_learning - DEBUG - Store 636: 609 sequences built.
2026-09-06 19:25:17 - 03_salesfc_deep_learning - DEBUG - Store 637: 608 sequences built.
2026-09-06 19:25:17 - 03_salesfc_deep_learning - DEBUG - Store 638: 604 sequences built.
2026-09-06 19:25:17 - 03_salesfc_deep_learning - DEBUG - Store 639: 765 sequences built.
2026-09-06 19:25:17 - 03_salesfc_deep_learning - DEBUG - Store 640: 765 sequences built.
2026-09-06 19:25:17 - 03_salesfc_deep_learning - DEBUG - Store 641: 765 sequences built.
2026-09-06 19:25:17 - 03_salesfc_deep_learning - DEBUG - Store 642: 765 sequences built.
2026-09-06 19:25:17 - 03_salesfc_deep_learning - DEBUG - Store 643: 770 sequences built.
2026-09-06 19:25:17 - 03_salesfc_deep_learning - DEBUG - Store 644: 578 sequences built.
2026-09-06 19:25:17 - 03_salesfc_deep_learning - DEBUG - Store 645: 763 sequences built.
2026-09-06 19:25:17 - 03_salesfc_deep_learning - DEBUG - Store 646: 608 sequences built.
2026-09-06 19:25:17 - 03_salesfc_deep_learning - DEBUG - Store 647: 770 sequences built.
2026-09-06 19:25:17 - 03_salesfc_deep_learning - DEBUG - Store 648: 770 sequences built.
2026-09-06 19:25:17 - 03_salesfc_deep_learning - DEBUG - Store 649: 766 sequences built.
2026-09-06 19:25:17 - 03_salesfc_deep_learning - DEBUG - Store 650: 608 sequences built.
2026-09-06 19:25:17 - 03_salesfc_deep_learning - DEBUG - Store 651: 765 sequences built.
2026-09-06 19:25:17 - 03_salesfc_deep_learning - DEBUG - Store 652: 768 sequences built.
2026-09-06 19:25:17 - 03_salesfc_deep_learning - DEBUG - Store 653: 765 sequences built.
2026-09-06 19:25:17 - 03_salesfc_deep_learning - DEBUG - Store 654: 766 sequences built.
2026-09-06 19:25:17 - 03_salesfc_deep_learning - DEBUG - Store 655: 765 sequences built.
2026-09-06 19:25:17 - 03_salesfc_deep_learning - DEBUG - Store 656: 767 sequences built.
2026-09-06 19:25:17 - 03_salesfc_deep_learning - DEBUG - Store 657: 762 sequences built.
2026-09-06 19:25:17 - 03_salesfc_deep_learning - DEBUG - Store 658: 765 sequences built.
2026-09-06 19:25:17 - 03_salesfc_deep_learning - DEBUG - Store 659: 767 sequences built.
2026-09-06 19:25:17 - 03_salesfc_deep_learning - DEBUG - Store 660: 608 sequences built.
2026-09-06 19:25:17 - 03_salesfc_deep_learning - DEBUG - Store 661: 755 sequences built.
2026-09-06 19:25:17 - 03_salesfc_deep_learning - DEBUG - Store 662: 770 sequences built.
2026-09-06 19:25:17 - 03_salesfc_deep_learning - DEBUG - Store 663: 743 sequences built.
2026-09-06 19:25:17 - 03_salesfc_deep_learning - DEBUG - Store 664: 766 sequences built.
2026-09-06 19:25:17 - 03_salesfc_deep_learning - DEBUG - Store 665: 761 sequences built.
2026-09-06 19:25:17 - 03_salesfc_deep_learning - DEBUG - Store 666: 763 sequences built.
2026-09-06 19:25:17 - 03_salesfc_deep_learning - DEBUG - Store 667: 769 sequences built.
2026-09-06 19:25:17 - 03_salesfc_deep_learning - DEBUG - Store 668: 770 sequences built.
2026-09-06 19:25:17 - 03_salesfc_deep_learning - DEBUG - Store 669: 608 sequences built.
2026-09-06 19:25:17 - 03_salesfc_deep_learning - DEBUG - Store 670: 607 sequences built.
2026-09-06 19:25:17 - 03_salesfc_deep_learning - DEBUG - Store 671: 608 sequences built.
2026-09-06 19:25:17 - 03_salesfc_deep_learning - DEBUG - Store 672: 766 sequences built.
2026-09-06 19:25:17 - 03_salesfc_deep_learning - DEBUG - Store 673: 763 sequences built.
2026-09-06 19:25:17 - 03_salesfc_deep_learning - DEBUG - Store 674: 732 sequences built.
2026-09-06 19:25:17 - 03_salesfc_deep_learning - DEBUG - Store 675: 767 sequences built.
2026-09-06 19:25:17 - 03_salesfc_deep_learning - DEBUG - Store 676: 904 sequences built.
2026-09-06 19:25:17 - 03_salesfc_deep_learning - DEBUG - Store 677: 608 sequences built.
2026-09-06 19:25:17 - 03_salesfc_deep_learning - DEBUG - Store 678: 765 sequences built.
2026-09-06 19:25:17 - 03_salesfc_deep_learning - DEBUG - Store 679: 770 sequences built.
2026-09-06 19:25:17 - 03_salesfc_deep_learning - DEBUG - Store 680: 770 sequences built.
2026-09-06 19:25:17 - 03_salesfc_deep_learning - DEBUG - Store 681: 753 sequences built.
2026-09-06 19:25:17 - 03_salesfc_deep_learning - DEBUG - Store 682: 928 sequences built.
2026-09-06 19:25:17 - 03_salesfc_deep_learning - DEBUG - Store 683: 770 sequences built.
2026-09-06 19:25:17 - 03_salesfc_deep_learning - DEBUG - Store 684: 608 sequences built.
2026-09-06 19:25:17 - 03_salesfc_deep_learning - DEBUG - Store 685: 765 sequences built.
2026-09-06 19:25:17 - 03_salesfc_deep_learning - DEBUG - Store 686: 766 sequences built.
2026-09-06 19:25:17 - 03_salesfc_deep_learning - DEBUG - Store 687: 765 sequences built.
2026-09-06 19:25:17 - 03_salesfc_deep_learning - DEBUG - Store 688: 766 sequences built.
2026-09-06 19:25:17 - 03_salesfc_deep_learning - DEBUG - Store 689: 767 sequences built.
2026-09-06 19:25:17 - 03_salesfc_deep_learning - DEBUG - Store 690: 765 sequences built.
2026-09-06 19:25:17 - 03_salesfc_deep_learning - DEBUG - Store 691: 765 sequences built.
2026-09-06 19:25:17 - 03_salesfc_deep_learning - DEBUG - Store 692: 765 sequences built.
2026-09-06 19:25:17 - 03_salesfc_deep_learning - DEBUG - Store 693: 767 sequences built.
2026-09-06 19:25:17 - 03_salesfc_deep_learning - DEBUG - Store 694: 608 sequences built.
2026-09-06 19:25:17 - 03_salesfc_deep_learning - DEBUG - Store 695: 765 sequences built.
2026-09-06 19:25:17 - 03_salesfc_deep_learning - DEBUG - Store 696: 770 sequences built.
2026-09-06 19:25:17 - 03_salesfc_deep_learning - DEBUG - Store 697: 765 sequences built.
2026-09-06 19:25:17 - 03_salesfc_deep_learning - DEBUG - Store 698: 770 sequences built.
2026-09-06 19:25:17 - 03_salesfc_deep_learning - DEBUG - Store 699: 752 sequences built.
2026-09-06 19:25:17 - 03_salesfc_deep_learning - DEBUG - Store 700: 743 sequences built.
2026-09-06 19:25:17 - 03_salesfc_deep_learning - DEBUG - Store 701: 608 sequences built.
2026-09-06 19:25:17 - 03_salesfc_deep_learning - DEBUG - Store 702: 608 sequences built.
2026-09-06 19:25:17 - 03_salesfc_deep_learning - DEBUG - Store 703: 765 sequences built.
2026-09-06 19:25:17 - 03_salesfc_deep_learning - DEBUG - Store 704: 769 sequences built.
2026-09-06 19:25:17 - 03_salesfc_deep_learning - DEBUG - Store 705: 765 sequences built.
2026-09-06 19:25:17 - 03_salesfc_deep_learning - DEBUG - Store 706: 608 sequences built.
2026-09-06 19:25:17 - 03_salesfc_deep_learning - DEBUG - Store 707: 765 sequences built.
2026-09-06 19:25:17 - 03_salesfc_deep_learning - DEBUG - Store 708: 674 sequences built.
2026-09-06 19:25:17 - 03_salesfc_deep_learning - DEBUG - Store 709: 770 sequences built.
2026-09-06 19:25:17 - 03_salesfc_deep_learning - DEBUG - Store 710: 608 sequences built.
2026-09-06 19:25:17 - 03_salesfc_deep_learning - DEBUG - Store 711: 609 sequences built.
2026-09-06 19:25:17 - 03_salesfc_deep_learning - DEBUG - Store 712: 608 sequences built.
2026-09-06 19:25:17 - 03_salesfc_deep_learning - DEBUG - Store 713: 765 sequences built.
2026-09-06 19:25:17 - 03_salesfc_deep_learning - DEBUG - Store 714: 763 sequences built.
2026-09-06 19:25:17 - 03_salesfc_deep_learning - DEBUG - Store 715: 762 sequences built.
2026-09-06 19:25:17 - 03_salesfc_deep_learning - DEBUG - Store 716: 608 sequences built.
2026-09-06 19:25:17 - 03_salesfc_deep_learning - DEBUG - Store 717: 765 sequences built.
2026-09-06 19:25:18 - 03_salesfc_deep_learning - DEBUG - Store 718: 767 sequences built.
2026-09-06 19:25:18 - 03_salesfc_deep_learning - DEBUG - Store 719: 608 sequences built.
2026-09-06 19:25:18 - 03_salesfc_deep_learning - DEBUG - Store 720: 770 sequences built.
2026-09-06 19:25:18 - 03_salesfc_deep_learning - DEBUG - Store 721: 770 sequences built.
2026-09-06 19:25:18 - 03_salesfc_deep_learning - DEBUG - Store 722: 770 sequences built.
2026-09-06 19:25:18 - 03_salesfc_deep_learning - DEBUG - Store 723: 767 sequences built.
2026-09-06 19:25:18 - 03_salesfc_deep_learning - DEBUG - Store 724: 765 sequences built.
2026-09-06 19:25:18 - 03_salesfc_deep_learning - DEBUG - Store 725: 770 sequences built.
2026-09-06 19:25:18 - 03_salesfc_deep_learning - DEBUG - Store 726: 766 sequences built.
2026-09-06 19:25:18 - 03_salesfc_deep_learning - DEBUG - Store 727: 767 sequences built.
2026-09-06 19:25:18 - 03_salesfc_deep_learning - DEBUG - Store 728: 763 sequences built.
2026-09-06 19:25:18 - 03_salesfc_deep_learning - DEBUG - Store 729: 765 sequences built.
2026-09-06 19:25:18 - 03_salesfc_deep_learning - DEBUG - Store 730: 770 sequences built.
2026-09-06 19:25:18 - 03_salesfc_deep_learning - DEBUG - Store 731: 762 sequences built.
2026-09-06 19:25:18 - 03_salesfc_deep_learning - DEBUG - Store 732: 869 sequences built.
2026-09-06 19:25:18 - 03_salesfc_deep_learning - DEBUG - Store 733: 928 sequences built.
2026-09-06 19:25:18 - 03_salesfc_deep_learning - DEBUG - Store 734: 765 sequences built.
2026-09-06 19:25:18 - 03_salesfc_deep_learning - DEBUG - Store 735: 766 sequences built.
2026-09-06 19:25:18 - 03_salesfc_deep_learning - DEBUG - Store 736: 608 sequences built.
2026-09-06 19:25:18 - 03_salesfc_deep_learning - DEBUG - Store 737: 765 sequences built.
2026-09-06 19:25:18 - 03_salesfc_deep_learning - DEBUG - Store 738: 765 sequences built.
2026-09-06 19:25:18 - 03_salesfc_deep_learning - DEBUG - Store 739: 608 sequences built.
2026-09-06 19:25:18 - 03_salesfc_deep_learning - DEBUG - Store 740: 767 sequences built.
2026-09-06 19:25:18 - 03_salesfc_deep_learning - DEBUG - Store 741: 770 sequences built.
2026-09-06 19:25:18 - 03_salesfc_deep_learning - DEBUG - Store 742: 765 sequences built.
2026-09-06 19:25:18 - 03_salesfc_deep_learning - DEBUG - Store 743: 766 sequences built.
2026-09-06 19:25:18 - 03_salesfc_deep_learning - DEBUG - Store 744: 591 sequences built.
2026-09-06 19:25:18 - 03_salesfc_deep_learning - DEBUG - Store 745: 766 sequences built.
2026-09-06 19:25:18 - 03_salesfc_deep_learning - DEBUG - Store 746: 767 sequences built.
2026-09-06 19:25:18 - 03_salesfc_deep_learning - DEBUG - Store 747: 766 sequences built.
2026-09-06 19:25:18 - 03_salesfc_deep_learning - DEBUG - Store 748: 765 sequences built.
2026-09-06 19:25:18 - 03_salesfc_deep_learning - DEBUG - Store 749: 765 sequences built.
2026-09-06 19:25:18 - 03_salesfc_deep_learning - DEBUG - Store 750: 608 sequences built.
2026-09-06 19:25:18 - 03_salesfc_deep_learning - DEBUG - Store 751: 765 sequences built.
2026-09-06 19:25:18 - 03_salesfc_deep_learning - DEBUG - Store 752: 765 sequences built.
2026-09-06 19:25:18 - 03_salesfc_deep_learning - DEBUG - Store 753: 765 sequences built.
2026-09-06 19:25:18 - 03_salesfc_deep_learning - DEBUG - Store 754: 768 sequences built.
2026-09-06 19:25:18 - 03_salesfc_deep_learning - DEBUG - Store 755: 767 sequences built.
2026-09-06 19:25:18 - 03_salesfc_deep_learning - DEBUG - Store 756: 765 sequences built.
2026-09-06 19:25:18 - 03_salesfc_deep_learning - DEBUG - Store 757: 763 sequences built.
2026-09-06 19:25:18 - 03_salesfc_deep_learning - DEBUG - Store 758: 760 sequences built.
2026-09-06 19:25:18 - 03_salesfc_deep_learning - DEBUG - Store 759: 765 sequences built.
2026-09-06 19:25:18 - 03_salesfc_deep_learning - DEBUG - Store 760: 763 sequences built.
2026-09-06 19:25:18 - 03_salesfc_deep_learning - DEBUG - Store 761: 770 sequences built.
2026-09-06 19:25:18 - 03_salesfc_deep_learning - DEBUG - Store 762: 749 sequences built.
2026-09-06 19:25:18 - 03_salesfc_deep_learning - DEBUG - Store 763: 770 sequences built.
2026-09-06 19:25:18 - 03_salesfc_deep_learning - DEBUG - Store 764: 753 sequences built.
2026-09-06 19:25:18 - 03_salesfc_deep_learning - DEBUG - Store 765: 763 sequences built.
2026-09-06 19:25:18 - 03_salesfc_deep_learning - DEBUG - Store 766: 608 sequences built.
2026-09-06 19:25:18 - 03_salesfc_deep_learning - DEBUG - Store 767: 770 sequences built.
2026-09-06 19:25:18 - 03_salesfc_deep_learning - DEBUG - Store 768: 770 sequences built.
2026-09-06 19:25:18 - 03_salesfc_deep_learning - DEBUG - Store 769: 928 sequences built.
2026-09-06 19:25:18 - 03_salesfc_deep_learning - DEBUG - Store 770: 765 sequences built.
2026-09-06 19:25:18 - 03_salesfc_deep_learning - DEBUG - Store 771: 608 sequences built.
2026-09-06 19:25:19 - 03_salesfc_deep_learning - DEBUG - Store 772: 769 sequences built.
2026-09-06 19:25:19 - 03_salesfc_deep_learning - DEBUG - Store 773: 767 sequences built.
2026-09-06 19:25:19 - 03_salesfc_deep_learning - DEBUG - Store 774: 770 sequences built.
2026-09-06 19:25:19 - 03_salesfc_deep_learning - DEBUG - Store 775: 608 sequences built.
2026-09-06 19:25:19 - 03_salesfc_deep_learning - DEBUG - Store 776: 762 sequences built.
2026-09-06 19:25:19 - 03_salesfc_deep_learning - DEBUG - Store 777: 765 sequences built.
2026-09-06 19:25:19 - 03_salesfc_deep_learning - DEBUG - Store 778: 608 sequences built.
2026-09-06 19:25:19 - 03_salesfc_deep_learning - DEBUG - Store 779: 766 sequences built.
2026-09-06 19:25:19 - 03_salesfc_deep_learning - DEBUG - Store 780: 766 sequences built.
2026-09-06 19:25:19 - 03_salesfc_deep_learning - DEBUG - Store 781: 766 sequences built.
2026-09-06 19:25:19 - 03_salesfc_deep_learning - DEBUG - Store 782: 765 sequences built.
2026-09-06 19:25:19 - 03_salesfc_deep_learning - DEBUG - Store 783: 768 sequences built.
2026-09-06 19:25:19 - 03_salesfc_deep_learning - DEBUG - Store 784: 765 sequences built.
2026-09-06 19:25:19 - 03_salesfc_deep_learning - DEBUG - Store 785: 765 sequences built.
2026-09-06 19:25:19 - 03_salesfc_deep_learning - DEBUG - Store 786: 766 sequences built.
2026-09-06 19:25:19 - 03_salesfc_deep_learning - DEBUG - Store 787: 766 sequences built.
2026-09-06 19:25:19 - 03_salesfc_deep_learning - DEBUG - Store 788: 770 sequences built.
2026-09-06 19:25:19 - 03_salesfc_deep_learning - DEBUG - Store 789: 763 sequences built.
2026-09-06 19:25:19 - 03_salesfc_deep_learning - DEBUG - Store 790: 767 sequences built.
2026-09-06 19:25:19 - 03_salesfc_deep_learning - DEBUG - Store 791: 765 sequences built.
2026-09-06 19:25:19 - 03_salesfc_deep_learning - DEBUG - Store 792: 765 sequences built.
2026-09-06 19:25:19 - 03_salesfc_deep_learning - DEBUG - Store 793: 765 sequences built.
2026-09-06 19:25:19 - 03_salesfc_deep_learning - DEBUG - Store 794: 766 sequences built.
2026-09-06 19:25:19 - 03_salesfc_deep_learning - DEBUG - Store 795: 765 sequences built.
2026-09-06 19:25:19 - 03_salesfc_deep_learning - DEBUG - Store 796: 765 sequences built.
2026-09-06 19:25:19 - 03_salesfc_deep_learning - DEBUG - Store 797: 608 sequences built.
2026-09-06 19:25:19 - 03_salesfc_deep_learning - DEBUG - Store 798: 766 sequences built.
2026-09-06 19:25:19 - 03_salesfc_deep_learning - DEBUG - Store 799: 765 sequences built.
2026-09-06 19:25:19 - 03_salesfc_deep_learning - DEBUG - Store 800: 765 sequences built.
2026-09-06 19:25:19 - 03_salesfc_deep_learning - DEBUG - Store 801: 770 sequences built.
2026-09-06 19:25:19 - 03_salesfc_deep_learning - DEBUG - Store 802: 770 sequences built.
2026-09-06 19:25:19 - 03_salesfc_deep_learning - DEBUG - Store 803: 755 sequences built.
2026-09-06 19:25:19 - 03_salesfc_deep_learning - DEBUG - Store 804: 608 sequences built.
2026-09-06 19:25:19 - 03_salesfc_deep_learning - DEBUG - Store 805: 608 sequences built.
2026-09-06 19:25:19 - 03_salesfc_deep_learning - DEBUG - Store 806: 608 sequences built.
2026-09-06 19:25:19 - 03_salesfc_deep_learning - DEBUG - Store 807: 767 sequences built.
2026-09-06 19:25:19 - 03_salesfc_deep_learning - DEBUG - Store 808: 766 sequences built.
2026-09-06 19:25:19 - 03_salesfc_deep_learning - DEBUG - Store 809: 765 sequences built.
2026-09-06 19:25:19 - 03_salesfc_deep_learning - DEBUG - Store 810: 765 sequences built.
2026-09-06 19:25:19 - 03_salesfc_deep_learning - DEBUG - Store 811: 770 sequences built.
2026-09-06 19:25:19 - 03_salesfc_deep_learning - DEBUG - Store 812: 766 sequences built.
2026-09-06 19:25:19 - 03_salesfc_deep_learning - DEBUG - Store 813: 763 sequences built.
2026-09-06 19:25:19 - 03_salesfc_deep_learning - DEBUG - Store 814: 768 sequences built.
2026-09-06 19:25:19 - 03_salesfc_deep_learning - DEBUG - Store 815: 608 sequences built.
2026-09-06 19:25:19 - 03_salesfc_deep_learning - DEBUG - Store 816: 765 sequences built.
2026-09-06 19:25:19 - 03_salesfc_deep_learning - DEBUG - Store 817: 770 sequences built.
2026-09-06 19:25:19 - 03_salesfc_deep_learning - DEBUG - Store 818: 767 sequences built.
2026-09-06 19:25:19 - 03_salesfc_deep_learning - DEBUG - Store 819: 770 sequences built.
2026-09-06 19:25:19 - 03_salesfc_deep_learning - DEBUG - Store 820: 608 sequences built.
2026-09-06 19:25:19 - 03_salesfc_deep_learning - DEBUG - Store 821: 770 sequences built.
2026-09-06 19:25:19 - 03_salesfc_deep_learning - DEBUG - Store 822: 770 sequences built.
2026-09-06 19:25:19 - 03_salesfc_deep_learning - DEBUG - Store 823: 770 sequences built.
2026-09-06 19:25:19 - 03_salesfc_deep_learning - DEBUG - Store 824: 770 sequences built.
2026-09-06 19:25:19 - 03_salesfc_deep_learning - DEBUG - Store 825: 608 sequences built.
2026-09-06 19:25:19 - 03_salesfc_deep_learning - DEBUG - Store 826: 762 sequences built.
2026-09-06 19:25:19 - 03_salesfc_deep_learning - DEBUG - Store 827: 769 sequences built.
2026-09-06 19:25:19 - 03_salesfc_deep_learning - DEBUG - Store 828: 766 sequences built.
2026-09-06 19:25:19 - 03_salesfc_deep_learning - DEBUG - Store 829: 767 sequences built.
2026-09-06 19:25:19 - 03_salesfc_deep_learning - DEBUG - Store 830: 766 sequences built.
2026-09-06 19:25:19 - 03_salesfc_deep_learning - DEBUG - Store 831: 765 sequences built.
2026-09-06 19:25:19 - 03_salesfc_deep_learning - DEBUG - Store 832: 767 sequences built.
2026-09-06 19:25:19 - 03_salesfc_deep_learning - DEBUG - Store 833: 765 sequences built.
2026-09-06 19:25:19 - 03_salesfc_deep_learning - DEBUG - Store 834: 770 sequences built.
2026-09-06 19:25:19 - 03_salesfc_deep_learning - DEBUG - Store 835: 755 sequences built.
2026-09-06 19:25:19 - 03_salesfc_deep_learning - DEBUG - Store 836: 766 sequences built.
2026-09-06 19:25:19 - 03_salesfc_deep_learning - DEBUG - Store 837: 737 sequences built.
2026-09-06 19:25:19 - 03_salesfc_deep_learning - DEBUG - Store 838: 768 sequences built.
2026-09-06 19:25:19 - 03_salesfc_deep_learning - DEBUG - Store 839: 770 sequences built.
2026-09-06 19:25:19 - 03_salesfc_deep_learning - DEBUG - Store 840: 770 sequences built.
2026-09-06 19:25:19 - 03_salesfc_deep_learning - DEBUG - Store 841: 766 sequences built.
2026-09-06 19:25:19 - 03_salesfc_deep_learning - DEBUG - Store 842: 608 sequences built.
2026-09-06 19:25:19 - 03_salesfc_deep_learning - DEBUG - Store 843: 770 sequences built.
2026-09-06 19:25:19 - 03_salesfc_deep_learning - DEBUG - Store 844: 765 sequences built.
2026-09-06 19:25:19 - 03_salesfc_deep_learning - DEBUG - Store 845: 762 sequences built.
2026-09-06 19:25:19 - 03_salesfc_deep_learning - DEBUG - Store 846: 765 sequences built.
2026-09-06 19:25:19 - 03_salesfc_deep_learning - DEBUG - Store 847: 762 sequences built.
2026-09-06 19:25:19 - 03_salesfc_deep_learning - DEBUG - Store 848: 749 sequences built.
2026-09-06 19:25:19 - 03_salesfc_deep_learning - DEBUG - Store 849: 770 sequences built.
2026-09-06 19:25:19 - 03_salesfc_deep_learning - DEBUG - Store 850: 759 sequences built.
2026-09-06 19:25:19 - 03_salesfc_deep_learning - DEBUG - Store 851: 608 sequences built.
2026-09-06 19:25:19 - 03_salesfc_deep_learning - DEBUG - Store 852: 767 sequences built.
2026-09-06 19:25:19 - 03_salesfc_deep_learning - DEBUG - Store 853: 763 sequences built.
2026-09-06 19:25:19 - 03_salesfc_deep_learning - DEBUG - Store 854: 766 sequences built.
2026-09-06 19:25:19 - 03_salesfc_deep_learning - DEBUG - Store 855: 763 sequences built.
2026-09-06 19:25:19 - 03_salesfc_deep_learning - DEBUG - Store 856: 770 sequences built.
2026-09-06 19:25:19 - 03_salesfc_deep_learning - DEBUG - Store 857: 767 sequences built.
2026-09-06 19:25:19 - 03_salesfc_deep_learning - DEBUG - Store 858: 608 sequences built.
2026-09-06 19:25:19 - 03_salesfc_deep_learning - DEBUG - Store 859: 608 sequences built.
2026-09-06 19:25:19 - 03_salesfc_deep_learning - DEBUG - Store 860: 768 sequences built.
2026-09-06 19:25:19 - 03_salesfc_deep_learning - DEBUG - Store 861: 750 sequences built.
2026-09-06 19:25:19 - 03_salesfc_deep_learning - DEBUG - Store 862: 770 sequences built.
2026-09-06 19:25:19 - 03_salesfc_deep_learning - DEBUG - Store 863: 873 sequences built.
2026-09-06 19:25:19 - 03_salesfc_deep_learning - DEBUG - Store 864: 763 sequences built.
2026-09-06 19:25:19 - 03_salesfc_deep_learning - DEBUG - Store 865: 765 sequences built.
2026-09-06 19:25:19 - 03_salesfc_deep_learning - DEBUG - Store 866: 767 sequences built.
2026-09-06 19:25:19 - 03_salesfc_deep_learning - DEBUG - Store 867: 866 sequences built.
2026-09-06 19:25:19 - 03_salesfc_deep_learning - DEBUG - Store 868: 767 sequences built.
2026-09-06 19:25:19 - 03_salesfc_deep_learning - DEBUG - Store 869: 766 sequences built.
2026-09-06 19:25:19 - 03_salesfc_deep_learning - DEBUG - Store 870: 758 sequences built.
2026-09-06 19:25:19 - 03_salesfc_deep_learning - DEBUG - Store 871: 767 sequences built.
2026-09-06 19:25:19 - 03_salesfc_deep_learning - DEBUG - Store 872: 765 sequences built.
2026-09-06 19:25:19 - 03_salesfc_deep_learning - DEBUG - Store 873: 766 sequences built.
2026-09-06 19:25:19 - 03_salesfc_deep_learning - DEBUG - Store 874: 770 sequences built.
2026-09-06 19:25:19 - 03_salesfc_deep_learning - DEBUG - Store 875: 765 sequences built.
2026-09-06 19:25:19 - 03_salesfc_deep_learning - DEBUG - Store 876: 752 sequences built.
2026-09-06 19:25:19 - 03_salesfc_deep_learning - DEBUG - Store 877: 792 sequences built.
2026-09-06 19:25:19 - 03_salesfc_deep_learning - DEBUG - Store 878: 766 sequences built.
2026-09-06 19:25:19 - 03_salesfc_deep_learning - DEBUG - Store 879: 608 sequences built.
2026-09-06 19:25:19 - 03_salesfc_deep_learning - DEBUG - Store 880: 763 sequences built.
2026-09-06 19:25:19 - 03_salesfc_deep_learning - DEBUG - Store 881: 765 sequences built.
2026-09-06 19:25:19 - 03_salesfc_deep_learning - DEBUG - Store 882: 755 sequences built.
2026-09-06 19:25:19 - 03_salesfc_deep_learning - DEBUG - Store 883: 765 sequences built.
2026-09-06 19:25:19 - 03_salesfc_deep_learning - DEBUG - Store 884: 608 sequences built.
2026-09-06 19:25:19 - 03_salesfc_deep_learning - DEBUG - Store 885: 762 sequences built.
2026-09-06 19:25:19 - 03_salesfc_deep_learning - DEBUG - Store 886: 765 sequences built.
2026-09-06 19:25:19 - 03_salesfc_deep_learning - DEBUG - Store 887: 758 sequences built.
2026-09-06 19:25:19 - 03_salesfc_deep_learning - DEBUG - Store 888: 770 sequences built.
2026-09-06 19:25:19 - 03_salesfc_deep_learning - DEBUG - Store 889: 766 sequences built.
2026-09-06 19:25:19 - 03_salesfc_deep_learning - DEBUG - Store 890: 608 sequences built.
2026-09-06 19:25:19 - 03_salesfc_deep_learning - DEBUG - Store 891: 762 sequences built.
2026-09-06 19:25:19 - 03_salesfc_deep_learning - DEBUG - Store 892: 766 sequences built.
2026-09-06 19:25:19 - 03_salesfc_deep_learning - DEBUG - Store 893: 608 sequences built.
2026-09-06 19:25:19 - 03_salesfc_deep_learning - DEBUG - Store 894: 757 sequences built.
2026-09-06 19:25:19 - 03_salesfc_deep_learning - DEBUG - Store 895: 763 sequences built.
2026-09-06 19:25:19 - 03_salesfc_deep_learning - DEBUG - Store 896: 770 sequences built.
2026-09-06 19:25:19 - 03_salesfc_deep_learning - DEBUG - Store 897: 764 sequences built.
2026-09-06 19:25:19 - 03_salesfc_deep_learning - DEBUG - Store 898: 768 sequences built.
2026-09-06 19:25:19 - 03_salesfc_deep_learning - DEBUG - Store 899: 766 sequences built.
2026-09-06 19:25:19 - 03_salesfc_deep_learning - DEBUG - Store 900: 608 sequences built.
2026-09-06 19:25:19 - 03_salesfc_deep_learning - DEBUG - Store 901: 770 sequences built.
2026-09-06 19:25:19 - 03_salesfc_deep_learning - DEBUG - Store 902: 608 sequences built.
2026-09-06 19:25:19 - 03_salesfc_deep_learning - DEBUG - Store 903: 608 sequences built.
2026-09-06 19:25:19 - 03_salesfc_deep_learning - DEBUG - Store 904: 608 sequences built.
2026-09-06 19:25:19 - 03_salesfc_deep_learning - DEBUG - Store 905: 765 sequences built.
2026-09-06 19:25:19 - 03_salesfc_deep_learning - DEBUG - Store 906: 767 sequences built.
2026-09-06 19:25:19 - 03_salesfc_deep_learning - DEBUG - Store 907: 765 sequences built.
2026-09-06 19:25:19 - 03_salesfc_deep_learning - DEBUG - Store 908: 767 sequences built.
2026-09-06 19:25:19 - 03_salesfc_deep_learning - DEBUG - Store 909: 593 sequences built.
2026-09-06 19:25:19 - 03_salesfc_deep_learning - DEBUG - Store 910: 766 sequences built.
2026-09-06 19:25:19 - 03_salesfc_deep_learning - DEBUG - Store 911: 770 sequences built.
2026-09-06 19:25:19 - 03_salesfc_deep_learning - DEBUG - Store 912: 770 sequences built.
2026-09-06 19:25:19 - 03_salesfc_deep_learning - DEBUG - Store 913: 762 sequences built.
2026-09-06 19:25:19 - 03_salesfc_deep_learning - DEBUG - Store 914: 770 sequences built.
2026-09-06 19:25:19 - 03_salesfc_deep_learning - DEBUG - Store 915: 608 sequences built.
2026-09-06 19:25:19 - 03_salesfc_deep_learning - DEBUG - Store 916: 762 sequences built.
2026-09-06 19:25:19 - 03_salesfc_deep_learning - DEBUG - Store 917: 765 sequences built.
2026-09-06 19:25:19 - 03_salesfc_deep_learning - DEBUG - Store 918: 766 sequences built.
2026-09-06 19:25:19 - 03_salesfc_deep_learning - DEBUG - Store 919: 607 sequences built.
2026-09-06 19:25:19 - 03_salesfc_deep_learning - DEBUG - Store 920: 608 sequences built.
2026-09-06 19:25:20 - 03_salesfc_deep_learning - DEBUG - Store 921: 766 sequences built.
2026-09-06 19:25:20 - 03_salesfc_deep_learning - DEBUG - Store 922: 761 sequences built.
2026-09-06 19:25:20 - 03_salesfc_deep_learning - DEBUG - Store 923: 770 sequences built.
2026-09-06 19:25:20 - 03_salesfc_deep_learning - DEBUG - Store 924: 765 sequences built.
2026-09-06 19:25:20 - 03_salesfc_deep_learning - DEBUG - Store 925: 755 sequences built.
2026-09-06 19:25:20 - 03_salesfc_deep_learning - DEBUG - Store 926: 765 sequences built.
2026-09-06 19:25:20 - 03_salesfc_deep_learning - DEBUG - Store 927: 758 sequences built.
2026-09-06 19:25:20 - 03_salesfc_deep_learning - DEBUG - Store 928: 765 sequences built.
2026-09-06 19:25:20 - 03_salesfc_deep_learning - DEBUG - Store 929: 770 sequences built.
2026-09-06 19:25:20 - 03_salesfc_deep_learning - DEBUG - Store 930: 765 sequences built.
2026-09-06 19:25:20 - 03_salesfc_deep_learning - DEBUG - Store 931: 861 sequences built.
2026-09-06 19:25:20 - 03_salesfc_deep_learning - DEBUG - Store 932: 609 sequences built.
2026-09-06 19:25:20 - 03_salesfc_deep_learning - DEBUG - Store 933: 766 sequences built.
2026-09-06 19:25:20 - 03_salesfc_deep_learning - DEBUG - Store 934: 765 sequences built.
2026-09-06 19:25:20 - 03_salesfc_deep_learning - DEBUG - Store 935: 770 sequences built.
2026-09-06 19:25:20 - 03_salesfc_deep_learning - DEBUG - Store 936: 765 sequences built.
2026-09-06 19:25:20 - 03_salesfc_deep_learning - DEBUG - Store 937: 767 sequences built.
2026-09-06 19:25:20 - 03_salesfc_deep_learning - DEBUG - Store 938: 770 sequences built.
2026-09-06 19:25:20 - 03_salesfc_deep_learning - DEBUG - Store 939: 765 sequences built.
2026-09-06 19:25:20 - 03_salesfc_deep_learning - DEBUG - Store 940: 766 sequences built.
2026-09-06 19:25:20 - 03_salesfc_deep_learning - DEBUG - Store 941: 608 sequences built.
2026-09-06 19:25:20 - 03_salesfc_deep_learning - DEBUG - Store 942: 767 sequences built.
2026-09-06 19:25:20 - 03_salesfc_deep_learning - DEBUG - Store 943: 765 sequences built.
2026-09-06 19:25:20 - 03_salesfc_deep_learning - DEBUG - Store 944: 770 sequences built.
2026-09-06 19:25:20 - 03_salesfc_deep_learning - DEBUG - Store 945: 770 sequences built.
2026-09-06 19:25:20 - 03_salesfc_deep_learning - DEBUG - Store 946: 765 sequences built.
2026-09-06 19:25:20 - 03_salesfc_deep_learning - DEBUG - Store 947: 757 sequences built.
2026-09-06 19:25:20 - 03_salesfc_deep_learning - DEBUG - Store 948: 914 sequences built.
2026-09-06 19:25:20 - 03_salesfc_deep_learning - DEBUG - Store 949: 770 sequences built.
2026-09-06 19:25:20 - 03_salesfc_deep_learning - DEBUG - Store 950: 761 sequences built.
2026-09-06 19:25:20 - 03_salesfc_deep_learning - DEBUG - Store 951: 765 sequences built.
2026-09-06 19:25:20 - 03_salesfc_deep_learning - DEBUG - Store 952: 608 sequences built.
2026-09-06 19:25:20 - 03_salesfc_deep_learning - DEBUG - Store 953: 768 sequences built.
2026-09-06 19:25:20 - 03_salesfc_deep_learning - DEBUG - Store 954: 765 sequences built.
2026-09-06 19:25:20 - 03_salesfc_deep_learning - DEBUG - Store 955: 765 sequences built.
2026-09-06 19:25:20 - 03_salesfc_deep_learning - DEBUG - Store 956: 762 sequences built.
2026-09-06 19:25:20 - 03_salesfc_deep_learning - DEBUG - Store 957: 770 sequences built.
2026-09-06 19:25:20 - 03_salesfc_deep_learning - DEBUG - Store 958: 770 sequences built.
2026-09-06 19:25:20 - 03_salesfc_deep_learning - DEBUG - Store 959: 770 sequences built.
2026-09-06 19:25:20 - 03_salesfc_deep_learning - DEBUG - Store 960: 767 sequences built.
2026-09-06 19:25:20 - 03_salesfc_deep_learning - DEBUG - Store 961: 765 sequences built.
2026-09-06 19:25:20 - 03_salesfc_deep_learning - DEBUG - Store 962: 752 sequences built.
2026-09-06 19:25:20 - 03_salesfc_deep_learning - DEBUG - Store 963: 765 sequences built.
2026-09-06 19:25:20 - 03_salesfc_deep_learning - DEBUG - Store 964: 758 sequences built.
2026-09-06 19:25:20 - 03_salesfc_deep_learning - DEBUG - Store 965: 767 sequences built.
2026-09-06 19:25:20 - 03_salesfc_deep_learning - DEBUG - Store 966: 765 sequences built.
2026-09-06 19:25:20 - 03_salesfc_deep_learning - DEBUG - Store 967: 765 sequences built.
2026-09-06 19:25:20 - 03_salesfc_deep_learning - DEBUG - Store 968: 766 sequences built.
2026-09-06 19:25:20 - 03_salesfc_deep_learning - DEBUG - Store 969: 741 sequences built.
2026-09-06 19:25:20 - 03_salesfc_deep_learning - DEBUG - Store 970: 767 sequences built.
2026-09-06 19:25:20 - 03_salesfc_deep_learning - DEBUG - Store 971: 759 sequences built.
2026-09-06 19:25:20 - 03_salesfc_deep_learning - DEBUG - Store 972: 688 sequences built.
2026-09-06 19:25:20 - 03_salesfc_deep_learning - DEBUG - Store 973: 765 sequences built.
2026-09-06 19:25:20 - 03_salesfc_deep_learning - DEBUG - Store 974: 608 sequences built.
2026-09-06 19:25:20 - 03_salesfc_deep_learning - DEBUG - Store 975: 765 sequences built.
2026-09-06 19:25:20 - 03_salesfc_deep_learning - DEBUG - Store 976: 765 sequences built.
2026-09-06 19:25:20 - 03_salesfc_deep_learning - DEBUG - Store 977: 609 sequences built.
2026-09-06 19:25:20 - 03_salesfc_deep_learning - DEBUG - Store 978: 766 sequences built.
2026-09-06 19:25:20 - 03_salesfc_deep_learning - DEBUG - Store 979: 768 sequences built.
2026-09-06 19:25:20 - 03_salesfc_deep_learning - DEBUG - Store 980: 765 sequences built.
2026-09-06 19:25:20 - 03_salesfc_deep_learning - DEBUG - Store 981: 766 sequences built.
2026-09-06 19:25:20 - 03_salesfc_deep_learning - DEBUG - Store 982: 766 sequences built.
2026-09-06 19:25:20 - 03_salesfc_deep_learning - DEBUG - Store 983: 760 sequences built.
2026-09-06 19:25:20 - 03_salesfc_deep_learning - DEBUG - Store 984: 762 sequences built.
2026-09-06 19:25:20 - 03_salesfc_deep_learning - DEBUG - Store 985: 763 sequences built.
2026-09-06 19:25:20 - 03_salesfc_deep_learning - DEBUG - Store 986: 758 sequences built.
2026-09-06 19:25:20 - 03_salesfc_deep_learning - DEBUG - Store 987: 770 sequences built.
2026-09-06 19:25:20 - 03_salesfc_deep_learning - DEBUG - Store 988: 770 sequences built.
2026-09-06 19:25:20 - 03_salesfc_deep_learning - DEBUG - Store 989: 608 sequences built.
2026-09-06 19:25:20 - 03_salesfc_deep_learning - DEBUG - Store 990: 766 sequences built.
2026-09-06 19:25:20 - 03_salesfc_deep_learning - DEBUG - Store 991: 765 sequences built.
2026-09-06 19:25:20 - 03_salesfc_deep_learning - DEBUG - Store 992: 765 sequences built.
2026-09-06 19:25:20 - 03_salesfc_deep_learning - DEBUG - Store 993: 766 sequences built.
2026-09-06 19:25:20 - 03_salesfc_deep_learning - DEBUG - Store 994: 765 sequences built.
2026-09-06 19:25:20 - 03_salesfc_deep_learning - DEBUG - Store 995: 766 sequences built.
2026-09-06 19:25:20 - 03_salesfc_deep_learning - DEBUG - Store 996: 753 sequences built.
2026-09-06 19:25:20 - 03_salesfc_deep_learning - DEBUG - Store 997: 767 sequences built.
2026-09-06 19:25:20 - 03_salesfc_deep_learning - DEBUG - Store 998: 763 sequences built.
2026-09-06 19:25:20 - 03_salesfc_deep_learning - DEBUG - Store 999: 766 sequences built.
2026-09-06 19:25:20 - 03_salesfc_deep_learning - DEBUG - Store 1000: 608 sequences built.
2026-09-06 19:25:20 - 03_salesfc_deep_learning - DEBUG - Store 1001: 768 sequences built.
2026-09-06 19:25:20 - 03_salesfc_deep_learning - DEBUG - Store 1002: 770 sequences built.
2026-09-06 19:25:20 - 03_salesfc_deep_learning - DEBUG - Store 1003: 765 sequences built.
2026-09-06 19:25:20 - 03_salesfc_deep_learning - DEBUG - Store 1004: 608 sequences built.
2026-09-06 19:25:20 - 03_salesfc_deep_learning - DEBUG - Store 1005: 765 sequences built.
2026-09-06 19:25:20 - 03_salesfc_deep_learning - DEBUG - Store 1006: 766 sequences built.
2026-09-06 19:25:20 - 03_salesfc_deep_learning - DEBUG - Store 1007: 770 sequences built.
2026-09-06 19:25:20 - 03_salesfc_deep_learning - DEBUG - Store 1008: 770 sequences built.
2026-09-06 19:25:20 - 03_salesfc_deep_learning - DEBUG - Store 1009: 608 sequences built.
2026-09-06 19:25:20 - 03_salesfc_deep_learning - DEBUG - Store 1010: 770 sequences built.
2026-09-06 19:25:20 - 03_salesfc_deep_learning - DEBUG - Store 1011: 765 sequences built.
2026-09-06 19:25:20 - 03_salesfc_deep_learning - DEBUG - Store 1012: 608 sequences built.
2026-09-06 19:25:20 - 03_salesfc_deep_learning - DEBUG - Store 1013: 765 sequences built.
2026-09-06 19:25:20 - 03_salesfc_deep_learning - DEBUG - Store 1014: 765 sequences built.
2026-09-06 19:25:20 - 03_salesfc_deep_learning - DEBUG - Store 1015: 765 sequences built.
2026-09-06 19:25:20 - 03_salesfc_deep_learning - DEBUG - Store 1016: 765 sequences built.
2026-09-06 19:25:20 - 03_salesfc_deep_learning - DEBUG - Store 1017: 755 sequences built.
2026-09-06 19:25:20 - 03_salesfc_deep_learning - DEBUG - Store 1018: 768 sequences built.
2026-09-06 19:25:20 - 03_salesfc_deep_learning - DEBUG - Store 1019: 609 sequences built.
2026-09-06 19:25:20 - 03_salesfc_deep_learning - DEBUG - Store 1020: 767 sequences built.
2026-09-06 19:25:20 - 03_salesfc_deep_learning - DEBUG - Store 1021: 756 sequences built.
2026-09-06 19:25:20 - 03_salesfc_deep_learning - DEBUG - Store 1022: 765 sequences built.
2026-09-06 19:25:20 - 03_salesfc_deep_learning - DEBUG - Store 1023: 766 sequences built.
2026-09-06 19:25:20 - 03_salesfc_deep_learning - DEBUG - Store 1024: 770 sequences built.
2026-09-06 19:25:20 - 03_salesfc_deep_learning - DEBUG - Store 1025: 762 sequences built.
2026-09-06 19:25:20 - 03_salesfc_deep_learning - DEBUG - Store 1026: 765 sequences built.
2026-09-06 19:25:20 - 03_salesfc_deep_learning - DEBUG - Store 1027: 609 sequences built.
2026-09-06 19:25:20 - 03_salesfc_deep_learning - DEBUG - Store 1028: 765 sequences built.
2026-09-06 19:25:20 - 03_salesfc_deep_learning - DEBUG - Store 1029: 766 sequences built.
2026-09-06 19:25:20 - 03_salesfc_deep_learning - DEBUG - Store 1030: 766 sequences built.
2026-09-06 19:25:20 - 03_salesfc_deep_learning - DEBUG - Store 1031: 765 sequences built.
2026-09-06 19:25:20 - 03_salesfc_deep_learning - DEBUG - Store 1032: 766 sequences built.
2026-09-06 19:25:20 - 03_salesfc_deep_learning - DEBUG - Store 1033: 770 sequences built.
2026-09-06 19:25:20 - 03_salesfc_deep_learning - DEBUG - Store 1034: 766 sequences built.
2026-09-06 19:25:20 - 03_salesfc_deep_learning - DEBUG - Store 1035: 766 sequences built.
2026-09-06 19:25:20 - 03_salesfc_deep_learning - DEBUG - Store 1036: 765 sequences built.
2026-09-06 19:25:20 - 03_salesfc_deep_learning - DEBUG - Store 1037: 766 sequences built.
2026-09-06 19:25:20 - 03_salesfc_deep_learning - DEBUG - Store 1038: 608 sequences built.
2026-09-06 19:25:20 - 03_salesfc_deep_learning - DEBUG - Store 1039: 757 sequences built.
2026-09-06 19:25:20 - 03_salesfc_deep_learning - DEBUG - Store 1040: 765 sequences built.
2026-09-06 19:25:20 - 03_salesfc_deep_learning - DEBUG - Store 1041: 608 sequences built.
2026-09-06 19:25:20 - 03_salesfc_deep_learning - DEBUG - Store 1042: 765 sequences built.
2026-09-06 19:25:20 - 03_salesfc_deep_learning - DEBUG - Store 1043: 766 sequences built.
2026-09-06 19:25:20 - 03_salesfc_deep_learning - DEBUG - Store 1044: 763 sequences built.
2026-09-06 19:25:20 - 03_salesfc_deep_learning - DEBUG - Store 1045: 869 sequences built.
2026-09-06 19:25:20 - 03_salesfc_deep_learning - DEBUG - Store 1046: 766 sequences built.
2026-09-06 19:25:20 - 03_salesfc_deep_learning - DEBUG - Store 1047: 762 sequences built.
2026-09-06 19:25:20 - 03_salesfc_deep_learning - DEBUG - Store 1048: 769 sequences built.
2026-09-06 19:25:20 - 03_salesfc_deep_learning - DEBUG - Store 1049: 608 sequences built.
2026-09-06 19:25:20 - 03_salesfc_deep_learning - DEBUG - Store 1050: 767 sequences built.
2026-09-06 19:25:20 - 03_salesfc_deep_learning - DEBUG - Store 1051: 752 sequences built.
2026-09-06 19:25:20 - 03_salesfc_deep_learning - DEBUG - Store 1052: 765 sequences built.
2026-09-06 19:25:20 - 03_salesfc_deep_learning - DEBUG - Store 1053: 770 sequences built.
2026-09-06 19:25:20 - 03_salesfc_deep_learning - DEBUG - Store 1054: 770 sequences built.
2026-09-06 19:25:20 - 03_salesfc_deep_learning - DEBUG - Store 1055: 769 sequences built.
2026-09-06 19:25:20 - 03_salesfc_deep_learning - DEBUG - Store 1056: 609 sequences built.
2026-09-06 19:25:20 - 03_salesfc_deep_learning - DEBUG - Store 1057: 770 sequences built.
2026-09-06 19:25:20 - 03_salesfc_deep_learning - DEBUG - Store 1058: 765 sequences built.
2026-09-06 19:25:20 - 03_salesfc_deep_learning - DEBUG - Store 1059: 770 sequences built.
2026-09-06 19:25:20 - 03_salesfc_deep_learning - DEBUG - Store 1060: 765 sequences built.
2026-09-06 19:25:20 - 03_salesfc_deep_learning - DEBUG - Store 1061: 763 sequences built.
2026-09-06 19:25:20 - 03_salesfc_deep_learning - DEBUG - Store 1062: 765 sequences built.
2026-09-06 19:25:20 - 03_salesfc_deep_learning - DEBUG - Store 1063: 770 sequences built.
2026-09-06 19:25:20 - 03_salesfc_deep_learning - DEBUG - Store 1064: 765 sequences built.
2026-09-06 19:25:20 - 03_salesfc_deep_learning - DEBUG - Store 1065: 608 sequences built.
2026-09-06 19:25:20 - 03_salesfc_deep_learning - DEBUG - Store 1066: 765 sequences built.
2026-09-06 19:25:20 - 03_salesfc_deep_learning - DEBUG - Store 1067: 608 sequences built.
2026-09-06 19:25:20 - 03_salesfc_deep_learning - DEBUG - Store 1068: 763 sequences built.
2026-09-06 19:25:20 - 03_salesfc_deep_learning - DEBUG - Store 1069: 768 sequences built.
2026-09-06 19:25:20 - 03_salesfc_deep_learning - DEBUG - Store 1070: 770 sequences built.
2026-09-06 19:25:20 - 03_salesfc_deep_learning - DEBUG - Store 1071: 770 sequences built.
2026-09-06 19:25:20 - 03_salesfc_deep_learning - DEBUG - Store 1072: 765 sequences built.
2026-09-06 19:25:20 - 03_salesfc_deep_learning - DEBUG - Store 1073: 765 sequences built.
2026-09-06 19:25:20 - 03_salesfc_deep_learning - DEBUG - Store 1074: 766 sequences built.
2026-09-06 19:25:20 - 03_salesfc_deep_learning - DEBUG - Store 1075: 770 sequences built.
2026-09-06 19:25:20 - 03_salesfc_deep_learning - DEBUG - Store 1076: 765 sequences built.
2026-09-06 19:25:20 - 03_salesfc_deep_learning - DEBUG - Store 1077: 765 sequences built.
2026-09-06 19:25:20 - 03_salesfc_deep_learning - DEBUG - Store 1078: 763 sequences built.
2026-09-06 19:25:20 - 03_salesfc_deep_learning - DEBUG - Store 1079: 767 sequences built.
2026-09-06 19:25:20 - 03_salesfc_deep_learning - DEBUG - Store 1080: 608 sequences built.
2026-09-06 19:25:20 - 03_salesfc_deep_learning - DEBUG - Store 1081: 743 sequences built.
2026-09-06 19:25:20 - 03_salesfc_deep_learning - DEBUG - Store 1082: 766 sequences built.
2026-09-06 19:25:20 - 03_salesfc_deep_learning - DEBUG - Store 1083: 767 sequences built.
2026-09-06 19:25:20 - 03_salesfc_deep_learning - DEBUG - Store 1084: 768 sequences built.
2026-09-06 19:25:20 - 03_salesfc_deep_learning - DEBUG - Store 1085: 770 sequences built.
2026-09-06 19:25:20 - 03_salesfc_deep_learning - DEBUG - Store 1086: 767 sequences built.
2026-09-06 19:25:20 - 03_salesfc_deep_learning - DEBUG - Store 1087: 770 sequences built.
2026-09-06 19:25:20 - 03_salesfc_deep_learning - DEBUG - Store 1088: 765 sequences built.
2026-09-06 19:25:20 - 03_salesfc_deep_learning - DEBUG - Store 1089: 765 sequences built.
2026-09-06 19:25:20 - 03_salesfc_deep_learning - DEBUG - Store 1090: 766 sequences built.
2026-09-06 19:25:20 - 03_salesfc_deep_learning - DEBUG - Store 1091: 770 sequences built.
2026-09-06 19:25:20 - 03_salesfc_deep_learning - DEBUG - Store 1092: 608 sequences built.
2026-09-06 19:25:20 - 03_salesfc_deep_learning - DEBUG - Store 1093: 766 sequences built.
2026-09-06 19:25:20 - 03_salesfc_deep_learning - DEBUG - Store 1094: 608 sequences built.
2026-09-06 19:25:20 - 03_salesfc_deep_learning - DEBUG - Store 1095: 768 sequences built.
2026-09-06 19:25:20 - 03_salesfc_deep_learning - DEBUG - Store 1096: 765 sequences built.
2026-09-06 19:25:20 - 03_salesfc_deep_learning - DEBUG - Store 1097: 928 sequences built.
2026-09-06 19:25:20 - 03_salesfc_deep_learning - DEBUG - Store 1098: 766 sequences built.
2026-09-06 19:25:20 - 03_salesfc_deep_learning - DEBUG - Store 1099: 879 sequences built.
2026-09-06 19:25:20 - 03_salesfc_deep_learning - DEBUG - Store 1100: 757 sequences built.
2026-09-06 19:25:20 - 03_salesfc_deep_learning - DEBUG - Store 1101: 770 sequences built.
2026-09-06 19:25:20 - 03_salesfc_deep_learning - DEBUG - Store 1102: 608 sequences built.
2026-09-06 19:25:20 - 03_salesfc_deep_learning - DEBUG - Store 1103: 767 sequences built.
2026-09-06 19:25:20 - 03_salesfc_deep_learning - DEBUG - Store 1104: 608 sequences built.
2026-09-06 19:25:20 - 03_salesfc_deep_learning - DEBUG - Store 1105: 765 sequences built.
2026-09-06 19:25:20 - 03_salesfc_deep_learning - DEBUG - Store 1106: 770 sequences built.
2026-09-06 19:25:20 - 03_salesfc_deep_learning - DEBUG - Store 1107: 609 sequences built.
2026-09-06 19:25:20 - 03_salesfc_deep_learning - DEBUG - Store 1108: 766 sequences built.
2026-09-06 19:25:20 - 03_salesfc_deep_learning - DEBUG - Store 1109: 608 sequences built.
2026-09-06 19:25:20 - 03_salesfc_deep_learning - DEBUG - Store 1110: 769 sequences built.
2026-09-06 19:25:20 - 03_salesfc_deep_learning - DEBUG - Store 1111: 765 sequences built.
2026-09-06 19:25:20 - 03_salesfc_deep_learning - DEBUG - Store 1112: 765 sequences built.
2026-09-06 19:25:20 - 03_salesfc_deep_learning - DEBUG - Store 1113: 770 sequences built.
2026-09-06 19:25:20 - 03_salesfc_deep_learning - DEBUG - Store 1114: 770 sequences built.
2026-09-06 19:25:20 - 03_salesfc_deep_learning - DEBUG - Store 1115: 767 sequences built.
2026-09-06 19:25:32 - 03_salesfc_deep_learning - INFO - Sliding-window transform complete. X_sequences: (828782, 14, 39), y_sequences: (828782,).
2026-09-06 19:25:43 - 03_salesfc_deep_learning - INFO - Sequences rebuilt with dates (pre-allocated). Shape: (828782, 14, 39).
2026-09-06 19:25:45 - 03_salesfc_deep_learning - INFO - Sequence split complete. Train: (788500, 14, 39), Val: (40282, 14, 39).
2026-09-06 19:25:55 - 03_salesfc_deep_learning - INFO - Scaling complete (manual min-max, float32). X_train_scaled: (788500, 14, 39), X_val_scaled: (40282, 14, 39).
2026-09-06 19:25:55 - 03_salesfc_deep_learning - INFO - Target scaling complete. Train range used for scaling: [0.00, 38722.00].
2026-09-06 19:25:56 - 03_salesfc_deep_learning - INFO - LSTM architecture built. Total params: 39585. Input shape: (14, 39).
2026-09-06 19:25:56 - 03_salesfc_deep_learning - INFO - GPU check: No GPU detected.
2026-09-06 20:42:56 - 03_salesfc_deep_learning - INFO - LSTM trained fresh. Epochs run: 30. Checkpoint: /content/drive/MyDrive/NHIS_Project/Project 6/Assets/checkpoints/lstm_checkpoint.keras.
2026-09-06 20:42:57 - 03_salesfc_deep_learning - INFO - Loss curve plotted. Best epoch (restored): 25.
2026-09-06 20:43:05 - 03_salesfc_deep_learning - INFO - LSTM validation — R2: 0.8361, MAE: 851.37, RMSE: 1236.65, RMSPE: 0.1945.
2026-09-06 22:37:46 - 03_salesfc_deep_learning - INFO - GRU trained fresh. Epochs run: 39. Checkpoint: /content/drive/MyDrive/NHIS_Project/Project 6/Assets/checkpoints/gru_checkpoint.keras.
2026-09-06 22:37:57 - 03_salesfc_deep_learning - INFO - GRU validation — R2: 0.8265, RMSPE: 0.2115. LSTM RMSPE for comparison: 0.1945.
2026-09-06 22:37:58 - 03_salesfc_deep_learning - INFO - Per-StoreType RMSPE computed: [{'StoreType': 'a', 'RMSPE': '21.07%', 'N': 21694}, {'StoreType': 'b', 'RMSPE': '11.28%', 'N': 714}, {'StoreType': 'c', 'RMSPE': '17.64%', 'N': 5328}, {'StoreType': 'd', 'RMSPE': '17.53%', 'N': 12546}]
2026-09-06 22:37:58 - 03_salesfc_deep_learning - INFO - Final LSTM model serialized to Assets/final_lstm_model_06-09-2026-22-37-58.keras.
2026-09-06 23:06:25 - 03_salesfc_deep_learning - INFO - Logging session started for '03_salesfc_deep_learning' -> Logs/YS_03_salesfc_deep_learning_20260906.log
2026-09-06 23:06:27 - 03_salesfc_deep_learning - INFO - Loaded 'store_train_data.csv' from local Assets/ folder.
2026-09-06 23:06:31 - 03_salesfc_deep_learning - INFO - Loaded 'store_test_data.csv' from local Assets/ folder.
2026-09-06 23:06:32 - 03_salesfc_deep_learning - INFO - Loaded store_train_data.csv (shape=(1017209, 26)) and store_test_data.csv (shape=(41088, 25)) for LSTM pipeline.
2026-09-06 23:06:32 - 03_salesfc_deep_learning - DEBUG - Encoding categorical column: StoreType (4 unique values)
2026-09-06 23:06:32 - 03_salesfc_deep_learning - DEBUG - Encoding categorical column: Assortment (3 unique values)
2026-09-06 23:06:32 - 03_salesfc_deep_learning - DEBUG - Encoding categorical column: StateHoliday (4 unique values)
2026-09-06 23:06:32 - 03_salesfc_deep_learning - DEBUG - Encoding categorical column: MonthPosition (3 unique values)
2026-09-06 23:06:32 - 03_salesfc_deep_learning - DEBUG - Encoding categorical column: DayOfWeek (7 unique values)
2026-09-06 23:06:33 - 03_salesfc_deep_learning - INFO - One-hot encoding complete. store_train_encoded shape: (1017209, 42), store_test_encoded shape: (41088, 42).
2026-09-06 23:06:33 - 03_salesfc_deep_learning - INFO - Store-aware sort complete. 1115 unique stores, date range 2013-01-01 to 2015-07-31.
2026-09-06 23:06:35 - 03_salesfc_deep_learning - INFO - Aggregate daily sales series built. 942 daily observations, 2013-01-01 to 2015-07-31.
2026-09-06 23:06:35 - 03_salesfc_deep_learning - INFO - ADF test complete. Statistic: -4.7616, p-value: 0.000064.
2026-09-06 23:06:36 - 03_salesfc_deep_learning - INFO - ACF and PACF plots generated (30 lags) on the stationary daily sales series.
2026-09-06 23:06:36 - 03_salesfc_deep_learning - INFO - ACF/PACF computed. Significant ACF lags: [2, 5, 6, 7, 8, 9, 12, 14, 16, 19, 20, 21, 22, 23, 26, 27, 28, 29, 30]. Significant PACF lags: [2, 5, 6, 7, 8, 9, 10, 11, 13, 14, 17, 21, 28].
2026-09-06 23:06:36 - 03_salesfc_deep_learning - INFO - feature_cols_dl rebuilt to include Store. New count: 39.
2026-09-06 23:06:36 - 03_salesfc_deep_learning - DEBUG - Store 1: 767 sequences built.
2026-09-06 23:06:36 - 03_salesfc_deep_learning - DEBUG - Store 2: 770 sequences built.
2026-09-06 23:06:36 - 03_salesfc_deep_learning - DEBUG - Store 3: 765 sequences built.
2026-09-06 23:06:36 - 03_salesfc_deep_learning - DEBUG - Store 4: 770 sequences built.
2026-09-06 23:06:36 - 03_salesfc_deep_learning - DEBUG - Store 5: 765 sequences built.
2026-09-06 23:06:36 - 03_salesfc_deep_learning - DEBUG - Store 6: 766 sequences built.
2026-09-06 23:06:36 - 03_salesfc_deep_learning - DEBUG - Store 7: 772 sequences built.
2026-09-06 23:06:36 - 03_salesfc_deep_learning - DEBUG - Store 8: 770 sequences built.
2026-09-06 23:06:36 - 03_salesfc_deep_learning - DEBUG - Store 9: 765 sequences built.
2026-09-06 23:06:36 - 03_salesfc_deep_learning - DEBUG - Store 10: 770 sequences built.
2026-09-06 23:06:36 - 03_salesfc_deep_learning - DEBUG - Store 11: 770 sequences built.
2026-09-06 23:06:36 - 03_salesfc_deep_learning - DEBUG - Store 12: 770 sequences built.
2026-09-06 23:06:36 - 03_salesfc_deep_learning - DEBUG - Store 13: 607 sequences built.
2026-09-06 23:06:36 - 03_salesfc_deep_learning - DEBUG - Store 14: 765 sequences built.
2026-09-06 23:06:36 - 03_salesfc_deep_learning - DEBUG - Store 15: 770 sequences built.
2026-09-06 23:06:36 - 03_salesfc_deep_learning - DEBUG - Store 16: 763 sequences built.
2026-09-06 23:06:36 - 03_salesfc_deep_learning - DEBUG - Store 17: 768 sequences built.
2026-09-06 23:06:36 - 03_salesfc_deep_learning - DEBUG - Store 18: 768 sequences built.
2026-09-06 23:06:36 - 03_salesfc_deep_learning - DEBUG - Store 19: 765 sequences built.
2026-09-06 23:06:36 - 03_salesfc_deep_learning - DEBUG - Store 20: 605 sequences built.
2026-09-06 23:06:36 - 03_salesfc_deep_learning - DEBUG - Store 21: 763 sequences built.
2026-09-06 23:06:36 - 03_salesfc_deep_learning - DEBUG - Store 22: 605 sequences built.
2026-09-06 23:06:36 - 03_salesfc_deep_learning - DEBUG - Store 23: 765 sequences built.
2026-09-06 23:06:36 - 03_salesfc_deep_learning - DEBUG - Store 24: 765 sequences built.
2026-09-06 23:06:36 - 03_salesfc_deep_learning - DEBUG - Store 25: 738 sequences built.
2026-09-06 23:06:36 - 03_salesfc_deep_learning - DEBUG - Store 26: 768 sequences built.
2026-09-06 23:06:36 - 03_salesfc_deep_learning - DEBUG - Store 27: 765 sequences built.
2026-09-06 23:06:36 - 03_salesfc_deep_learning - DEBUG - Store 28: 757 sequences built.
2026-09-06 23:06:36 - 03_salesfc_deep_learning - DEBUG - Store 29: 765 sequences built.
2026-09-06 23:06:36 - 03_salesfc_deep_learning - DEBUG - Store 30: 763 sequences built.
2026-09-06 23:06:36 - 03_salesfc_deep_learning - DEBUG - Store 31: 770 sequences built.
2026-09-06 23:06:36 - 03_salesfc_deep_learning - DEBUG - Store 32: 607 sequences built.
2026-09-06 23:06:36 - 03_salesfc_deep_learning - DEBUG - Store 33: 765 sequences built.
2026-09-06 23:06:36 - 03_salesfc_deep_learning - DEBUG - Store 34: 770 sequences built.
2026-09-06 23:06:36 - 03_salesfc_deep_learning - DEBUG - Store 35: 765 sequences built.
2026-09-06 23:06:36 - 03_salesfc_deep_learning - DEBUG - Store 36: 608 sequences built.
2026-09-06 23:06:36 - 03_salesfc_deep_learning - DEBUG - Store 37: 766 sequences built.
2026-09-06 23:06:36 - 03_salesfc_deep_learning - DEBUG - Store 38: 765 sequences built.
2026-09-06 23:06:36 - 03_salesfc_deep_learning - DEBUG - Store 39: 765 sequences built.
2026-09-06 23:06:37 - 03_salesfc_deep_learning - DEBUG - Store 40: 762 sequences built.
2026-09-06 23:06:37 - 03_salesfc_deep_learning - DEBUG - Store 41: 608 sequences built.
2026-09-06 23:06:37 - 03_salesfc_deep_learning - DEBUG - Store 42: 765 sequences built.
2026-09-06 23:06:37 - 03_salesfc_deep_learning - DEBUG - Store 43: 765 sequences built.
2026-09-06 23:06:37 - 03_salesfc_deep_learning - DEBUG - Store 44: 770 sequences built.
2026-09-06 23:06:37 - 03_salesfc_deep_learning - DEBUG - Store 45: 765 sequences built.
2026-09-06 23:06:37 - 03_salesfc_deep_learning - DEBUG - Store 46: 608 sequences built.
2026-09-06 23:06:37 - 03_salesfc_deep_learning - DEBUG - Store 47: 770 sequences built.
2026-09-06 23:06:37 - 03_salesfc_deep_learning - DEBUG - Store 48: 770 sequences built.
2026-09-06 23:06:37 - 03_salesfc_deep_learning - DEBUG - Store 49: 763 sequences built.
2026-09-06 23:06:37 - 03_salesfc_deep_learning - DEBUG - Store 50: 765 sequences built.
2026-09-06 23:06:37 - 03_salesfc_deep_learning - DEBUG - Store 51: 608 sequences built.
2026-09-06 23:06:37 - 03_salesfc_deep_learning - DEBUG - Store 52: 608 sequences built.
2026-09-06 23:06:37 - 03_salesfc_deep_learning - DEBUG - Store 53: 770 sequences built.
2026-09-06 23:06:37 - 03_salesfc_deep_learning - DEBUG - Store 54: 771 sequences built.
2026-09-06 23:06:37 - 03_salesfc_deep_learning - DEBUG - Store 55: 766 sequences built.
2026-09-06 23:06:37 - 03_salesfc_deep_learning - DEBUG - Store 56: 767 sequences built.
2026-09-06 23:06:37 - 03_salesfc_deep_learning - DEBUG - Store 57: 756 sequences built.
2026-09-06 23:06:37 - 03_salesfc_deep_learning - DEBUG - Store 58: 609 sequences built.
2026-09-06 23:06:37 - 03_salesfc_deep_learning - DEBUG - Store 59: 768 sequences built.
2026-09-06 23:06:37 - 03_salesfc_deep_learning - DEBUG - Store 60: 766 sequences built.
2026-09-06 23:06:37 - 03_salesfc_deep_learning - DEBUG - Store 61: 763 sequences built.
2026-09-06 23:06:37 - 03_salesfc_deep_learning - DEBUG - Store 62: 765 sequences built.
2026-09-06 23:06:37 - 03_salesfc_deep_learning - DEBUG - Store 63: 770 sequences built.
2026-09-06 23:06:37 - 03_salesfc_deep_learning - DEBUG - Store 64: 765 sequences built.
2026-09-06 23:06:37 - 03_salesfc_deep_learning - DEBUG - Store 65: 766 sequences built.
2026-09-06 23:06:37 - 03_salesfc_deep_learning - DEBUG - Store 66: 763 sequences built.
2026-09-06 23:06:37 - 03_salesfc_deep_learning - DEBUG - Store 67: 763 sequences built.
2026-09-06 23:06:37 - 03_salesfc_deep_learning - DEBUG - Store 68: 770 sequences built.
2026-09-06 23:06:37 - 03_salesfc_deep_learning - DEBUG - Store 69: 767 sequences built.
2026-09-06 23:06:37 - 03_salesfc_deep_learning - DEBUG - Store 70: 768 sequences built.
2026-09-06 23:06:37 - 03_salesfc_deep_learning - DEBUG - Store 71: 765 sequences built.
2026-09-06 23:06:37 - 03_salesfc_deep_learning - DEBUG - Store 72: 609 sequences built.
2026-09-06 23:06:37 - 03_salesfc_deep_learning - DEBUG - Store 73: 770 sequences built.
2026-09-06 23:06:37 - 03_salesfc_deep_learning - DEBUG - Store 74: 762 sequences built.
2026-09-06 23:06:37 - 03_salesfc_deep_learning - DEBUG - Store 75: 770 sequences built.
2026-09-06 23:06:37 - 03_salesfc_deep_learning - DEBUG - Store 76: 609 sequences built.
2026-09-06 23:06:37 - 03_salesfc_deep_learning - DEBUG - Store 77: 767 sequences built.
2026-09-06 23:06:37 - 03_salesfc_deep_learning - DEBUG - Store 78: 766 sequences built.
2026-09-06 23:06:37 - 03_salesfc_deep_learning - DEBUG - Store 79: 763 sequences built.
2026-09-06 23:06:37 - 03_salesfc_deep_learning - DEBUG - Store 80: 765 sequences built.
2026-09-06 23:06:37 - 03_salesfc_deep_learning - DEBUG - Store 81: 608 sequences built.
2026-09-06 23:06:37 - 03_salesfc_deep_learning - DEBUG - Store 82: 765 sequences built.
2026-09-06 23:06:37 - 03_salesfc_deep_learning - DEBUG - Store 83: 765 sequences built.
2026-09-06 23:06:37 - 03_salesfc_deep_learning - DEBUG - Store 84: 765 sequences built.
2026-09-06 23:06:37 - 03_salesfc_deep_learning - DEBUG - Store 85: 928 sequences built.
2026-09-06 23:06:37 - 03_salesfc_deep_learning - DEBUG - Store 86: 764 sequences built.
2026-09-06 23:06:37 - 03_salesfc_deep_learning - DEBUG - Store 87: 770 sequences built.
2026-09-06 23:06:37 - 03_salesfc_deep_learning - DEBUG - Store 88: 766 sequences built.
2026-09-06 23:06:37 - 03_salesfc_deep_learning - DEBUG - Store 89: 608 sequences built.
2026-09-06 23:06:37 - 03_salesfc_deep_learning - DEBUG - Store 90: 764 sequences built.
2026-09-06 23:06:37 - 03_salesfc_deep_learning - DEBUG - Store 91: 764 sequences built.
2026-09-06 23:06:37 - 03_salesfc_deep_learning - DEBUG - Store 92: 765 sequences built.
2026-09-06 23:06:37 - 03_salesfc_deep_learning - DEBUG - Store 93: 765 sequences built.
2026-09-06 23:06:37 - 03_salesfc_deep_learning - DEBUG - Store 94: 765 sequences built.
2026-09-06 23:06:37 - 03_salesfc_deep_learning - DEBUG - Store 95: 766 sequences built.
2026-09-06 23:06:37 - 03_salesfc_deep_learning - DEBUG - Store 96: 766 sequences built.
2026-09-06 23:06:37 - 03_salesfc_deep_learning - DEBUG - Store 97: 766 sequences built.
2026-09-06 23:06:37 - 03_salesfc_deep_learning - DEBUG - Store 98: 765 sequences built.
2026-09-06 23:06:37 - 03_salesfc_deep_learning - DEBUG - Store 99: 608 sequences built.
2026-09-06 23:06:37 - 03_salesfc_deep_learning - DEBUG - Store 100: 592 sequences built.
2026-09-06 23:06:37 - 03_salesfc_deep_learning - DEBUG - Store 101: 770 sequences built.
2026-09-06 23:06:37 - 03_salesfc_deep_learning - DEBUG - Store 102: 757 sequences built.
2026-09-06 23:06:37 - 03_salesfc_deep_learning - DEBUG - Store 103: 617 sequences built.
2026-09-06 23:06:37 - 03_salesfc_deep_learning - DEBUG - Store 104: 770 sequences built.
2026-09-06 23:06:37 - 03_salesfc_deep_learning - DEBUG - Store 105: 740 sequences built.
2026-09-06 23:06:37 - 03_salesfc_deep_learning - DEBUG - Store 106: 761 sequences built.
2026-09-06 23:06:37 - 03_salesfc_deep_learning - DEBUG - Store 107: 770 sequences built.
2026-09-06 23:06:37 - 03_salesfc_deep_learning - DEBUG - Store 108: 608 sequences built.
2026-09-06 23:06:37 - 03_salesfc_deep_learning - DEBUG - Store 109: 770 sequences built.
2026-09-06 23:06:37 - 03_salesfc_deep_learning - DEBUG - Store 110: 770 sequences built.
2026-09-06 23:06:37 - 03_salesfc_deep_learning - DEBUG - Store 111: 767 sequences built.
2026-09-06 23:06:37 - 03_salesfc_deep_learning - DEBUG - Store 112: 770 sequences built.
2026-09-06 23:06:37 - 03_salesfc_deep_learning - DEBUG - Store 113: 608 sequences built.
2026-09-06 23:06:37 - 03_salesfc_deep_learning - DEBUG - Store 114: 770 sequences built.
2026-09-06 23:06:37 - 03_salesfc_deep_learning - DEBUG - Store 115: 608 sequences built.
2026-09-06 23:06:37 - 03_salesfc_deep_learning - DEBUG - Store 116: 769 sequences built.
2026-09-06 23:06:37 - 03_salesfc_deep_learning - DEBUG - Store 117: 765 sequences built.
2026-09-06 23:06:37 - 03_salesfc_deep_learning - DEBUG - Store 118: 768 sequences built.
2026-09-06 23:06:37 - 03_salesfc_deep_learning - DEBUG - Store 119: 770 sequences built.
2026-09-06 23:06:37 - 03_salesfc_deep_learning - DEBUG - Store 120: 767 sequences built.
2026-09-06 23:06:37 - 03_salesfc_deep_learning - DEBUG - Store 121: 766 sequences built.
2026-09-06 23:06:37 - 03_salesfc_deep_learning - DEBUG - Store 122: 871 sequences built.
2026-09-06 23:06:37 - 03_salesfc_deep_learning - DEBUG - Store 123: 754 sequences built.
2026-09-06 23:06:37 - 03_salesfc_deep_learning - DEBUG - Store 124: 765 sequences built.
2026-09-06 23:06:37 - 03_salesfc_deep_learning - DEBUG - Store 125: 770 sequences built.
2026-09-06 23:06:37 - 03_salesfc_deep_learning - DEBUG - Store 126: 765 sequences built.
2026-09-06 23:06:37 - 03_salesfc_deep_learning - DEBUG - Store 127: 609 sequences built.
2026-09-06 23:06:37 - 03_salesfc_deep_learning - DEBUG - Store 128: 767 sequences built.
2026-09-06 23:06:37 - 03_salesfc_deep_learning - DEBUG - Store 129: 608 sequences built.
2026-09-06 23:06:37 - 03_salesfc_deep_learning - DEBUG - Store 130: 767 sequences built.
2026-09-06 23:06:37 - 03_salesfc_deep_learning - DEBUG - Store 131: 765 sequences built.
2026-09-06 23:06:37 - 03_salesfc_deep_learning - DEBUG - Store 132: 608 sequences built.
2026-09-06 23:06:37 - 03_salesfc_deep_learning - DEBUG - Store 133: 768 sequences built.
2026-09-06 23:06:37 - 03_salesfc_deep_learning - DEBUG - Store 134: 770 sequences built.
2026-09-06 23:06:37 - 03_salesfc_deep_learning - DEBUG - Store 135: 767 sequences built.
2026-09-06 23:06:37 - 03_salesfc_deep_learning - DEBUG - Store 136: 608 sequences built.
2026-09-06 23:06:37 - 03_salesfc_deep_learning - DEBUG - Store 137: 608 sequences built.
2026-09-06 23:06:37 - 03_salesfc_deep_learning - DEBUG - Store 138: 766 sequences built.
2026-09-06 23:06:37 - 03_salesfc_deep_learning - DEBUG - Store 139: 608 sequences built.
2026-09-06 23:06:37 - 03_salesfc_deep_learning - DEBUG - Store 140: 767 sequences built.
2026-09-06 23:06:37 - 03_salesfc_deep_learning - DEBUG - Store 141: 763 sequences built.
2026-09-06 23:06:37 - 03_salesfc_deep_learning - DEBUG - Store 142: 765 sequences built.
2026-09-06 23:06:37 - 03_salesfc_deep_learning - DEBUG - Store 143: 765 sequences built.
2026-09-06 23:06:37 - 03_salesfc_deep_learning - DEBUG - Store 144: 611 sequences built.
2026-09-06 23:06:37 - 03_salesfc_deep_learning - DEBUG - Store 145: 594 sequences built.
2026-09-06 23:06:37 - 03_salesfc_deep_learning - DEBUG - Store 146: 765 sequences built.
2026-09-06 23:06:37 - 03_salesfc_deep_learning - DEBUG - Store 147: 765 sequences built.
2026-09-06 23:06:37 - 03_salesfc_deep_learning - DEBUG - Store 148: 770 sequences built.
2026-09-06 23:06:37 - 03_salesfc_deep_learning - DEBUG - Store 149: 608 sequences built.
2026-09-06 23:06:37 - 03_salesfc_deep_learning - DEBUG - Store 150: 770 sequences built.
2026-09-06 23:06:37 - 03_salesfc_deep_learning - DEBUG - Store 151: 766 sequences built.
2026-09-06 23:06:37 - 03_salesfc_deep_learning - DEBUG - Store 152: 765 sequences built.
2026-09-06 23:06:37 - 03_salesfc_deep_learning - DEBUG - Store 153: 765 sequences built.
2026-09-06 23:06:37 - 03_salesfc_deep_learning - DEBUG - Store 154: 767 sequences built.
2026-09-06 23:06:37 - 03_salesfc_deep_learning - DEBUG - Store 155: 609 sequences built.
2026-09-06 23:06:37 - 03_salesfc_deep_learning - DEBUG - Store 156: 768 sequences built.
2026-09-06 23:06:37 - 03_salesfc_deep_learning - DEBUG - Store 157: 765 sequences built.
2026-09-06 23:06:37 - 03_salesfc_deep_learning - DEBUG - Store 158: 765 sequences built.
2026-09-06 23:06:37 - 03_salesfc_deep_learning - DEBUG - Store 159: 609 sequences built.
2026-09-06 23:06:37 - 03_salesfc_deep_learning - DEBUG - Store 160: 767 sequences built.
2026-09-06 23:06:37 - 03_salesfc_deep_learning - DEBUG - Store 161: 765 sequences built.
2026-09-06 23:06:37 - 03_salesfc_deep_learning - DEBUG - Store 162: 767 sequences built.
2026-09-06 23:06:37 - 03_salesfc_deep_learning - DEBUG - Store 163: 770 sequences built.
2026-09-06 23:06:37 - 03_salesfc_deep_learning - DEBUG - Store 164: 609 sequences built.
2026-09-06 23:06:37 - 03_salesfc_deep_learning - DEBUG - Store 165: 608 sequences built.
2026-09-06 23:06:37 - 03_salesfc_deep_learning - DEBUG - Store 166: 765 sequences built.
2026-09-06 23:06:37 - 03_salesfc_deep_learning - DEBUG - Store 167: 766 sequences built.
2026-09-06 23:06:37 - 03_salesfc_deep_learning - DEBUG - Store 168: 763 sequences built.
2026-09-06 23:06:37 - 03_salesfc_deep_learning - DEBUG - Store 169: 752 sequences built.
2026-09-06 23:06:37 - 03_salesfc_deep_learning - DEBUG - Store 170: 765 sequences built.
2026-09-06 23:06:37 - 03_salesfc_deep_learning - DEBUG - Store 171: 765 sequences built.
2026-09-06 23:06:37 - 03_salesfc_deep_learning - DEBUG - Store 172: 608 sequences built.
2026-09-06 23:06:37 - 03_salesfc_deep_learning - DEBUG - Store 173: 770 sequences built.
2026-09-06 23:06:37 - 03_salesfc_deep_learning - DEBUG - Store 174: 608 sequences built.
2026-09-06 23:06:37 - 03_salesfc_deep_learning - DEBUG - Store 175: 770 sequences built.
2026-09-06 23:06:37 - 03_salesfc_deep_learning - DEBUG - Store 176: 765 sequences built.
2026-09-06 23:06:37 - 03_salesfc_deep_learning - DEBUG - Store 177: 766 sequences built.
2026-09-06 23:06:37 - 03_salesfc_deep_learning - DEBUG - Store 178: 766 sequences built.
2026-09-06 23:06:37 - 03_salesfc_deep_learning - DEBUG - Store 179: 765 sequences built.
2026-09-06 23:06:37 - 03_salesfc_deep_learning - DEBUG - Store 180: 770 sequences built.
2026-09-06 23:06:37 - 03_salesfc_deep_learning - DEBUG - Store 181: 609 sequences built.
2026-09-06 23:06:37 - 03_salesfc_deep_learning - DEBUG - Store 182: 767 sequences built.
2026-09-06 23:06:37 - 03_salesfc_deep_learning - DEBUG - Store 183: 597 sequences built.
2026-09-06 23:06:37 - 03_salesfc_deep_learning - DEBUG - Store 184: 763 sequences built.
2026-09-06 23:06:37 - 03_salesfc_deep_learning - DEBUG - Store 185: 770 sequences built.
2026-09-06 23:06:37 - 03_salesfc_deep_learning - DEBUG - Store 186: 608 sequences built.
2026-09-06 23:06:37 - 03_salesfc_deep_learning - DEBUG - Store 187: 770 sequences built.
2026-09-06 23:06:37 - 03_salesfc_deep_learning - DEBUG - Store 188: 765 sequences built.
2026-09-06 23:06:37 - 03_salesfc_deep_learning - DEBUG - Store 189: 765 sequences built.
2026-09-06 23:06:37 - 03_salesfc_deep_learning - DEBUG - Store 190: 608 sequences built.
2026-09-06 23:06:37 - 03_salesfc_deep_learning - DEBUG - Store 191: 608 sequences built.
2026-09-06 23:06:37 - 03_salesfc_deep_learning - DEBUG - Store 192: 608 sequences built.
2026-09-06 23:06:37 - 03_salesfc_deep_learning - DEBUG - Store 193: 763 sequences built.
2026-09-06 23:06:37 - 03_salesfc_deep_learning - DEBUG - Store 194: 763 sequences built.
2026-09-06 23:06:37 - 03_salesfc_deep_learning - DEBUG - Store 195: 765 sequences built.
2026-09-06 23:06:37 - 03_salesfc_deep_learning - DEBUG - Store 196: 768 sequences built.
2026-09-06 23:06:37 - 03_salesfc_deep_learning - DEBUG - Store 197: 770 sequences built.
2026-09-06 23:06:37 - 03_salesfc_deep_learning - DEBUG - Store 198: 768 sequences built.
2026-09-06 23:06:37 - 03_salesfc_deep_learning - DEBUG - Store 199: 765 sequences built.
2026-09-06 23:06:37 - 03_salesfc_deep_learning - DEBUG - Store 200: 765 sequences built.
2026-09-06 23:06:37 - 03_salesfc_deep_learning - DEBUG - Store 201: 765 sequences built.
2026-09-06 23:06:37 - 03_salesfc_deep_learning - DEBUG - Store 202: 767 sequences built.
2026-09-06 23:06:37 - 03_salesfc_deep_learning - DEBUG - Store 203: 768 sequences built.
2026-09-06 23:06:37 - 03_salesfc_deep_learning - DEBUG - Store 204: 608 sequences built.
2026-09-06 23:06:37 - 03_salesfc_deep_learning - DEBUG - Store 205: 770 sequences built.
2026-09-06 23:06:37 - 03_salesfc_deep_learning - DEBUG - Store 206: 765 sequences built.
2026-09-06 23:06:37 - 03_salesfc_deep_learning - DEBUG - Store 207: 770 sequences built.
2026-09-06 23:06:37 - 03_salesfc_deep_learning - DEBUG - Store 208: 770 sequences built.
2026-09-06 23:06:37 - 03_salesfc_deep_learning - DEBUG - Store 209: 868 sequences built.
2026-09-06 23:06:37 - 03_salesfc_deep_learning - DEBUG - Store 210: 765 sequences built.
2026-09-06 23:06:37 - 03_salesfc_deep_learning - DEBUG - Store 211: 770 sequences built.
2026-09-06 23:06:37 - 03_salesfc_deep_learning - DEBUG - Store 212: 770 sequences built.
2026-09-06 23:06:37 - 03_salesfc_deep_learning - DEBUG - Store 213: 765 sequences built.
2026-09-06 23:06:37 - 03_salesfc_deep_learning - DEBUG - Store 214: 765 sequences built.
2026-09-06 23:06:37 - 03_salesfc_deep_learning - DEBUG - Store 215: 607 sequences built.
2026-09-06 23:06:37 - 03_salesfc_deep_learning - DEBUG - Store 216: 762 sequences built.
2026-09-06 23:06:37 - 03_salesfc_deep_learning - DEBUG - Store 217: 770 sequences built.
2026-09-06 23:06:37 - 03_salesfc_deep_learning - DEBUG - Store 218: 608 sequences built.
2026-09-06 23:06:37 - 03_salesfc_deep_learning - DEBUG - Store 219: 765 sequences built.
2026-09-06 23:06:38 - 03_salesfc_deep_learning - DEBUG - Store 220: 762 sequences built.
2026-09-06 23:06:38 - 03_salesfc_deep_learning - DEBUG - Store 221: 770 sequences built.
2026-09-06 23:06:38 - 03_salesfc_deep_learning - DEBUG - Store 222: 770 sequences built.
2026-09-06 23:06:38 - 03_salesfc_deep_learning - DEBUG - Store 223: 768 sequences built.
2026-09-06 23:06:38 - 03_salesfc_deep_learning - DEBUG - Store 224: 763 sequences built.
2026-09-06 23:06:38 - 03_salesfc_deep_learning - DEBUG - Store 225: 768 sequences built.
2026-09-06 23:06:38 - 03_salesfc_deep_learning - DEBUG - Store 226: 767 sequences built.
2026-09-06 23:06:38 - 03_salesfc_deep_learning - DEBUG - Store 227: 754 sequences built.
2026-09-06 23:06:38 - 03_salesfc_deep_learning - DEBUG - Store 228: 765 sequences built.
2026-09-06 23:06:38 - 03_salesfc_deep_learning - DEBUG - Store 229: 765 sequences built.
2026-09-06 23:06:38 - 03_salesfc_deep_learning - DEBUG - Store 230: 770 sequences built.
2026-09-06 23:06:38 - 03_salesfc_deep_learning - DEBUG - Store 231: 608 sequences built.
2026-09-06 23:06:38 - 03_salesfc_deep_learning - DEBUG - Store 232: 752 sequences built.
2026-09-06 23:06:38 - 03_salesfc_deep_learning - DEBUG - Store 233: 767 sequences built.
2026-09-06 23:06:38 - 03_salesfc_deep_learning - DEBUG - Store 234: 765 sequences built.
2026-09-06 23:06:38 - 03_salesfc_deep_learning - DEBUG - Store 235: 767 sequences built.
2026-09-06 23:06:38 - 03_salesfc_deep_learning - DEBUG - Store 236: 770 sequences built.
2026-09-06 23:06:38 - 03_salesfc_deep_learning - DEBUG - Store 237: 770 sequences built.
2026-09-06 23:06:38 - 03_salesfc_deep_learning - DEBUG - Store 238: 752 sequences built.
2026-09-06 23:06:38 - 03_salesfc_deep_learning - DEBUG - Store 239: 765 sequences built.
2026-09-06 23:06:38 - 03_salesfc_deep_learning - DEBUG - Store 240: 770 sequences built.
2026-09-06 23:06:38 - 03_salesfc_deep_learning - DEBUG - Store 241: 765 sequences built.
2026-09-06 23:06:38 - 03_salesfc_deep_learning - DEBUG - Store 242: 767 sequences built.
2026-09-06 23:06:38 - 03_salesfc_deep_learning - DEBUG - Store 243: 609 sequences built.
2026-09-06 23:06:38 - 03_salesfc_deep_learning - DEBUG - Store 244: 765 sequences built.
2026-09-06 23:06:38 - 03_salesfc_deep_learning - DEBUG - Store 245: 767 sequences built.
2026-09-06 23:06:38 - 03_salesfc_deep_learning - DEBUG - Store 246: 770 sequences built.
2026-09-06 23:06:38 - 03_salesfc_deep_learning - DEBUG - Store 247: 767 sequences built.
2026-09-06 23:06:38 - 03_salesfc_deep_learning - DEBUG - Store 248: 770 sequences built.
2026-09-06 23:06:38 - 03_salesfc_deep_learning - DEBUG - Store 249: 770 sequences built.
2026-09-06 23:06:38 - 03_salesfc_deep_learning - DEBUG - Store 250: 767 sequences built.
2026-09-06 23:06:38 - 03_salesfc_deep_learning - DEBUG - Store 251: 765 sequences built.
2026-09-06 23:06:38 - 03_salesfc_deep_learning - DEBUG - Store 252: 765 sequences built.
2026-09-06 23:06:38 - 03_salesfc_deep_learning - DEBUG - Store 253: 765 sequences built.
2026-09-06 23:06:38 - 03_salesfc_deep_learning - DEBUG - Store 254: 765 sequences built.
2026-09-06 23:06:38 - 03_salesfc_deep_learning - DEBUG - Store 255: 765 sequences built.
2026-09-06 23:06:38 - 03_salesfc_deep_learning - DEBUG - Store 256: 762 sequences built.
2026-09-06 23:06:38 - 03_salesfc_deep_learning - DEBUG - Store 257: 770 sequences built.
2026-09-06 23:06:38 - 03_salesfc_deep_learning - DEBUG - Store 258: 608 sequences built.
2026-09-06 23:06:38 - 03_salesfc_deep_learning - DEBUG - Store 259: 918 sequences built.
2026-09-06 23:06:38 - 03_salesfc_deep_learning - DEBUG - Store 260: 770 sequences built.
2026-09-06 23:06:38 - 03_salesfc_deep_learning - DEBUG - Store 261: 765 sequences built.
2026-09-06 23:06:38 - 03_salesfc_deep_learning - DEBUG - Store 262: 928 sequences built.
2026-09-06 23:06:38 - 03_salesfc_deep_learning - DEBUG - Store 263: 608 sequences built.
2026-09-06 23:06:38 - 03_salesfc_deep_learning - DEBUG - Store 264: 748 sequences built.
2026-09-06 23:06:38 - 03_salesfc_deep_learning - DEBUG - Store 265: 765 sequences built.
2026-09-06 23:06:38 - 03_salesfc_deep_learning - DEBUG - Store 266: 766 sequences built.
2026-09-06 23:06:38 - 03_salesfc_deep_learning - DEBUG - Store 267: 770 sequences built.
2026-09-06 23:06:38 - 03_salesfc_deep_learning - DEBUG - Store 268: 770 sequences built.
2026-09-06 23:06:38 - 03_salesfc_deep_learning - DEBUG - Store 269: 765 sequences built.
2026-09-06 23:06:38 - 03_salesfc_deep_learning - DEBUG - Store 270: 770 sequences built.
2026-09-06 23:06:38 - 03_salesfc_deep_learning - DEBUG - Store 271: 766 sequences built.
2026-09-06 23:06:38 - 03_salesfc_deep_learning - DEBUG - Store 272: 767 sequences built.
2026-09-06 23:06:38 - 03_salesfc_deep_learning - DEBUG - Store 273: 765 sequences built.
2026-09-06 23:06:38 - 03_salesfc_deep_learning - DEBUG - Store 274: 918 sequences built.
2026-09-06 23:06:38 - 03_salesfc_deep_learning - DEBUG - Store 275: 608 sequences built.
2026-09-06 23:06:38 - 03_salesfc_deep_learning - DEBUG - Store 276: 766 sequences built.
2026-09-06 23:06:38 - 03_salesfc_deep_learning - DEBUG - Store 277: 608 sequences built.
2026-09-06 23:06:38 - 03_salesfc_deep_learning - DEBUG - Store 278: 770 sequences built.
2026-09-06 23:06:38 - 03_salesfc_deep_learning - DEBUG - Store 279: 609 sequences built.
2026-09-06 23:06:38 - 03_salesfc_deep_learning - DEBUG - Store 280: 763 sequences built.
2026-09-06 23:06:38 - 03_salesfc_deep_learning - DEBUG - Store 281: 770 sequences built.
2026-09-06 23:06:38 - 03_salesfc_deep_learning - DEBUG - Store 282: 770 sequences built.
2026-09-06 23:06:38 - 03_salesfc_deep_learning - DEBUG - Store 283: 608 sequences built.
2026-09-06 23:06:38 - 03_salesfc_deep_learning - DEBUG - Store 284: 608 sequences built.
2026-09-06 23:06:38 - 03_salesfc_deep_learning - DEBUG - Store 285: 767 sequences built.
2026-09-06 23:06:38 - 03_salesfc_deep_learning - DEBUG - Store 286: 765 sequences built.
2026-09-06 23:06:38 - 03_salesfc_deep_learning - DEBUG - Store 287: 608 sequences built.
2026-09-06 23:06:38 - 03_salesfc_deep_learning - DEBUG - Store 288: 608 sequences built.
2026-09-06 23:06:38 - 03_salesfc_deep_learning - DEBUG - Store 289: 767 sequences built.
2026-09-06 23:06:38 - 03_salesfc_deep_learning - DEBUG - Store 290: 765 sequences built.
2026-09-06 23:06:38 - 03_salesfc_deep_learning - DEBUG - Store 291: 766 sequences built.
2026-09-06 23:06:38 - 03_salesfc_deep_learning - DEBUG - Store 292: 752 sequences built.
2026-09-06 23:06:38 - 03_salesfc_deep_learning - DEBUG - Store 293: 769 sequences built.
2026-09-06 23:06:38 - 03_salesfc_deep_learning - DEBUG - Store 294: 767 sequences built.
2026-09-06 23:06:38 - 03_salesfc_deep_learning - DEBUG - Store 295: 763 sequences built.
2026-09-06 23:06:38 - 03_salesfc_deep_learning - DEBUG - Store 296: 767 sequences built.
2026-09-06 23:06:38 - 03_salesfc_deep_learning - DEBUG - Store 297: 763 sequences built.
2026-09-06 23:06:38 - 03_salesfc_deep_learning - DEBUG - Store 298: 608 sequences built.
2026-09-06 23:06:38 - 03_salesfc_deep_learning - DEBUG - Store 299: 868 sequences built.
2026-09-06 23:06:38 - 03_salesfc_deep_learning - DEBUG - Store 300: 768 sequences built.
2026-09-06 23:06:38 - 03_salesfc_deep_learning - DEBUG - Store 301: 770 sequences built.
2026-09-06 23:06:38 - 03_salesfc_deep_learning - DEBUG - Store 302: 767 sequences built.
2026-09-06 23:06:38 - 03_salesfc_deep_learning - DEBUG - Store 303: 753 sequences built.
2026-09-06 23:06:38 - 03_salesfc_deep_learning - DEBUG - Store 304: 770 sequences built.
2026-09-06 23:06:38 - 03_salesfc_deep_learning - DEBUG - Store 305: 767 sequences built.
2026-09-06 23:06:38 - 03_salesfc_deep_learning - DEBUG - Store 306: 608 sequences built.
2026-09-06 23:06:38 - 03_salesfc_deep_learning - DEBUG - Store 307: 768 sequences built.
2026-09-06 23:06:38 - 03_salesfc_deep_learning - DEBUG - Store 308: 754 sequences built.
2026-09-06 23:06:38 - 03_salesfc_deep_learning - DEBUG - Store 309: 765 sequences built.
2026-09-06 23:06:38 - 03_salesfc_deep_learning - DEBUG - Store 310: 883 sequences built.
2026-09-06 23:06:38 - 03_salesfc_deep_learning - DEBUG - Store 311: 767 sequences built.
2026-09-06 23:06:38 - 03_salesfc_deep_learning - DEBUG - Store 312: 767 sequences built.
2026-09-06 23:06:38 - 03_salesfc_deep_learning - DEBUG - Store 313: 768 sequences built.
2026-09-06 23:06:38 - 03_salesfc_deep_learning - DEBUG - Store 314: 765 sequences built.
2026-09-06 23:06:38 - 03_salesfc_deep_learning - DEBUG - Store 315: 770 sequences built.
2026-09-06 23:06:38 - 03_salesfc_deep_learning - DEBUG - Store 316: 765 sequences built.
2026-09-06 23:06:38 - 03_salesfc_deep_learning - DEBUG - Store 317: 608 sequences built.
2026-09-06 23:06:38 - 03_salesfc_deep_learning - DEBUG - Store 318: 766 sequences built.
2026-09-06 23:06:38 - 03_salesfc_deep_learning - DEBUG - Store 319: 770 sequences built.
2026-09-06 23:06:38 - 03_salesfc_deep_learning - DEBUG - Store 320: 770 sequences built.
2026-09-06 23:06:38 - 03_salesfc_deep_learning - DEBUG - Store 321: 766 sequences built.
2026-09-06 23:06:38 - 03_salesfc_deep_learning - DEBUG - Store 322: 768 sequences built.
2026-09-06 23:06:38 - 03_salesfc_deep_learning - DEBUG - Store 323: 765 sequences built.
2026-09-06 23:06:38 - 03_salesfc_deep_learning - DEBUG - Store 324: 766 sequences built.
2026-09-06 23:06:38 - 03_salesfc_deep_learning - DEBUG - Store 325: 765 sequences built.
2026-09-06 23:06:38 - 03_salesfc_deep_learning - DEBUG - Store 326: 765 sequences built.
2026-09-06 23:06:38 - 03_salesfc_deep_learning - DEBUG - Store 327: 764 sequences built.
2026-09-06 23:06:38 - 03_salesfc_deep_learning - DEBUG - Store 328: 765 sequences built.
2026-09-06 23:06:38 - 03_salesfc_deep_learning - DEBUG - Store 329: 765 sequences built.
2026-09-06 23:06:38 - 03_salesfc_deep_learning - DEBUG - Store 330: 765 sequences built.
2026-09-06 23:06:38 - 03_salesfc_deep_learning - DEBUG - Store 331: 765 sequences built.
2026-09-06 23:06:38 - 03_salesfc_deep_learning - DEBUG - Store 332: 766 sequences built.
2026-09-06 23:06:38 - 03_salesfc_deep_learning - DEBUG - Store 333: 770 sequences built.
2026-09-06 23:06:38 - 03_salesfc_deep_learning - DEBUG - Store 334: 765 sequences built.
2026-09-06 23:06:38 - 03_salesfc_deep_learning - DEBUG - Store 335: 928 sequences built.
2026-09-06 23:06:38 - 03_salesfc_deep_learning - DEBUG - Store 336: 766 sequences built.
2026-09-06 23:06:38 - 03_salesfc_deep_learning - DEBUG - Store 337: 767 sequences built.
2026-09-06 23:06:38 - 03_salesfc_deep_learning - DEBUG - Store 338: 767 sequences built.
2026-09-06 23:06:38 - 03_salesfc_deep_learning - DEBUG - Store 339: 742 sequences built.
2026-09-06 23:06:38 - 03_salesfc_deep_learning - DEBUG - Store 340: 770 sequences built.
2026-09-06 23:06:38 - 03_salesfc_deep_learning - DEBUG - Store 341: 765 sequences built.
2026-09-06 23:06:38 - 03_salesfc_deep_learning - DEBUG - Store 342: 607 sequences built.
2026-09-06 23:06:38 - 03_salesfc_deep_learning - DEBUG - Store 343: 765 sequences built.
2026-09-06 23:06:38 - 03_salesfc_deep_learning - DEBUG - Store 344: 770 sequences built.
2026-09-06 23:06:38 - 03_salesfc_deep_learning - DEBUG - Store 345: 608 sequences built.
2026-09-06 23:06:38 - 03_salesfc_deep_learning - DEBUG - Store 346: 765 sequences built.
2026-09-06 23:06:38 - 03_salesfc_deep_learning - DEBUG - Store 347: 763 sequences built.
2026-09-06 23:06:38 - 03_salesfc_deep_learning - DEBUG - Store 348: 583 sequences built.
2026-09-06 23:06:38 - 03_salesfc_deep_learning - DEBUG - Store 349: 686 sequences built.
2026-09-06 23:06:38 - 03_salesfc_deep_learning - DEBUG - Store 350: 767 sequences built.
2026-09-06 23:06:38 - 03_salesfc_deep_learning - DEBUG - Store 351: 765 sequences built.
2026-09-06 23:06:38 - 03_salesfc_deep_learning - DEBUG - Store 352: 770 sequences built.
2026-09-06 23:06:38 - 03_salesfc_deep_learning - DEBUG - Store 353: 917 sequences built.
2026-09-06 23:06:38 - 03_salesfc_deep_learning - DEBUG - Store 354: 765 sequences built.
2026-09-06 23:06:38 - 03_salesfc_deep_learning - DEBUG - Store 355: 770 sequences built.
2026-09-06 23:06:38 - 03_salesfc_deep_learning - DEBUG - Store 356: 763 sequences built.
2026-09-06 23:06:38 - 03_salesfc_deep_learning - DEBUG - Store 357: 754 sequences built.
2026-09-06 23:06:38 - 03_salesfc_deep_learning - DEBUG - Store 358: 765 sequences built.
2026-09-06 23:06:38 - 03_salesfc_deep_learning - DEBUG - Store 359: 765 sequences built.
2026-09-06 23:06:38 - 03_salesfc_deep_learning - DEBUG - Store 360: 770 sequences built.
2026-09-06 23:06:38 - 03_salesfc_deep_learning - DEBUG - Store 361: 766 sequences built.
2026-09-06 23:06:38 - 03_salesfc_deep_learning - DEBUG - Store 362: 767 sequences built.
2026-09-06 23:06:38 - 03_salesfc_deep_learning - DEBUG - Store 363: 770 sequences built.
2026-09-06 23:06:38 - 03_salesfc_deep_learning - DEBUG - Store 364: 757 sequences built.
2026-09-06 23:06:38 - 03_salesfc_deep_learning - DEBUG - Store 365: 607 sequences built.
2026-09-06 23:06:38 - 03_salesfc_deep_learning - DEBUG - Store 366: 766 sequences built.
2026-09-06 23:06:38 - 03_salesfc_deep_learning - DEBUG - Store 367: 770 sequences built.
2026-09-06 23:06:38 - 03_salesfc_deep_learning - DEBUG - Store 368: 763 sequences built.
2026-09-06 23:06:38 - 03_salesfc_deep_learning - DEBUG - Store 369: 767 sequences built.
2026-09-06 23:06:38 - 03_salesfc_deep_learning - DEBUG - Store 370: 765 sequences built.
2026-09-06 23:06:38 - 03_salesfc_deep_learning - DEBUG - Store 371: 767 sequences built.
2026-09-06 23:06:38 - 03_salesfc_deep_learning - DEBUG - Store 372: 765 sequences built.
2026-09-06 23:06:38 - 03_salesfc_deep_learning - DEBUG - Store 373: 763 sequences built.
2026-09-06 23:06:38 - 03_salesfc_deep_learning - DEBUG - Store 374: 770 sequences built.
2026-09-06 23:06:38 - 03_salesfc_deep_learning - DEBUG - Store 375: 766 sequences built.
2026-09-06 23:06:38 - 03_salesfc_deep_learning - DEBUG - Store 376: 760 sequences built.
2026-09-06 23:06:38 - 03_salesfc_deep_learning - DEBUG - Store 377: 770 sequences built.
2026-09-06 23:06:38 - 03_salesfc_deep_learning - DEBUG - Store 378: 765 sequences built.
2026-09-06 23:06:38 - 03_salesfc_deep_learning - DEBUG - Store 379: 770 sequences built.
2026-09-06 23:06:38 - 03_salesfc_deep_learning - DEBUG - Store 380: 765 sequences built.
2026-09-06 23:06:38 - 03_salesfc_deep_learning - DEBUG - Store 381: 766 sequences built.
2026-09-06 23:06:38 - 03_salesfc_deep_learning - DEBUG - Store 382: 766 sequences built.
2026-09-06 23:06:38 - 03_salesfc_deep_learning - DEBUG - Store 383: 766 sequences built.
2026-09-06 23:06:38 - 03_salesfc_deep_learning - DEBUG - Store 384: 768 sequences built.
2026-09-06 23:06:38 - 03_salesfc_deep_learning - DEBUG - Store 385: 608 sequences built.
2026-09-06 23:06:38 - 03_salesfc_deep_learning - DEBUG - Store 386: 765 sequences built.
2026-09-06 23:06:38 - 03_salesfc_deep_learning - DEBUG - Store 387: 752 sequences built.
2026-09-06 23:06:38 - 03_salesfc_deep_learning - DEBUG - Store 388: 765 sequences built.
2026-09-06 23:06:38 - 03_salesfc_deep_learning - DEBUG - Store 389: 770 sequences built.
2026-09-06 23:06:38 - 03_salesfc_deep_learning - DEBUG - Store 390: 766 sequences built.
2026-09-06 23:06:38 - 03_salesfc_deep_learning - DEBUG - Store 391: 754 sequences built.
2026-09-06 23:06:38 - 03_salesfc_deep_learning - DEBUG - Store 392: 765 sequences built.
2026-09-06 23:06:38 - 03_salesfc_deep_learning - DEBUG - Store 393: 765 sequences built.
2026-09-06 23:06:38 - 03_salesfc_deep_learning - DEBUG - Store 394: 767 sequences built.
2026-09-06 23:06:38 - 03_salesfc_deep_learning - DEBUG - Store 395: 765 sequences built.
2026-09-06 23:06:38 - 03_salesfc_deep_learning - DEBUG - Store 396: 766 sequences built.
2026-09-06 23:06:38 - 03_salesfc_deep_learning - DEBUG - Store 397: 765 sequences built.
2026-09-06 23:06:38 - 03_salesfc_deep_learning - DEBUG - Store 398: 770 sequences built.
2026-09-06 23:06:38 - 03_salesfc_deep_learning - DEBUG - Store 399: 608 sequences built.
2026-09-06 23:06:38 - 03_salesfc_deep_learning - DEBUG - Store 400: 768 sequences built.
2026-09-06 23:06:38 - 03_salesfc_deep_learning - DEBUG - Store 401: 766 sequences built.
2026-09-06 23:06:38 - 03_salesfc_deep_learning - DEBUG - Store 402: 766 sequences built.
2026-09-06 23:06:38 - 03_salesfc_deep_learning - DEBUG - Store 403: 765 sequences built.
2026-09-06 23:06:38 - 03_salesfc_deep_learning - DEBUG - Store 404: 745 sequences built.
2026-09-06 23:06:38 - 03_salesfc_deep_learning - DEBUG - Store 405: 765 sequences built.
2026-09-06 23:06:38 - 03_salesfc_deep_learning - DEBUG - Store 406: 765 sequences built.
2026-09-06 23:06:38 - 03_salesfc_deep_learning - DEBUG - Store 407: 608 sequences built.
2026-09-06 23:06:38 - 03_salesfc_deep_learning - DEBUG - Store 408: 763 sequences built.
2026-09-06 23:06:38 - 03_salesfc_deep_learning - DEBUG - Store 409: 767 sequences built.
2026-09-06 23:06:38 - 03_salesfc_deep_learning - DEBUG - Store 410: 765 sequences built.
2026-09-06 23:06:38 - 03_salesfc_deep_learning - DEBUG - Store 411: 767 sequences built.
2026-09-06 23:06:38 - 03_salesfc_deep_learning - DEBUG - Store 412: 608 sequences built.
2026-09-06 23:06:38 - 03_salesfc_deep_learning - DEBUG - Store 413: 608 sequences built.
2026-09-06 23:06:38 - 03_salesfc_deep_learning - DEBUG - Store 414: 767 sequences built.
2026-09-06 23:06:38 - 03_salesfc_deep_learning - DEBUG - Store 415: 766 sequences built.
2026-09-06 23:06:38 - 03_salesfc_deep_learning - DEBUG - Store 416: 770 sequences built.
2026-09-06 23:06:38 - 03_salesfc_deep_learning - DEBUG - Store 417: 765 sequences built.
2026-09-06 23:06:38 - 03_salesfc_deep_learning - DEBUG - Store 418: 762 sequences built.
2026-09-06 23:06:38 - 03_salesfc_deep_learning - DEBUG - Store 419: 770 sequences built.
2026-09-06 23:06:38 - 03_salesfc_deep_learning - DEBUG - Store 420: 608 sequences built.
2026-09-06 23:06:38 - 03_salesfc_deep_learning - DEBUG - Store 421: 770 sequences built.
2026-09-06 23:06:38 - 03_salesfc_deep_learning - DEBUG - Store 422: 770 sequences built.
2026-09-06 23:06:38 - 03_salesfc_deep_learning - DEBUG - Store 423: 928 sequences built.
2026-09-06 23:06:39 - 03_salesfc_deep_learning - DEBUG - Store 424: 765 sequences built.
2026-09-06 23:06:39 - 03_salesfc_deep_learning - DEBUG - Store 425: 762 sequences built.
2026-09-06 23:06:39 - 03_salesfc_deep_learning - DEBUG - Store 426: 765 sequences built.
2026-09-06 23:06:39 - 03_salesfc_deep_learning - DEBUG - Store 427: 609 sequences built.
2026-09-06 23:06:39 - 03_salesfc_deep_learning - DEBUG - Store 428: 608 sequences built.
2026-09-06 23:06:39 - 03_salesfc_deep_learning - DEBUG - Store 429: 608 sequences built.
2026-09-06 23:06:39 - 03_salesfc_deep_learning - DEBUG - Store 430: 608 sequences built.
2026-09-06 23:06:39 - 03_salesfc_deep_learning - DEBUG - Store 431: 765 sequences built.
2026-09-06 23:06:39 - 03_salesfc_deep_learning - DEBUG - Store 432: 770 sequences built.
2026-09-06 23:06:39 - 03_salesfc_deep_learning - DEBUG - Store 433: 848 sequences built.
2026-09-06 23:06:39 - 03_salesfc_deep_learning - DEBUG - Store 434: 608 sequences built.
2026-09-06 23:06:39 - 03_salesfc_deep_learning - DEBUG - Store 435: 765 sequences built.
2026-09-06 23:06:39 - 03_salesfc_deep_learning - DEBUG - Store 436: 766 sequences built.
2026-09-06 23:06:39 - 03_salesfc_deep_learning - DEBUG - Store 437: 766 sequences built.
2026-09-06 23:06:39 - 03_salesfc_deep_learning - DEBUG - Store 438: 766 sequences built.
2026-09-06 23:06:39 - 03_salesfc_deep_learning - DEBUG - Store 439: 770 sequences built.
2026-09-06 23:06:39 - 03_salesfc_deep_learning - DEBUG - Store 440: 763 sequences built.
2026-09-06 23:06:39 - 03_salesfc_deep_learning - DEBUG - Store 441: 765 sequences built.
2026-09-06 23:06:39 - 03_salesfc_deep_learning - DEBUG - Store 442: 763 sequences built.
2026-09-06 23:06:39 - 03_salesfc_deep_learning - DEBUG - Store 443: 766 sequences built.
2026-09-06 23:06:39 - 03_salesfc_deep_learning - DEBUG - Store 444: 763 sequences built.
2026-09-06 23:06:39 - 03_salesfc_deep_learning - DEBUG - Store 445: 762 sequences built.
2026-09-06 23:06:39 - 03_salesfc_deep_learning - DEBUG - Store 446: 765 sequences built.
2026-09-06 23:06:39 - 03_salesfc_deep_learning - DEBUG - Store 447: 770 sequences built.
2026-09-06 23:06:39 - 03_salesfc_deep_learning - DEBUG - Store 448: 765 sequences built.
2026-09-06 23:06:39 - 03_salesfc_deep_learning - DEBUG - Store 449: 767 sequences built.
2026-09-06 23:06:39 - 03_salesfc_deep_learning - DEBUG - Store 450: 763 sequences built.
2026-09-06 23:06:39 - 03_salesfc_deep_learning - DEBUG - Store 451: 767 sequences built.
2026-09-06 23:06:39 - 03_salesfc_deep_learning - DEBUG - Store 452: 770 sequences built.
2026-09-06 23:06:39 - 03_salesfc_deep_learning - DEBUG - Store 453: 873 sequences built.
2026-09-06 23:06:39 - 03_salesfc_deep_learning - DEBUG - Store 454: 766 sequences built.
2026-09-06 23:06:39 - 03_salesfc_deep_learning - DEBUG - Store 455: 763 sequences built.
2026-09-06 23:06:39 - 03_salesfc_deep_learning - DEBUG - Store 456: 765 sequences built.
2026-09-06 23:06:39 - 03_salesfc_deep_learning - DEBUG - Store 457: 608 sequences built.
2026-09-06 23:06:39 - 03_salesfc_deep_learning - DEBUG - Store 458: 767 sequences built.
2026-09-06 23:06:39 - 03_salesfc_deep_learning - DEBUG - Store 459: 770 sequences built.
2026-09-06 23:06:39 - 03_salesfc_deep_learning - DEBUG - Store 460: 766 sequences built.
2026-09-06 23:06:39 - 03_salesfc_deep_learning - DEBUG - Store 461: 763 sequences built.
2026-09-06 23:06:39 - 03_salesfc_deep_learning - DEBUG - Store 462: 766 sequences built.
2026-09-06 23:06:39 - 03_salesfc_deep_learning - DEBUG - Store 463: 765 sequences built.
2026-09-06 23:06:39 - 03_salesfc_deep_learning - DEBUG - Store 464: 770 sequences built.
2026-09-06 23:06:39 - 03_salesfc_deep_learning - DEBUG - Store 465: 767 sequences built.
2026-09-06 23:06:39 - 03_salesfc_deep_learning - DEBUG - Store 466: 765 sequences built.
2026-09-06 23:06:39 - 03_salesfc_deep_learning - DEBUG - Store 467: 765 sequences built.
2026-09-06 23:06:39 - 03_salesfc_deep_learning - DEBUG - Store 468: 770 sequences built.
2026-09-06 23:06:39 - 03_salesfc_deep_learning - DEBUG - Store 469: 770 sequences built.
2026-09-06 23:06:39 - 03_salesfc_deep_learning - DEBUG - Store 470: 762 sequences built.
2026-09-06 23:06:39 - 03_salesfc_deep_learning - DEBUG - Store 471: 608 sequences built.
2026-09-06 23:06:39 - 03_salesfc_deep_learning - DEBUG - Store 472: 770 sequences built.
2026-09-06 23:06:39 - 03_salesfc_deep_learning - DEBUG - Store 473: 765 sequences built.
2026-09-06 23:06:39 - 03_salesfc_deep_learning - DEBUG - Store 474: 768 sequences built.
2026-09-06 23:06:39 - 03_salesfc_deep_learning - DEBUG - Store 475: 762 sequences built.
2026-09-06 23:06:39 - 03_salesfc_deep_learning - DEBUG - Store 476: 766 sequences built.
2026-09-06 23:06:39 - 03_salesfc_deep_learning - DEBUG - Store 477: 608 sequences built.
2026-09-06 23:06:39 - 03_salesfc_deep_learning - DEBUG - Store 478: 770 sequences built.
2026-09-06 23:06:39 - 03_salesfc_deep_learning - DEBUG - Store 479: 768 sequences built.
2026-09-06 23:06:39 - 03_salesfc_deep_learning - DEBUG - Store 480: 770 sequences built.
2026-09-06 23:06:39 - 03_salesfc_deep_learning - DEBUG - Store 481: 767 sequences built.
2026-09-06 23:06:39 - 03_salesfc_deep_learning - DEBUG - Store 482: 768 sequences built.
2026-09-06 23:06:39 - 03_salesfc_deep_learning - DEBUG - Store 483: 766 sequences built.
2026-09-06 23:06:39 - 03_salesfc_deep_learning - DEBUG - Store 484: 770 sequences built.
2026-09-06 23:06:39 - 03_salesfc_deep_learning - DEBUG - Store 485: 608 sequences built.
2026-09-06 23:06:39 - 03_salesfc_deep_learning - DEBUG - Store 486: 765 sequences built.
2026-09-06 23:06:39 - 03_salesfc_deep_learning - DEBUG - Store 487: 770 sequences built.
2026-09-06 23:06:39 - 03_salesfc_deep_learning - DEBUG - Store 488: 770 sequences built.
2026-09-06 23:06:39 - 03_salesfc_deep_learning - DEBUG - Store 489: 766 sequences built.
2026-09-06 23:06:39 - 03_salesfc_deep_learning - DEBUG - Store 490: 608 sequences built.
2026-09-06 23:06:39 - 03_salesfc_deep_learning - DEBUG - Store 491: 763 sequences built.
2026-09-06 23:06:39 - 03_salesfc_deep_learning - DEBUG - Store 492: 600 sequences built.
2026-09-06 23:06:39 - 03_salesfc_deep_learning - DEBUG - Store 493: 765 sequences built.
2026-09-06 23:06:39 - 03_salesfc_deep_learning - DEBUG - Store 494: 928 sequences built.
2026-09-06 23:06:39 - 03_salesfc_deep_learning - DEBUG - Store 495: 763 sequences built.
2026-09-06 23:06:39 - 03_salesfc_deep_learning - DEBUG - Store 496: 770 sequences built.
2026-09-06 23:06:39 - 03_salesfc_deep_learning - DEBUG - Store 497: 767 sequences built.
2026-09-06 23:06:39 - 03_salesfc_deep_learning - DEBUG - Store 498: 608 sequences built.
2026-09-06 23:06:39 - 03_salesfc_deep_learning - DEBUG - Store 499: 763 sequences built.
2026-09-06 23:06:39 - 03_salesfc_deep_learning - DEBUG - Store 500: 608 sequences built.
2026-09-06 23:06:39 - 03_salesfc_deep_learning - DEBUG - Store 501: 608 sequences built.
2026-09-06 23:06:39 - 03_salesfc_deep_learning - DEBUG - Store 502: 760 sequences built.
2026-09-06 23:06:39 - 03_salesfc_deep_learning - DEBUG - Store 503: 766 sequences built.
2026-09-06 23:06:39 - 03_salesfc_deep_learning - DEBUG - Store 504: 770 sequences built.
2026-09-06 23:06:39 - 03_salesfc_deep_learning - DEBUG - Store 505: 763 sequences built.
2026-09-06 23:06:39 - 03_salesfc_deep_learning - DEBUG - Store 506: 765 sequences built.
2026-09-06 23:06:39 - 03_salesfc_deep_learning - DEBUG - Store 507: 765 sequences built.
2026-09-06 23:06:39 - 03_salesfc_deep_learning - DEBUG - Store 508: 762 sequences built.
2026-09-06 23:06:39 - 03_salesfc_deep_learning - DEBUG - Store 509: 767 sequences built.
2026-09-06 23:06:39 - 03_salesfc_deep_learning - DEBUG - Store 510: 765 sequences built.
2026-09-06 23:06:39 - 03_salesfc_deep_learning - DEBUG - Store 511: 770 sequences built.
2026-09-06 23:06:39 - 03_salesfc_deep_learning - DEBUG - Store 512: 731 sequences built.
2026-09-06 23:06:39 - 03_salesfc_deep_learning - DEBUG - Store 513: 770 sequences built.
2026-09-06 23:06:39 - 03_salesfc_deep_learning - DEBUG - Store 514: 608 sequences built.
2026-09-06 23:06:39 - 03_salesfc_deep_learning - DEBUG - Store 515: 765 sequences built.
2026-09-06 23:06:39 - 03_salesfc_deep_learning - DEBUG - Store 516: 765 sequences built.
2026-09-06 23:06:39 - 03_salesfc_deep_learning - DEBUG - Store 517: 745 sequences built.
2026-09-06 23:06:39 - 03_salesfc_deep_learning - DEBUG - Store 518: 609 sequences built.
2026-09-06 23:06:39 - 03_salesfc_deep_learning - DEBUG - Store 519: 770 sequences built.
2026-09-06 23:06:39 - 03_salesfc_deep_learning - DEBUG - Store 520: 770 sequences built.
2026-09-06 23:06:39 - 03_salesfc_deep_learning - DEBUG - Store 521: 765 sequences built.
2026-09-06 23:06:39 - 03_salesfc_deep_learning - DEBUG - Store 522: 609 sequences built.
2026-09-06 23:06:39 - 03_salesfc_deep_learning - DEBUG - Store 523: 770 sequences built.
2026-09-06 23:06:39 - 03_salesfc_deep_learning - DEBUG - Store 524: 867 sequences built.
2026-09-06 23:06:39 - 03_salesfc_deep_learning - DEBUG - Store 525: 769 sequences built.
2026-09-06 23:06:39 - 03_salesfc_deep_learning - DEBUG - Store 526: 768 sequences built.
2026-09-06 23:06:39 - 03_salesfc_deep_learning - DEBUG - Store 527: 767 sequences built.
2026-09-06 23:06:39 - 03_salesfc_deep_learning - DEBUG - Store 528: 765 sequences built.
2026-09-06 23:06:39 - 03_salesfc_deep_learning - DEBUG - Store 529: 770 sequences built.
2026-09-06 23:06:39 - 03_salesfc_deep_learning - DEBUG - Store 530: 892 sequences built.
2026-09-06 23:06:39 - 03_salesfc_deep_learning - DEBUG - Store 531: 770 sequences built.
2026-09-06 23:06:39 - 03_salesfc_deep_learning - DEBUG - Store 532: 765 sequences built.
2026-09-06 23:06:39 - 03_salesfc_deep_learning - DEBUG - Store 533: 763 sequences built.
2026-09-06 23:06:39 - 03_salesfc_deep_learning - DEBUG - Store 534: 609 sequences built.
2026-09-06 23:06:39 - 03_salesfc_deep_learning - DEBUG - Store 535: 765 sequences built.
2026-09-06 23:06:39 - 03_salesfc_deep_learning - DEBUG - Store 536: 765 sequences built.
2026-09-06 23:06:39 - 03_salesfc_deep_learning - DEBUG - Store 537: 763 sequences built.
2026-09-06 23:06:39 - 03_salesfc_deep_learning - DEBUG - Store 538: 770 sequences built.
2026-09-06 23:06:39 - 03_salesfc_deep_learning - DEBUG - Store 539: 608 sequences built.
2026-09-06 23:06:39 - 03_salesfc_deep_learning - DEBUG - Store 540: 608 sequences built.
2026-09-06 23:06:39 - 03_salesfc_deep_learning - DEBUG - Store 541: 765 sequences built.
2026-09-06 23:06:39 - 03_salesfc_deep_learning - DEBUG - Store 542: 608 sequences built.
2026-09-06 23:06:39 - 03_salesfc_deep_learning - DEBUG - Store 543: 767 sequences built.
2026-09-06 23:06:39 - 03_salesfc_deep_learning - DEBUG - Store 544: 766 sequences built.
2026-09-06 23:06:39 - 03_salesfc_deep_learning - DEBUG - Store 545: 765 sequences built.
2026-09-06 23:06:39 - 03_salesfc_deep_learning - DEBUG - Store 546: 770 sequences built.
2026-09-06 23:06:39 - 03_salesfc_deep_learning - DEBUG - Store 547: 608 sequences built.
2026-09-06 23:06:39 - 03_salesfc_deep_learning - DEBUG - Store 548: 755 sequences built.
2026-09-06 23:06:39 - 03_salesfc_deep_learning - DEBUG - Store 549: 770 sequences built.
2026-09-06 23:06:39 - 03_salesfc_deep_learning - DEBUG - Store 550: 767 sequences built.
2026-09-06 23:06:39 - 03_salesfc_deep_learning - DEBUG - Store 551: 770 sequences built.
2026-09-06 23:06:39 - 03_salesfc_deep_learning - DEBUG - Store 552: 767 sequences built.
2026-09-06 23:06:39 - 03_salesfc_deep_learning - DEBUG - Store 553: 763 sequences built.
2026-09-06 23:06:39 - 03_salesfc_deep_learning - DEBUG - Store 554: 770 sequences built.
2026-09-06 23:06:39 - 03_salesfc_deep_learning - DEBUG - Store 555: 609 sequences built.
2026-09-06 23:06:39 - 03_salesfc_deep_learning - DEBUG - Store 556: 769 sequences built.
2026-09-06 23:06:39 - 03_salesfc_deep_learning - DEBUG - Store 557: 764 sequences built.
2026-09-06 23:06:39 - 03_salesfc_deep_learning - DEBUG - Store 558: 770 sequences built.
2026-09-06 23:06:39 - 03_salesfc_deep_learning - DEBUG - Store 559: 766 sequences built.
2026-09-06 23:06:39 - 03_salesfc_deep_learning - DEBUG - Store 560: 733 sequences built.
2026-09-06 23:06:39 - 03_salesfc_deep_learning - DEBUG - Store 561: 765 sequences built.
2026-09-06 23:06:39 - 03_salesfc_deep_learning - DEBUG - Store 562: 928 sequences built.
2026-09-06 23:06:39 - 03_salesfc_deep_learning - DEBUG - Store 563: 762 sequences built.
2026-09-06 23:06:39 - 03_salesfc_deep_learning - DEBUG - Store 564: 765 sequences built.
2026-09-06 23:06:39 - 03_salesfc_deep_learning - DEBUG - Store 565: 765 sequences built.
2026-09-06 23:06:39 - 03_salesfc_deep_learning - DEBUG - Store 566: 770 sequences built.
2026-09-06 23:06:39 - 03_salesfc_deep_learning - DEBUG - Store 567: 765 sequences built.
2026-09-06 23:06:39 - 03_salesfc_deep_learning - DEBUG - Store 568: 767 sequences built.
2026-09-06 23:06:39 - 03_salesfc_deep_learning - DEBUG - Store 569: 770 sequences built.
2026-09-06 23:06:39 - 03_salesfc_deep_learning - DEBUG - Store 570: 765 sequences built.
2026-09-06 23:06:39 - 03_salesfc_deep_learning - DEBUG - Store 571: 608 sequences built.
2026-09-06 23:06:39 - 03_salesfc_deep_learning - DEBUG - Store 572: 762 sequences built.
2026-09-06 23:06:39 - 03_salesfc_deep_learning - DEBUG - Store 573: 608 sequences built.
2026-09-06 23:06:39 - 03_salesfc_deep_learning - DEBUG - Store 574: 763 sequences built.
2026-09-06 23:06:39 - 03_salesfc_deep_learning - DEBUG - Store 575: 609 sequences built.
2026-09-06 23:06:39 - 03_salesfc_deep_learning - DEBUG - Store 576: 770 sequences built.
2026-09-06 23:06:39 - 03_salesfc_deep_learning - DEBUG - Store 577: 770 sequences built.
2026-09-06 23:06:39 - 03_salesfc_deep_learning - DEBUG - Store 578: 887 sequences built.
2026-09-06 23:06:39 - 03_salesfc_deep_learning - DEBUG - Store 579: 765 sequences built.
2026-09-06 23:06:39 - 03_salesfc_deep_learning - DEBUG - Store 580: 770 sequences built.
2026-09-06 23:06:39 - 03_salesfc_deep_learning - DEBUG - Store 581: 765 sequences built.
2026-09-06 23:06:39 - 03_salesfc_deep_learning - DEBUG - Store 582: 768 sequences built.
2026-09-06 23:06:39 - 03_salesfc_deep_learning - DEBUG - Store 583: 766 sequences built.
2026-09-06 23:06:39 - 03_salesfc_deep_learning - DEBUG - Store 584: 767 sequences built.
2026-09-06 23:06:39 - 03_salesfc_deep_learning - DEBUG - Store 585: 770 sequences built.
2026-09-06 23:06:39 - 03_salesfc_deep_learning - DEBUG - Store 586: 762 sequences built.
2026-09-06 23:06:39 - 03_salesfc_deep_learning - DEBUG - Store 587: 609 sequences built.
2026-09-06 23:06:39 - 03_salesfc_deep_learning - DEBUG - Store 588: 770 sequences built.
2026-09-06 23:06:39 - 03_salesfc_deep_learning - DEBUG - Store 589: 743 sequences built.
2026-09-06 23:06:39 - 03_salesfc_deep_learning - DEBUG - Store 590: 763 sequences built.
2026-09-06 23:06:39 - 03_salesfc_deep_learning - DEBUG - Store 591: 763 sequences built.
2026-09-06 23:06:39 - 03_salesfc_deep_learning - DEBUG - Store 592: 765 sequences built.
2026-09-06 23:06:39 - 03_salesfc_deep_learning - DEBUG - Store 593: 770 sequences built.
2026-09-06 23:06:39 - 03_salesfc_deep_learning - DEBUG - Store 594: 770 sequences built.
2026-09-06 23:06:39 - 03_salesfc_deep_learning - DEBUG - Store 595: 770 sequences built.
2026-09-06 23:06:39 - 03_salesfc_deep_learning - DEBUG - Store 596: 770 sequences built.
2026-09-06 23:06:39 - 03_salesfc_deep_learning - DEBUG - Store 597: 765 sequences built.
2026-09-06 23:06:39 - 03_salesfc_deep_learning - DEBUG - Store 598: 608 sequences built.
2026-09-06 23:06:39 - 03_salesfc_deep_learning - DEBUG - Store 599: 770 sequences built.
2026-09-06 23:06:39 - 03_salesfc_deep_learning - DEBUG - Store 600: 770 sequences built.
2026-09-06 23:06:39 - 03_salesfc_deep_learning - DEBUG - Store 601: 767 sequences built.
2026-09-06 23:06:39 - 03_salesfc_deep_learning - DEBUG - Store 602: 767 sequences built.
2026-09-06 23:06:39 - 03_salesfc_deep_learning - DEBUG - Store 603: 750 sequences built.
2026-09-06 23:06:39 - 03_salesfc_deep_learning - DEBUG - Store 604: 608 sequences built.
2026-09-06 23:06:39 - 03_salesfc_deep_learning - DEBUG - Store 605: 764 sequences built.
2026-09-06 23:06:39 - 03_salesfc_deep_learning - DEBUG - Store 606: 770 sequences built.
2026-09-06 23:06:39 - 03_salesfc_deep_learning - DEBUG - Store 607: 768 sequences built.
2026-09-06 23:06:39 - 03_salesfc_deep_learning - DEBUG - Store 608: 766 sequences built.
2026-09-06 23:06:39 - 03_salesfc_deep_learning - DEBUG - Store 609: 770 sequences built.
2026-09-06 23:06:39 - 03_salesfc_deep_learning - DEBUG - Store 610: 765 sequences built.
2026-09-06 23:06:39 - 03_salesfc_deep_learning - DEBUG - Store 611: 608 sequences built.
2026-09-06 23:06:39 - 03_salesfc_deep_learning - DEBUG - Store 612: 609 sequences built.
2026-09-06 23:06:39 - 03_salesfc_deep_learning - DEBUG - Store 613: 768 sequences built.
2026-09-06 23:06:39 - 03_salesfc_deep_learning - DEBUG - Store 614: 766 sequences built.
2026-09-06 23:06:39 - 03_salesfc_deep_learning - DEBUG - Store 615: 767 sequences built.
2026-09-06 23:06:39 - 03_salesfc_deep_learning - DEBUG - Store 616: 765 sequences built.
2026-09-06 23:06:39 - 03_salesfc_deep_learning - DEBUG - Store 617: 766 sequences built.
2026-09-06 23:06:39 - 03_salesfc_deep_learning - DEBUG - Store 618: 767 sequences built.
2026-09-06 23:06:39 - 03_salesfc_deep_learning - DEBUG - Store 619: 608 sequences built.
2026-09-06 23:06:39 - 03_salesfc_deep_learning - DEBUG - Store 620: 608 sequences built.
2026-09-06 23:06:39 - 03_salesfc_deep_learning - DEBUG - Store 621: 765 sequences built.
2026-09-06 23:06:39 - 03_salesfc_deep_learning - DEBUG - Store 622: 770 sequences built.
2026-09-06 23:06:39 - 03_salesfc_deep_learning - DEBUG - Store 623: 754 sequences built.
2026-09-06 23:06:39 - 03_salesfc_deep_learning - DEBUG - Store 624: 765 sequences built.
2026-09-06 23:06:40 - 03_salesfc_deep_learning - DEBUG - Store 625: 765 sequences built.
2026-09-06 23:06:40 - 03_salesfc_deep_learning - DEBUG - Store 626: 766 sequences built.
2026-09-06 23:06:40 - 03_salesfc_deep_learning - DEBUG - Store 627: 767 sequences built.
2026-09-06 23:06:40 - 03_salesfc_deep_learning - DEBUG - Store 628: 770 sequences built.
2026-09-06 23:06:40 - 03_salesfc_deep_learning - DEBUG - Store 629: 608 sequences built.
2026-09-06 23:06:40 - 03_salesfc_deep_learning - DEBUG - Store 630: 765 sequences built.
2026-09-06 23:06:40 - 03_salesfc_deep_learning - DEBUG - Store 631: 770 sequences built.
2026-09-06 23:06:40 - 03_salesfc_deep_learning - DEBUG - Store 632: 770 sequences built.
2026-09-06 23:06:40 - 03_salesfc_deep_learning - DEBUG - Store 633: 608 sequences built.
2026-09-06 23:06:40 - 03_salesfc_deep_learning - DEBUG - Store 634: 766 sequences built.
2026-09-06 23:06:40 - 03_salesfc_deep_learning - DEBUG - Store 635: 766 sequences built.
2026-09-06 23:06:40 - 03_salesfc_deep_learning - DEBUG - Store 636: 609 sequences built.
2026-09-06 23:06:40 - 03_salesfc_deep_learning - DEBUG - Store 637: 608 sequences built.
2026-09-06 23:06:40 - 03_salesfc_deep_learning - DEBUG - Store 638: 604 sequences built.
2026-09-06 23:06:40 - 03_salesfc_deep_learning - DEBUG - Store 639: 765 sequences built.
2026-09-06 23:06:40 - 03_salesfc_deep_learning - DEBUG - Store 640: 765 sequences built.
2026-09-06 23:06:40 - 03_salesfc_deep_learning - DEBUG - Store 641: 765 sequences built.
2026-09-06 23:06:40 - 03_salesfc_deep_learning - DEBUG - Store 642: 765 sequences built.
2026-09-06 23:06:40 - 03_salesfc_deep_learning - DEBUG - Store 643: 770 sequences built.
2026-09-06 23:06:40 - 03_salesfc_deep_learning - DEBUG - Store 644: 578 sequences built.
2026-09-06 23:06:40 - 03_salesfc_deep_learning - DEBUG - Store 645: 763 sequences built.
2026-09-06 23:06:40 - 03_salesfc_deep_learning - DEBUG - Store 646: 608 sequences built.
2026-09-06 23:06:40 - 03_salesfc_deep_learning - DEBUG - Store 647: 770 sequences built.
2026-09-06 23:06:40 - 03_salesfc_deep_learning - DEBUG - Store 648: 770 sequences built.
2026-09-06 23:06:40 - 03_salesfc_deep_learning - DEBUG - Store 649: 766 sequences built.
2026-09-06 23:06:40 - 03_salesfc_deep_learning - DEBUG - Store 650: 608 sequences built.
2026-09-06 23:06:40 - 03_salesfc_deep_learning - DEBUG - Store 651: 765 sequences built.
2026-09-06 23:06:40 - 03_salesfc_deep_learning - DEBUG - Store 652: 768 sequences built.
2026-09-06 23:06:40 - 03_salesfc_deep_learning - DEBUG - Store 653: 765 sequences built.
2026-09-06 23:06:40 - 03_salesfc_deep_learning - DEBUG - Store 654: 766 sequences built.
2026-09-06 23:06:40 - 03_salesfc_deep_learning - DEBUG - Store 655: 765 sequences built.
2026-09-06 23:06:40 - 03_salesfc_deep_learning - DEBUG - Store 656: 767 sequences built.
2026-09-06 23:06:40 - 03_salesfc_deep_learning - DEBUG - Store 657: 762 sequences built.
2026-09-06 23:06:40 - 03_salesfc_deep_learning - DEBUG - Store 658: 765 sequences built.
2026-09-06 23:06:40 - 03_salesfc_deep_learning - DEBUG - Store 659: 767 sequences built.
2026-09-06 23:06:40 - 03_salesfc_deep_learning - DEBUG - Store 660: 608 sequences built.
2026-09-06 23:06:40 - 03_salesfc_deep_learning - DEBUG - Store 661: 755 sequences built.
2026-09-06 23:06:40 - 03_salesfc_deep_learning - DEBUG - Store 662: 770 sequences built.
2026-09-06 23:06:40 - 03_salesfc_deep_learning - DEBUG - Store 663: 743 sequences built.
2026-09-06 23:06:40 - 03_salesfc_deep_learning - DEBUG - Store 664: 766 sequences built.
2026-09-06 23:06:40 - 03_salesfc_deep_learning - DEBUG - Store 665: 761 sequences built.
2026-09-06 23:06:40 - 03_salesfc_deep_learning - DEBUG - Store 666: 763 sequences built.
2026-09-06 23:06:40 - 03_salesfc_deep_learning - DEBUG - Store 667: 769 sequences built.
2026-09-06 23:06:40 - 03_salesfc_deep_learning - DEBUG - Store 668: 770 sequences built.
2026-09-06 23:06:40 - 03_salesfc_deep_learning - DEBUG - Store 669: 608 sequences built.
2026-09-06 23:06:40 - 03_salesfc_deep_learning - DEBUG - Store 670: 607 sequences built.
2026-09-06 23:06:40 - 03_salesfc_deep_learning - DEBUG - Store 671: 608 sequences built.
2026-09-06 23:06:40 - 03_salesfc_deep_learning - DEBUG - Store 672: 766 sequences built.
2026-09-06 23:06:40 - 03_salesfc_deep_learning - DEBUG - Store 673: 763 sequences built.
2026-09-06 23:06:40 - 03_salesfc_deep_learning - DEBUG - Store 674: 732 sequences built.
2026-09-06 23:06:40 - 03_salesfc_deep_learning - DEBUG - Store 675: 767 sequences built.
2026-09-06 23:06:40 - 03_salesfc_deep_learning - DEBUG - Store 676: 904 sequences built.
2026-09-06 23:06:40 - 03_salesfc_deep_learning - DEBUG - Store 677: 608 sequences built.
2026-09-06 23:06:40 - 03_salesfc_deep_learning - DEBUG - Store 678: 765 sequences built.
2026-09-06 23:06:40 - 03_salesfc_deep_learning - DEBUG - Store 679: 770 sequences built.
2026-09-06 23:06:40 - 03_salesfc_deep_learning - DEBUG - Store 680: 770 sequences built.
2026-09-06 23:06:40 - 03_salesfc_deep_learning - DEBUG - Store 681: 753 sequences built.
2026-09-06 23:06:40 - 03_salesfc_deep_learning - DEBUG - Store 682: 928 sequences built.
2026-09-06 23:06:40 - 03_salesfc_deep_learning - DEBUG - Store 683: 770 sequences built.
2026-09-06 23:06:40 - 03_salesfc_deep_learning - DEBUG - Store 684: 608 sequences built.
2026-09-06 23:06:40 - 03_salesfc_deep_learning - DEBUG - Store 685: 765 sequences built.
2026-09-06 23:06:40 - 03_salesfc_deep_learning - DEBUG - Store 686: 766 sequences built.
2026-09-06 23:06:40 - 03_salesfc_deep_learning - DEBUG - Store 687: 765 sequences built.
2026-09-06 23:06:40 - 03_salesfc_deep_learning - DEBUG - Store 688: 766 sequences built.
2026-09-06 23:06:40 - 03_salesfc_deep_learning - DEBUG - Store 689: 767 sequences built.
2026-09-06 23:06:40 - 03_salesfc_deep_learning - DEBUG - Store 690: 765 sequences built.
2026-09-06 23:06:40 - 03_salesfc_deep_learning - DEBUG - Store 691: 765 sequences built.
2026-09-06 23:06:40 - 03_salesfc_deep_learning - DEBUG - Store 692: 765 sequences built.
2026-09-06 23:06:40 - 03_salesfc_deep_learning - DEBUG - Store 693: 767 sequences built.
2026-09-06 23:06:40 - 03_salesfc_deep_learning - DEBUG - Store 694: 608 sequences built.
2026-09-06 23:06:40 - 03_salesfc_deep_learning - DEBUG - Store 695: 765 sequences built.
2026-09-06 23:06:40 - 03_salesfc_deep_learning - DEBUG - Store 696: 770 sequences built.
2026-09-06 23:06:40 - 03_salesfc_deep_learning - DEBUG - Store 697: 765 sequences built.
2026-09-06 23:06:40 - 03_salesfc_deep_learning - DEBUG - Store 698: 770 sequences built.
2026-09-06 23:06:40 - 03_salesfc_deep_learning - DEBUG - Store 699: 752 sequences built.
2026-09-06 23:06:40 - 03_salesfc_deep_learning - DEBUG - Store 700: 743 sequences built.
2026-09-06 23:06:40 - 03_salesfc_deep_learning - DEBUG - Store 701: 608 sequences built.
2026-09-06 23:06:40 - 03_salesfc_deep_learning - DEBUG - Store 702: 608 sequences built.
2026-09-06 23:06:40 - 03_salesfc_deep_learning - DEBUG - Store 703: 765 sequences built.
2026-09-06 23:06:40 - 03_salesfc_deep_learning - DEBUG - Store 704: 769 sequences built.
2026-09-06 23:06:40 - 03_salesfc_deep_learning - DEBUG - Store 705: 765 sequences built.
2026-09-06 23:06:40 - 03_salesfc_deep_learning - DEBUG - Store 706: 608 sequences built.
2026-09-06 23:06:40 - 03_salesfc_deep_learning - DEBUG - Store 707: 765 sequences built.
2026-09-06 23:06:40 - 03_salesfc_deep_learning - DEBUG - Store 708: 674 sequences built.
2026-09-06 23:06:40 - 03_salesfc_deep_learning - DEBUG - Store 709: 770 sequences built.
2026-09-06 23:06:40 - 03_salesfc_deep_learning - DEBUG - Store 710: 608 sequences built.
2026-09-06 23:06:40 - 03_salesfc_deep_learning - DEBUG - Store 711: 609 sequences built.
2026-09-06 23:06:40 - 03_salesfc_deep_learning - DEBUG - Store 712: 608 sequences built.
2026-09-06 23:06:40 - 03_salesfc_deep_learning - DEBUG - Store 713: 765 sequences built.
2026-09-06 23:06:40 - 03_salesfc_deep_learning - DEBUG - Store 714: 763 sequences built.
2026-09-06 23:06:40 - 03_salesfc_deep_learning - DEBUG - Store 715: 762 sequences built.
2026-09-06 23:06:40 - 03_salesfc_deep_learning - DEBUG - Store 716: 608 sequences built.
2026-09-06 23:06:40 - 03_salesfc_deep_learning - DEBUG - Store 717: 765 sequences built.
2026-09-06 23:06:40 - 03_salesfc_deep_learning - DEBUG - Store 718: 767 sequences built.
2026-09-06 23:06:40 - 03_salesfc_deep_learning - DEBUG - Store 719: 608 sequences built.
2026-09-06 23:06:40 - 03_salesfc_deep_learning - DEBUG - Store 720: 770 sequences built.
2026-09-06 23:06:40 - 03_salesfc_deep_learning - DEBUG - Store 721: 770 sequences built.
2026-09-06 23:06:40 - 03_salesfc_deep_learning - DEBUG - Store 722: 770 sequences built.
2026-09-06 23:06:40 - 03_salesfc_deep_learning - DEBUG - Store 723: 767 sequences built.
2026-09-06 23:06:40 - 03_salesfc_deep_learning - DEBUG - Store 724: 765 sequences built.
2026-09-06 23:06:40 - 03_salesfc_deep_learning - DEBUG - Store 725: 770 sequences built.
2026-09-06 23:06:40 - 03_salesfc_deep_learning - DEBUG - Store 726: 766 sequences built.
2026-09-06 23:06:40 - 03_salesfc_deep_learning - DEBUG - Store 727: 767 sequences built.
2026-09-06 23:06:40 - 03_salesfc_deep_learning - DEBUG - Store 728: 763 sequences built.
2026-09-06 23:06:40 - 03_salesfc_deep_learning - DEBUG - Store 729: 765 sequences built.
2026-09-06 23:06:40 - 03_salesfc_deep_learning - DEBUG - Store 730: 770 sequences built.
2026-09-06 23:06:40 - 03_salesfc_deep_learning - DEBUG - Store 731: 762 sequences built.
2026-09-06 23:06:40 - 03_salesfc_deep_learning - DEBUG - Store 732: 869 sequences built.
2026-09-06 23:06:40 - 03_salesfc_deep_learning - DEBUG - Store 733: 928 sequences built.
2026-09-06 23:06:40 - 03_salesfc_deep_learning - DEBUG - Store 734: 765 sequences built.
2026-09-06 23:06:40 - 03_salesfc_deep_learning - DEBUG - Store 735: 766 sequences built.
2026-09-06 23:06:40 - 03_salesfc_deep_learning - DEBUG - Store 736: 608 sequences built.
2026-09-06 23:06:40 - 03_salesfc_deep_learning - DEBUG - Store 737: 765 sequences built.
2026-09-06 23:06:40 - 03_salesfc_deep_learning - DEBUG - Store 738: 765 sequences built.
2026-09-06 23:06:40 - 03_salesfc_deep_learning - DEBUG - Store 739: 608 sequences built.
2026-09-06 23:06:40 - 03_salesfc_deep_learning - DEBUG - Store 740: 767 sequences built.
2026-09-06 23:06:40 - 03_salesfc_deep_learning - DEBUG - Store 741: 770 sequences built.
2026-09-06 23:06:40 - 03_salesfc_deep_learning - DEBUG - Store 742: 765 sequences built.
2026-09-06 23:06:40 - 03_salesfc_deep_learning - DEBUG - Store 743: 766 sequences built.
2026-09-06 23:06:40 - 03_salesfc_deep_learning - DEBUG - Store 744: 591 sequences built.
2026-09-06 23:06:40 - 03_salesfc_deep_learning - DEBUG - Store 745: 766 sequences built.
2026-09-06 23:06:40 - 03_salesfc_deep_learning - DEBUG - Store 746: 767 sequences built.
2026-09-06 23:06:40 - 03_salesfc_deep_learning - DEBUG - Store 747: 766 sequences built.
2026-09-06 23:06:40 - 03_salesfc_deep_learning - DEBUG - Store 748: 765 sequences built.
2026-09-06 23:06:40 - 03_salesfc_deep_learning - DEBUG - Store 749: 765 sequences built.
2026-09-06 23:06:40 - 03_salesfc_deep_learning - DEBUG - Store 750: 608 sequences built.
2026-09-06 23:06:40 - 03_salesfc_deep_learning - DEBUG - Store 751: 765 sequences built.
2026-09-06 23:06:40 - 03_salesfc_deep_learning - DEBUG - Store 752: 765 sequences built.
2026-09-06 23:06:40 - 03_salesfc_deep_learning - DEBUG - Store 753: 765 sequences built.
2026-09-06 23:06:40 - 03_salesfc_deep_learning - DEBUG - Store 754: 768 sequences built.
2026-09-06 23:06:40 - 03_salesfc_deep_learning - DEBUG - Store 755: 767 sequences built.
2026-09-06 23:06:40 - 03_salesfc_deep_learning - DEBUG - Store 756: 765 sequences built.
2026-09-06 23:06:40 - 03_salesfc_deep_learning - DEBUG - Store 757: 763 sequences built.
2026-09-06 23:06:40 - 03_salesfc_deep_learning - DEBUG - Store 758: 760 sequences built.
2026-09-06 23:06:40 - 03_salesfc_deep_learning - DEBUG - Store 759: 765 sequences built.
2026-09-06 23:06:40 - 03_salesfc_deep_learning - DEBUG - Store 760: 763 sequences built.
2026-09-06 23:06:40 - 03_salesfc_deep_learning - DEBUG - Store 761: 770 sequences built.
2026-09-06 23:06:40 - 03_salesfc_deep_learning - DEBUG - Store 762: 749 sequences built.
2026-09-06 23:06:40 - 03_salesfc_deep_learning - DEBUG - Store 763: 770 sequences built.
2026-09-06 23:06:40 - 03_salesfc_deep_learning - DEBUG - Store 764: 753 sequences built.
2026-09-06 23:06:40 - 03_salesfc_deep_learning - DEBUG - Store 765: 763 sequences built.
2026-09-06 23:06:40 - 03_salesfc_deep_learning - DEBUG - Store 766: 608 sequences built.
2026-09-06 23:06:40 - 03_salesfc_deep_learning - DEBUG - Store 767: 770 sequences built.
2026-09-06 23:06:40 - 03_salesfc_deep_learning - DEBUG - Store 768: 770 sequences built.
2026-09-06 23:06:40 - 03_salesfc_deep_learning - DEBUG - Store 769: 928 sequences built.
2026-09-06 23:06:40 - 03_salesfc_deep_learning - DEBUG - Store 770: 765 sequences built.
2026-09-06 23:06:40 - 03_salesfc_deep_learning - DEBUG - Store 771: 608 sequences built.
2026-09-06 23:06:40 - 03_salesfc_deep_learning - DEBUG - Store 772: 769 sequences built.
2026-09-06 23:06:40 - 03_salesfc_deep_learning - DEBUG - Store 773: 767 sequences built.
2026-09-06 23:06:40 - 03_salesfc_deep_learning - DEBUG - Store 774: 770 sequences built.
2026-09-06 23:06:40 - 03_salesfc_deep_learning - DEBUG - Store 775: 608 sequences built.
2026-09-06 23:06:40 - 03_salesfc_deep_learning - DEBUG - Store 776: 762 sequences built.
2026-09-06 23:06:40 - 03_salesfc_deep_learning - DEBUG - Store 777: 765 sequences built.
2026-09-06 23:06:40 - 03_salesfc_deep_learning - DEBUG - Store 778: 608 sequences built.
2026-09-06 23:06:40 - 03_salesfc_deep_learning - DEBUG - Store 779: 766 sequences built.
2026-09-06 23:06:40 - 03_salesfc_deep_learning - DEBUG - Store 780: 766 sequences built.
2026-09-06 23:06:40 - 03_salesfc_deep_learning - DEBUG - Store 781: 766 sequences built.
2026-09-06 23:06:40 - 03_salesfc_deep_learning - DEBUG - Store 782: 765 sequences built.
2026-09-06 23:06:40 - 03_salesfc_deep_learning - DEBUG - Store 783: 768 sequences built.
2026-09-06 23:06:40 - 03_salesfc_deep_learning - DEBUG - Store 784: 765 sequences built.
2026-09-06 23:06:40 - 03_salesfc_deep_learning - DEBUG - Store 785: 765 sequences built.
2026-09-06 23:06:40 - 03_salesfc_deep_learning - DEBUG - Store 786: 766 sequences built.
2026-09-06 23:06:40 - 03_salesfc_deep_learning - DEBUG - Store 787: 766 sequences built.
2026-09-06 23:06:40 - 03_salesfc_deep_learning - DEBUG - Store 788: 770 sequences built.
2026-09-06 23:06:40 - 03_salesfc_deep_learning - DEBUG - Store 789: 763 sequences built.
2026-09-06 23:06:40 - 03_salesfc_deep_learning - DEBUG - Store 790: 767 sequences built.
2026-09-06 23:06:40 - 03_salesfc_deep_learning - DEBUG - Store 791: 765 sequences built.
2026-09-06 23:06:40 - 03_salesfc_deep_learning - DEBUG - Store 792: 765 sequences built.
2026-09-06 23:06:40 - 03_salesfc_deep_learning - DEBUG - Store 793: 765 sequences built.
2026-09-06 23:06:40 - 03_salesfc_deep_learning - DEBUG - Store 794: 766 sequences built.
2026-09-06 23:06:40 - 03_salesfc_deep_learning - DEBUG - Store 795: 765 sequences built.
2026-09-06 23:06:40 - 03_salesfc_deep_learning - DEBUG - Store 796: 765 sequences built.
2026-09-06 23:06:40 - 03_salesfc_deep_learning - DEBUG - Store 797: 608 sequences built.
2026-09-06 23:06:40 - 03_salesfc_deep_learning - DEBUG - Store 798: 766 sequences built.
2026-09-06 23:06:40 - 03_salesfc_deep_learning - DEBUG - Store 799: 765 sequences built.
2026-09-06 23:06:40 - 03_salesfc_deep_learning - DEBUG - Store 800: 765 sequences built.
2026-09-06 23:06:40 - 03_salesfc_deep_learning - DEBUG - Store 801: 770 sequences built.
2026-09-06 23:06:41 - 03_salesfc_deep_learning - DEBUG - Store 802: 770 sequences built.
2026-09-06 23:06:41 - 03_salesfc_deep_learning - DEBUG - Store 803: 755 sequences built.
2026-09-06 23:06:41 - 03_salesfc_deep_learning - DEBUG - Store 804: 608 sequences built.
2026-09-06 23:06:41 - 03_salesfc_deep_learning - DEBUG - Store 805: 608 sequences built.
2026-09-06 23:06:41 - 03_salesfc_deep_learning - DEBUG - Store 806: 608 sequences built.
2026-09-06 23:06:41 - 03_salesfc_deep_learning - DEBUG - Store 807: 767 sequences built.
2026-09-06 23:06:41 - 03_salesfc_deep_learning - DEBUG - Store 808: 766 sequences built.
2026-09-06 23:06:41 - 03_salesfc_deep_learning - DEBUG - Store 809: 765 sequences built.
2026-09-06 23:06:41 - 03_salesfc_deep_learning - DEBUG - Store 810: 765 sequences built.
2026-09-06 23:06:41 - 03_salesfc_deep_learning - DEBUG - Store 811: 770 sequences built.
2026-09-06 23:06:41 - 03_salesfc_deep_learning - DEBUG - Store 812: 766 sequences built.
2026-09-06 23:06:41 - 03_salesfc_deep_learning - DEBUG - Store 813: 763 sequences built.
2026-09-06 23:06:41 - 03_salesfc_deep_learning - DEBUG - Store 814: 768 sequences built.
2026-09-06 23:06:41 - 03_salesfc_deep_learning - DEBUG - Store 815: 608 sequences built.
2026-09-06 23:06:41 - 03_salesfc_deep_learning - DEBUG - Store 816: 765 sequences built.
2026-09-06 23:06:41 - 03_salesfc_deep_learning - DEBUG - Store 817: 770 sequences built.
2026-09-06 23:06:41 - 03_salesfc_deep_learning - DEBUG - Store 818: 767 sequences built.
2026-09-06 23:06:41 - 03_salesfc_deep_learning - DEBUG - Store 819: 770 sequences built.
2026-09-06 23:06:41 - 03_salesfc_deep_learning - DEBUG - Store 820: 608 sequences built.
2026-09-06 23:06:41 - 03_salesfc_deep_learning - DEBUG - Store 821: 770 sequences built.
2026-09-06 23:06:41 - 03_salesfc_deep_learning - DEBUG - Store 822: 770 sequences built.
2026-09-06 23:06:41 - 03_salesfc_deep_learning - DEBUG - Store 823: 770 sequences built.
2026-09-06 23:06:41 - 03_salesfc_deep_learning - DEBUG - Store 824: 770 sequences built.
2026-09-06 23:06:41 - 03_salesfc_deep_learning - DEBUG - Store 825: 608 sequences built.
2026-09-06 23:06:41 - 03_salesfc_deep_learning - DEBUG - Store 826: 762 sequences built.
2026-09-06 23:06:41 - 03_salesfc_deep_learning - DEBUG - Store 827: 769 sequences built.
2026-09-06 23:06:41 - 03_salesfc_deep_learning - DEBUG - Store 828: 766 sequences built.
2026-09-06 23:06:41 - 03_salesfc_deep_learning - DEBUG - Store 829: 767 sequences built.
2026-09-06 23:06:41 - 03_salesfc_deep_learning - DEBUG - Store 830: 766 sequences built.
2026-09-06 23:06:41 - 03_salesfc_deep_learning - DEBUG - Store 831: 765 sequences built.
2026-09-06 23:06:41 - 03_salesfc_deep_learning - DEBUG - Store 832: 767 sequences built.
2026-09-06 23:06:41 - 03_salesfc_deep_learning - DEBUG - Store 833: 765 sequences built.
2026-09-06 23:06:41 - 03_salesfc_deep_learning - DEBUG - Store 834: 770 sequences built.
2026-09-06 23:06:41 - 03_salesfc_deep_learning - DEBUG - Store 835: 755 sequences built.
2026-09-06 23:06:41 - 03_salesfc_deep_learning - DEBUG - Store 836: 766 sequences built.
2026-09-06 23:06:41 - 03_salesfc_deep_learning - DEBUG - Store 837: 737 sequences built.
2026-09-06 23:06:41 - 03_salesfc_deep_learning - DEBUG - Store 838: 768 sequences built.
2026-09-06 23:06:41 - 03_salesfc_deep_learning - DEBUG - Store 839: 770 sequences built.
2026-09-06 23:06:41 - 03_salesfc_deep_learning - DEBUG - Store 840: 770 sequences built.
2026-09-06 23:06:41 - 03_salesfc_deep_learning - DEBUG - Store 841: 766 sequences built.
2026-09-06 23:06:41 - 03_salesfc_deep_learning - DEBUG - Store 842: 608 sequences built.
2026-09-06 23:06:41 - 03_salesfc_deep_learning - DEBUG - Store 843: 770 sequences built.
2026-09-06 23:06:41 - 03_salesfc_deep_learning - DEBUG - Store 844: 765 sequences built.
2026-09-06 23:06:41 - 03_salesfc_deep_learning - DEBUG - Store 845: 762 sequences built.
2026-09-06 23:06:41 - 03_salesfc_deep_learning - DEBUG - Store 846: 765 sequences built.
2026-09-06 23:06:41 - 03_salesfc_deep_learning - DEBUG - Store 847: 762 sequences built.
2026-09-06 23:06:41 - 03_salesfc_deep_learning - DEBUG - Store 848: 749 sequences built.
2026-09-06 23:06:41 - 03_salesfc_deep_learning - DEBUG - Store 849: 770 sequences built.
2026-09-06 23:06:41 - 03_salesfc_deep_learning - DEBUG - Store 850: 759 sequences built.
2026-09-06 23:06:41 - 03_salesfc_deep_learning - DEBUG - Store 851: 608 sequences built.
2026-09-06 23:06:41 - 03_salesfc_deep_learning - DEBUG - Store 852: 767 sequences built.
2026-09-06 23:06:41 - 03_salesfc_deep_learning - DEBUG - Store 853: 763 sequences built.
2026-09-06 23:06:41 - 03_salesfc_deep_learning - DEBUG - Store 854: 766 sequences built.
2026-09-06 23:06:41 - 03_salesfc_deep_learning - DEBUG - Store 855: 763 sequences built.
2026-09-06 23:06:41 - 03_salesfc_deep_learning - DEBUG - Store 856: 770 sequences built.
2026-09-06 23:06:41 - 03_salesfc_deep_learning - DEBUG - Store 857: 767 sequences built.
2026-09-06 23:06:41 - 03_salesfc_deep_learning - DEBUG - Store 858: 608 sequences built.
2026-09-06 23:06:41 - 03_salesfc_deep_learning - DEBUG - Store 859: 608 sequences built.
2026-09-06 23:06:41 - 03_salesfc_deep_learning - DEBUG - Store 860: 768 sequences built.
2026-09-06 23:06:41 - 03_salesfc_deep_learning - DEBUG - Store 861: 750 sequences built.
2026-09-06 23:06:41 - 03_salesfc_deep_learning - DEBUG - Store 862: 770 sequences built.
2026-09-06 23:06:41 - 03_salesfc_deep_learning - DEBUG - Store 863: 873 sequences built.
2026-09-06 23:06:41 - 03_salesfc_deep_learning - DEBUG - Store 864: 763 sequences built.
2026-09-06 23:06:41 - 03_salesfc_deep_learning - DEBUG - Store 865: 765 sequences built.
2026-09-06 23:06:41 - 03_salesfc_deep_learning - DEBUG - Store 866: 767 sequences built.
2026-09-06 23:06:41 - 03_salesfc_deep_learning - DEBUG - Store 867: 866 sequences built.
2026-09-06 23:06:41 - 03_salesfc_deep_learning - DEBUG - Store 868: 767 sequences built.
2026-09-06 23:06:41 - 03_salesfc_deep_learning - DEBUG - Store 869: 766 sequences built.
2026-09-06 23:06:41 - 03_salesfc_deep_learning - DEBUG - Store 870: 758 sequences built.
2026-09-06 23:06:41 - 03_salesfc_deep_learning - DEBUG - Store 871: 767 sequences built.
2026-09-06 23:06:41 - 03_salesfc_deep_learning - DEBUG - Store 872: 765 sequences built.
2026-09-06 23:06:41 - 03_salesfc_deep_learning - DEBUG - Store 873: 766 sequences built.
2026-09-06 23:06:41 - 03_salesfc_deep_learning - DEBUG - Store 874: 770 sequences built.
2026-09-06 23:06:41 - 03_salesfc_deep_learning - DEBUG - Store 875: 765 sequences built.
2026-09-06 23:06:41 - 03_salesfc_deep_learning - DEBUG - Store 876: 752 sequences built.
2026-09-06 23:06:41 - 03_salesfc_deep_learning - DEBUG - Store 877: 792 sequences built.
2026-09-06 23:06:41 - 03_salesfc_deep_learning - DEBUG - Store 878: 766 sequences built.
2026-09-06 23:06:41 - 03_salesfc_deep_learning - DEBUG - Store 879: 608 sequences built.
2026-09-06 23:06:41 - 03_salesfc_deep_learning - DEBUG - Store 880: 763 sequences built.
2026-09-06 23:06:41 - 03_salesfc_deep_learning - DEBUG - Store 881: 765 sequences built.
2026-09-06 23:06:41 - 03_salesfc_deep_learning - DEBUG - Store 882: 755 sequences built.
2026-09-06 23:06:41 - 03_salesfc_deep_learning - DEBUG - Store 883: 765 sequences built.
2026-09-06 23:06:41 - 03_salesfc_deep_learning - DEBUG - Store 884: 608 sequences built.
2026-09-06 23:06:41 - 03_salesfc_deep_learning - DEBUG - Store 885: 762 sequences built.
2026-09-06 23:06:41 - 03_salesfc_deep_learning - DEBUG - Store 886: 765 sequences built.
2026-09-06 23:06:41 - 03_salesfc_deep_learning - DEBUG - Store 887: 758 sequences built.
2026-09-06 23:06:41 - 03_salesfc_deep_learning - DEBUG - Store 888: 770 sequences built.
2026-09-06 23:06:41 - 03_salesfc_deep_learning - DEBUG - Store 889: 766 sequences built.
2026-09-06 23:06:41 - 03_salesfc_deep_learning - DEBUG - Store 890: 608 sequences built.
2026-09-06 23:06:41 - 03_salesfc_deep_learning - DEBUG - Store 891: 762 sequences built.
2026-09-06 23:06:41 - 03_salesfc_deep_learning - DEBUG - Store 892: 766 sequences built.
2026-09-06 23:06:41 - 03_salesfc_deep_learning - DEBUG - Store 893: 608 sequences built.
2026-09-06 23:06:41 - 03_salesfc_deep_learning - DEBUG - Store 894: 757 sequences built.
2026-09-06 23:06:41 - 03_salesfc_deep_learning - DEBUG - Store 895: 763 sequences built.
2026-09-06 23:06:41 - 03_salesfc_deep_learning - DEBUG - Store 896: 770 sequences built.
2026-09-06 23:06:41 - 03_salesfc_deep_learning - DEBUG - Store 897: 764 sequences built.
2026-09-06 23:06:41 - 03_salesfc_deep_learning - DEBUG - Store 898: 768 sequences built.
2026-09-06 23:06:41 - 03_salesfc_deep_learning - DEBUG - Store 899: 766 sequences built.
2026-09-06 23:06:41 - 03_salesfc_deep_learning - DEBUG - Store 900: 608 sequences built.
2026-09-06 23:06:41 - 03_salesfc_deep_learning - DEBUG - Store 901: 770 sequences built.
2026-09-06 23:06:41 - 03_salesfc_deep_learning - DEBUG - Store 902: 608 sequences built.
2026-09-06 23:06:41 - 03_salesfc_deep_learning - DEBUG - Store 903: 608 sequences built.
2026-09-06 23:06:41 - 03_salesfc_deep_learning - DEBUG - Store 904: 608 sequences built.
2026-09-06 23:06:41 - 03_salesfc_deep_learning - DEBUG - Store 905: 765 sequences built.
2026-09-06 23:06:41 - 03_salesfc_deep_learning - DEBUG - Store 906: 767 sequences built.
2026-09-06 23:06:41 - 03_salesfc_deep_learning - DEBUG - Store 907: 765 sequences built.
2026-09-06 23:06:41 - 03_salesfc_deep_learning - DEBUG - Store 908: 767 sequences built.
2026-09-06 23:06:41 - 03_salesfc_deep_learning - DEBUG - Store 909: 593 sequences built.
2026-09-06 23:06:41 - 03_salesfc_deep_learning - DEBUG - Store 910: 766 sequences built.
2026-09-06 23:06:41 - 03_salesfc_deep_learning - DEBUG - Store 911: 770 sequences built.
2026-09-06 23:06:41 - 03_salesfc_deep_learning - DEBUG - Store 912: 770 sequences built.
2026-09-06 23:06:41 - 03_salesfc_deep_learning - DEBUG - Store 913: 762 sequences built.
2026-09-06 23:06:41 - 03_salesfc_deep_learning - DEBUG - Store 914: 770 sequences built.
2026-09-06 23:06:41 - 03_salesfc_deep_learning - DEBUG - Store 915: 608 sequences built.
2026-09-06 23:06:41 - 03_salesfc_deep_learning - DEBUG - Store 916: 762 sequences built.
2026-09-06 23:06:41 - 03_salesfc_deep_learning - DEBUG - Store 917: 765 sequences built.
2026-09-06 23:06:41 - 03_salesfc_deep_learning - DEBUG - Store 918: 766 sequences built.
2026-09-06 23:06:41 - 03_salesfc_deep_learning - DEBUG - Store 919: 607 sequences built.
2026-09-06 23:06:41 - 03_salesfc_deep_learning - DEBUG - Store 920: 608 sequences built.
2026-09-06 23:06:41 - 03_salesfc_deep_learning - DEBUG - Store 921: 766 sequences built.
2026-09-06 23:06:41 - 03_salesfc_deep_learning - DEBUG - Store 922: 761 sequences built.
2026-09-06 23:06:41 - 03_salesfc_deep_learning - DEBUG - Store 923: 770 sequences built.
2026-09-06 23:06:41 - 03_salesfc_deep_learning - DEBUG - Store 924: 765 sequences built.
2026-09-06 23:06:41 - 03_salesfc_deep_learning - DEBUG - Store 925: 755 sequences built.
2026-09-06 23:06:41 - 03_salesfc_deep_learning - DEBUG - Store 926: 765 sequences built.
2026-09-06 23:06:41 - 03_salesfc_deep_learning - DEBUG - Store 927: 758 sequences built.
2026-09-06 23:06:41 - 03_salesfc_deep_learning - DEBUG - Store 928: 765 sequences built.
2026-09-06 23:06:41 - 03_salesfc_deep_learning - DEBUG - Store 929: 770 sequences built.
2026-09-06 23:06:41 - 03_salesfc_deep_learning - DEBUG - Store 930: 765 sequences built.
2026-09-06 23:06:41 - 03_salesfc_deep_learning - DEBUG - Store 931: 861 sequences built.
2026-09-06 23:06:41 - 03_salesfc_deep_learning - DEBUG - Store 932: 609 sequences built.
2026-09-06 23:06:41 - 03_salesfc_deep_learning - DEBUG - Store 933: 766 sequences built.
2026-09-06 23:06:41 - 03_salesfc_deep_learning - DEBUG - Store 934: 765 sequences built.
2026-09-06 23:06:41 - 03_salesfc_deep_learning - DEBUG - Store 935: 770 sequences built.
2026-09-06 23:06:41 - 03_salesfc_deep_learning - DEBUG - Store 936: 765 sequences built.
2026-09-06 23:06:41 - 03_salesfc_deep_learning - DEBUG - Store 937: 767 sequences built.
2026-09-06 23:06:41 - 03_salesfc_deep_learning - DEBUG - Store 938: 770 sequences built.
2026-09-06 23:06:41 - 03_salesfc_deep_learning - DEBUG - Store 939: 765 sequences built.
2026-09-06 23:06:41 - 03_salesfc_deep_learning - DEBUG - Store 940: 766 sequences built.
2026-09-06 23:06:41 - 03_salesfc_deep_learning - DEBUG - Store 941: 608 sequences built.
2026-09-06 23:06:41 - 03_salesfc_deep_learning - DEBUG - Store 942: 767 sequences built.
2026-09-06 23:06:41 - 03_salesfc_deep_learning - DEBUG - Store 943: 765 sequences built.
2026-09-06 23:06:41 - 03_salesfc_deep_learning - DEBUG - Store 944: 770 sequences built.
2026-09-06 23:06:41 - 03_salesfc_deep_learning - DEBUG - Store 945: 770 sequences built.
2026-09-06 23:06:41 - 03_salesfc_deep_learning - DEBUG - Store 946: 765 sequences built.
2026-09-06 23:06:41 - 03_salesfc_deep_learning - DEBUG - Store 947: 757 sequences built.
2026-09-06 23:06:41 - 03_salesfc_deep_learning - DEBUG - Store 948: 914 sequences built.
2026-09-06 23:06:41 - 03_salesfc_deep_learning - DEBUG - Store 949: 770 sequences built.
2026-09-06 23:06:41 - 03_salesfc_deep_learning - DEBUG - Store 950: 761 sequences built.
2026-09-06 23:06:41 - 03_salesfc_deep_learning - DEBUG - Store 951: 765 sequences built.
2026-09-06 23:06:41 - 03_salesfc_deep_learning - DEBUG - Store 952: 608 sequences built.
2026-09-06 23:06:41 - 03_salesfc_deep_learning - DEBUG - Store 953: 768 sequences built.
2026-09-06 23:06:41 - 03_salesfc_deep_learning - DEBUG - Store 954: 765 sequences built.
2026-09-06 23:06:41 - 03_salesfc_deep_learning - DEBUG - Store 955: 765 sequences built.
2026-09-06 23:06:41 - 03_salesfc_deep_learning - DEBUG - Store 956: 762 sequences built.
2026-09-06 23:06:41 - 03_salesfc_deep_learning - DEBUG - Store 957: 770 sequences built.
2026-09-06 23:06:41 - 03_salesfc_deep_learning - DEBUG - Store 958: 770 sequences built.
2026-09-06 23:06:41 - 03_salesfc_deep_learning - DEBUG - Store 959: 770 sequences built.
2026-09-06 23:06:41 - 03_salesfc_deep_learning - DEBUG - Store 960: 767 sequences built.
2026-09-06 23:06:41 - 03_salesfc_deep_learning - DEBUG - Store 961: 765 sequences built.
2026-09-06 23:06:41 - 03_salesfc_deep_learning - DEBUG - Store 962: 752 sequences built.
2026-09-06 23:06:41 - 03_salesfc_deep_learning - DEBUG - Store 963: 765 sequences built.
2026-09-06 23:06:41 - 03_salesfc_deep_learning - DEBUG - Store 964: 758 sequences built.
2026-09-06 23:06:41 - 03_salesfc_deep_learning - DEBUG - Store 965: 767 sequences built.
2026-09-06 23:06:41 - 03_salesfc_deep_learning - DEBUG - Store 966: 765 sequences built.
2026-09-06 23:06:41 - 03_salesfc_deep_learning - DEBUG - Store 967: 765 sequences built.
2026-09-06 23:06:41 - 03_salesfc_deep_learning - DEBUG - Store 968: 766 sequences built.
2026-09-06 23:06:41 - 03_salesfc_deep_learning - DEBUG - Store 969: 741 sequences built.
2026-09-06 23:06:41 - 03_salesfc_deep_learning - DEBUG - Store 970: 767 sequences built.
2026-09-06 23:06:41 - 03_salesfc_deep_learning - DEBUG - Store 971: 759 sequences built.
2026-09-06 23:06:41 - 03_salesfc_deep_learning - DEBUG - Store 972: 688 sequences built.
2026-09-06 23:06:41 - 03_salesfc_deep_learning - DEBUG - Store 973: 765 sequences built.
2026-09-06 23:06:41 - 03_salesfc_deep_learning - DEBUG - Store 974: 608 sequences built.
2026-09-06 23:06:41 - 03_salesfc_deep_learning - DEBUG - Store 975: 765 sequences built.
2026-09-06 23:06:41 - 03_salesfc_deep_learning - DEBUG - Store 976: 765 sequences built.
2026-09-06 23:06:41 - 03_salesfc_deep_learning - DEBUG - Store 977: 609 sequences built.
2026-09-06 23:06:41 - 03_salesfc_deep_learning - DEBUG - Store 978: 766 sequences built.
2026-09-06 23:06:41 - 03_salesfc_deep_learning - DEBUG - Store 979: 768 sequences built.
2026-09-06 23:06:41 - 03_salesfc_deep_learning - DEBUG - Store 980: 765 sequences built.
2026-09-06 23:06:41 - 03_salesfc_deep_learning - DEBUG - Store 981: 766 sequences built.
2026-09-06 23:06:41 - 03_salesfc_deep_learning - DEBUG - Store 982: 766 sequences built.
2026-09-06 23:06:41 - 03_salesfc_deep_learning - DEBUG - Store 983: 760 sequences built.
2026-09-06 23:06:41 - 03_salesfc_deep_learning - DEBUG - Store 984: 762 sequences built.
2026-09-06 23:06:41 - 03_salesfc_deep_learning - DEBUG - Store 985: 763 sequences built.
2026-09-06 23:06:41 - 03_salesfc_deep_learning - DEBUG - Store 986: 758 sequences built.
2026-09-06 23:06:41 - 03_salesfc_deep_learning - DEBUG - Store 987: 770 sequences built.
2026-09-06 23:06:41 - 03_salesfc_deep_learning - DEBUG - Store 988: 770 sequences built.
2026-09-06 23:06:41 - 03_salesfc_deep_learning - DEBUG - Store 989: 608 sequences built.
2026-09-06 23:06:41 - 03_salesfc_deep_learning - DEBUG - Store 990: 766 sequences built.
2026-09-06 23:06:41 - 03_salesfc_deep_learning - DEBUG - Store 991: 765 sequences built.
2026-09-06 23:06:41 - 03_salesfc_deep_learning - DEBUG - Store 992: 765 sequences built.
2026-09-06 23:06:41 - 03_salesfc_deep_learning - DEBUG - Store 993: 766 sequences built.
2026-09-06 23:06:41 - 03_salesfc_deep_learning - DEBUG - Store 994: 765 sequences built.
2026-09-06 23:06:41 - 03_salesfc_deep_learning - DEBUG - Store 995: 766 sequences built.
2026-09-06 23:06:41 - 03_salesfc_deep_learning - DEBUG - Store 996: 753 sequences built.
2026-09-06 23:06:41 - 03_salesfc_deep_learning - DEBUG - Store 997: 767 sequences built.
2026-09-06 23:06:41 - 03_salesfc_deep_learning - DEBUG - Store 998: 763 sequences built.
2026-09-06 23:06:41 - 03_salesfc_deep_learning - DEBUG - Store 999: 766 sequences built.
2026-09-06 23:06:41 - 03_salesfc_deep_learning - DEBUG - Store 1000: 608 sequences built.
2026-09-06 23:06:41 - 03_salesfc_deep_learning - DEBUG - Store 1001: 768 sequences built.
2026-09-06 23:06:41 - 03_salesfc_deep_learning - DEBUG - Store 1002: 770 sequences built.
2026-09-06 23:06:41 - 03_salesfc_deep_learning - DEBUG - Store 1003: 765 sequences built.
2026-09-06 23:06:41 - 03_salesfc_deep_learning - DEBUG - Store 1004: 608 sequences built.
2026-09-06 23:06:41 - 03_salesfc_deep_learning - DEBUG - Store 1005: 765 sequences built.
2026-09-06 23:06:41 - 03_salesfc_deep_learning - DEBUG - Store 1006: 766 sequences built.
2026-09-06 23:06:41 - 03_salesfc_deep_learning - DEBUG - Store 1007: 770 sequences built.
2026-09-06 23:06:41 - 03_salesfc_deep_learning - DEBUG - Store 1008: 770 sequences built.
2026-09-06 23:06:42 - 03_salesfc_deep_learning - DEBUG - Store 1009: 608 sequences built.
2026-09-06 23:06:42 - 03_salesfc_deep_learning - DEBUG - Store 1010: 770 sequences built.
2026-09-06 23:06:42 - 03_salesfc_deep_learning - DEBUG - Store 1011: 765 sequences built.
2026-09-06 23:06:42 - 03_salesfc_deep_learning - DEBUG - Store 1012: 608 sequences built.
2026-09-06 23:06:42 - 03_salesfc_deep_learning - DEBUG - Store 1013: 765 sequences built.
2026-09-06 23:06:42 - 03_salesfc_deep_learning - DEBUG - Store 1014: 765 sequences built.
2026-09-06 23:06:42 - 03_salesfc_deep_learning - DEBUG - Store 1015: 765 sequences built.
2026-09-06 23:06:42 - 03_salesfc_deep_learning - DEBUG - Store 1016: 765 sequences built.
2026-09-06 23:06:42 - 03_salesfc_deep_learning - DEBUG - Store 1017: 755 sequences built.
2026-09-06 23:06:42 - 03_salesfc_deep_learning - DEBUG - Store 1018: 768 sequences built.
2026-09-06 23:06:42 - 03_salesfc_deep_learning - DEBUG - Store 1019: 609 sequences built.
2026-09-06 23:06:42 - 03_salesfc_deep_learning - DEBUG - Store 1020: 767 sequences built.
2026-09-06 23:06:42 - 03_salesfc_deep_learning - DEBUG - Store 1021: 756 sequences built.
2026-09-06 23:06:42 - 03_salesfc_deep_learning - DEBUG - Store 1022: 765 sequences built.
2026-09-06 23:06:42 - 03_salesfc_deep_learning - DEBUG - Store 1023: 766 sequences built.
2026-09-06 23:06:42 - 03_salesfc_deep_learning - DEBUG - Store 1024: 770 sequences built.
2026-09-06 23:06:42 - 03_salesfc_deep_learning - DEBUG - Store 1025: 762 sequences built.
2026-09-06 23:06:42 - 03_salesfc_deep_learning - DEBUG - Store 1026: 765 sequences built.
2026-09-06 23:06:42 - 03_salesfc_deep_learning - DEBUG - Store 1027: 609 sequences built.
2026-09-06 23:06:42 - 03_salesfc_deep_learning - DEBUG - Store 1028: 765 sequences built.
2026-09-06 23:06:42 - 03_salesfc_deep_learning - DEBUG - Store 1029: 766 sequences built.
2026-09-06 23:06:42 - 03_salesfc_deep_learning - DEBUG - Store 1030: 766 sequences built.
2026-09-06 23:06:42 - 03_salesfc_deep_learning - DEBUG - Store 1031: 765 sequences built.
2026-09-06 23:06:42 - 03_salesfc_deep_learning - DEBUG - Store 1032: 766 sequences built.
2026-09-06 23:06:42 - 03_salesfc_deep_learning - DEBUG - Store 1033: 770 sequences built.
2026-09-06 23:06:42 - 03_salesfc_deep_learning - DEBUG - Store 1034: 766 sequences built.
2026-09-06 23:06:42 - 03_salesfc_deep_learning - DEBUG - Store 1035: 766 sequences built.
2026-09-06 23:06:42 - 03_salesfc_deep_learning - DEBUG - Store 1036: 765 sequences built.
2026-09-06 23:06:42 - 03_salesfc_deep_learning - DEBUG - Store 1037: 766 sequences built.
2026-09-06 23:06:42 - 03_salesfc_deep_learning - DEBUG - Store 1038: 608 sequences built.
2026-09-06 23:06:42 - 03_salesfc_deep_learning - DEBUG - Store 1039: 757 sequences built.
2026-09-06 23:06:42 - 03_salesfc_deep_learning - DEBUG - Store 1040: 765 sequences built.
2026-09-06 23:06:42 - 03_salesfc_deep_learning - DEBUG - Store 1041: 608 sequences built.
2026-09-06 23:06:42 - 03_salesfc_deep_learning - DEBUG - Store 1042: 765 sequences built.
2026-09-06 23:06:42 - 03_salesfc_deep_learning - DEBUG - Store 1043: 766 sequences built.
2026-09-06 23:06:42 - 03_salesfc_deep_learning - DEBUG - Store 1044: 763 sequences built.
2026-09-06 23:06:42 - 03_salesfc_deep_learning - DEBUG - Store 1045: 869 sequences built.
2026-09-06 23:06:42 - 03_salesfc_deep_learning - DEBUG - Store 1046: 766 sequences built.
2026-09-06 23:06:42 - 03_salesfc_deep_learning - DEBUG - Store 1047: 762 sequences built.
2026-09-06 23:06:42 - 03_salesfc_deep_learning - DEBUG - Store 1048: 769 sequences built.
2026-09-06 23:06:42 - 03_salesfc_deep_learning - DEBUG - Store 1049: 608 sequences built.
2026-09-06 23:06:42 - 03_salesfc_deep_learning - DEBUG - Store 1050: 767 sequences built.
2026-09-06 23:06:42 - 03_salesfc_deep_learning - DEBUG - Store 1051: 752 sequences built.
2026-09-06 23:06:42 - 03_salesfc_deep_learning - DEBUG - Store 1052: 765 sequences built.
2026-09-06 23:06:42 - 03_salesfc_deep_learning - DEBUG - Store 1053: 770 sequences built.
2026-09-06 23:06:42 - 03_salesfc_deep_learning - DEBUG - Store 1054: 770 sequences built.
2026-09-06 23:06:42 - 03_salesfc_deep_learning - DEBUG - Store 1055: 769 sequences built.
2026-09-06 23:06:42 - 03_salesfc_deep_learning - DEBUG - Store 1056: 609 sequences built.
2026-09-06 23:06:42 - 03_salesfc_deep_learning - DEBUG - Store 1057: 770 sequences built.
2026-09-06 23:06:42 - 03_salesfc_deep_learning - DEBUG - Store 1058: 765 sequences built.
2026-09-06 23:06:42 - 03_salesfc_deep_learning - DEBUG - Store 1059: 770 sequences built.
2026-09-06 23:06:42 - 03_salesfc_deep_learning - DEBUG - Store 1060: 765 sequences built.
2026-09-06 23:06:42 - 03_salesfc_deep_learning - DEBUG - Store 1061: 763 sequences built.
2026-09-06 23:06:42 - 03_salesfc_deep_learning - DEBUG - Store 1062: 765 sequences built.
2026-09-06 23:06:42 - 03_salesfc_deep_learning - DEBUG - Store 1063: 770 sequences built.
2026-09-06 23:06:42 - 03_salesfc_deep_learning - DEBUG - Store 1064: 765 sequences built.
2026-09-06 23:06:42 - 03_salesfc_deep_learning - DEBUG - Store 1065: 608 sequences built.
2026-09-06 23:06:42 - 03_salesfc_deep_learning - DEBUG - Store 1066: 765 sequences built.
2026-09-06 23:06:42 - 03_salesfc_deep_learning - DEBUG - Store 1067: 608 sequences built.
2026-09-06 23:06:42 - 03_salesfc_deep_learning - DEBUG - Store 1068: 763 sequences built.
2026-09-06 23:06:42 - 03_salesfc_deep_learning - DEBUG - Store 1069: 768 sequences built.
2026-09-06 23:06:42 - 03_salesfc_deep_learning - DEBUG - Store 1070: 770 sequences built.
2026-09-06 23:06:42 - 03_salesfc_deep_learning - DEBUG - Store 1071: 770 sequences built.
2026-09-06 23:06:42 - 03_salesfc_deep_learning - DEBUG - Store 1072: 765 sequences built.
2026-09-06 23:06:42 - 03_salesfc_deep_learning - DEBUG - Store 1073: 765 sequences built.
2026-09-06 23:06:42 - 03_salesfc_deep_learning - DEBUG - Store 1074: 766 sequences built.
2026-09-06 23:06:42 - 03_salesfc_deep_learning - DEBUG - Store 1075: 770 sequences built.
2026-09-06 23:06:42 - 03_salesfc_deep_learning - DEBUG - Store 1076: 765 sequences built.
2026-09-06 23:06:42 - 03_salesfc_deep_learning - DEBUG - Store 1077: 765 sequences built.
2026-09-06 23:06:42 - 03_salesfc_deep_learning - DEBUG - Store 1078: 763 sequences built.
2026-09-06 23:06:42 - 03_salesfc_deep_learning - DEBUG - Store 1079: 767 sequences built.
2026-09-06 23:06:42 - 03_salesfc_deep_learning - DEBUG - Store 1080: 608 sequences built.
2026-09-06 23:06:42 - 03_salesfc_deep_learning - DEBUG - Store 1081: 743 sequences built.
2026-09-06 23:06:42 - 03_salesfc_deep_learning - DEBUG - Store 1082: 766 sequences built.
2026-09-06 23:06:42 - 03_salesfc_deep_learning - DEBUG - Store 1083: 767 sequences built.
2026-09-06 23:06:42 - 03_salesfc_deep_learning - DEBUG - Store 1084: 768 sequences built.
2026-09-06 23:06:42 - 03_salesfc_deep_learning - DEBUG - Store 1085: 770 sequences built.
2026-09-06 23:06:42 - 03_salesfc_deep_learning - DEBUG - Store 1086: 767 sequences built.
2026-09-06 23:06:42 - 03_salesfc_deep_learning - DEBUG - Store 1087: 770 sequences built.
2026-09-06 23:06:42 - 03_salesfc_deep_learning - DEBUG - Store 1088: 765 sequences built.
2026-09-06 23:06:42 - 03_salesfc_deep_learning - DEBUG - Store 1089: 765 sequences built.
2026-09-06 23:06:42 - 03_salesfc_deep_learning - DEBUG - Store 1090: 766 sequences built.
2026-09-06 23:06:42 - 03_salesfc_deep_learning - DEBUG - Store 1091: 770 sequences built.
2026-09-06 23:06:42 - 03_salesfc_deep_learning - DEBUG - Store 1092: 608 sequences built.
2026-09-06 23:06:42 - 03_salesfc_deep_learning - DEBUG - Store 1093: 766 sequences built.
2026-09-06 23:06:42 - 03_salesfc_deep_learning - DEBUG - Store 1094: 608 sequences built.
2026-09-06 23:06:42 - 03_salesfc_deep_learning - DEBUG - Store 1095: 768 sequences built.
2026-09-06 23:06:42 - 03_salesfc_deep_learning - DEBUG - Store 1096: 765 sequences built.
2026-09-06 23:06:42 - 03_salesfc_deep_learning - DEBUG - Store 1097: 928 sequences built.
2026-09-06 23:06:42 - 03_salesfc_deep_learning - DEBUG - Store 1098: 766 sequences built.
2026-09-06 23:06:42 - 03_salesfc_deep_learning - DEBUG - Store 1099: 879 sequences built.
2026-09-06 23:06:42 - 03_salesfc_deep_learning - DEBUG - Store 1100: 757 sequences built.
2026-09-06 23:06:42 - 03_salesfc_deep_learning - DEBUG - Store 1101: 770 sequences built.
2026-09-06 23:06:42 - 03_salesfc_deep_learning - DEBUG - Store 1102: 608 sequences built.
2026-09-06 23:06:42 - 03_salesfc_deep_learning - DEBUG - Store 1103: 767 sequences built.
2026-09-06 23:06:42 - 03_salesfc_deep_learning - DEBUG - Store 1104: 608 sequences built.
2026-09-06 23:06:42 - 03_salesfc_deep_learning - DEBUG - Store 1105: 765 sequences built.
2026-09-06 23:06:42 - 03_salesfc_deep_learning - DEBUG - Store 1106: 770 sequences built.
2026-09-06 23:06:42 - 03_salesfc_deep_learning - DEBUG - Store 1107: 609 sequences built.
2026-09-06 23:06:42 - 03_salesfc_deep_learning - DEBUG - Store 1108: 766 sequences built.
2026-09-06 23:06:42 - 03_salesfc_deep_learning - DEBUG - Store 1109: 608 sequences built.
2026-09-06 23:06:42 - 03_salesfc_deep_learning - DEBUG - Store 1110: 769 sequences built.
2026-09-06 23:06:42 - 03_salesfc_deep_learning - DEBUG - Store 1111: 765 sequences built.
2026-09-06 23:06:42 - 03_salesfc_deep_learning - DEBUG - Store 1112: 765 sequences built.
2026-09-06 23:06:42 - 03_salesfc_deep_learning - DEBUG - Store 1113: 770 sequences built.
2026-09-06 23:06:42 - 03_salesfc_deep_learning - DEBUG - Store 1114: 770 sequences built.
2026-09-06 23:06:42 - 03_salesfc_deep_learning - DEBUG - Store 1115: 767 sequences built.
2026-09-06 23:06:54 - 03_salesfc_deep_learning - INFO - Sliding-window transform complete. X_sequences: (828782, 14, 39), y_sequences: (828782,).
2026-09-06 23:07:04 - 03_salesfc_deep_learning - INFO - Sequences rebuilt with dates (pre-allocated). Shape: (828782, 14, 39).
2026-09-06 23:07:07 - 03_salesfc_deep_learning - INFO - Sequence split complete. Train: (788500, 14, 39), Val: (40282, 14, 39).
2026-09-06 23:07:20 - 03_salesfc_deep_learning - INFO - Scaling complete (manual min-max, float32). X_train_scaled: (788500, 14, 39), X_val_scaled: (40282, 14, 39).
2026-09-06 23:07:20 - 03_salesfc_deep_learning - INFO - Target scaling complete. Train range used for scaling: [0.00, 38722.00].
2026-09-06 23:07:20 - 03_salesfc_deep_learning - INFO - LSTM architecture built. Total params: 39585. Input shape: (14, 39).
2026-09-06 23:07:20 - 03_salesfc_deep_learning - INFO - GPU check: No GPU detected.
2026-09-06 23:07:22 - 03_salesfc_deep_learning - INFO - LSTM checkpoint loaded, training skipped: /content/drive/MyDrive/NHIS_Project/Project 6/Assets/checkpoints/lstm_checkpoint.keras
2026-09-06 23:07:22 - 03_salesfc_deep_learning - INFO - Loss curve skipped — model loaded from checkpoint, no history object available.
2026-09-06 23:07:31 - 03_salesfc_deep_learning - INFO - LSTM validation — R2: 0.8361, MAE: 851.37, RMSE: 1236.65, RMSPE: 0.1945.
2026-09-06 23:07:31 - 03_salesfc_deep_learning - INFO - GRU checkpoint loaded, training skipped: /content/drive/MyDrive/NHIS_Project/Project 6/Assets/checkpoints/gru_checkpoint.keras
2026-09-06 23:07:38 - 03_salesfc_deep_learning - INFO - GRU validation — R2: 0.8265, RMSPE: 0.2115. LSTM RMSPE for comparison: 0.1945.
2026-09-06 23:07:38 - 03_salesfc_deep_learning - INFO - Per-StoreType RMSPE computed: [{'StoreType': 'a', 'RMSPE': '21.07%', 'N': 21694}, {'StoreType': 'b', 'RMSPE': '11.28%', 'N': 714}, {'StoreType': 'c', 'RMSPE': '17.64%', 'N': 5328}, {'StoreType': 'd', 'RMSPE': '17.53%', 'N': 12546}]
2026-09-06 23:07:38 - 03_salesfc_deep_learning - INFO - Final LSTM model serialized to Assets/final_lstm_model_06-09-2026-23-07-38.keras.
2026-09-06 23:18:30 - 03_salesfc_deep_learning - INFO - Logging session started for '03_salesfc_deep_learning' -> Logs/YS_03_salesfc_deep_learning_20260906.log
2026-09-06 23:18:39 - 03_salesfc_deep_learning - INFO - Displayed existing loss curve from Assets/DL_lstm_loss_curve.png.
